0.5
0.5
0.5
0.8965296161
0.8965296161
0.8965296161
0.8965296161
0.8965296161
0.8965296161
0.8965296161
2.276969255
0.6809933557
0.5973866151
0.5973866151
0.5973866151
0.5973866151
0.9784426171
0.9784426171
0.9784426171
0.9784426171
0.8464558476
0.8464558476
0.8464558476
0.8464558476
0.8464558476
0.8464558476
0.8464558476
0.8464558476
0.8464558476
0.8464558476
0.8464558476
0.8464558476
0.8464558476
0.8464558476
0.8464558476
0.8464558476
0.8464558476
0.7688012167
0.7688012167
0.7688012167
0.7688012167
0.7688012167
0.7688012167
0.7688012167
0.7688012167
0.7688012167
0.7688012167
0.7688012167
0.7688012167
0.7688012167
0.7688012167
0.7688012167
1.896505011
1.896505011
1.896505011
0.8894333911
0.8894333911
0.8894333911
1.312180328
0.8441312197
0.8441312197
0.8441312197
0.8441312197
0.8441312197
0.8441312197
0.8441312197
0.8441312197
0.8441312197
0.8441312197
0.8441312197
0.8441312197
0.8441312197
0.8441312197
0.8441312197
1.579697678
1.81592442
1.81592442
1.81592442
1.038050541
1.038050541
1.561683002
1.561683002
1.561683002
1.561683002
1.366887154
1.366887154
1.366887154
1.366887154
1.366887154
1.366887154
1.366887154
0.9579746792
0.9579746792
1.758744463
1.758744463
1.758744463
1.758744463
1.758744463
1.210663861
2.004848257
2.004848257
0.986881432
2.278161504
2.278161504
2.278161504
1.390413546
1.390413546
1.390413546
1.390413546
0.3950156057
0.3950156057
0.4958930257
0.4958930257
0.4958930257
0.4958930257
1.527484802
1.527484802
1.527484802
0.09712114004
1.952847729
1.952847729
1.952847729
1.952847729
1.952847729
1.952847729
1.952847729
1.952847729
1.952847729
1.952847729
1.952847729
1.952847729
1.952847729
1.019561537
1.019561537
1.019561537
1.019561537
0.2985241645
0.2985241645
0.2985241645
0.2985241645
0.2985241645
0.3005573719
0.3005573719
0.8842478243
0.8842478243
0.8842478243
0.8842478243
0.7518642334
0.7518642334
0.7518642334
0.7518642334
0.7518642334
0.7518642334
0.7518642334
0.7518642334
0.7518642334
0.4782903269
0.4782903269
1.522534854
1.522534854
1.522534854
1.522534854
1.411312928
1.411312928
1.411312928
1.411312928
1.411312928
1.411312928
1.411312928
1.411312928
1.411312928
0.3673527573
0.3673527573
0.8386749255
0.8386749255
0.8386749255
0.8386749255
0.8386749255
0.8386749255
0.8386749255
0.8386749255
0.8386749255
1.375627121
1.375627121
1.375627121
1.375627121
1.513330449
1.513330449
1.513330449
1.513330449
1.513330449
1.513330449
1.513330449
1.513330449
1.109839126
2.111120417
1.436331539
1.436331539
1.436331539
1.894863976
1.894863976
1.666595688
1.666595688
1.666595688
1.666595688
1.666595688
1.666595688
1.828397372
1.828397372
1.828397372
1.828397372
1.828397372
0.5194556757
0.5194556757
1.195873511
1.195873511
1.195873511
1.195873511
1.195873511
1.195873511
0.9454756279
0.9454756279
0.9454756279
0.9454756279
1.228663259
1.228663259
1.228663259
1.228663259
1.228663259
0.1390193781
1.022338734
0.9391704728
0.9391704728
0.9391704728
0.9391704728
0.9391704728
0.9391704728
0.9391704728
0.9391704728
0.9391704728
0.9391704728
0.6394076909
0.6394076909
0.6394076909
0.6394076909
0.6394076909
0.6394076909
0.6394076909
0.6394076909
0.6394076909
0.6394076909
0.6394076909
0.5497727155
0.5497727155
0.5497727155
0.5497727155
1.382808407
1.382808407
0.8911442934
0.8911442934
0.8911442934
0.8911442934
0.8911442934
0.8911442934
0.8911442934
0.8911442934
0.2234011538
0.2234011538
1.627209543
1.627209543
1.627209543
1.627209543
1.627209543
1.627209543
1.627209543
0.9334290559
0.9334290559
0.9334290559
0.9334290559
0.9334290559
0.9334290559
0.9334290559
0.9334290559
0.9334290559
0.9334290559
0.9334290559
0.9334290559
0.9334290559
1.432376436
1.432376436
1.432376436
1.432376436
1.432376436
2.013732535
2.013732535
0.8303536867
1.453247932
1.453247932
1.453247932
1.453247932
1.262286803
1.262286803
1.262286803
1.151214124
1.151214124
1.151214124
1.046642883
1.046642883
1.046642883
1.046642883
1.046642883
1.046642883
1.046642883
1.046642883
1.046642883
1.046642883
1.046642883
1.046642883
1.046642883
1.046642883
1.046642883
1.046642883
1.046642883
1.046642883
-0.3483234748
-0.3483234748
-0.3483234748
0.2770089175
0.2602074654
0.2602074654
0.2602074654
0.2602074654
0.2602074654
0.2602074654
0.2602074654
0.2602074654
0.2602074654
1.113689068
1.113689068
0.4549311894
0.4549311894
0.7687790693
0.5674332343
1.476205063
0.3514313936
0.2474793225
1.039900668
1.039900668
1.039900668
1.039900668
1.039900668
1.039900668
1.039900668
1.039900668
1.039900668
1.039900668
1.039900668
1.039900668
1.3880235
0.8258956818
0.8258956818
0.8258956818
0.8258956818
0.8258956818
0.8258956818
0.8258956818
0.8258956818
0.8258956818
0.8258956818
0.8258956818
0.8258956818
0.8258956818
0.8258956818
1.022150914
0.4035663415
1.848799764
1.063458432
1.063458432
1.063458432
1.063458432
1.063458432
1.063458432
1.063458432
1.063458432
1.063458432
1.063458432
1.063458432
1.063458432
0.940223088
0.940223088
0.940223088
0.940223088
0.940223088
0.940223088
0.940223088
0.940223088
0.940223088
0.940223088
0.940223088
0.940223088
0.940223088
0.940223088
0.940223088
1.304723687
1.304723687
1.304723687
1.304723687
1.304723687
1.304723687
1.304723687
1.304723687
1.956959988
1.956959988
1.233865985
1.233865985
1.233865985
1.233865985
1.233865985
1.233865985
1.233865985
1.233865985
1.109640442
1.109640442
0.8006090083
0.8006090083
1.280210446
1.280210446
0.4805969446
1.476308939
1.476308939
1.476308939
1.476308939
1.476308939
1.476308939
0.782347116
0.782347116
0.5067177557
-0.3292840714
2.135879099
0.8541020304
0.8541020304
0.8541020304
0.8541020304
0.8541020304
0.8541020304
0.2515293998
0.2515293998
1.102890613
1.102890613
1.102890613
0.1014395705
1.774743712
1.774743712
1.774743712
1.774743712
0.9527425281
0.9527425281
0.9527425281
1.39308582
1.39308582
0.6596375481
0.6596375481
0.6596375481
0.6596375481
0.8944201726
0.8944201726
0.8944201726
0.4096651842
0.4096651842
0.4407132746
1.10017723
1.485704119
1.485704119
1.485704119
1.485704119
1.485704119
1.485704119
1.485704119
1.170325914
1.170325914
1.170325914
1.170325914
1.170325914
1.170325914
1.170325914
1.170325914
1.170325914
1.170325914
1.170325914
1.170325914
1.170325914
1.170325914
1.170325914
1.170325914
1.170325914
1.170325914
1.170325914
1.170325914
1.170325914
1.170325914
1.170325914
1.170325914
1.170325914
1.170325914
1.170325914
1.170325914
1.170325914
1.170325914
0.6874270873
0.6874270873
0.6874270873
0.6874270873
0.6874270873
0.6874270873
0.6874270873
0.6874270873
0.6874270873
0.6874270873
0.6874270873
0.6874270873
1.657569827
1.667077128
2.119546208
2.119546208
2.119546208
2.119546208
-0.03590949132
1.501759242
1.501759242
1.501759242
1.501759242
1.501759242
1.501759242
1.501759242
1.501759242
1.501759242
1.48707598
0.02247123211
1.630682838
1.630682838
1.630682838
0.6948959348
0.6948959348
0.6948959348
1.111649719
1.111649719
1.111649719
0.887672831
0.887672831
0.887672831
0.887672831
0.887672831
1.232317315
1.232317315
1.232317315
1.232317315
1.232317315
1.232317315
1.232317315
0.9716418025
0.9716418025
0.8607200387
0.8607200387
1.039142842
1.039142842
1.039142842
1.621448011
1.621448011
1.621448011
1.621448011
0.4910796271
0.4910796271
0.4910796271
0.3077402554
0.3077402554
0.3077402554
1.608608534
1.586889424
1.586889424
1.345956455
1.284141137
1.284141137
1.284141137
1.284141137
1.284141137
1.284141137
1.284141137
1.284141137
0.8960311255
0.8960311255
0.5810823229
0.6197938681
0.6197938681
0.6197938681
0.6197938681
0.6197938681
0.6197938681
0.6197938681
0.6197938681
0.6197938681
0.6197938681
0.6197938681
0.6197938681
0.6197938681
0.6197938681
0.6197938681
0.6197938681
0.6197938681
0.6197938681
0.6197938681
0.6197938681
0.6197938681
0.6595548402
1.133626735
1.133626735
1.133626735
0.04196469556
1.545780314
1.545780314
1.545780314
1.545780314
1.545780314
1.545780314
1.545780314
1.545780314
1.545780314
1.545780314
1.545780314
1.545780314
1.545780314
1.545780314
1.876942939
1.876942939
2.402020583
2.402020583
-0.2894414637
-0.2894414637
-0.2894414637
2.106425275
2.106425275
1.314503314
1.314503314
1.314503314
1.314503314
1.314503314
1.314503314
0.5980592608
1.334427026
1.135098926
1.135098926
1.135098926
1.135098926
1.756595729
1.756595729
1.756595729
1.756595729
1.756595729
1.045565664
1.15094664
1.15094664
1.15094664
1.15094664
1.15094664
1.15094664
1.15094664
1.15094664
1.15094664
1.15094664
1.15094664
1.15094664
1.15094664
1.15094664
1.15094664
1.15094664
1.083294282
1.188729286
1.188729286
1.238729549
1.238729549
1.238729549
1.162014705
1.162014705
1.162014705
1.162014705
1.162014705
1.162014705
1.162014705
1.162014705
0.382433457
1.597840952
1.42520671
1.42520671
1.42520671
1.42520671
1.42520671
1.42520671
1.601269061
1.601269061
1.601269061
0.5150085249
0.5150085249
-0.2062043589
-0.2062043589
1.2369749
1.2369749
1.2369749
1.2369749
1.2369749
0.6642540008
0.6642540008
0.6642540008
1.224952937
1.224952937
0.5367126358
0.5367126358
1.065937717
1.065937717
1.55843613
1.55843613
1.55843613
1.55843613
1.55843613
1.55843613
1.55843613
0.6809449947
0.6809449947
0.6809449947
0.9903747331
0.9903747331
0.9903747331
0.5512372106
0.5512372106
0.5512372106
0.5512372106
0.5512372106
0.5512372106
0.5512372106
0.5512372106
0.5512372106
0.5512372106
0.5512372106
0.5512372106
1.480706025
1.480706025
1.480706025
1.480706025
0.9015397286
0.9015397286
0.9015397286
0.9015397286
0.6705365256
0.6705365256
1.005151702
1.005151702
1.005151702
1.005151702
1.005151702
0.662690524
0.9163041558
0.9163041558
0.9163041558
1.487203798
1.487203798
1.487203798
1.487203798
1.754915078
1.754915078
1.754915078
1.754915078
1.754915078
0.1521689216
0.1521689216
0.1521689216
1.60002683
1.60002683
1.60002683
0.5683268678
0.5683268678
0.5683268678
0.5683268678
0.5683268678
0.5683268678
1.499377688
0.8534859962
0.3541026653
0.6317390885
1.178996918
1.178996918
0.3746198503
0.3746198503
0.3746198503
0.8094762992
0.8094762992
1.13386779
1.049490094
1.049490094
1.049490094
1.049490094
1.049490094
1.019225347
1.019225347
1.019225347
1.019225347
1.019225347
1.019225347
1.555870318
1.555870318
1.555870318
1.555870318
1.555870318
1.555870318
1.369764738
1.369764738
1.369764738
1.369764738
1.369764738
1.513033087
1.513033087
1.513033087
1.513033087
1.513033087
1.513033087
1.513033087
1.513033087
1.513033087
1.513033087
1.513033087
1.513033087
1.513033087
1.513033087
1.106169838
1.106169838
1.106169838
1.106169838
1.106169838
1.106169838
1.106169838
1.106169838
1.106169838
0.4324182172
0.4324182172
0.4480873992
0.4480873992
0.4480873992
0.4480873992
0.4480873992
0.4480873992
0.4480873992
0.4480873992
0.4480873992
0.4480873992
0.4480873992
0.4480873992
0.3576772507
0.3576772507
0.7873976886
0.7873976886
0.7873976886
0.7873976886
0.7873976886
1.532084707
1.532084707
1.627879018
1.627879018
1.627879018
1.627879018
1.627879018
1.627879018
1.627879018
0.5534185542
0.5534185542
0.5534185542
1.454060311
1.454060311
1.454060311
1.454060311
1.454060311
1.454060311
1.757887461
1.757887461
1.757887461
1.463928179
1.463928179
1.463928179
1.463928179
1.463928179
1.463928179
1.289060704
1.289060704
1.289060704
1.289060704
1.289060704
1.289060704
1.289060704
1.289060704
1.289060704
1.289060704
0.8603186188
0.8603186188
0.8603186188
0.8603186188
0.8603186188
0.8603186188
0.8603186188
1.487414925
0.118677222
1.216602066
1.216602066
1.216602066
1.216602066
1.216602066
1.216602066
1.216602066
0.9534006869
0.9534006869
0.9534006869
0.9534006869
0.9534006869
0.9534006869
0.9534006869
0.9534006869
0.7722501775
1.891791485
1.891791485
0.9589212393
0.3122065122
0.3122065122
0.3122065122
1.29065185
1.29065185
0.5928167966
0.5928167966
0.5928167966
0.603361994
1.555279477
1.555279477
0.8243878939
0.8243878939
0.8243878939
0.8243878939
0.8243878939
0.7712045997
0.7712045997
0.4766840684
0.4766840684
1.038333432
1.038333432
1.038333432
1.038333432
1.038333432
1.29855862
1.581929487
1.581929487
1.176879992
1.176879992
1.176879992
0.8553714155
0.8553714155
0.8553714155
0.8553714155
0.8553714155
0.8553714155
0.8553714155
0.8553714155
0.8553714155
0.8553714155
0.5664870045
0.5664870045
0.5664870045
0.5664870045
0.5664870045
1.58511014
1.58511014
1.58511014
1.58511014
1.507091875
1.507091875
1.507091875
1.308986525
1.308986525
1.308986525
1.308986525
1.308986525
1.308986525
1.308986525
2.231140523
-0.264822306
-0.264822306
-0.264822306
-0.264822306
1.965845764
1.25106984
1.25106984
1.631774079
1.631774079
1.631774079
1.631774079
1.631774079
0.6492257815
0.6492257815
0.6492257815
1.611312321
1.611312321
1.636795036
1.636795036
1.636795036
1.636795036
1.636795036
1.636795036
0.2332046078
0.2332046078
0.2332046078
0.2332046078
0.2332046078
0.2332046078
0.2332046078
0.2332046078
1.475373809
1.475373809
1.475373809
1.475373809
1.475373809
1.332445107
2.220992935
2.220992935
2.220992935
2.220992935
0.1350562312
1.961102707
1.961102707
1.961102707
1.961102707
1.961102707
1.961102707
1.961102707
1.675710316
1.675710316
1.675710316
1.675710316
1.675710316
1.675710316
1.863159306
1.209675595
1.209675595
1.209675595
1.209675595
0.5789826511
0.5789826511
0.5789826511
0.5789826511
0.6274725782
0.6274725782
0.6274725782
0.6274725782
0.6274725782
0.6274725782
0.9187353822
1.478584813
1.245468392
1.245468392
1.245468392
1.245468392
1.245468392
1.245468392
1.245468392
1.204246587
1.204246587
1.204246587
1.204246587
1.204246587
1.182981828
1.182981828
1.182981828
1.182981828
1.182981828
0.7680342372
0.7680342372
0.7680342372
0.7680342372
0.7680342372
0.7680342372
0.7680342372
0.7680342372
0.5772423265
0.5772423265
0.5772423265
0.5772423265
0.5772423265
0.5772423265
0.5772423265
1.951447453
1.951447453
1.357832178
1.380641546
1.380641546
1.380641546
0.7945855082
0.7945855082
0.7945855082
0.7945855082
0.7945855082
1.375672863
1.375672863
1.375672863
0.2378713468
0.2378713468
0.2378713468
0.8952169337
0.146846329
0.146846329
0.146846329
0.146846329
0.146846329
1.148428611
1.148428611
0.7851911901
0.7851911901
0.7851911901
0.7851911901
0.7851911901
0.7851911901
0.7851911901
0.7851911901
0.7851911901
1.14309281
0.9529999536
0.9529999536
0.9529999536
0.9529999536
0.9529999536
0.9529999536
0.9529999536
0.9529999536
0.9529999536
-0.03371448941
1.933083507
1.933083507
1.531496814
1.531496814
1.531496814
1.531496814
1.531496814
1.043142755
1.383108259
1.14926901
1.14926901
1.14926901
1.14926901
1.14926901
1.14926901
0.9725659383
0.9725659383
0.9725659383
0.9725659383
1.172627277
1.014073166
1.014073166
1.014073166
0.8314158717
0.8314158717
0.7420000008
0.7420000008
1.449401783
1.320736934
0.7351390852
0.7351390852
0.7351390852
0.7351390852
0.6674133007
0.6674133007
0.6674133007
1.238689639
1.238689639
-0.01186465914
1.11243555
1.11243555
1.014376468
1.121037474
1.121037474
0.2275571343
0.2275571343
1.180612788
1.180612788
1.180612788
0.7622844828
0.8419767331
0.8419767331
0.8419767331
0.8419767331
0.8419767331
0.8419767331
0.8419767331
0.8419767331
0.8419767331
0.8419767331
0.8547884936
0.8547884936
0.6415428916
1.810603846
1.810603846
1.810603846
1.810603846
1.810603846
1.079106435
1.079106435
1.079106435
0.8797843588
0.8797843588
1.226854022
1.226854022
1.530466743
1.530466743
1.530466743
1.530466743
1.530466743
0.7047616238
0.7047616238
0.7047616238
0.7047616238
1.011943137
1.011943137
1.011943137
0.1182518719
0.1182518719
0.1182518719
0.1182518719
0.1182518719
0.1182518719
1.099198395
1.099198395
0.977917325
0.977917325
0.977917325
0.977917325
0.977917325
0.977917325
0.977917325
0.977917325
0.8591346163
0.8591346163
0.8591346163
0.8591346163
0.8591346163
0.8591346163
0.8591346163
0.8591346163
0.8591346163
1.567383115
1.567383115
0.4644220405
0.4644220405
0.4644220405
0.4644220405
0.4644220405
0.4644220405
1.600388221
1.600388221
1.845434739
1.990527847
1.990527847
-0.7926291307
-0.7926291307
-0.7926291307
-0.7926291307
1.057457838
1.057457838
1.057457838
0.6191991199
0.6191991199
0.7751487322
0.7751487322
0.7751487322
0.7751487322
1.23598079
0.7280766855
0.7280766855
0.7280766855
1.677358588
1.677358588
1.677358588
1.677358588
1.721166384
1.721166384
1.721166384
1.721166384
1.715378928
1.715378928
1.715378928
1.715378928
1.715378928
1.715378928
1.715378928
0.5840593308
0.5840593308
0.5840593308
0.5840593308
0.5840593308
0.5840593308
0.5840593308
0.5840593308
0.5840593308
0.5840593308
0.5840593308
0.5840593308
1.324084918
0.4783636092
1.28866549
1.28866549
1.28866549
1.28866549
1.28866549
1.402964266
1.402964266
1.402964266
1.402964266
1.402964266
1.402964266
1.402964266
1.402964266
1.248474868
1.623142573
0.958186679
0.958186679
0.958186679
0.958186679
0.958186679
0.958186679
0.958186679
0.958186679
0.958186679
1.004993429
1.197510516
1.197510516
1.253631983
1.253631983
1.253631983
1.253631983
1.253631983
1.394132898
1.394132898
1.394132898
1.560786408
0.6011786332
0.6011786332
0.6011786332
0.6011786332
0.6011786332
2.461220448
2.258083311
2.258083311
2.258083311
2.258083311
2.258083311
1.746099737
1.746099737
1.746099737
1.746099737
0.5133054318
1.068475196
1.068475196
1.068475196
0.5681533571
2.567945599
1.596304174
1.596304174
1.596304174
1.596304174
1.596304174
1.596304174
1.596304174
1.596304174
1.596304174
1.596304174
1.596304174
1.596304174
1.596304174
1.596304174
1.596304174
1.734846204
1.734846204
1.734846204
0.6768271067
0.6768271067
1.845102511
0.5167035577
0.945976678
0.8458525345
0.8458525345
0.8458525345
0.8458525345
0.8458525345
0.8458525345
0.8458525345
0.8458525345
0.8458525345
0.8458525345
0.8458525345
0.8458525345
0.8458525345
0.8458525345
0.8458525345
0.8458525345
0.8458525345
0.8458525345
0.8458525345
0.8458525345
0.8458525345
0.4903399169
0.4903399169
0.2944158402
0.2944158402
0.2944158402
0.2944158402
0.2944158402
0.2944158402
0.1777616828
0.1777616828
0.1777616828
1.963778344
1.274030083
1.274030083
1.075195201
1.075195201
1.413243335
1.413243335
1.413243335
1.413243335
1.413243335
1.413243335
1.413243335
1.413243335
1.413243335
1.413243335
1.413243335
1.413243335
1.413243335
1.413243335
1.413243335
1.413243335
1.413243335
1.557606109
0.6317345562
1.257407386
1.641918643
1.361087066
1.361087066
1.361087066
1.361087066
1.794931856
1.794931856
1.794931856
1.794931856
1.398145711
1.398145711
0.6278175036
0.6278175036
0.6278175036
0.6278175036
0.6278175036
0.6278175036
0.6278175036
0.6278175036
0.6278175036
1.435581232
1.435581232
1.435581232
1.435581232
1.435581232
1.435581232
0.7000184599
0.7000184599
0.9482805668
0.9482805668
0.9482805668
1.266655456
1.266655456
1.266655456
1.03596503
1.03596503
1.03596503
1.03596503
1.03596503
1.03596503
1.03596503
1.03596503
1.19730152
1.19730152
1.19730152
1.19730152
1.19730152
1.19730152
1.19730152
1.19730152
1.19730152
1.19730152
1.19730152
1.19730152
0.4509130508
0.4509130508
0.4509130508
0.4509130508
0.4509130508
0.4509130508
0.4509130508
0.4509130508
1.418606164
1.418606164
0.8781710967
0.3793128669
0.3793128669
1.321761797
1.321761797
1.321761797
1.674187397
1.674187397
1.674187397
1.674187397
1.674187397
1.674187397
1.674187397
1.432232435
0.9312742659
0.9312742659
0.9312742659
0.9312742659
0.6145124439
0.6145124439
0.6145124439
0.6145124439
0.6145124439
0.6145124439
0.6145124439
0.6145124439
0.6145124439
0.6145124439
0.6145124439
0.6145124439
0.6145124439
0.6145124439
1.034299029
1.045791932
1.059821455
1.063320415
1.063320415
1.063320415
1.063320415
1.063320415
1.063320415
0.2613014183
0.9193623177
0.9193623177
0.9193623177
0.9193623177
0.9193623177
0.9193623177
0.9193623177
0.9193623177
1.28263002
1.28263002
1.28263002
1.46382545
1.46382545
1.46382545
1.46382545
0.5368092227
0.5368092227
0.5368092227
0.7204493688
0.7204493688
0.7204493688
0.7204493688
0.7204493688
0.7204493688
0.7204493688
0.9893907536
1.410406911
1.410406911
1.410406911
1.410406911
1.410406911
0.5099946192
0.5099946192
0.5099946192
0.5099946192
0.5099946192
0.5099946192
0.5099946192
1.224609428
1.224609428
1.224609428
1.224609428
1.224609428
1.224609428
1.224609428
1.224609428
1.224609428
0.3483769787
0.3483769787
0.3483769787
0.104568868
0.821200413
0.821200413
0.821200413
0.821200413
1.034796842
1.034796842
1.034796842
1.034796842
0.9791561717
0.9791561717
0.9791561717
0.9791561717
0.8220087827
0.8220087827
0.8220087827
0.8220087827
0.8220087827
0.8220087827
0.8220087827
0.8220087827
0.8220087827
0.8220087827
0.8220087827
0.8220087827
0.8220087827
0.8220087827
1.812666149
1.812666149
1.812666149
1.812666149
0.376579972
0.376579972
0.376579972
0.376579972
0.376579972
0.5786583541
0.6279894163
0.6279894163
0.6279894163
0.6279894163
1.860554786
1.888996117
1.967138095
1.967138095
1.967138095
0.5818067465
0.3246381998
0.3246381998
0.3246381998
0.3246381998
0.3246381998
0.3246381998
0.3370394337
0.3370394337
0.3370394337
0.3370394337
0.3370394337
0.3370394337
0.3370394337
1.636300232
1.636300232
1.636300232
1.636300232
1.259469775
1.259469775
1.259469775
1.259469775
1.259469775
0.6409739174
0.6409739174
0.6409739174
0.6409739174
0.8388275337
0.8388275337
0.8388275337
0.8388275337
0.8388275337
0.8388275337
0.8388275337
0.8388275337
0.7137139602
0.7137139602
0.5686292019
0.5686292019
0.5686292019
0.7776643773
0.7776643773
0.7776643773
1.292154787
1.453266728
1.453266728
1.453266728
1.453266728
1.453266728
1.453266728
1.453266728
1.453266728
1.453266728
0.4048650821
1.820019355
0.05133106479
0.05133106479
2.207039025
2.207039025
1.920261032
0.6446400639
0.8988723724
0.6324508275
0.6324508275
0.6324508275
1.170336098
1.170336098
1.170336098
1.170336098
1.170336098
0.7322459385
0.7322459385
0.7322459385
1.259337679
1.259337679
1.259337679
1.259337679
1.259337679
0.4947440183
0.4947440183
-0.1635837484
-0.1635837484
-0.1635837484
-0.1635837484
-0.0147818417
-0.0147818417
-0.0147818417
1.505593481
1.505593481
1.505593481
1.505593481
1.505593481
1.402868688
1.402868688
1.197511453
1.021003229
0.7658034451
0.7658034451
0.7658034451
0.7658034451
0.7658034451
0.7658034451
0.7658034451
0.7658034451
0.5826547051
0.5826547051
0.5826547051
0.5826547051
0.5826547051
0.5826547051
0.5826547051
0.5826547051
0.5826547051
0.5826547051
0.5826547051
0.5826547051
0.5826547051
0.5826547051
0.5826547051
0.5826547051
0.2288597018
0.2288597018
0.2288597018
0.2288597018
0.2288597018
0.2288597018
0.2288597018
0.2288597018
0.2288597018
0.2288597018
0.2288597018
0.2288597018
0.3451085464
1.701212032
1.701212032
1.701212032
1.701212032
1.701212032
1.134328719
1.134328719
0.9417596074
0.7198043342
0.7198043342
0.7198043342
0.7198043342
0.7446746215
0.7446746215
0.7446746215
0.7446746215
0.7446746215
0.7446746215
0.7446746215
0.7446746215
0.9304503785
0.9304503785
0.9304503785
0.9304503785
0.9304503785
0.9304503785
0.9304503785
0.5246351592
0.5246351592
0.5246351592
1.150336068
1.150336068
1.150336068
1.150336068
1.150336068
1.150336068
1.150336068
0.3502828786
1.483681049
1.483681049
1.483681049
1.483681049
1.483681049
1.97143585
1.97143585
1.97143585
1.97143585
1.97143585
1.97143585
2.096648963
2.13497018
1.25709218
1.25709218
1.25709218
1.25709218
1.25709218
1.25709218
1.25709218
1.162964067
1.162964067
1.162964067
1.162964067
1.162964067
1.787746959
1.247559524
1.247559524
1.247559524
1.247559524
1.785232129
1.785232129
1.785232129
1.785232129
1.785232129
1.785232129
1.785232129
1.785232129
1.785232129
2.158005459
2.158005459
2.158005459
1.449028177
1.449028177
0.3655424803
0.3655424803
0.3655424803
1.17763368
1.17763368
1.17763368
1.17763368
1.17763368
1.17763368
1.17763368
1.17763368
1.17763368
1.17763368
1.17763368
1.482313414
1.482313414
1.156652551
1.156652551
0.1856904824
0.1856904824
0.1856904824
0.1856904824
0.1856904824
0.1856904824
0.1856904824
-0.1679025411
-0.1679025411
1.354561066
1.354561066
0.8328946996
0.8328946996
1.661382098
1.661382098
1.661382098
1.17768751
1.17768751
1.17768751
1.17768751
1.17768751
0.2625160328
0.2625160328
0.820227059
1.240740234
0.3455180513
1.238534427
1.238534427
1.238534427
1.238534427
1.238534427
1.238534427
1.238534427
1.238534427
1.238534427
1.238534427
1.238534427
1.238534427
1.238534427
1.238534427
1.238534427
1.238534427
1.238534427
1.238534427
1.238534427
1.238534427
1.238534427
1.238534427
1.238534427
1.238534427
1.238534427
1.238534427
1.238534427
1.238534427
1.238534427
0.8381910281
0.4172878745
0.4172878745
1.042540155
1.042540155
1.042540155
1.042540155
1.042540155
1.042540155
1.042540155
1.042540155
1.390768877
1.390768877
1.390768877
1.390768877
1.457740014
1.457740014
1.500868366
1.500868366
0.9768445365
0.9768445365
0.9768445365
0.9768445365
0.9768445365
0.9768445365
0.9768445365
0.9768445365
0.6557878236
0.5453419391
0.5453419391
0.5453419391
0.5453419391
0.5453419391
0.5453419391
1.298647433
1.298647433
1.298647433
0.9411766445
0.9411766445
0.9411766445
0.9411766445
1.279251015
1.279251015
1.279251015
1.279251015
0.6519255963
0.6519255963
0.6519255963
0.9413257303
0.9413257303
1.288333098
1.288333098
1.288333098
1.288333098
1.288333098
1.079285505
1.079285505
1.079285505
1.079285505
1.079285505
1.079285505
1.079285505
1.661762149
1.071054755
1.071054755
1.071054755
0.7616362244
0.7616362244
0.7616362244
0.7616362244
0.7616362244
0.7616362244
0.7616362244
1.243981111
1.243981111
1.243981111
1.243981111
1.243981111
1.243981111
1.243981111
1.243981111
1.243981111
1.243981111
1.243981111
1.243981111
1.243981111
1.243981111
1.243981111
1.243981111
1.243981111
1.243981111
1.243981111
1.243981111
0.8707409763
0.8707409763
0.8707409763
0.8707409763
0.8707409763
0.641555124
0.641555124
0.641555124
0.641555124
0.641555124
1.47229072
1.47229072
1.164224878
1.164224878
1.164224878
1.164224878
1.487164701
1.487164701
1.487164701
1.487164701
1.487164701
1.487164701
0.07138249705
0.07138249705
-0.04479109316
-0.04479109316
-0.04479109316
-0.04479109316
-0.04479109316
-0.001467389274
-0.001467389274
-0.8015968247
-0.8015968247
-0.8015968247
-0.9658763099
-0.7244897903
-0.7244897903
-0.7244897903
0.5649549488
0.5649549488
0.5649549488
0.5649549488
1.35923578
1.35923578
1.35923578
1.35923578
0.4145619099
0.4145619099
0.4145619099
0.4145619099
0.4145619099
0.4145619099
0.4145619099
0.4145619099
0.4145619099
0.4145619099
0.4145619099
0.4145619099
0.05772318113
0.09154241781
0.09154241781
0.09154241781
0.09154241781
1.217053395
1.217053395
1.217053395
1.217053395
1.217053395
0.5390959274
0.5390959274
0.5390959274
0.5390959274
0.5390959274
0.5390959274
0.5390959274
0.5390959274
0.5390959274
0.5390959274
0.5390959274
1.933384114
-0.0654971336
-0.0654971336
0.6123844425
0.6123844425
1.185912712
1.185912712
1.185912712
1.185912712
1.185912712
1.414868136
1.414868136
1.414868136
1.008709708
1.008709708
1.008709708
1.008709708
1.008709708
1.008709708
1.008709708
1.008709708
1.008709708
1.008709708
1.008709708
1.008709708
1.409280627
1.463240621
1.463240621
1.463240621
1.463240621
1.463240621
1.463240621
1.463240621
1.463240621
1.463240621
1.463240621
0.4524275943
0.4524275943
0.9180584842
0.9180584842
0.9180584842
1.098492838
1.098492838
1.098492838
1.098492838
1.37207087
1.37207087
0.2608844021
0.3851536334
0.3851536334
0.3851536334
0.2212918665
0.1345226272
0.1345226272
0.7127621556
0.7127621556
0.7127621556
0.7127621556
0.7127621556
0.7127621556
0.7127621556
0.7127621556
0.7127621556
1.034011181
1.034011181
0.6900726566
0.6900726566
1.205591535
1.205591535
1.121087228
1.121087228
1.121087228
1.121087228
1.121087228
1.121087228
0.8938866465
2.141447037
1.563126815
1.563126815
1.563126815
1.563126815
1.563126815
1.563126815
1.563126815
1.563126815
1.563126815
1.563126815
1.563126815
1.563126815
1.563126815
1.563126815
-0.4758195515
0.486878417
0.6827099596
0.6827099596
0.6827099596
0.1954439741
0.8777531666
0.8777531666
1.373399148
1.049525562
1.049525562
1.049525562
1.049525562
1.049525562
1.049525562
1.195717988
1.097179181
1.097179181
1.097179181
1.097179181
1.097179181
1.097179181
1.097179181
1.843104905
1.843104905
1.843104905
1.843104905
-0.2202113533
-0.249703775
0.7758193826
0.5727423018
1.38885342
1.38885342
1.38885342
1.38885342
0.7764996739
0.7764996739
0.7764996739
1.598476869
1.598476869
1.598476869
0.7108595152
1.316455199
1.316455199
1.789456197
1.789456197
1.789456197
1.789456197
1.789456197
1.789456197
0.826749671
0.826749671
0.826749671
0.826749671
0.826749671
0.826749671
0.968255345
1.115872289
1.115872289
1.115872289
1.115872289
1.115872289
1.115872289
1.115872289
1.115872289
1.223438352
1.368583639
1.368583639
0.09803599323
2.006030608
1.949481175
1.089073014
1.089073014
1.089073014
1.089073014
1.089073014
0.5109387596
0.5109387596
0.5109387596
0.5109387596
0.5109387596
0.5109387596
0.5109387596
0.5109387596
0.5109387596
0.5109387596
0.5109387596
0.5109387596
0.5109387596
0.5109387596
1.470667729
1.375152663
1.375152663
1.375152663
0.7419261121
0.7419261121
0.7419261121
0.7419261121
0.7419261121
0.9100706588
0.9100706588
0.9100706588
0.9100706588
0.9100706588
0.9100706588
0.9100706588
0.9100706588
0.9100706588
0.9100706588
0.9100706588
0.9100706588
0.9100706588
0.9100706588
0.9100706588
0.9100706588
0.9100706588
0.9100706588
0.9100706588
0.7588244827
0.2606854615
1.019992905
1.019992905
1.019992905
1.019992905
1.019992905
1.019992905
1.019992905
1.019992905
1.109390991
0.3190912553
0.3190912553
1.573883814
1.573883814
1.573883814
1.354070984
0.6562116291
1.406752698
1.406752698
0.4219224333
0.4219224333
0.4219224333
0.4219224333
0.4219224333
0.8149996856
0.8149996856
1.233592167
1.233592167
1.765138292
1.765138292
1.765138292
1.266407308
1.266407308
1.266407308
1.266407308
1.264395894
1.264395894
1.264395894
1.264395894
1.264395894
0.8977169866
0.8977169866
0.8977169866
0.8977169866
0.8977169866
0.8977169866
0.8977169866
0.8977169866
0.8977169866
0.8977169866
0.8977169866
0.8977169866
0.8977169866
0.8977169866
0.8977169866
0.8977169866
0.7827617573
0.7827617573
1.050712849
1.050712849
1.715485612
0.6381226551
0.6381226551
1.858579492
1.858579492
1.858579492
0.2785102458
1.472331222
1.472331222
1.472331222
1.472331222
1.472331222
1.472331222
1.472331222
1.472331222
1.453020003
0.6738513629
0.6738513629
0.6738513629
0.6738513629
0.6738513629
0.6738513629
0.6738513629
0.6738513629
0.6738513629
0.6735188499
1.464122748
1.464122748
1.37231467
1.37231467
1.37231467
1.37231467
1.793776776
1.793776776
1.793776776
1.793776776
1.793776776
1.458188223
1.458188223
1.458188223
1.416609305
1.474102331
1.474102331
0.4019606154
0.4019606154
0.4019606154
0.4019606154
0.4019606154
1.741887705
0.2470884387
0.2470884387
0.2470884387
0.2470884387
0.2470884387
0.2470884387
2.188623724
2.188623724
2.188623724
0.262349435
0.262349435
0.262349435
0.262349435
2.281990021
2.281990021
2.281990021
2.281990021
2.437774147
2.437774147
1.452939707
1.452939707
1.452939707
0.6041617483
0.6041617483
0.6041617483
0.6041617483
0.7767733756
0.7767733756
0.7767733756
0.7767733756
0.7767733756
0.7767733756
0.7767733756
0.7767733756
1.077934835
1.077934835
1.077934835
1.077934835
1.077934835
1.077934835
1.077934835
1.077934835
1.077934835
1.077934835
1.077934835
0.6266137741
0.6266137741
0.6266137741
0.6266137741
0.6266137741
1.449357712
1.449357712
1.115995515
1.115995515
1.242149142
1.242149142
1.242149142
1.242149142
1.242149142
1.242149142
1.242149142
1.242149142
1.242149142
1.242149142
1.242149142
1.278506261
1.278506261
1.278506261
1.329192475
1.329192475
1.329192475
1.329192475
1.329192475
1.329192475
1.329192475
1.329192475
1.329192475
1.329192475
1.329192475
1.329192475
1.329192475
0.9965289637
0.9965289637
0.9965289637
0.9965289637
0.9965289637
1.393830918
1.393830918
1.393830918
1.393830918
1.393830918
1.393830918
0.358421513
0.358421513
0.358421513
0.8100393078
0.8100393078
0.8100393078
0.8100393078
0.8100393078
0.8100393078
0.8100393078
0.8100393078
0.8100393078
0.6184423377
0.6184423377
1.355948745
0.2862798285
0.3601506734
0.3601506734
0.3601506734
1.699551658
1.699551658
1.699551658
1.699551658
1.699551658
1.699551658
1.699551658
1.699551658
1.699551658
1.699551658
1.088386128
1.088386128
1.088386128
1.088386128
1.088386128
1.088386128
1.088386128
1.088386128
1.088386128
1.088386128
1.088386128
1.088386128
1.088386128
1.088386128
1.088386128
1.088386128
1.088386128
1.088386128
1.088386128
1.088386128
1.088386128
1.088386128
1.088386128
1.370315308
1.370315308
1.370315308
1.370315308
1.370315308
1.370315308
1.370315308
1.370315308
1.370315308
1.819862556
-0.2039545101
-0.2039545101
-0.2039545101
1.949465198
1.949465198
1.718488134
1.718488134
1.319984708
1.319984708
1.64321098
1.64321098
1.64321098
1.64321098
1.64321098
1.002667111
1.002667111
1.002667111
1.002667111
1.002667111
1.002667111
1.002667111
1.002667111
1.002667111
1.002667111
1.002667111
1.002667111
1.002667111
1.002667111
1.002667111
1.009599471
1.009599471
1.009599471
1.009599471
1.009599471
1.009599471
1.009599471
1.009599471
1.009599471
1.009599471
1.009599471
1.009599471
1.596740289
1.596740289
1.608477808
1.608477808
1.72189828
1.72189828
1.72189828
1.127266772
1.81061393
0.3877142174
0.3877142174
0.3877142174
1.536786769
1.536786769
1.536786769
1.536786769
1.536786769
1.536786769
1.536786769
1.536786769
1.536786769
1.536786769
1.536786769
1.536786769
1.536786769
1.536786769
1.536786769
1.36837098
1.36837098
1.72707651
1.72707651
1.283954164
1.283954164
1.283954164
1.283954164
1.141419211
1.141419211
1.141419211
1.141419211
1.141419211
1.141419211
1.141419211
1.141419211
1.141419211
1.141419211
1.141419211
1.141419211
1.141419211
1.141419211
1.141419211
0.8521564492
0.8521564492
1.475133417
0.3571262141
0.3571262141
0.3571262141
0.3571262141
0.3571262141
0.3571262141
0.3571262141
0.3571262141
0.3571262141
1.6464928
1.6464928
1.6464928
1.6464928
-0.1508783987
-0.1508783987
-0.1508783987
0.2400472686
0.2400472686
0.2400472686
0.2400472686
0.2400472686
0.2400472686
1.345874067
1.345874067
1.345874067
1.345874067
1.345874067
1.345874067
0.9698852655
0.9698852655
0.9698852655
1.376465804
1.376465804
1.495504527
1.495504527
1.495504527
0.6370287544
0.6370287544
0.6370287544
0.6370287544
0.6370287544
0.6370287544
0.8193636968
0.8193636968
0.8193636968
0.8193636968
0.8193636968
1.042815135
1.54292683
1.54292683
1.54292683
1.54292683
1.020790778
1.020790778
0.8015671232
0.8015671232
1.258379375
1.21832109
1.21832109
1.21832109
1.21832109
1.21832109
1.21832109
1.21832109
1.21832109
1.21832109
1.21832109
1.21832109
1.21832109
0.3997181393
1.436529576
1.436529576
1.367553922
1.367553922
1.367553922
0.5029862392
0.5029862392
0.9817953614
0.9817953614
0.9817953614
0.9817953614
0.9817953614
0.9817953614
0.9817953614
0.9817953614
0.9817953614
0.9817953614
0.9817953614
0.9817953614
0.5570325014
0.5570325014
0.5570325014
0.5570325014
0.5570325014
0.5570325014
0.303370476
0.303370476
2.333861083
0.1563997114
0.1563997114
0.1563997114
-0.03654144883
-0.03654144883
-0.03654144883
-0.03654144883
2.298848537
2.298848537
-0.08496047464
1.393291984
1.393291984
1.393291984
1.393291984
1.003660125
1.003660125
1.003660125
1.003660125
1.003660125
0.06358860817
1.717272759
1.717272759
1.717272759
0.7509258839
0.7509258839
0.7509258839
0.7509258839
0.7509258839
0.7509258839
0.7509258839
0.7509258839
0.7509258839
0.7509258839
0.7509258839
1.393597291
1.393597291
1.393597291
1.393597291
1.75436619
1.75436619
1.118892822
1.118892822
1.118892822
1.118892822
1.118892822
1.118892822
1.118892822
1.118892822
0.3586793942
1.536905021
0.4102275611
0.4102275611
0.4102275611
2.077587827
0.1302063874
0.470816253
0.470816253
0.470816253
0.470816253
0.4459476323
0.4459476323
0.4459476323
0.4459476323
0.4459476323
0.4459476323
0.4459476323
0.4459476323
0.4459476323
0.4459476323
0.4459476323
0.4459476323
0.4459476323
0.4459476323
0.4459476323
0.4459476323
0.5046888108
0.5046888108
1.373328014
1.373328014
1.373328014
1.373328014
1.373328014
1.373328014
1.373328014
1.373328014
0.9522280109
0.9522280109
1.171345817
1.171345817
1.171345817
1.171345817
1.171345817
1.171345817
1.171345817
1.171345817
1.41729333
-0.007495929645
-0.0944456287
-0.0944456287
-0.0944456287
-0.0944456287
-0.0944456287
0.795385397
0.795385397
0.795385397
0.9595859882
1.437535587
1.296733025
1.296733025
0.9341856638
0.9341856638
0.9341856638
1.055730273
1.055730273
1.055730273
1.055730273
1.055730273
1.055730273
0.3344622489
1.021180047
1.021180047
0.7223206301
1.670397162
1.670397162
0.4229633286
1.115627998
1.115627998
1.115627998
0.8203311379
0.8203311379
0.8203311379
0.8203311379
0.8203311379
0.8203311379
0.8203311379
0.8203311379
0.8203311379
1.308804769
1.308804769
1.308804769
1.308804769
1.308804769
1.308804769
1.308804769
1.308804769
1.308804769
1.308804769
0.3739603994
0.3739603994
0.6780204111
-0.3496689716
0.9343580849
0.9343580849
0.9343580849
0.9343580849
1.017753111
1.017753111
1.13447384
1.13447384
0.395029036
0.395029036
0.395029036
0.395029036
0.395029036
0.395029036
0.395029036
0.395029036
0.395029036
0.395029036
0.395029036
0.395029036
1.568247491
1.568247491
1.568247491
1.568247491
1.568247491
1.568247491
1.568247491
1.568247491
1.568247491
1.568247491
1.568247491
1.29320228
1.29320228
1.29320228
1.29320228
1.29320228
0.9396929822
0.9396929822
0.9396929822
1.292802184
1.292802184
1.292802184
0.7158439735
0.7158439735
0.7158439735
0.7158439735
0.5347839832
0.5347839832
0.5347839832
0.5347839832
0.5347839832
1.899912565
1.899912565
1.899912565
1.899912565
1.354502711
2.331103908
0.5489619224
0.9310846831
0.9310846831
0.9310846831
0.9310846831
0.9598366585
0.9598366585
0.9598366585
0.9598366585
0.9598366585
1.135745165
1.135745165
1.135745165
1.135745165
1.135745165
1.135745165
1.135745165
1.135745165
1.135745165
1.135745165
1.135745165
1.135745165
1.135745165
1.135745165
1.135745165
1.135745165
1.135745165
1.135745165
1.135745165
1.135745165
1.135745165
1.135745165
1.135745165
1.135745165
0.8259624132
0.8259624132
0.8259624132
0.8259624132
0.8259624132
0.8259624132
0.8259624132
0.8259624132
0.8259624132
0.8259624132
0.8259624132
0.8259624132
0.8259624132
1.396350038
1.396350038
1.396350038
1.396350038
1.396350038
0.7058149313
0.7058149313
0.7058149313
0.7058149313
0.7058149313
0.7058149313
1.803550399
1.696576803
1.696576803
1.696576803
1.696576803
1.855546131
1.855546131
0.8099183541
0.8099183541
0.8099183541
1.088433224
1.088433224
1.088433224
1.088433224
1.088433224
1.088433224
1.178703744
1.178703744
1.178703744
1.409259051
1.636190571
1.636190571
1.636190571
1.636190571
1.636190571
1.203916169
1.203916169
0.7686734518
0.7686734518
0.7686734518
0.7686734518
1.502713753
1.502713753
1.085251164
1.085251164
1.085251164
1.447090821
0.8214103711
0.8214103711
0.8214103711
0.8214103711
0.8214103711
0.8214103711
0.8214103711
0.8214103711
0.8214103711
1.585517263
1.585517263
1.585517263
1.585517263
1.585517263
1.585517263
1.585517263
1.585517263
0.4641400468
0.4641400468
0.4641400468
1.046145805
1.046145805
1.046145805
1.046145805
0.9058351727
0.9058351727
0.9058351727
0.9058351727
1.850294029
0.2621402173
0.2621402173
0.5888192015
0.5888192015
0.5888192015
0.5888192015
0.5888192015
0.5888192015
0.5888192015
0.5888192015
0.5888192015
0.5888192015
0.5888192015
0.5888192015
0.5888192015
0.6479624282
0.6479624282
0.6479624282
0.6479624282
0.6479624282
0.6479624282
0.6479624282
1.951124739
1.951124739
1.525189943
1.525189943
2.172769039
2.172769039
2.172769039
2.172769039
2.172769039
2.262263914
2.262263914
2.262263914
2.262263914
2.262263914
2.262263914
2.262263914
2.262263914
1.411197212
1.411197212
1.411197212
1.411197212
1.411197212
1.411197212
1.411197212
1.411197212
1.411197212
1.411197212
1.411197212
1.411197212
1.411197212
1.411197212
1.276498336
1.276498336
1.276498336
1.276498336
1.276498336
1.276498336
1.276498336
1.07481901
0.02422980334
0.02422980334
0.02422980334
0.02422980334
0.02422980334
0.6060213198
0.6060213198
0.6060213198
0.6060213198
0.6060213198
0.6060213198
0.6060213198
0.5995970259
0.5995970259
0.5995970259
0.5995970259
0.5995970259
0.531556543
0.435694199
0.435694199
1.247396197
1.247396197
1.247396197
1.247396197
1.247396197
1.247396197
1.735498516
1.735498516
1.735498516
1.735498516
1.735498516
1.735498516
1.735498516
1.735498516
1.772341197
0.3360629959
2.11012526
2.11012526
1.644305262
1.644305262
1.644305262
1.670199859
0.6211236584
0.6211236584
0.6211236584
1.087444248
1.232453109
1.232453109
1.232453109
1.232453109
1.232453109
0.2186884602
0.8766060984
1.626335536
1.626335536
1.626335536
1.626335536
1.626335536
1.626335536
1.626335536
1.626335536
1.626335536
1.626335536
1.626335536
-0.1993772399
0.2206628308
0.2206628308
0.2206628308
0.2206628308
0.2206628308
0.2206628308
0.2206628308
1.595076573
1.595076573
1.595076573
1.595076573
1.595076573
1.595076573
1.595076573
1.595076573
1.595076573
1.546729542
1.546729542
1.546729542
0.2669047515
1.291038705
1.291038705
1.291038705
1.291038705
1.291038705
1.291038705
1.291038705
1.291038705
1.291038705
1.291038705
1.291038705
1.291038705
1.291038705
1.291038705
1.291038705
1.291038705
1.291038705
1.291038705
1.291038705
1.291038705
1.291038705
1.291038705
1.291038705
0.2225614661
0.2225614661
0.2225614661
0.2225614661
0.2225614661
1.898501411
1.898501411
1.898501411
1.898501411
1.898501411
0.9851919435
0.9851919435
0.9851919435
0.9851919435
0.08498125601
0.08498125601
0.450019543
0.450019543
0.450019543
0.450019543
0.450019543
0.450019543
0.450019543
0.450019543
0.450019543
0.450019543
0.450019543
0.450019543
0.450019543
0.450019543
0.450019543
0.1097187826
0.1097187826
0.1097187826
0.1097187826
0.5471025412
0.5376466393
0.5376466393
1.144840392
1.144840392
1.144840392
1.071627228
1.071627228
0.7345926335
0.7345926335
0.7345926335
0.7345926335
0.7345926335
0.7345926335
0.7345926335
1.295996209
1.295996209
1.295996209
1.295996209
1.295996209
0.6228198397
0.6228198397
1.250315776
1.250315776
1.250315776
1.250315776
1.250315776
1.250315776
1.250315776
1.250315776
1.250315776
1.250315776
1.250315776
1.250315776
1.250315776
1.250315776
1.382724391
1.382724391
1.382724391
1.382724391
1.382724391
1.382724391
1.382724391
1.382724391
1.382724391
1.382724391
1.382724391
0.2850391544
0.2850391544
0.2850391544
1.758556337
1.35261227
1.35261227
1.35261227
1.378388896
1.378388896
1.378388896
1.378388896
1.378388896
2.642079934
2.642079934
2.642079934
2.649086307
-0.751141556
-0.751141556
-0.751141556
-0.751141556
1.279121556
0.8610572358
0.8610572358
0.8610572358
1.074190226
1.074190226
1.074190226
1.074190226
1.074190226
1.074190226
1.074190226
1.074190226
1.074190226
1.074190226
1.074190226
1.074190226
1.074190226
1.074190226
1.074190226
1.327804459
1.327804459
1.327804459
1.327804459
1.327804459
1.327804459
0.01358967185
0.01358967185
0.01358967185
0.01358967185
0.01358967185
0.01358967185
0.01358967185
-0.1639098036
-0.1639098036
-0.1639098036
-0.1639098036
-0.1639098036
-0.1639098036
-0.1639098036
-0.1639098036
1.752645579
-0.0556135006
-0.0556135006
1.416657587
0.6986481462
0.5723457045
0.5613715677
0.5613715677
0.5613715677
0.8538378684
0.8538378684
0.8538378684
0.8538378684
0.8538378684
0.8538378684
0.8538378684
0.8538378684
0.8538378684
0.8538378684
0.8538378684
0.8538378684
0.8538378684
0.9607940661
0.9607940661
0.9607940661
0.9607940661
0.9607940661
0.9607940661
0.9576258645
0.6611657276
0.9679403421
0.9679403421
0.3853325214
0.3546456808
0.3546456808
0.3546456808
0.3546456808
1.312194236
0.9430398417
0.9430398417
0.9430398417
0.9430398417
0.9430398417
0.9430398417
0.9430398417
0.9430398417
0.9430398417
0.9430398417
0.9430398417
0.9430398417
0.9430398417
0.9430398417
0.9430398417
0.9430398417
0.9430398417
0.9430398417
1.617933496
1.617933496
1.617933496
0.6544081806
0.8861038947
0.8861038947
0.8861038947
0.8861038947
1.259704094
1.259704094
1.259704094
1.259704094
1.259704094
1.729827621
1.338582726
0.8801831805
0.8801831805
0.8801831805
0.8801831805
0.8801831805
0.8801831805
0.8801831805
0.8801831805
0.8801831805
1.258027455
1.258027455
1.258027455
1.258027455
1.258027455
1.258027455
1.258027455
1.09644822
1.09644822
1.09644822
1.09644822
1.09644822
1.09644822
0.9775696861
0.9775696861
1.043424539
1.043424539
1.043424539
1.043424539
1.043424539
0.5701697723
0.5701697723
0.5701697723
0.5701697723
0.5701697723
1.150692555
1.413660493
1.473375592
1.473375592
1.500580205
1.500580205
1.282040375
1.282040375
1.282040375
1.282040375
1.007042443
1.121586697
0.1486554644
0.1486554644
1.430435276
1.430435276
1.029586101
1.029586101
1.029586101
1.029586101
1.029586101
1.590674402
1.590674402
1.590674402
1.590674402
1.590674402
1.590674402
1.590674402
1.609401284
1.505846688
0.7487450575
0.7487450575
0.7487450575
0.7487450575
0.4880296316
0.4880296316
0.4880296316
0.4880296316
0.4880296316
1.988098714
1.582496626
-0.0710337453
-0.0710337453
-0.0710337453
1.736917397
1.736917397
1.736917397
0.8818372484
0.8818372484
0.8818372484
0.8818372484
1.247155944
1.247155944
1.247155944
1.247155944
1.247155944
1.247155944
1.247155944
1.247155944
1.247155944
1.247155944
1.247155944
1.247155944
1.247155944
1.247155944
1.247155944
1.247155944
-0.5048473599
1.343921451
1.343921451
1.343921451
1.343921451
1.555768214
1.555768214
1.555768214
1.555768214
0.4456153181
1.222264738
1.222264738
1.222264738
1.222264738
1.222264738
1.222264738
1.003216305
1.003216305
1.003216305
1.003216305
1.003216305
1.003216305
1.333520739
1.333520739
1.333520739
1.333520739
1.333520739
1.333520739
1.333520739
1.333520739
1.333520739
0.6907003973
0.6907003973
1.381859138
0.9842978232
0.9842978232
0.9842978232
1.185425813
1.185425813
1.185425813
1.185425813
1.185425813
0.6874555271
0.6874555271
0.6874555271
0.8303149208
0.8303149208
0.8303149208
0.8303149208
0.8303149208
0.8303149208
0.8303149208
0.7541635985
0.7541635985
0.7541635985
0.7541635985
0.7541635985
0.7541635985
0.7541635985
0.7541635985
1.619596185
1.619596185
1.619596185
1.619596185
1.619596185
1.619596185
1.619596185
1.619596185
1.619596185
0.2103909285
0.2103909285
0.2103909285
0.2103909285
0.8884927398
0.8884927398
0.8884927398
0.7598530304
0.7598530304
0.7188614039
1.157413773
1.157413773
1.157413773
1.157413773
1.157413773
1.157413773
1.157413773
1.157413773
1.157413773
1.157413773
-0.1040933076
0.4362980264
0.4362980264
0.4362980264
0.4362980264
0.4362980264
0.4362980264
0.4362980264
0.4362980264
1.845925019
1.845925019
2.272590474
1.269720754
0.6614425127
0.6614425127
0.6614425127
0.6614425127
0.1707990873
0.1707990873
0.1707990873
0.1707990873
2.357049995
2.357049995
2.357049995
0.04434761656
0.04434761656
0.04434761656
1.305485745
1.305485745
0.8605790368
0.8605790368
0.8253067154
0.8253067154
0.8253067154
0.8253067154
0.8945188107
0.8945188107
0.8945188107
0.6362803598
0.6362803598
0.6362803598
0.6362803598
0.6362803598
1.454432396
1.454432396
0.5717122046
0.5717122046
0.5717122046
0.5717122046
0.9735193895
0.9735193895
0.5653121459
0.5653121459
0.5653121459
0.5653121459
0.5653121459
1.551071809
1.551071809
1.551071809
1.163938591
1.163938591
1.163938591
1.163938591
1.643836225
1.643836225
1.643836225
2.186956871
2.186956871
1.419956327
1.419956327
0.4459242453
0.4459242453
0.4459242453
0.4459242453
1.580477838
0.7840784614
0.7840784614
1.022108838
1.022108838
1.022108838
1.257268473
1.257268473
1.257268473
1.257268473
1.257268473
1.257268473
1.257268473
1.257268473
1.257268473
0.5125747524
0.5125747524
1.73484893
1.73484893
1.73484893
1.73484893
1.73484893
1.73484893
1.73484893
1.73484893
1.73484893
1.73484893
1.327395074
1.093140824
0.3332832327
0.3828937738
0.4711367274
0.7915087207
0.7915087207
0.7915087207
0.7915087207
0.7915087207
0.7915087207
0.7915087207
0.9355798146
0.9355798146
0.5202875929
0.5202875929
0.5202875929
1.506830387
1.394499662
1.394499662
0.215762732
0.215762732
0.215762732
0.215762732
1.229322014
1.229322014
1.229322014
1.229322014
1.038879149
1.038879149
1.038879149
1.038879149
1.038879149
1.038879149
1.038879149
1.825143769
1.825143769
1.825143769
1.825143769
2.199112876
2.075886421
0.2706345012
0.2706345012
0.3451405487
0.349124179
0.349124179
0.4478464157
0.4478464157
0.4478464157
0.4478464157
0.4478464157
0.4478464157
0.4478464157
0.4478464157
0.4478464157
0.4478464157
1.264851277
1.264851277
1.198578741
1.206037121
1.206037121
1.206037121
1.206037121
1.206037121
0.2605076068
0.2605076068
0.4515225848
0.4515225848
0.4515225848
0.4515225848
0.4515225848
0.4515225848
0.4515225848
0.4515225848
0.4515225848
1.877597823
1.877597823
1.877597823
1.877597823
1.708385249
1.708385249
1.708385249
1.708385249
1.708385249
0.8741214127
1.168197547
1.168197547
1.168197547
1.168197547
1.168197547
1.168197547
1.001155907
1.001155907
1.001155907
1.001155907
1.001155907
1.001155907
1.001155907
1.001155907
1.001155907
1.001155907
1.001155907
1.001155907
1.001155907
1.001155907
1.001155907
1.001155907
1.316440613
1.316440613
1.316440613
1.316440613
1.316440613
0.4069361016
1.110672351
1.110672351
1.110672351
1.110672351
1.110672351
1.110672351
1.110672351
1.110672351
1.110672351
1.110672351
1.110672351
1.110672351
1.110672351
1.110672351
1.110672351
1.110672351
1.110672351
1.110672351
1.110672351
1.511910487
1.511910487
1.511910487
1.042314813
1.042314813
1.402185725
1.060561174
1.060561174
0.6029825044
0.6029825044
0.6029825044
0.6029825044
0.6029825044
0.6029825044
0.6029825044
0.6029825044
0.6029825044
0.6029825044
0.6029825044
0.6029825044
0.6029825044
0.6029825044
0.6029825044
0.6029825044
0.6029825044
0.6029825044
0.6029825044
0.3101817029
0.3101817029
0.3101817029
0.3101817029
0.3101817029
0.3101817029
0.3101817029
0.3101817029
0.3101817029
0.3101817029
1.609656287
1.609656287
1.782390048
0.9903523705
1.344355558
1.344355558
1.344355558
1.344355558
1.344355558
0.458062175
0.458062175
0.458062175
0.2900093427
0.2900093427
0.2900093427
0.2900093427
0.2900093427
0.393041706
0.393041706
0.393041706
0.393041706
0.3547848432
0.3547848432
1.917016317
1.917016317
1.917016317
1.917016317
1.917016317
1.917016317
0.6439394672
0.6439394672
1.112000338
1.112000338
1.112000338
1.112000338
-0.06081744003
-0.06081744003
-0.06081744003
-0.06081744003
-0.06081744003
0.6332358458
0.6332358458
0.6207191117
0.6207191117
0.6207191117
0.5758707766
1.265975808
1.265975808
1.265975808
1.265975808
1.265975808
1.265975808
1.534477718
1.534477718
1.534477718
1.534477718
1.08671578
1.08671578
1.08671578
1.08671578
1.08671578
1.586514895
1.586514895
0.7505989422
0.697659041
0.697659041
0.697659041
0.7813079768
0.7813079768
0.7813079768
0.7813079768
0.7813079768
0.7813079768
0.7813079768
0.7813079768
0.7813079768
0.7813079768
0.7813079768
0.7813079768
0.7813079768
0.7813079768
0.7813079768
0.7813079768
0.7813079768
0.7813079768
0.7813079768
0.7813079768
0.7813079768
0.7813079768
0.7813079768
0.7813079768
1.093987786
1.093987786
1.093987786
1.093987786
0.4602521136
1.449319878
1.449319878
1.449319878
0.9406432618
0.9406432618
0.9406432618
0.9406432618
0.9406432618
0.9406432618
0.9406432618
0.9406432618
0.3311139038
-0.1533107106
-0.1533107106
-0.1533107106
-0.1533107106
-0.1533107106
-0.1533107106
-0.1533107106
-0.05646361493
-0.05646361493
-0.05646361493
-0.05646361493
-0.07675226237
-0.07675226237
-0.07675226237
2.054084267
0.9759106725
0.9759106725
1.251759758
1.251759758
0.08789186848
0.08789186848
0.08789186848
1.676346647
1.676346647
1.676346647
1.676346647
1.676346647
1.676346647
1.676346647
1.676346647
1.676346647
1.676346647
0.7145437512
0.7145437512
0.7145437512
1.19105288
1.19105288
1.19105288
1.19105288
1.19105288
1.491396884
1.491396884
1.491396884
1.491396884
1.491396884
1.491396884
1.491396884
1.47262201
1.47262201
1.47262201
1.47262201
1.47262201
1.539375271
1.539375271
1.073645503
1.073645503
1.073645503
1.073645503
1.073645503
1.073645503
1.291238442
0.1046726093
0.1046726093
0.4072818856
0.4072818856
1.737852917
1.737852917
1.737852917
1.737852917
1.737852917
1.737852917
1.737852917
1.737852917
1.737852917
1.737852917
0.9472348078
0.7963224281
0.7963224281
1.33776377
0.5108589021
0.5108589021
0.5108589021
0.5108589021
0.5108589021
0.5108589021
0.1272302019
0.1272302019
0.1272302019
0.1272302019
0.1272302019
0.4885199126
0.4885199126
0.4885199126
1.297354001
1.297354001
1.297354001
1.857245446
1.857245446
1.857245446
1.857245446
1.857245446
1.857245446
1.857245446
1.857245446
1.857245446
1.857245446
1.857245446
1.857245446
1.857245446
1.596636874
1.461395491
1.461395491
1.461395491
0.3086157264
0.7946915523
0.725616163
0.725616163
0.9083779919
0.9083779919
0.9083779919
0.9083779919
0.9083779919
0.630825054
0.630825054
0.630825054
0.630825054
0.630825054
1.473910174
1.473910174
1.473910174
1.473910174
1.473910174
1.473910174
1.473910174
0.5857078308
0.5857078308
0.5857078308
0.5857078308
0.5857078308
1.394976166
1.394976166
1.394976166
1.394976166
1.394976166
1.083240192
0.8007601183
0.8007601183
0.8007601183
0.8007601183
0.8007601183
0.1471474636
0.3450068644
1.223560168
1.223560168
1.223560168
1.223560168
0.6525677538
0.6525677538
0.6525677538
1.541750043
1.541750043
0.6644260289
0.6644260289
0.6644260289
0.6644260289
1.354910429
1.354910429
1.354910429
0.6858193081
0.6858193081
0.6858193081
0.6858193081
0.6858193081
0.6858193081
0.6858193081
0.6858193081
0.6858193081
0.6858193081
0.6858193081
0.6858193081
0.6858193081
0.6858193081
0.6858193081
0.9961204443
0.9961204443
0.9961204443
0.9961204443
0.9961204443
0.085249442
0.085249442
1.01611243
1.01611243
1.01611243
1.01611243
1.01611243
1.01611243
1.01611243
1.01611243
1.01611243
1.01611243
1.01611243
1.01611243
1.01611243
1.01611243
1.01611243
1.01611243
1.01611243
1.01611243
0.4673652121
0.4673652121
0.4673652121
0.4673652121
0.4673652121
0.4673652121
0.4673652121
0.4673652121
1.195388437
1.195388437
1.195388437
1.195388437
1.195388437
0.8767835635
0.8767835635
0.8767835635
0.8767835635
1.403025918
0.5271777628
0.08741655991
2.004873288
2.004873288
1.261789788
1.261789788
1.261789788
1.261789788
1.261789788
1.261789788
1.261789788
1.261789788
1.995030778
2.158982087
2.158982087
2.074754155
2.074754155
2.074754155
1.514936478
1.514936478
1.480178471
1.480178471
1.480178471
1.582615991
1.582615991
1.582615991
1.582615991
1.582615991
1.582615991
1.582615991
1.582615991
1.582615991
0.8113551756
0.7043271522
0.7836277655
0.7836277655
0.7836277655
0.7836277655
0.7836277655
0.7836277655
0.7836277655
0.7836277655
0.7836277655
0.7836277655
0.7836277655
0.7639893825
0.7639893825
0.7639893825
0.7254109446
0.2720280272
0.2720280272
0.2720280272
0.2720280272
0.2720280272
0.4437734123
0.1982530389
2.084418795
2.084418795
1.457464681
1.457464681
1.457464681
1.457464681
0.8426724666
0.8426724666
0.8426724666
0.8426724666
0.8426724666
0.8426724666
0.8426724666
0.8426724666
1.200753596
1.200753596
0.6160113829
0.6160113829
0.6160113829
0.6160113829
0.6160113829
0.6160113829
0.6160113829
0.6160113829
0.6160113829
0.6160113829
0.6160113829
0.6160113829
0.6160113829
0.6160113829
0.4992520224
0.4992520224
0.4992520224
0.4992520224
0.4992520224
0.4992520224
0.6713728239
0.6713728239
0.6713728239
0.6713728239
0.6713728239
0.9362073094
0.9362073094
1.100346496
1.100346496
1.100346496
1.100346496
1.100346496
1.100346496
1.100346496
1.100346496
1.100346496
0.8462491772
0.8462491772
0.8462491772
0.8462491772
0.8462491772
-0.1592688525
-0.1592688525
-0.3819518107
-0.3819518107
-0.3819518107
-0.3819518107
-0.3819518107
-0.3819518107
-0.3819518107
0.6558395819
0.5093665906
0.5093665906
0.5093665906
0.5093665906
0.612142336
0.612142336
0.612142336
0.612142336
0.612142336
0.612142336
0.5175357777
0.5175357777
0.5175357777
-0.7189250864
0.003362754058
0.003362754058
0.003362754058
1.459345869
1.459345869
1.459345869
1.459345869
1.459345869
0.9491203698
0.9491203698
0.9491203698
0.9491203698
0.9491203698
1.192692245
1.192692245
1.192692245
1.192692245
1.192692245
1.192692245
1.192692245
1.192692245
1.192692245
1.192692245
1.192692245
1.064240575
1.064240575
1.064240575
1.064240575
1.064240575
1.064240575
1.064240575
1.064240575
1.064240575
1.064240575
1.064240575
1.064240575
1.064240575
1.064240575
0.3682970157
0.3682970157
2.010553204
2.010553204
2.010553204
0.6330628639
0.6330628639
0.6330628639
0.6330628639
0.6330628639
0.6330628639
0.6330628639
0.6330628639
0.6330628639
0.6330628639
0.6330628639
1.529715679
1.636250625
1.636250625
1.636250625
0.9395063651
0.9395063651
0.9395063651
1.435340486
1.435340486
1.435340486
1.435340486
1.435340486
1.435340486
1.295890353
1.295890353
-0.4093574433
-0.4093574433
-0.4093574433
-0.4093574433
-0.4093574433
1.645654287
1.645654287
1.645654287
1.565901661
1.565901661
1.565901661
0.9288374129
1.275351774
1.275351774
0.7790870917
0.7790870917
0.7790870917
0.7790870917
0.7790870917
0.7790870917
0.8145278883
1.029395702
-0.4191167927
-0.4191167927
-0.4191167927
-0.4191167927
2.027216855
2.027216855
2.027216855
1.609048336
1.609048336
1.609048336
1.609048336
1.609048336
1.61168961
1.61168961
-0.1874549439
0.97583475
0.97583475
0.97583475
0.97583475
1.756289391
1.756289391
1.756289391
1.756289391
1.756289391
1.628351966
1.628351966
0.4100560373
0.4100560373
1.521643568
1.521643568
1.521643568
1.215088077
1.215088077
1.215088077
1.215088077
1.215088077
1.215088077
1.215088077
0.6306242406
0.6306242406
0.6306242406
0.6306242406
0.6306242406
0.6306242406
1.093975286
1.093975286
1.093975286
1.093975286
1.093975286
1.093975286
1.093975286
1.093975286
1.093975286
1.241327295
1.241327295
1.241327295
0.1063114381
0.1063114381
0.1063114381
1.947156003
1.947156003
1.078270641
1.078270641
1.078270641
1.078270641
1.078270641
1.078270641
1.078270641
1.078270641
1.268106324
1.268106324
1.268106324
1.268106324
1.268106324
1.268106324
1.268106324
1.268106324
1.268106324
1.268106324
1.268106324
1.268106324
1.268106324
1.268106324
0.979742608
0.979742608
0.979742608
0.979742608
0.979742608
0.7750094393
0.7750094393
0.7750094393
0.7750094393
1.371293998
1.371293998
1.371293998
1.371293998
1.552277941
1.552277941
1.715133443
0.8276908585
0.8276908585
0.8276908585
0.8276908585
0.8276908585
0.8276908585
0.8276908585
0.8276908585
0.8276908585
1.309507855
1.309507855
0.01858068686
0.01858068686
0.9117784686
1.200216717
1.993472875
1.993472875
1.993472875
1.993472875
1.993472875
1.993472875
1.993472875
1.993472875
1.993472875
1.993472875
1.993472875
1.993472875
0.05373166178
1.844633853
1.844633853
1.844633853
1.844633853
1.844633853
0.8191057857
0.8191057857
0.8191057857
1.664009777
1.664009777
1.664009777
1.664009777
1.664009777
1.405999947
1.405999947
1.405999947
1.405999947
1.405999947
0.267853375
0.267853375
0.267853375
0.267853375
0.267853375
0.267853375
0.267853375
0.267853375
0.267853375
0.267853375
0.267853375
0.267853375
0.267853375
0.267853375
0.267853375
0.267853375
0.267853375
0.267853375
0.267853375
0.267853375
0.267853375
0.7675950919
0.7675950919
0.7675950919
0.7675950919
0.7675950919
0.7675950919
0.7675950919
1.150182523
-0.2167851854
-0.2167851854
1.361912422
1.361912422
0.848603527
0.848603527
0.848603527
0.848603527
0.848603527
0.848603527
0.848603527
0.848603527
1.220639802
1.149322883
1.149322883
1.149322883
1.481236931
1.481236931
1.481236931
1.481236931
1.481236931
1.481236931
1.481236931
1.481236931
1.481236931
0.9054567949
1.39701731
1.39701731
0.4206328986
0.4206328986
0.4206328986
0.6331698321
0.6331698321
0.6331698321
0.6331698321
1.331935324
0.8900933374
1.148184167
0.8470635728
0.8470635728
0.3051405554
0.3051405554
0.3051405554
1.65424383
0.8027923301
1.025446066
1.025446066
1.025446066
1.025446066
1.025446066
1.025446066
1.025446066
0.3690921334
0.3690921334
0.3690921334
0.3690921334
0.3690921334
0.3690921334
0.3690921334
0.3690921334
0.515472861
0.9418731329
1.185354498
1.185354498
1.185354498
1.185354498
0.6904408627
0.6904408627
0.6904408627
0.6904408627
1.238506209
1.238506209
1.064518055
1.064518055
1.064518055
1.064518055
1.076713572
1.076713572
1.076713572
1.076713572
1.076713572
1.076713572
1.414946319
1.414946319
1.13841072
1.13841072
1.217926034
1.217926034
1.217926034
1.616385165
1.616385165
1.616385165
1.616385165
1.616385165
1.616385165
1.616385165
1.616385165
1.616385165
1.616385165
0.4005605544
0.4005605544
0.4005605544
0.4005605544
0.4005605544
2.124769138
2.124769138
2.124769138
-0.09258133336
-0.09258133336
0.8885822835
1.082094655
1.082094655
1.082094655
1.082094655
1.447317581
1.447317581
1.447317581
1.447317581
1.447317581
1.118951238
0.5108440591
0.5108440591
1.427732776
1.427732776
1.427732776
1.427732776
0.4730877756
0.4730877756
0.4730877756
0.4730877756
0.4730877756
0.4730877756
0.04059593758
0.04059593758
0.04059593758
0.04059593758
0.04059593758
0.04059593758
0.04059593758
0.04059593758
1.201288015
1.201288015
1.201288015
1.201288015
1.201288015
1.201288015
1.201288015
1.201288015
1.540284523
1.540284523
0.6329997578
0.6329997578
1.414265994
1.591461811
1.828391175
0.2089475056
0.2089475056
0.1417224558
0.1417224558
0.1417224558
0.1417224558
0.1417224558
0.1417224558
1.104643018
1.104643018
1.669693819
1.669693819
1.669693819
1.669693819
1.669693819
2.074697727
2.074697727
2.074697727
2.097381622
2.097381622
2.097381622
2.097381622
0.4753562939
0.4753562939
0.4753562939
0.4753562939
1.541153621
1.541153621
1.541153621
0.5548631238
0.5548631238
0.5548631238
0.5548631238
0.5548631238
0.5548631238
0.5548631238
0.5548631238
0.6575838949
0.6575838949
0.6575838949
0.6575838949
0.6575838949
0.6575838949
0.9855681889
0.9855681889
0.9855681889
0.9855681889
0.9855681889
0.9855681889
0.9855681889
0.9855681889
0.9855681889
1.210408749
0.3978383001
0.3978383001
0.3978383001
0.3978383001
0.3978383001
0.3978383001
0.3978383001
0.3978383001
0.3978383001
0.3978383001
0.3978383001
0.3978383001
0.3978383001
0.5888174467
0.5888174467
0.5888174467
0.5888174467
1.621397129
1.621397129
1.621397129
1.987874127
1.987874127
1.987874127
-0.03331550202
-0.03331550202
-0.03331550202
0.3502521723
0.3502521723
0.4783758615
0.8635500567
0.8635500567
0.8635500567
0.8635500567
0.8635500567
0.8635500567
0.8635500567
0.9935523891
0.5508707522
0.5508707522
0.5508707522
0.5508707522
0.5508707522
1.291420896
0.7783213386
0.9744019765
0.9744019765
0.9744019765
1.300753865
1.298383023
1.298383023
1.298383023
1.298383023
1.298383023
1.298383023
1.298383023
1.298383023
0.3865553835
0.3865553835
0.3873105033
0.3873105033
0.3873105033
-0.01037401242
-0.01037401242
2.083809571
2.083809571
2.083809571
0.3602178467
0.3602178467
0.3602178467
0.3602178467
-0.08085852667
1.616220831
1.616220831
1.616220831
1.616220831
1.616220831
1.616220831
1.616220831
1.616220831
1.906284261
1.906284261
1.616523416
0.9588145334
0.9588145334
0.9588145334
1.022659017
1.022659017
1.022659017
1.022659017
1.022659017
1.022659017
0.6482339963
0.6482339963
0.6482339963
0.6482339963
0.6482339963
0.8690454839
0.8690454839
0.8690454839
0.833471823
0.833471823
0.833471823
0.833471823
0.833471823
0.833471823
0.833471823
0.833471823
0.833471823
0.833471823
0.833471823
0.833471823
0.833471823
0.833471823
0.833471823
0.833471823
0.833471823
0.3294542575
1.034117752
1.034117752
1.034117752
1.034117752
0.9076345015
1.523095288
1.523095288
0.5560486633
0.5560486633
1.489650542
1.489650542
1.489650542
1.489650542
0.7453523292
0.7453523292
0.7453523292
0.7453523292
2.020622044
2.020622044
1.978931024
1.978931024
1.978931024
1.978931024
1.978931024
1.978931024
0.1816931569
0.1816931569
0.1816931569
0.1816931569
0.1816931569
0.1816931569
0.1826615276
0.3723404046
0.3723404046
1.756448564
1.756448564
1.756448564
1.756448564
1.756448564
1.756448564
0.6085839576
0.6085839576
0.6085839576
0.4576284585
0.4576284585
1.035752821
1.123917602
1.123917602
1.123917602
1.123917602
1.123917602
1.123917602
1.123917602
1.123917602
1.123917602
1.123917602
1.123917602
1.123917602
1.123917602
1.123917602
1.123917602
-0.03033132763
-0.03033132763
-0.03033132763
0.3871458791
1.492516333
1.492516333
1.492516333
1.492516333
1.492516333
1.395377102
1.098424774
0.04100536638
0.04100536638
1.099607097
1.099607097
0.7045507627
0.4046190973
0.4046190973
0.8326827359
0.8326827359
0.8326827359
0.8326827359
1.255568779
1.255568779
0.1506609677
0.1506609677
0.1506609677
0.1506609677
0.09109558698
0.09109558698
0.4914600109
1.483121103
-0.252097561
-0.252097561
-0.252097561
-0.252097561
0.449542844
1.283598137
1.790387226
1.790387226
1.790387226
1.790387226
1.790387226
1.790387226
1.402381069
1.402381069
1.402381069
1.402381069
1.42721933
1.054886392
1.054886392
1.054886392
0.6994896723
1.472887211
1.472887211
1.472887211
0.9007470952
0.9007470952
0.9007470952
1.266939944
1.266939944
1.266939944
1.266939944
2.066080324
2.066080324
0.9955889785
0.9955889785
0.9955889785
0.9955889785
1.381710408
1.381710408
1.184149511
1.643641604
1.643641604
1.034552852
1.034552852
1.034552852
1.034552852
1.508018986
1.508018986
1.508018986
1.508018986
1.508018986
1.508018986
1.508018986
1.508018986
1.508018986
1.508018986
0.9978342084
0.9978342084
0.9978342084
0.9978342084
0.9978342084
0.9978342084
0.5385463016
0.5385463016
0.5810311583
0.5810311583
0.5810311583
0.5810311583
0.502883097
0.502883097
0.502883097
0.502883097
0.3653467135
0.3653467135
0.3653467135
0.3653467135
0.3653467135
0.02030126888
0.02030126888
0.02030126888
0.02030126888
0.02030126888
0.02030126888
0.757760296
0.757760296
0.717892266
0.717892266
2.021105205
1.562656561
1.562656561
1.562656561
1.562656561
1.562656561
1.562656561
1.562656561
1.562656561
1.562656561
1.562656561
0.3066876893
0.4389130214
0.4389130214
0.4389130214
2.154396923
2.154396923
2.154396923
1.713473242
1.713473242
0.6959193941
0.6959193941
0.6959193941
0.8029970384
0.8029970384
0.8029970384
0.8029970384
0.9356836464
0.9356836464
0.9356836464
1.356278722
1.356278722
1.356278722
1.356278722
0.5115235337
0.5115235337
0.5115235337
0.5115235337
0.5115235337
0.5115235337
0.5115235337
0.5115235337
0.5115235337
1.633639424
-0.4232458483
1.433596579
1.433596579
1.433596579
1.433596579
1.433596579
0.6724677049
0.838714283
0.838714283
0.838714283
0.838714283
0.838714283
0.838714283
0.838714283
0.838714283
0.838714283
0.838714283
0.838714283
0.7866235767
0.7866235767
0.7866235767
1.006113146
1.006113146
-0.08398810775
0.7138699955
1.003411263
1.003411263
1.003411263
1.003411263
1.407900152
1.407900152
1.407900152
1.407900152
1.407900152
1.407900152
1.407900152
1.407900152
1.407900152
1.407900152
1.407900152
1.407900152
1.407900152
1.407900152
1.407900152
1.407900152
1.407900152
1.407900152
1.407900152
1.407900152
1.407900152
1.29929541
1.29929541
1.29929541
1.29929541
1.29929541
1.29929541
1.29929541
1.29929541
1.390515453
1.390515453
1.390515453
1.390515453
1.390515453
1.390515453
1.390515453
0.5303917736
1.645599677
1.645599677
1.645599677
0.8777118073
0.8777118073
0.8777118073
0.8777118073
0.8777118073
0.8777118073
0.8777118073
1.622917924
0.7643935152
0.7643935152
0.7643935152
0.7643935152
0.7052588836
0.7052588836
-0.05092089958
-0.05092089958
-0.05092089958
1.485957961
0.647174711
1.188075624
1.188075624
1.188075624
1.188075624
1.188075624
1.188075624
1.188075624
1.188075624
1.188075624
1.188075624
1.188075624
1.188075624
1.188075624
1.035863356
1.035863356
1.035863356
1.035863356
1.035863356
1.035863356
1.035863356
0.6819548465
0.6819548465
1.352922266
1.352922266
1.352922266
0.7132024091
0.5071914921
0.5071914921
0.5071914921
0.5071914921
0.5071914921
0.1390911006
0.1390911006
0.1390911006
0.1390911006
0.5772592291
0.5772592291
0.5772592291
0.1913221291
1.441772846
1.441772846
0.4334084982
0.4334084982
0.4334084982
0.4334084982
0.4334084982
1.356480822
1.356480822
1.356480822
1.356480822
1.356480822
1.356480822
0.5756241926
0.5756241926
0.5756241926
0.5756241926
0.5756241926
0.5756241926
1.466413556
1.466413556
1.466413556
1.466413556
1.251091116
0.5871358434
0.5871358434
0.8321237983
0.8321237983
0.8321237983
0.8321237983
0.8321237983
0.8321237983
0.8321237983
0.8321237983
1.322269731
1.322269731
1.322269731
0.5940903378
1.538364701
1.538364701
1.4160363
-0.5928250025
-0.00102697815
1.154522502
1.154522502
1.154522502
0.6218178391
0.6218178391
0.6218178391
1.002781621
1.002781621
0.4432999926
0.4432999926
0.4432999926
0.4432999926
0.4432999926
0.4432999926
0.4432999926
0.4432999926
0.4432999926
1.388695705
1.388695705
0.3259187015
0.419902718
0.419902718
0.419902718
0.419902718
0.419902718
0.419902718
0.419902718
0.419902718
0.419902718
0.419902718
0.419902718
0.419902718
0.419902718
0.419902718
1.21027526
1.21027526
1.21027526
1.21027526
1.21027526
1.21027526
1.21027526
1.21027526
1.21027526
1.195588282
1.195588282
1.195588282
1.195588282
1.148639067
0.8427356158
1.300373353
1.300373353
1.300373353
1.300373353
1.300373353
1.300373353
1.300373353
1.164454914
1.170014548
1.170014548
1.170014548
1.514406504
0.9669416811
0.9669416811
1.501407145
1.501407145
1.501407145
1.829063935
1.61141034
1.61141034
1.61141034
1.61141034
1.61141034
0.1139779695
0.3852245539
1.006945466
1.006945466
1.006945466
1.006945466
1.006945466
0.2486826864
0.2486826864
0.2486826864
0.2486826864
0.2486826864
0.2486826864
0.07815748271
0.07815748271
0.7124816252
0.7124816252
1.790948723
1.790948723
0.8377671184
0.8377671184
1.978066834
1.06273653
0.8933412016
0.8933412016
0.8933412016
0.2902172727
1.731870869
0.820666718
0.820666718
0.820666718
0.820666718
0.820666718
0.820666718
0.820666718
0.820666718
0.820666718
0.820666718
0.820666718
0.820666718
0.820666718
0.820666718
0.820666718
0.820666718
0.820666718
1.627098355
1.627098355
1.627098355
1.102988826
1.102988826
1.102988826
0.9559449529
0.8749778873
0.8749778873
0.8749778873
1.215919813
1.215919813
1.215919813
1.215919813
1.215919813
1.215919813
1.215919813
0.4347067749
0.4347067749
0.9691271557
0.9691271557
0.9691271557
0.9691271557
0.9691271557
0.9691271557
0.9691271557
0.9691271557
0.9691271557
0.9691271557
0.9691271557
0.9691271557
0.9691271557
0.9691271557
1.217379235
1.217379235
1.217379235
1.217379235
1.217379235
1.217379235
1.217379235
1.217379235
1.217379235
1.068556758
1.068556758
1.068556758
1.068556758
1.068556758
1.771315394
1.771315394
1.771315394
1.771315394
1.771315394
1.771315394
1.771315394
0.737465956
0.737465956
0.737465956
0.737465956
0.737465956
0.737465956
0.737465956
0.737465956
0.737465956
0.737465956
0.737465956
0.737465956
0.737465956
0.3523304952
0.3523304952
0.3523304952
0.3523304952
0.3523304952
0.3523304952
0.7209076949
1.689276528
1.689276528
1.689276528
1.689276528
1.652437448
1.652437448
1.652437448
1.652437448
1.652437448
1.652437448
1.652437448
1.652437448
0.2493762016
0.7508026814
0.7508026814
0.7508026814
0.7508026814
0.7508026814
0.7508026814
0.7508026814
0.7508026814
1.849568912
1.849568912
1.849568912
0.2874297738
0.2874297738
0.9773806974
0.9773806974
0.9773806974
0.9773806974
1.129429436
1.129429436
1.437771782
1.437771782
1.437771782
1.437771782
1.437771782
1.437771782
1.437771782
1.437771782
1.437771782
1.211340451
1.211340451
1.211340451
1.211340451
0.6528716398
0.6528716398
0.6528716398
0.6528716398
0.6528716398
0.6528716398
0.6528716398
0.6528716398
0.6528716398
0.6528716398
1.502972378
1.502972378
1.502972378
0.8546068526
0.8546068526
0.8546068526
2.513870747
1.832321953
2.281935847
2.281935847
1.641523164
0.9502738211
0.9502738211
1.577416118
1.577416118
1.577416118
1.577416118
1.577416118
1.577416118
0.5598263803
0.5598263803
0.5914432915
0.5914432915
0.5914432915
0.5914432915
1.113425873
1.113425873
1.113425873
1.113425873
1.113425873
1.113425873
1.113425873
1.113425873
1.113425873
1.113425873
1.293769644
1.293769644
0.8054738982
0.8054738982
0.8054738982
0.8054738982
0.8054738982
0.8054738982
0.8054738982
1.308213705
1.308213705
1.308213705
1.308213705
1.308213705
1.536990009
1.536990009
1.536990009
1.536990009
1.536990009
1.536990009
1.536990009
1.536990009
1.536990009
1.536990009
1.043495495
1.043495495
1.043495495
0.4924180372
0.4924180372
0.4924180372
1.519603237
1.519603237
1.519603237
1.519603237
1.882347783
2.152653734
2.152653734
1.879854554
1.879854554
1.879854554
1.879854554
1.879854554
1.500062186
1.500062186
1.500062186
1.500062186
1.500062186
1.378958202
1.378958202
1.378958202
1.378958202
1.378958202
0.4011722493
1.705644985
1.705644985
1.705644985
1.38642694
1.186483241
1.186483241
0.6471811362
0.6471811362
1.288360758
1.288360758
1.288360758
1.288360758
1.288360758
1.288360758
1.288360758
1.288360758
1.288360758
1.288360758
1.288360758
1.288360758
1.045412278
1.045412278
1.045412278
1.045412278
1.045412278
1.045412278
1.045412278
1.045412278
1.045412278
1.045412278
1.045412278
1.045412278
1.624601459
1.624601459
1.624601459
0.6918531876
1.667868598
1.667868598
1.667868598
1.511382069
1.511382069
0.5647378022
0.5647378022
0.5647378022
0.5647378022
0.5647378022
0.5647378022
0.5647378022
0.5647378022
0.5647378022
0.5647378022
1.828992112
1.828992112
1.861256218
1.180989834
1.180989834
0.2206809809
0.2206809809
0.2149837459
2.130342472
2.130342472
2.130342472
2.130342472
2.130342472
2.130342472
2.130342472
0.07002593271
1.886785281
1.886785281
1.886785281
1.026125792
1.273505347
1.273505347
1.273505347
1.273505347
1.273505347
1.005194616
1.005194616
1.005194616
1.005194616
1.005194616
0.6957426836
0.6957426836
0.6957426836
0.6957426836
0.6957426836
0.4465939301
0.4465939301
0.4465939301
1.134333251
1.134333251
1.134333251
1.134333251
1.134333251
0.3670481712
0.3670481712
0.3670481712
0.3670481712
0.3670481712
0.07731877606
0.07731877606
-0.2988136427
-0.2988136427
-0.5544963227
1.261209959
1.261209959
1.261209959
1.261209959
0.9293152223
0.9293152223
0.9293152223
0.9293152223
0.9293152223
0.9293152223
1.049791402
1.049791402
1.049791402
1.049791402
1.151096813
0.6133456508
0.6133456508
0.6133456508
0.6133456508
0.6133456508
0.6133456508
0.6133456508
0.6133456508
0.6133456508
0.6133456508
0.6133456508
0.6133456508
0.4129981063
0.4129981063
0.4184454483
0.4184454483
0.4184454483
0.4184454483
0.4184454483
0.4184454483
0.4184454483
0.4184454483
0.4184454483
1.23953233
1.23953233
1.23953233
1.23953233
1.046095944
1.046095944
1.046095944
1.046095944
1.046095944
1.046095944
1.046095944
0.4853978438
0.4853978438
0.4382639645
0.4484709791
0.0795614908
0.0795614908
0.0795614908
1.922445163
1.922445163
1.922445163
1.922445163
1.922445163
1.922445163
1.922445163
1.922445163
1.291198094
1.184684666
1.184684666
1.184684666
1.184684666
1.184684666
1.184684666
1.184684666
1.184684666
1.184684666
1.184684666
1.184684666
1.143410569
1.143410569
1.143410569
1.143410569
1.143410569
1.143410569
1.143410569
1.143410569
2.364618546
2.364618546
2.364618546
2.364618546
2.364618546
0.1159198354
0.1159198354
0.1159198354
0.1159198354
1.678420717
1.678420717
1.389965981
1.389965981
1.389965981
1.389965981
1.699218556
1.116233673
1.116233673
1.116233673
0.3766251992
0.784335857
0.784335857
0.784335857
0.784335857
0.784335857
0.784335857
0.03857042433
0.03857042433
0.03857042433
0.03857042433
0.03857042433
2.16228628
2.194472169
2.194472169
2.194472169
1.206641487
1.206641487
1.206641487
1.206641487
1.206641487
1.80615276
1.80615276
1.80615276
1.80615276
1.651926478
0.7553177161
0.7553177161
0.7553177161
0.7553177161
0.7553177161
0.7553177161
1.746105397
1.746105397
0.4020551479
0.4020551479
0.4020551479
0.4020551479
0.4020551479
0.4020551479
0.4020551479
0.4734244399
0.4734244399
0.4734244399
0.4734244399
2.06024346
-0.3208313866
0.0170376735
0.0170376735
0.0170376735
0.0170376735
0.3339439846
1.259711314
0.9188546886
0.7507160326
0.7507160326
0.7507160326
0.7507160326
0.7507160326
0.7507160326
0.7507160326
0.7507160326
0.2282688837
1.310103174
1.310103174
1.310103174
1.310103174
1.310103174
1.310103174
0.6515962243
0.6515962243
1.219937377
1.337219203
1.182589956
1.182589956
1.182589956
1.182589956
1.182589956
1.182589956
1.182589956
1.182589956
1.182589956
1.74780141
1.845496611
1.845496611
1.845496611
1.845496611
1.845496611
1.845496611
1.845496611
1.368926057
1.368926057
1.368926057
1.368926057
1.368926057
1.368926057
1.46094065
1.686294972
1.686294972
1.686294972
1.686294972
1.686294972
1.807802135
1.807802135
1.707462108
1.707462108
1.707462108
1.707462108
1.707462108
1.707462108
1.758858266
1.758858266
1.408440094
1.408440094
0.8224084919
0.8224084919
0.7407902228
0.525841693
1.1795281
1.1795281
0.7406679334
1.321227299
1.321227299
1.321227299
1.321227299
1.321227299
0.001935870551
0.001935870551
0.001935870551
0.06516360084
0.06516360084
0.06516360084
0.06516360084
0.308979782
0.308979782
0.308979782
1.165632543
1.165632543
0.9112203179
0.9112203179
1.934517417
1.934517417
1.934517417
1.934517417
1.288344858
1.288344858
1.209715817
1.160598716
1.160598716
1.160598716
1.160598716
1.160598716
1.160598716
1.160598716
1.160598716
1.160598716
0.6138963049
0.6138963049
0.6138963049
0.6138963049
0.6138963049
0.6138963049
0.6138963049
0.6138963049
0.6138963049
0.6138963049
0.6138963049
0.6138963049
0.6138963049
0.6138963049
0.6138963049
0.6138963049
0.6138963049
0.6138963049
0.6138963049
0.6138963049
0.6138963049
0.6138963049
0.6138963049
0.6138963049
0.6138963049
1.183428631
1.183428631
1.183428631
0.6307071204
0.6307071204
0.6307071204
0.6307071204
0.6307071204
0.6307071204
0.6307071204
0.004025675232
1.094525107
1.094525107
1.094525107
1.094525107
0.1252480865
0.1252480865
1.911259022
-0.1808171367
0.8054684555
0.8054684555
1.527138866
1.527138866
0.8592641643
0.8592641643
0.8592641643
0.8592641643
0.8592641643
-0.01850485179
0.9011636069
0.9011636069
0.9011636069
0.9011636069
0.961811813
0.961811813
0.961811813
0.961811813
0.961811813
0.961811813
0.961811813
0.961811813
0.8406485229
0.8406485229
0.8406485229
0.8406485229
0.8406485229
1.168448713
1.168448713
1.168448713
1.168448713
1.168448713
1.168448713
0.9183740808
0.9183740808
0.9183740808
0.9183740808
0.9183740808
0.9183740808
0.9183740808
1.085565707
1.085565707
1.085565707
1.085565707
1.085565707
1.085565707
1.085565707
1.085565707
1.085565707
0.7073027806
0.7073027806
0.7073027806
1.025632841
1.025632841
1.025632841
1.025632841
1.025632841
1.025632841
1.025632841
1.025632841
1.025632841
1.025632841
1.025632841
1.025632841
1.025632841
0.8513274739
0.8513274739
1.394230278
1.394230278
1.082396325
1.082396325
1.082396325
1.082396325
1.483435177
1.483435177
1.483435177
1.483435177
1.483435177
1.483435177
1.483435177
1.483435177
1.483435177
1.483435177
1.483435177
1.483435177
-0.09873217334
-0.09873217334
-0.09873217334
-0.09873217334
-0.09873217334
-0.09873217334
-0.09873217334
-0.09873217334
-0.09873217334
-0.09873217334
-0.09873217334
-0.09873217334
0.251105024
0.251105024
0.251105024
0.251105024
0.251105024
0.1904674237
0.1904674237
0.1904674237
0.1904674237
0.1904674237
0.04862952306
0.04862952306
0.04862952306
0.04862952306
-0.128305145
-0.07135724924
0.8428675685
0.8428675685
0.8428675685
0.8428675685
0.8428675685
0.8428675685
0.8428675685
0.8428675685
0.8428675685
0.1929492593
0.8467495223
0.8467495223
0.8467495223
1.715107075
1.715107075
1.715107075
1.715107075
1.232964822
1.232964822
0.9116811576
0.9116811576
0.9116811576
0.9116811576
0.9116811576
1.54488577
0.7486728209
0.953624697
0.953624697
0.953624697
0.953624697
0.953624697
0.953624697
0.953624697
0.953624697
0.953624697
0.953624697
0.953624697
0.953624697
0.953624697
0.953624697
1.480432818
1.480432818
1.480432818
1.480432818
1.480432818
1.480432818
1.480432818
1.480432818
1.480432818
1.480432818
1.480432818
0.527317137
0.527317137
0.527317137
0.527317137
0.527317137
0.527317137
0.527317137
0.527317137
0.4275948349
1.286542265
1.286542265
1.286542265
1.286542265
1.286542265
1.286542265
1.286542265
1.286542265
1.286542265
1.286542265
1.085676056
1.085676056
1.085676056
1.085676056
1.085676056
1.085676056
1.085676056
1.085676056
1.085676056
1.727391509
1.727391509
1.727391509
1.105124297
1.105124297
0.6884965949
0.6884965949
0.6884965949
0.6884965949
1.38344529
-0.2384289313
-0.2384289313
-0.2384289313
2.13136016
1.637490022
1.134305523
1.134305523
1.134305523
1.134305523
1.134305523
1.134305523
1.134305523
1.134305523
1.532712536
1.532712536
1.532712536
1.532712536
0.3336042905
0.3336042905
0.3336042905
0.3336042905
0.3336042905
-0.1541959474
-0.1541959474
-0.1541959474
-0.1541959474
-0.1541959474
-0.1541959474
1.532958549
1.532958549
1.532958549
1.532958549
1.532958549
0.7692476274
0.7692476274
0.7692476274
0.7692476274
0.7692476274
0.7692476274
0.7692476274
0.7692476274
1.748803505
1.748803505
-0.5083889108
-0.5083889108
-0.5083889108
-0.5083889108
-0.4283282041
2.311555742
2.311555742
2.311555742
0.9836491839
1.075875035
1.075875035
1.658275551
1.658275551
1.658275551
1.658275551
1.658275551
1.658275551
1.658275551
1.126069946
1.126069946
1.126069946
0.8679491367
1.585770555
1.585770555
1.585770555
1.192934304
0.4588072795
0.4588072795
1.127444107
1.127444107
1.127444107
1.127444107
1.127444107
1.015198324
1.417842809
1.478803628
1.478803628
1.478803628
1.579612705
1.579612705
1.579053401
1.579053401
1.579053401
1.579053401
1.579053401
1.579053401
1.454123044
1.454123044
1.454123044
1.454123044
0.08614620796
0.08614620796
0.08614620796
-0.1181189452
0.02788324255
1.364139889
1.364139889
0.1189126673
0.1189126673
1.059196363
1.059196363
1.059196363
0.8423011338
0.8423011338
0.8423011338
0.8423011338
0.8423011338
0.8423011338
0.8423011338
0.8423011338
0.8423011338
0.8423011338
0.8423011338
0.8423011338
0.8423011338
0.8423011338
0.8423011338
0.8423011338
0.8423011338
0.8865558322
0.747739211
0.747739211
0.747739211
0.747739211
0.747739211
0.747739211
0.747739211
0.9741298192
0.9741298192
0.9741298192
0.9741298192
0.9741298192
0.9741298192
1.318560755
1.318560755
1.318560755
1.318560755
1.318560755
1.318560755
1.318560755
1.318560755
1.318560755
1.632918937
1.632918937
1.632918937
1.420253434
1.635302708
0.1719414455
0.1719414455
2.15202257
1.770125444
1.770125444
1.770125444
1.770125444
0.9409498112
0.9409498112
1.336827185
1.336827185
1.336827185
1.336827185
1.336827185
1.336827185
1.336827185
1.336827185
1.336827185
1.336827185
1.336827185
1.336827185
1.336827185
1.336827185
1.336827185
0.08712332789
-0.4127916184
-0.4127916184
-0.04780717575
-0.04780717575
0.2424529491
0.7726270735
0.7726270735
0.4281395593
0.4281395593
0.4281395593
0.4281395593
0.8139121239
1.169929062
1.169929062
1.169929062
1.169929062
1.169929062
1.169929062
1.169929062
1.169929062
1.169929062
1.169929062
1.169929062
1.169929062
1.169929062
1.169929062
0.4128058152
0.4128058152
0.4128058152
0.04179725325
0.04179725325
0.04179725325
0.04179725325
0.04179725325
1.913873901
1.705856689
1.705856689
1.104158913
1.104158913
1.104158913
1.104158913
1.104158913
1.39219469
1.39219469
1.39219469
1.39219469
1.39219469
1.39219469
1.39219469
1.39219469
1.39219469
1.39219469
1.39219469
1.39219469
1.39219469
1.39219469
1.39219469
1.39219469
1.39219469
1.39219469
1.39219469
1.350607132
1.350607132
0.5867877506
0.5867877506
0.5867877506
0.5867877506
0.5867877506
0.5867877506
0.5867877506
0.5867877506
0.5867877506
0.5867877506
0.5867877506
1.462101113
1.245805824
1.245805824
1.245805824
1.245805824
0.7620535908
0.7620535908
0.7620535908
0.7620535908
0.7620535908
0.7620535908
0.7620535908
0.7620535908
0.7620535908
0.7692965069
1.21815009
1.21815009
1.21815009
1.21815009
1.707038103
0.4310174535
0.4310174535
0.4310174535
0.4310174535
0.4310174535
0.4310174535
0.4310174535
1.831747018
0.6467397201
0.6467397201
0.6467397201
0.5489507233
0.5489507233
0.5489507233
1.212199939
0.6851697622
0.6851697622
0.328143792
0.328143792
0.328143792
0.328143792
0.328143792
0.328143792
1.269503868
1.269503868
0.349509072
0.349509072
1.770867772
1.770867772
1.770867772
1.777120476
2.078930663
0.2402916938
0.2402916938
0.2402916938
0.2402916938
1.678727996
1.678727996
1.678727996
1.678727996
1.678727996
0.332830983
0.332830983
0.6230529517
0.6230529517
1.548728527
1.548728527
1.548728527
1.548728527
1.548728527
1.548728527
1.548728527
0.6174840669
0.6174840669
0.6174840669
1.876084807
1.876084807
1.876084807
1.876084807
1.876084807
1.580599092
1.580599092
1.580599092
1.580599092
1.580599092
1.580599092
1.544852482
1.544852482
1.544852482
1.544852482
1.664121478
1.664121478
1.537292235
1.537292235
1.537292235
1.573413444
0.5664367439
0.5664367439
0.5664367439
0.7158926266
0.7158926266
0.7756267214
0.7756267214
0.7756267214
0.1035447886
0.6319517021
0.6319517021
0.6319517021
1.788179174
0.9831527061
0.9831527061
0.9831527061
1.330764212
1.330764212
1.330764212
0.508886231
0.508886231
1.114290588
1.114290588
1.114290588
1.114290588
1.114290588
1.114290588
1.114290588
1.114290588
1.114290588
1.407553066
0.4303516162
0.4303516162
0.4303516162
0.8069456699
1.13926329
1.13926329
1.179902499
1.179902499
1.179902499
0.5954591521
1.309004957
1.309004957
1.309004957
0.8134964816
0.8134964816
0.8134964816
0.8134964816
0.8134964816
0.8134964816
0.8134964816
0.8134964816
0.8134964816
0.8134964816
0.8134964816
0.8134964816
0.8134964816
1.065954017
1.065954017
1.065954017
1.065954017
1.065954017
1.065954017
1.065954017
0.9667370255
0.9667370255
0.9667370255
0.5774869334
0.5774869334
0.5774869334
0.5774869334
0.5774869334
0.5774869334
1.196682171
1.196682171
1.196682171
0.9974773247
0.9974773247
0.9974773247
0.9974773247
0.9974773247
0.9974773247
0.9133171645
0.9133171645
0.9133171645
0.9133171645
1.767077289
1.187656261
1.187656261
1.187656261
1.187656261
1.187656261
1.187656261
1.187656261
1.187656261
1.187656261
1.187656261
1.187656261
0.6571923874
0.6571923874
0.847833958
0.847833958
0.847833958
0.847833958
0.847833958
0.847833958
0.847833958
0.847833958
0.847833958
0.847833958
1.488755409
0.6569403398
0.6569403398
1.405281393
0.7622837706
0.7622837706
0.7622837706
0.7622837706
0.7622837706
0.7622837706
0.7622837706
0.7622837706
0.7622837706
0.7622837706
0.7622837706
0.7622837706
0.7622837706
0.7866282595
0.7866282595
0.7866282595
0.7866282595
0.7866282595
0.7866282595
0.7866282595
0.7866282595
0.7866282595
0.7866282595
0.7866282595
0.7866282595
0.7866282595
0.7866282595
0.7866282595
0.7866282595
0.7866282595
0.7866282595
0.7866282595
0.7866282595
0.7866282595
0.7866282595
0.7866282595
0.7866282595
0.7866282595
0.7866282595
0.7866282595
0.7866282595
1.118104142
1.118104142
1.118104142
1.118104142
1.118104142
1.118104142
1.118104142
1.118104142
1.118104142
1.118104142
1.118104142
1.118104142
0.3224154341
1.563019023
1.563019023
1.563019023
1.563019023
1.878178856
1.878178856
2.128504424
0.9473247937
0.9473247937
1.376736266
1.376736266
1.376736266
1.376736266
1.376736266
1.376736266
1.376736266
1.376736266
1.376736266
1.376736266
1.376736266
0.8359461149
0.8359461149
0.8359461149
0.8359461149
1.257314214
1.257314214
0.7756593944
0.7756593944
0.7756593944
1.04637662
1.04637662
1.286627437
1.286627437
1.286627437
1.286627437
0.2472029384
-0.01846646786
-0.01846646786
-0.01846646786
-0.01846646786
0.944343475
0.944343475
0.944343475
1.126694959
1.126694959
1.126694959
1.126694959
1.126694959
1.315372453
1.315372453
1.315372453
0.8468300398
0.8935482298
0.8935482298
0.4836578655
0.4836578655
0.4836578655
0.4836578655
0.4836578655
0.4836578655
0.4836578655
0.4836578655
0.4836578655
0.4836578655
0.9631623018
0.9631623018
0.9631623018
0.9631623018
0.9631623018
0.9631623018
1.282036626
1.705863301
1.705863301
1.705863301
1.705863301
1.705863301
1.705863301
1.705863301
1.705863301
1.705863301
1.705863301
1.460040984
1.813231688
1.813231688
0.3192294478
0.8545046005
0.8545046005
1.681355511
1.681355511
1.681355511
1.681355511
1.681355511
1.681355511
1.681355511
1.560701862
1.560701862
1.560701862
1.080095955
1.080095955
1.080095955
1.080095955
1.080095955
1.080095955
1.080095955
1.080095955
1.080095955
1.080095955
1.227656742
1.269935112
0.5732427743
0.5732427743
0.5732427743
0.9495977118
0.9495977118
0.9495977118
0.9495977118
0.9495977118
0.9495977118
0.9495977118
0.9495977118
0.9495977118
2.00891823
2.00891823
0.9244207749
0.9244207749
0.9244207749
1.257964394
1.257964394
1.257964394
1.257964394
1.257964394
0.08144920772
0.3741750241
1.311608492
1.311608492
0.6507627946
0.4162938937
0.4162938937
0.4162938937
1.040212995
1.040212995
1.765859414
1.765859414
1.765859414
1.304276135
1.304276135
1.304276135
1.304276135
1.304276135
1.304276135
1.304276135
1.304276135
1.304276135
0.9265158966
0.9265158966
0.9265158966
0.9265158966
0.9265158966
0.9265158966
1.229574762
1.934595115
1.934595115
1.934595115
1.220558337
1.220558337
1.220558337
1.220558337
0.07071881792
0.07071881792
0.07071881792
0.07071881792
0.07071881792
0.07071881792
0.07071881792
1.450921554
1.450921554
1.450921554
0.07089781681
0.07089781681
0.07089781681
0.171478656
0.8957721548
0.8957721548
0.6094970274
0.6094970274
0.6094970274
0.6094970274
0.6094970274
0.7969419419
0.4218126937
0.1765701296
0.1765701296
1.879554694
1.879554694
1.879554694
1.879554694
1.879554694
1.879554694
1.879554694
1.879554694
0.7208634972
0.7208634972
0.7208634972
0.9288225446
0.9288225446
0.9288225446
0.9288225446
0.9288225446
0.9288225446
1.082416833
1.082416833
1.027111566
0.2748857143
0.2748857143
0.2748857143
0.2748857143
0.2748857143
0.2748857143
0.2748857143
0.8229008627
0.8229008627
0.8229008627
0.8229008627
0.8229008627
0.8229008627
0.8229008627
1.168615546
1.168615546
1.168615546
1.349785623
1.349785623
1.349785623
1.349785623
0.5390177593
0.5390177593
0.5390177593
0.9832796398
0.9832796398
0.9832796398
0.9832796398
0.9832796398
0.9832796398
0.9832796398
0.9832796398
0.9832796398
0.9832796398
0.9832796398
0.9832796398
0.9832796398
0.9832796398
0.5167025348
0.5167025348
0.5167025348
0.5167025348
0.5167025348
0.5167025348
0.5167025348
0.5167025348
1.040895933
1.040895933
1.224608164
1.224608164
1.224608164
1.224608164
1.224608164
1.224608164
1.224608164
1.224608164
1.224608164
1.224608164
1.224608164
1.224608164
1.224608164
1.224608164
1.224608164
1.224608164
1.322692711
1.322692711
1.322692711
1.322692711
1.322692711
1.322692711
0.4166742504
0.4166742504
1.701540549
0.9470993492
0.9470993492
0.9470993492
0.9470993492
0.9470993492
0.9470993492
0.9470993492
0.9470993492
0.9470993492
0.9470993492
0.9470993492
1.190644163
1.190644163
1.190644163
1.190644163
1.190644163
1.190644163
1.190644163
1.190644163
1.508018031
1.508018031
1.568073522
1.568073522
1.568073522
1.568073522
1.568073522
0.6982744424
0.6982744424
0.6978588471
0.6978588471
0.6978588471
0.6978588471
0.6978588471
0.6978588471
0.6978588471
0.6978588471
0.6978588471
0.6978588471
0.6978588471
0.6978588471
1.050955417
1.050955417
1.050955417
1.050955417
1.050955417
1.050955417
1.050955417
1.050955417
1.050955417
1.050955417
1.050955417
1.050955417
0.5942126629
0.5942126629
0.5942126629
0.5942126629
0.5942126629
1.409358334
1.409358334
1.409358334
1.409358334
1.195202749
1.195202749
0.5793082517
0.5793082517
0.6044792812
0.6044792812
2.119502517
1.996627008
0.9283310701
0.9283310701
1.089458341
1.559451532
1.559451532
1.559451532
1.559451532
1.559451532
1.156709707
1.156709707
0.1333478063
0.1333478063
0.5640162905
0.5640162905
0.5640162905
0.6845458496
0.6845458496
0.6845458496
0.6845458496
0.6845458496
0.6845458496
0.6845458496
0.6845458496
1.405899216
1.405899216
1.405899216
1.405899216
1.405899216
1.405899216
0.6362042996
0.6362042996
0.6362042996
0.6362042996
0.6362042996
0.6362042996
0.6362042996
1.126236114
1.126236114
1.126236114
0.9551484138
0.9551484138
1.191378285
0.2198922065
1.461551298
1.461551298
1.461551298
1.461551298
1.461551298
1.461551298
1.461551298
1.461551298
1.20334726
1.20334726
1.20334726
1.20334726
1.20334726
1.20334726
1.20334726
1.20334726
1.20334726
1.606449658
1.606449658
0.01547229616
0.01547229616
0.01547229616
0.01547229616
0.01547229616
0.01547229616
0.01547229616
-0.380777104
-0.3050697851
0.849471976
0.849471976
0.3698530515
0.3338098118
1.279066332
1.279066332
1.279066332
1.279066332
1.279066332
1.279066332
1.279066332
1.279066332
1.279066332
1.279066332
1.279066332
0.7162729276
0.7162729276
1.255378722
1.255378722
1.224934854
1.224934854
1.224934854
1.224934854
1.224934854
1.224934854
1.224934854
1.224934854
0.9392531111
0.9392531111
0.9392531111
0.9392531111
0.9392531111
0.9392531111
0.2844213189
0.5709412224
0.5709412224
0.7952167216
1.190078886
1.190078886
1.190078886
1.190078886
0.8608773421
0.8608773421
0.8608773421
0.8608773421
0.2706075873
0.2706075873
0.2706075873
0.2706075873
0.2706075873
0.2706075873
1.352006624
1.352006624
1.352006624
1.352006624
1.352006624
1.352006624
1.352006624
0.02731179326
0.5266694751
0.5266694751
0.5266694751
0.9387372288
1.603237564
0.3283751453
0.3283751453
0.3283751453
1.435691506
1.435691506
1.596660469
1.596660469
1.596660469
1.596660469
1.596660469
1.596660469
0.3343855982
0.3343855982
0.3343855982
0.3343855982
0.3343855982
0.5800899037
0.5800899037
1.106339915
1.106339915
1.106339915
1.106339915
1.106339915
1.106339915
1.106339915
1.106339915
1.558252778
1.558252778
1.558252778
1.558252778
1.030069004
1.770295042
-0.05656143313
-0.05656143313
1.873230219
1.873230219
1.002090043
0.3875437205
1.302575494
0.8769409076
0.8769409076
0.8769409076
0.8769409076
0.8769409076
0.8942562306
0.7672954901
0.7672954901
0.7672954901
0.7672954901
0.7672954901
0.7672954901
0.7672954901
1.45055535
0.945922186
0.8143651504
0.8143651504
-0.4302059244
2.209342116
2.209342116
2.209342116
2.209342116
1.176805614
1.176805614
1.176805614
1.176805614
1.176805614
1.176805614
1.126933868
1.126933868
1.126933868
1.126933868
1.126933868
1.126933868
1.126933868
1.126933868
1.126933868
1.126933868
1.126933868
1.126933868
1.126933868
1.126933868
0.3490770423
0.3490770423
0.3490770423
0.3490770423
0.7988378483
0.7988378483
0.7988378483
0.7988378483
0.7988378483
0.02200521772
-0.1426999428
2.504048385
2.504048385
1.308954078
1.308954078
1.308954078
1.308954078
1.308954078
1.3439829
1.3439829
1.62098756
1.62098756
1.62098756
1.62098756
1.62098756
0.4073011241
0.4073011241
0.6105157174
0.7229601048
0.7229601048
0.7229601048
0.7229601048
0.7229601048
0.7229601048
0.8495657987
0.969777625
0.969777625
0.969777625
0.969777625
0.969777625
0.969777625
1.451991344
1.451991344
1.451991344
1.451991344
1.451991344
1.057808988
1.057808988
1.057808988
0.8865936406
0.8865936406
0.8865936406
0.8865936406
0.8865936406
0.8865936406
1.25480709
0.3911881806
0.2181235671
2.078851331
0.7840963741
0.7840963741
0.7840963741
0.3546982732
0.3546982732
0.3546982732
0.3546982732
0.3546982732
0.3546982732
1.344312475
1.344312475
1.344312475
1.344312475
1.344312475
0.5901917193
0.5901917193
0.5901917193
0.5901917193
1.06247897
1.577730095
1.577730095
1.577730095
1.577730095
1.423578165
0.5945489725
0.5945489725
0.5945489725
0.5945489725
0.7885443303
0.7885443303
0.7885443303
1.518582663
1.617125781
0.8355553404
0.8355553404
0.8355553404
0.8355553404
0.8355553404
0.8355553404
0.8355553404
0.8355553404
0.8355553404
0.8355553404
0.8355553404
0.8355553404
0.5739739502
0.5739739502
0.5739739502
0.5739739502
0.5739739502
0.5739739502
1.08035072
1.08035072
1.08035072
1.08035072
1.08035072
1.354581958
1.354581958
0.9479006135
0.687091622
0.9068374694
0.9068374694
0.9068374694
0.9068374694
0.9068374694
1.973919267
1.973919267
1.973919267
1.009661701
1.009661701
1.179503572
1.179503572
1.179503572
1.179503572
1.179503572
1.179503572
1.179503572
1.179503572
1.179503572
1.179503572
1.179503572
1.179503572
1.179503572
1.179503572
1.179503572
1.179503572
1.179503572
1.515740718
1.767367682
1.767367682
1.767367682
1.767367682
1.767367682
1.774661291
1.774661291
1.344846571
1.112430763
1.112430763
1.277542852
1.277542852
1.277542852
1.240339526
1.240339526
1.712818496
1.712818496
1.712818496
1.712818496
1.712818496
-0.0752527414
-0.0752527414
1.440286393
1.440286393
1.557157723
1.557157723
1.511829211
1.511829211
1.511829211
1.511829211
1.511829211
1.790426088
1.790426088
1.65104643
0.9351671388
0.9351671388
0.9351671388
0.9351671388
0.9351671388
0.9351671388
0.6681346139
0.3735542991
0.3735542991
0.3735542991
0.6927612052
0.6927612052
0.3630058562
0.3630058562
0.3630058562
0.3630058562
0.3630058562
0.8159674106
0.8159674106
0.8159674106
1.428457461
1.428457461
1.428457461
1.428457461
1.428457461
1.428457461
1.428457461
0.8191166387
0.8191166387
0.8306016854
0.8306016854
0.8306016854
1.054857117
1.054857117
-0.399886064
-0.4504150879
-0.4504150879
-0.3599560747
-0.3599560747
0.1895573518
0.1895573518
0.1895573518
0.1895573518
1.092374216
1.092374216
1.092374216
1.092374216
1.092374216
1.092374216
1.092374216
1.092374216
1.092374216
1.173904448
1.173904448
1.173904448
1.173904448
1.173904448
1.173904448
1.173904448
0.5175248538
0.5175248538
0.5175248538
2.520932257
2.520932257
1.93805945
1.93805945
1.93805945
1.287274918
1.287274918
1.287274918
1.287274918
1.287274918
1.287274918
1.287274918
1.287274918
1.287274918
1.287274918
1.287274918
1.287274918
1.428272722
1.531785724
1.531785724
1.531785724
-0.1150878759
0.02058693223
0.02058693223
0.02058693223
0.02058693223
0.2573168022
0.08742368306
0.08742368306
0.08742368306
0.08742368306
0.08742368306
0.06016501451
0.06016501451
0.06016501451
0.06016501451
0.06016501451
0.6891064601
0.6891064601
0.6891064601
0.6891064601
0.6891064601
0.6891064601
1.511214676
1.511214676
1.511214676
1.511214676
1.511214676
1.511214676
1.511214676
1.511214676
1.511214676
1.511214676
1.511214676
1.511214676
1.511214676
1.045394642
1.045394642
0.7743645277
0.7743645277
0.7743645277
0.7743645277
0.6718913524
0.6718913524
0.6718913524
0.6718913524
0.2213658249
0.2213658249
0.2213658249
0.2213658249
0.8743846548
0.4848221267
0.4848221267
0.8445902564
-0.0776299403
-0.0776299403
-0.0776299403
-0.0776299403
0.5823033009
0.5823033009
0.5823033009
0.8505553699
0.8505553699
0.8505553699
0.8505553699
1.291701751
1.291701751
1.291701751
1.544725495
1.544725495
1.544725495
1.544725495
1.544725495
1.544725495
1.544725495
0.1401523295
1.325045559
1.592215643
1.592215643
1.592215643
0.7009521966
0.479266731
0.479266731
0.479266731
0.5917329653
0.5917329653
0.5917329653
1.260705672
1.260705672
1.260705672
1.260705672
1.260705672
0.8217111451
0.8217111451
0.8217111451
0.8217111451
0.8217111451
0.8217111451
0.8217111451
0.6707266017
1.542680015
1.542680015
1.542680015
1.542680015
1.542680015
1.542680015
1.542680015
1.542680015
1.542680015
0.9491710564
0.9491710564
0.9491710564
0.7376887453
0.7376887453
0.7376887453
0.7376887453
0.7376887453
0.7376887453
0.7376887453
0.7376887453
0.7376887453
1.136338794
1.100462921
1.309979726
1.309979726
1.309979726
1.309979726
1.309979726
1.309979726
1.309979726
1.309979726
1.309979726
1.309979726
1.559083771
1.559083771
1.825324558
1.825324558
1.825324558
1.825324558
1.509855646
1.509855646
1.509855646
1.509855646
1.509855646
1.678205506
1.678205506
1.678205506
1.678205506
2.501575396
2.501575396
2.501575396
2.501575396
2.501575396
2.501575396
2.501575396
1.118040641
1.118040641
1.118040641
1.370818236
1.370818236
1.773061424
1.773061424
1.773061424
1.773061424
1.192465468
1.192465468
0.8636735483
0.3413899163
0.3413899163
0.3215009765
0.9002494237
0.8422761959
0.8422761959
0.8936988401
0.8936988401
0.8936988401
0.8936988401
0.8936988401
0.8936988401
0.8936988401
0.826835374
0.826835374
0.826835374
0.826835374
0.826835374
0.826835374
1.71149935
1.71149935
1.71149935
1.71149935
-0.2831873057
1.454464138
1.454464138
1.454464138
1.454464138
0.8854838887
0.8854838887
0.8854838887
0.8854838887
0.8854838887
0.8854838887
0.8854838887
0.9637748765
0.9637748765
0.9637748765
0.9637748765
0.9637748765
0.9637748765
0.9637748765
0.9637748765
0.9637748765
0.9637748765
0.9637748765
0.9637748765
0.9637748765
0.9637748765
0.9637748765
0.9637748765
0.9637748765
0.9637748765
0.9637748765
0.9637748765
0.9637748765
0.9637748765
0.9637748765
0.9637748765
0.9637748765
0.9637748765
1.215688515
1.215688515
1.215688515
1.215688515
1.215688515
1.215688515
1.215688515
2.073591808
1.50163649
1.50163649
1.586001109
0.9134753347
0.9134753347
0.9134753347
0.9134753347
0.7037809144
0.7037809144
0.7037809144
0.7037809144
0.7037809144
0.7037809144
1.422770518
1.422770518
1.862759602
1.862759602
0.4616485302
0.4616485302
0.4616485302
0.4616485302
0.4616485302
0.4616485302
0.09559799414
0.09559799414
1.003279225
1.003279225
1.003279225
1.003279225
1.003279225
0.2841748497
1.703769961
1.239397067
1.239397067
1.239397067
0.8343372223
1.482892386
1.244251361
1.244251361
1.244251361
1.244251361
1.244251361
1.244251361
0.874702525
1.400002
1.400002
1.400002
1.400002
1.400002
1.400002
1.400002
1.400002
1.347474073
1.347474073
1.347474073
1.244040709
1.244040709
1.856911989
1.856911989
1.603952377
0.9737699109
0.9737699109
0.9737699109
0.9737699109
1.023855656
1.023855656
1.023855656
1.023855656
0.6910632244
0.6910632244
0.6910632244
0.6910632244
0.6910632244
1.391823781
1.391823781
1.391823781
1.391823781
0.9370133501
0.9370133501
0.9370133501
0.9370133501
0.9370133501
0.9370133501
0.9370133501
1.428585182
1.428585182
1.428585182
1.428585182
0.8633890506
0.8633890506
0.8633890506
0.8633890506
0.8633890506
0.8633890506
0.8633890506
0.8494770637
0.8494770637
0.8494770637
0.8494770637
1.018970307
1.018970307
1.018970307
1.018970307
1.018970307
1.018970307
0.5545863962
1.321647515
1.321647515
1.321647515
1.321647515
1.321647515
0.7364387987
0.7364387987
0.7364387987
0.7364387987
1.845510935
1.845510935
1.368644443
0.8525630518
0.8525630518
0.8525630518
0.8525630518
0.8525630518
1.029396123
1.029396123
1.029396123
1.029396123
1.029396123
1.029396123
1.029396123
1.029396123
1.029396123
1.029396123
1.029396123
1.029396123
1.029396123
1.029396123
1.029396123
1.029396123
1.029396123
1.029396123
1.029396123
1.029396123
1.029396123
1.029396123
1.029396123
1.029396123
1.248524436
0.6439789636
0.6439789636
0.6439789636
0.6439789636
0.6439789636
0.6439789636
0.6439789636
0.6439789636
0.6439789636
0.6439789636
0.6439789636
1.37842662
1.37842662
1.37842662
1.37842662
1.37842662
0.4591807648
0.4591807648
0.4591807648
0.4591807648
0.8726242795
0.7256182199
0.7256182199
1.536968172
1.536968172
1.053269228
1.053269228
1.053269228
1.053269228
1.053269228
1.053269228
1.109504745
1.047921641
1.220626062
1.220626062
1.220626062
1.220626062
1.356439965
1.356439965
1.356439965
1.356439965
1.356439965
-0.1059266713
-0.1059266713
-0.1233831018
-0.1233831018
1.575709053
1.727729425
1.727729425
1.536591074
1.536591074
1.536591074
0.2828867082
0.2828867082
0.2828867082
0.2828867082
0.2828867082
0.6705894128
1.438082597
1.438082597
-0.08277574077
0.5001824063
0.5001824063
0.5001824063
0.5001824063
0.5001824063
0.5001824063
0.5001824063
0.5001824063
0.2431673668
0.7650516301
0.7650516301
0.7650516301
1.548549638
1.548549638
0.6551961808
0.6551961808
0.6551961808
0.6551961808
0.6551961808
0.6551961808
0.6551961808
0.6551961808
0.6551961808
0.6551961808
1.443897657
1.443897657
1.443897657
1.443897657
1.443897657
1.443897657
1.443897657
1.443897657
1.443897657
1.443897657
1.443897657
1.443897657
1.443897657
1.443897657
1.443897657
1.443897657
1.443897657
1.443897657
1.627453452
1.627453452
1.142384181
1.142384181
1.142384181
1.142384181
1.142384181
0.9699293744
0.9699293744
1.70287198
1.70287198
1.70287198
0.7270286948
0.7270286948
2.135248237
2.023470534
0.9565499951
0.9565499951
0.9565499951
0.09206103945
0.09206103945
1.868200928
1.868200928
1.868200928
1.868200928
0.3734512387
0.3734512387
0.3734512387
0.3734512387
1.614131651
1.614131651
1.614131651
1.614131651
0.760416818
0.760416818
0.760416818
0.7554511708
0.7554511708
0.7554511708
0.7554511708
0.7554511708
1.169932982
1.169932982
0.7636234768
0.7636234768
0.7636234768
0.7636234768
0.7636234768
0.7636234768
0.7636234768
0.7636234768
0.7636234768
-0.1153480676
-0.1153480676
-0.1153480676
-0.1153480676
1.586660477
1.586660477
1.586660477
1.586660477
0.5267948278
0.7756442514
0.7756442514
0.7756442514
0.8014893289
0.8014893289
1.1211381
1.1211381
1.1211381
1.1211381
1.1211381
1.1211381
0.7237082161
0.7237082161
0.7237082161
0.7237082161
0.7237082161
0.7237082161
0.7237082161
0.7237082161
0.7237082161
0.7237082161
0.7237082161
1.29578719
1.29578719
1.604305624
1.604305624
1.604305624
1.604305624
1.604305624
1.604305624
1.604305624
1.604305624
0.5572526754
1.302576933
1.302576933
1.302576933
1.302576933
1.595350588
1.180964801
0.8462393191
0.8462393191
0.8462393191
0.8462393191
0.8462393191
0.8462393191
0.8462393191
0.8462393191
0.8462393191
0.6522050557
0.899432804
0.899432804
0.899432804
0.899432804
0.899432804
0.899432804
0.899432804
0.899432804
0.899432804
0.899432804
0.899432804
0.899432804
0.9688032162
0.9688032162
1.249219412
0.9136196649
0.9267391726
0.9267391726
0.9267391726
0.9944871068
0.9944871068
0.9944871068
0.9944871068
0.9944871068
0.9944871068
0.9944871068
0.9944871068
0.9944871068
1.661333841
1.661333841
1.661333841
1.661333841
1.661333841
1.661333841
1.533640398
1.533640398
1.938765217
0.6110859296
0.6110859296
0.6110859296
0.6110859296
0.6110859296
0.6110859296
0.6110859296
0.221966189
0.221966189
0.221966189
1.410782421
1.092535972
1.750679635
1.750679635
1.750679635
1.750679635
1.220047586
1.166839044
1.166839044
1.166839044
1.166839044
1.166839044
1.166839044
1.166839044
1.166839044
1.166839044
1.166839044
1.166839044
1.166839044
1.166839044
0.3869380788
1.614578701
0.9186134894
0.8866398776
0.8866398776
0.8866398776
1.27811304
1.27811304
1.27811304
1.27811304
1.27811304
1.27811304
1.27811304
0.6113264328
1.422165247
1.422165247
0.7530415303
0.7530415303
0.7530415303
0.7530415303
0.7530415303
1.262834312
1.262834312
0.3444150852
0.3444150852
0.3979999043
0.3979999043
1.543547895
1.543547895
0.5689248212
0.5689248212
0.5689248212
0.5689248212
0.5689248212
1.305861978
1.305861978
0.1038728373
0.1038728373
0.1038728373
1.760596839
1.760596839
1.760596839
1.760596839
1.760596839
0.6224448961
1.414688275
1.414688275
1.414688275
1.414688275
1.414688275
1.414688275
1.414688275
1.414688275
1.414688275
1.414688275
1.468233105
1.468233105
1.468233105
1.59242914
1.59242914
1.59242914
1.59242914
0.8103985714
0.8103985714
0.8103985714
0.8103985714
0.8103985714
0.8103985714
0.8103985714
0.8103985714
0.8103985714
0.8103985714
0.8103985714
0.8103985714
0.8103985714
0.8103985714
0.8103985714
0.8103985714
0.8103985714
0.8103985714
0.8103985714
0.8103985714
0.8103985714
0.8103985714
0.8103985714
0.8103985714
0.8103985714
0.8103985714
0.8103985714
0.8103985714
0.8103985714
0.8103985714
0.8103985714
1.604576652
1.987393366
1.993320787
1.993320787
1.993320787
1.993320787
1.861134328
1.861134328
1.861134328
1.861134328
1.975134618
1.975134618
1.975134618
1.975134618
1.975134618
1.975134618
1.975134618
1.975134618
1.975134618
1.975134618
1.975134618
1.975134618
1.975134618
1.975134618
1.975134618
1.975134618
1.289334003
1.289334003
1.665293244
1.665293244
0.7605501085
0.7996130658
0.7996130658
0.7996130658
0.3657013505
0.3657013505
0.3657013505
0.3657013505
0.3657013505
0.3657013505
0.3657013505
0.3657013505
0.3657013505
0.7967851525
0.7967851525
0.7967851525
0.7967851525
1.402838919
1.402838919
1.966374363
0.9578171278
0.9578171278
1.767260945
1.767260945
1.767260945
1.767260945
1.365331505
0.7354354523
0.7912361626
1.495245694
1.495245694
1.749481774
1.749481774
0.8613224176
0.8613224176
0.8613224176
0.8613224176
1.004771277
1.304525328
1.304525328
1.000411924
1.000411924
1.000411924
1.435905183
1.435905183
1.435905183
1.435905183
1.435905183
1.435905183
1.499087209
1.499087209
0.7752798266
0.7752798266
0.7752798266
1.932742547
1.932742547
1.932742547
1.932742547
0.4315578747
0.6508590343
0.6508590343
-0.3408299643
-0.3408299643
1.897229172
0.7083814785
0.7083814785
0.7083814785
0.7083814785
1.384933023
1.384933023
1.384933023
0.5409972511
0.5409972511
0.5409972511
0.5409972511
0.5409972511
0.5409972511
1.260927906
1.260927906
1.260927906
0.9902566127
0.9902566127
0.9902566127
0.9902566127
0.9902566127
0.9902566127
0.9902566127
0.9902566127
0.9902566127
0.5305809679
0.5305809679
0.5305809679
0.5305809679
0.5305809679
0.5305809679
0.5305809679
0.5305809679
0.5305809679
0.5305809679
0.5305809679
0.5305809679
0.5305809679
0.5305809679
0.5305809679
0.5305809679
0.5305809679
1.518816878
1.257292547
1.257292547
1.257292547
1.257292547
1.591086402
1.591086402
1.591086402
1.931674424
1.931674424
1.931674424
0.3178401829
0.3178401829
0.3178401829
0.3178401829
0.3178401829
0.3178401829
0.3178401829
0.3178401829
0.3178401829
0.3178401829
0.3178401829
0.3178401829
0.3178401829
0.3178401829
0.3178401829
0.3178401829
0.3178401829
0.3178401829
0.3178401829
0.2540845545
0.2540845545
0.2540845545
1.162091838
1.162091838
1.162091838
1.162091838
1.162091838
1.162091838
1.162091838
1.162091838
1.162091838
1.162091838
1.162091838
0.1334689319
0.1334689319
0.1334689319
0.1334689319
1.593228301
1.593228301
1.593228301
1.593228301
1.593228301
1.593228301
1.593228301
0.3906790608
0.3906790608
0.3906790608
0.3906790608
0.3906790608
0.3906790608
0.3906790608
0.3906790608
0.3906790608
0.3906790608
0.3906790608
0.3906790608
-0.02610159524
-0.02610159524
-0.02610159524
-0.005603631717
-0.01368522219
2.092126307
2.092126307
2.555715142
2.555715142
2.555715142
2.555715142
2.555715142
0.01683847794
0.01683847794
0.2040248687
0.2040248687
0.2040248687
1.253689163
1.253689163
1.253689163
1.253689163
1.253689163
0.5391923834
1.629356289
1.629356289
0.6571186336
0.6571186336
0.6571186336
0.6571186336
0.6571186336
0.6976127181
0.6976127181
0.6976127181
0.6976127181
0.6976127181
0.6976127181
0.6976127181
0.6976127181
0.6976127181
0.6976127181
1.241988355
1.241988355
1.241988355
1.241988355
1.241988355
1.241988355
1.241988355
1.241988355
1.241988355
1.241988355
1.241988355
1.241988355
1.241988355
1.241988355
1.241988355
1.241988355
1.241988355
1.241988355
1.241988355
0.8882646091
1.53202082
0.6096358945
1.29653245
1.29653245
1.29653245
1.29653245
1.29653245
1.076546975
1.076546975
1.076546975
1.076546975
1.076546975
1.076546975
1.076546975
1.076546975
1.076546975
1.191975491
1.335889436
1.335889436
1.335889436
1.335889436
1.335889436
0.9035223239
0.9035223239
0.9035223239
0.9035223239
1.002546192
1.002546192
1.002546192
1.002546192
1.730146054
1.730146054
1.730146054
1.730146054
1.038295572
1.038295572
1.038295572
1.038295572
1.038295572
1.038295572
1.038295572
1.038295572
1.038295572
1.038295572
0.7593229216
0.7593229216
0.7150784969
0.6123251705
0.6123251705
1.36520022
1.36520022
1.36520022
1.36520022
0.6082989757
0.6082989757
0.6082989757
0.6082989757
0.6082989757
1.271517955
1.271517955
0.6567457052
1.589645972
1.589645972
1.589645972
1.589645972
1.589645972
1.589645972
1.589645972
1.136952651
1.136952651
1.136952651
1.136952651
0.9656084863
0.9656084863
0.9656084863
0.9656084863
1.278077303
1.278077303
1.278077303
1.278077303
1.02254449
1.02254449
1.02254449
1.02254449
1.02254449
1.02254449
1.02254449
1.02254449
1.02254449
1.02254449
1.02254449
0.8861594709
0.8861594709
0.8861594709
1.093233609
0.7468943092
0.7468943092
0.7468943092
0.7468943092
0.7468943092
0.7468943092
0.7468943092
0.7468943092
0.7468943092
0.7468943092
0.7468943092
0.7468943092
0.7468943092
0.7468943092
0.7468943092
0.7468943092
0.7468943092
0.7468943092
0.7468943092
0.6592354529
0.6592354529
0.6592354529
0.5227433812
0.4327205709
0.4327205709
0.4327205709
0.6904994828
0.6904994828
1.520553413
1.520553413
1.520553413
1.520553413
0.7384441755
0.7384441755
0.7384441755
1.303910248
0.7272594234
0.7272594234
0.7272594234
0.7272594234
0.7272594234
0.7272594234
0.7272594234
0.7272594234
0.7272594234
0.7272594234
0.7272594234
0.7272594234
0.7272594234
0.7272594234
2.001555862
2.001555862
2.001555862
1.957959422
1.957959422
1.498468078
0.06360024891
0.08982255297
0.08982255297
0.08982255297
0.08982255297
1.125253649
1.125253649
1.125253649
1.125253649
1.125253649
1.125253649
1.125253649
1.125253649
1.125253649
1.125253649
1.125253649
1.125253649
1.125253649
1.125253649
0.6140778854
0.6140778854
0.6140778854
0.6140778854
0.6140778854
0.6140778854
0.5165837235
0.5165837235
0.5165837235
0.5165837235
0.5165837235
1.393844369
1.529534395
1.529534395
1.529534395
0.6700994603
0.6700994603
0.6700994603
0.6700994603
0.6700994603
0.6700994603
0.6700994603
0.6700994603
0.2546202353
0.2546202353
0.2546202353
0.2546202353
0.2546202353
0.5128628792
0.5128628792
1.168340609
0.4338438181
1.231365847
1.231365847
1.231365847
1.231365847
1.231365847
1.231365847
1.231365847
1.231365847
1.231365847
1.231365847
1.231365847
1.231365847
1.231365847
0.4253572058
0.4253572058
0.4253572058
0.4253572058
0.4253572058
0.4253572058
0.4253572058
0.4253572058
0.4253572058
0.4997969074
0.4997969074
0.4997969074
0.4997969074
0.4997969074
0.4997969074
0.4997969074
0.4997969074
0.4997969074
0.4997969074
0.4997969074
0.4997969074
1.369378238
2.398778416
2.398778416
2.398778416
-0.3992817186
0.6250895058
1.58202202
1.58202202
1.523838627
0.3047204046
0.3047204046
0.3047204046
0.3047204046
0.3047204046
1.333479902
0.5258970362
0.5258970362
0.5258970362
0.5258970362
0.5258970362
0.6143536115
0.6143536115
1.22835369
1.22835369
0.1746641401
0.8593737593
0.8593737593
0.8593737593
0.8593737593
0.8593737593
0.8593737593
0.8593737593
0.7336353228
0.7336353228
0.7336353228
0.7336353228
0.7336353228
0.7336353228
0.7336353228
1.609570852
1.609570852
1.609570852
1.609570852
1.609570852
0.4101846363
0.4614323875
0.4330750559
0.1584525913
1.097119271
0.7903886795
0.7903886795
0.7903886795
0.7903886795
0.7903886795
0.7903886795
0.7903886795
0.7903886795
0.7903886795
0.7903886795
0.7903886795
1.312695731
1.312695731
1.337818805
1.879712341
1.879712341
1.879712341
1.879712341
1.879712341
1.879712341
1.879712341
1.879712341
0.08185993528
0.08185993528
0.08185993528
0.410269346
0.410269346
0.3632459819
0.1028157531
0.1028157531
0.1028157531
0.1028157531
0.03478636457
1.826728055
0.2289621027
0.2289621027
0.2289621027
0.728105423
0.728105423
0.728105423
0.728105423
0.728105423
0.728105423
0.728105423
0.7178007926
0.7178007926
0.7178007926
0.7178007926
0.7178007926
0.7178007926
0.7178007926
0.7178007926
0.7178007926
0.7178007926
0.7178007926
0.7178007926
0.7178007926
0.7178007926
0.7178007926
1.14375019
1.426922083
1.426922083
1.426922083
1.56049342
1.56049342
1.56049342
1.56049342
1.56049342
1.56049342
1.516624404
1.516624404
0.6219660698
0.6219660698
0.6268062294
0.6268062294
0.6268062294
0.6268062294
0.6268062294
0.6268062294
0.6268062294
0.3919531619
1.32332397
1.32332397
1.32332397
0.7299445975
0.1914431134
0.1914431134
0.1914431134
0.1914431134
0.1914431134
0.1914431134
0.1552614918
0.1552614918
1.343709719
1.164824481
1.164824481
1.167437854
0.8659938759
0.8659938759
0.8659938759
0.8659938759
0.8659938759
0.8659938759
0.8659938759
0.8659938759
0.8659938759
0.3336779316
0.3336779316
0.4560740699
0.4560740699
0.4560740699
0.5537392176
1.512730757
1.512730757
0.8364550608
0.8364550608
0.8364550608
0.8364550608
0.869554675
0.869554675
0.869554675
0.869554675
0.869554675
0.869554675
1.588587234
1.588587234
1.588587234
1.134679996
1.134679996
1.134679996
1.134679996
1.134679996
1.134679996
1.134679996
1.134679996
1.134679996
1.134679996
1.134679996
1.134679996
1.134679996
1.134679996
1.134679996
1.134679996
1.134679996
1.134679996
1.134679996
1.134679996
0.9125759253
0.9125759253
0.9125759253
0.9125759253
0.9125759253
0.9125759253
0.9125759253
0.9125759253
1.693387015
1.494348712
1.494348712
1.494348712
0.8939243719
0.8939243719
0.8939243719
0.8939243719
0.3243430871
0.3243430871
0.3243430871
1.575593932
1.575593932
1.322873805
1.322873805
1.322873805
1.193372222
1.115162957
1.115162957
1.115162957
1.115162957
1.115162957
1.115162957
1.115162957
1.115162957
1.115162957
0.2851681351
0.2851681351
0.07771372203
0.07771372203
0.07771372203
0.07771372203
0.07771372203
1.31219638
0.6031370277
0.6031370277
0.6031370277
0.6031370277
0.6031370277
0.6031370277
0.6031370277
0.6031370277
-0.1067031395
-0.1067031395
-0.1067031395
1.871418413
1.871418413
1.379456843
1.379456843
1.379456843
1.379456843
1.379456843
1.379456843
1.379456843
1.379456843
1.379456843
1.379456843
1.379456843
1.379456843
1.379456843
1.379456843
0.6191697261
0.6191697261
0.3531675914
0.3531675914
0.3531675914
0.3531675914
1.530687085
1.530687085
0.6808320508
0.823505169
1.629341312
1.629341312
1.629341312
1.629341312
1.629341312
1.629341312
1.629341312
1.104050344
1.519156351
1.519156351
1.519156351
1.519156351
1.519156351
1.519156351
1.519156351
1.519156351
1.519156351
1.16578094
1.16578094
1.16578094
1.16578094
1.16578094
1.16578094
1.16578094
1.16578094
1.16578094
1.16578094
0.4104183852
0.4104183852
0.4104183852
0.4104183852
0.4104183852
0.4104183852
0.4104183852
0.4104183852
0.4104183852
1.547546052
0.5569596625
0.5569596625
0.2799088381
1.506455393
1.506455393
1.506455393
1.458484477
1.458484477
0.8394034722
0.8394034722
1.500438773
1.500438773
1.500438773
0.6380261791
0.6380261791
0.6380261791
-0.0170308842
1.431000285
1.226439994
0.6930990943
0.6930990943
0.6930990943
0.6930990943
0.3954649512
0.4850443683
0.4850443683
0.776715393
0.6138896338
0.6138896338
0.6138896338
0.6138896338
0.6138896338
0.6138896338
0.9783613054
0.9783613054
0.9783613054
0.9783613054
0.9783613054
0.9783613054
0.9783613054
0.9783613054
0.9783613054
0.9783613054
0.9783613054
0.9783613054
0.9783613054
0.9783613054
0.8966266839
0.9938201929
0.9938201929
0.9938201929
0.9938201929
1.06716629
1.06716629
1.06716629
1.06716629
1.06716629
0.7320569743
0.7320569743
0.7320569743
0.7320569743
0.7320569743
0.7320569743
0.7320569743
0.7320569743
0.7320569743
0.6823981082
0.6823981082
0.6823981082
0.3129312809
0.3129312809
0.3129312809
0.3129312809
0.3129312809
0.2886488684
0.2886488684
0.2886488684
0.2886488684
0.2886488684
0.2886488684
0.2886488684
0.2886488684
0.2886488684
0.2886488684
0.2886488684
0.2886488684
0.2886488684
0.2886488684
0.2886488684
0.6511621115
1.145814668
1.145814668
1.145814668
1.145814668
1.145814668
1.145814668
1.145814668
1.145814668
1.145814668
1.145814668
1.145814668
1.145814668
1.145814668
1.145814668
1.145814668
1.145814668
1.145814668
1.145814668
1.145814668
1.000323237
1.000323237
1.000323237
1.000323237
1.000323237
1.000323237
1.000323237
1.000323237
1.000323237
1.000323237
1.000323237
1.000323237
1.000323237
0.7642898122
0.7642898122
0.6146318163
0.6146318163
0.6146318163
0.9753953035
0.8368986053
1.381852285
1.381852285
0.1954920562
0.1954920562
0.5784663903
0.5784663903
0.5784663903
0.5784663903
0.5784663903
0.5784663903
0.5784663903
0.1768695753
0.1768695753
-0.2930459513
0.3392239376
1.386345193
1.386345193
1.386345193
0.927497092
0.927497092
1.592744633
1.300775946
1.300775946
1.300775946
1.529338889
1.529338889
1.548859445
1.548859445
1.548859445
1.457354999
1.457354999
1.457354999
1.457354999
1.457354999
2.032914253
-0.003196847685
-0.003196847685
-0.003196847685
-0.003196847685
-0.003196847685
-0.003196847685
-0.003196847685
1.10794598
1.10794598
1.10794598
1.10794598
1.10794598
1.10794598
1.10794598
1.10794598
1.10794598
1.10794598
0.6406646527
1.364316409
1.364316409
1.364316409
1.364316409
1.364316409
1.364316409
1.364316409
1.502924738
1.502924738
1.502924738
1.502924738
0.6123755104
0.6123755104
0.06811546982
1.199960327
1.69556577
1.69556577
1.809098062
1.491228712
1.491228712
1.491228712
1.491228712
1.491228712
1.491228712
1.491228712
1.643830186
1.256786554
1.256786554
1.256786554
0.4263996202
0.4263996202
0.4263996202
0.240596114
0.3152205665
0.3152205665
0.3152205665
0.3152205665
0.3152205665
0.3152205665
0.7816545827
0.7816545827
0.7816545827
0.7816545827
0.7816545827
0.7816545827
0.7816545827
0.7816545827
0.7816545827
0.7816545827
1.337247262
1.337247262
1.356167512
1.356167512
1.356167512
1.356167512
1.356167512
1.356167512
1.356167512
1.356167512
1.356167512
1.455285541
1.455285541
1.455285541
1.455285541
0.8866990432
0.8866990432
0.8866990432
0.8866990432
0.8866990432
0.7316761992
0.7316761992
0.9292538111
0.9292538111
0.9292538111
0.9292538111
0.9292538111
0.9292538111
0.9292538111
0.9292538111
0.509781786
1.002011601
1.002011601
1.027316229
1.027316229
0.2691537454
0.2691537454
0.2691537454
0.2691537454
0.1960107454
0.8152246726
0.8152246726
0.8152246726
0.8152246726
0.8152246726
1.042805149
1.605600394
1.605600394
0.7654276318
0.7654276318
0.7654276318
0.7654276318
0.7654276318
1.379346969
1.379346969
1.379346969
1.379346969
1.379346969
1.379346969
1.379346969
1.379346969
1.379346969
1.379346969
1.379346969
1.379346969
1.379346969
1.379346969
1.379346969
1.590923183
0.7431065176
1.30744332
1.30744332
1.30744332
1.292051463
1.292051463
1.550580872
1.467966415
1.467966415
1.953510813
1.953510813
1.953510813
1.953510813
1.953510813
1.953510813
1.953510813
1.953510813
1.953510813
1.953510813
1.953510813
0.2666535774
0.8015177667
0.8015177667
0.8015177667
0.8015177667
0.8015177667
0.8015177667
0.8015177667
0.8015177667
0.8015177667
0.8015177667
0.6157461424
0.6157461424
0.6157461424
0.6157461424
0.6157461424
0.6157461424
0.4964800924
1.461934793
1.271211062
1.271211062
1.271211062
1.271211062
1.271211062
1.271211062
1.271211062
1.271211062
1.271211062
1.271211062
1.45186109
1.45186109
1.45186109
1.45186109
1.45186109
1.45186109
1.834560725
1.834560725
1.834560725
1.834560725
1.116812669
1.706297153
1.266191614
1.183463228
1.183463228
1.183463228
1.183463228
1.341558126
1.341558126
1.341558126
0.5194857382
1.632385455
0.6513713862
0.6532469986
0.6532469986
0.6532469986
0.6532469986
0.6062323356
0.6062323356
0.6062323356
0.6062323356
1.322005644
1.322005644
0.4405181492
0.4405181492
1.194356279
1.194356279
1.194356279
-0.550790218
-0.550790218
-0.4678506041
-0.4678506041
1.947985629
1.947985629
1.947985629
1.201607501
1.201607501
1.401343215
1.267549345
1.267549345
1.0032374
0.5038220699
0.5038220699
0.5038220699
0.5038220699
1.588665648
0.7197751169
0.7197751169
0.3603480296
0.3603480296
0.3603480296
0.3603480296
0.3603480296
0.3603480296
0.1671318678
0.1671318678
0.1671318678
0.1671318678
2.025310421
2.025310421
2.025310421
2.025310421
2.025310421
0.7697108088
1.446444246
1.446444246
1.446444246
0.9613966676
0.6311797518
0.6311797518
0.6311797518
1.918079553
0.9903305318
0.9903305318
0.9903305318
0.9903305318
0.9544232944
0.9544232944
0.9544232944
0.9544232944
0.9544232944
0.9544232944
0.9544232944
0.9544232944
0.4678117721
1.283692618
1.283692618
1.283692618
1.283692618
1.283692618
1.283692618
1.283692618
0.3066887639
0.3066887639
2.051656908
2.051656908
2.051656908
2.051656908
0.3123384523
0.3123384523
1.625486981
1.625486981
1.625486981
1.625486981
1.625486981
1.097979269
1.097979269
1.563893505
1.377073782
1.377073782
1.377073782
1.377073782
1.377073782
1.377073782
0.493166613
1.670853424
1.836409905
1.330991927
1.330991927
1.330991927
2.359414494
2.359414494
2.359414494
2.359414494
1.357356695
1.357356695
1.357356695
1.266222502
1.266222502
1.266222502
1.266222502
1.266222502
1.266222502
1.266222502
1.266222502
1.266222502
1.991243021
1.991243021
1.217166375
0.8389157913
0.8389157913
0.8389157913
0.8389157913
0.8389157913
0.8389157913
0.8389157913
0.8389157913
1.406441544
1.406441544
1.406441544
1.406441544
0.6792350674
0.6792350674
0.6792350674
0.6792350674
0.9325476301
0.03360746375
0.03360746375
0.03360746375
0.03360746375
0.03360746375
0.6474402975
0.6474402975
0.6474402975
0.6474402975
1.381114445
1.381114445
0.9207293167
0.9207293167
0.9207293167
0.9207293167
1.315586361
1.66265972
0.4048794323
0.4048794323
0.4048794323
0.6739425772
0.182022542
0.7560955666
0.7560955666
0.7560955666
0.7560955666
0.7560955666
0.5265316528
0.5265316528
0.5265316528
0.5265316528
0.5265316528
1.582872167
0.5980756467
0.5980756467
0.5980756467
0.5980756467
0.5980756467
1.624558871
0.9656671906
0.9656671906
0.9656671906
0.9656671906
0.9656671906
0.9656671906
0.9656671906
0.9513104559
0.9513104559
1.6607859
1.6607859
1.421406366
1.421406366
1.421406366
0.9177144843
0.9177144843
1.18047606
1.18047606
1.18047606
1.18047606
1.18047606
1.18047606
1.18047606
1.18047606
1.18047606
0.8117048265
0.8117048265
0.6925039109
0.6925039109
1.226351826
1.226351826
1.226351826
1.226351826
1.226351826
1.226351826
1.226351826
0.7911678469
0.7911678469
0.7911678469
0.7911678469
1.733892824
1.333146181
1.333146181
1.333146181
1.333146181
1.333146181
0.6756636899
1.116555016
1.116555016
1.116555016
1.116555016
1.116555016
1.116555016
1.495429197
1.495429197
1.390500933
1.390500933
1.390500933
1.531926523
1.531926523
1.531926523
1.531926523
1.531926523
1.531926523
1.531926523
1.531926523
1.531926523
1.531926523
1.531926523
1.531926523
1.531926523
1.092498083
1.092498083
1.092498083
1.092498083
1.092498083
1.092498083
0.4739540859
0.4739540859
1.573671753
1.573671753
1.573671753
1.573671753
1.573671753
1.573671753
1.573671753
1.573671753
1.986097366
1.281013884
1.173688562
1.173688562
1.173688562
1.173688562
1.173688562
1.173688562
1.173688562
1.173688562
1.400873673
0.7087849828
0.7087849828
0.7087849828
0.7087849828
0.7087849828
0.6252267179
0.6252267179
0.6252267179
1.387478679
1.222626209
0.4852460866
0.4852460866
0.4852460866
1.844372608
1.844372608
1.847557047
0.9305295924
0.9305295924
0.8000470972
0.3117859921
0.3117859921
0.3117859921
0.3117859921
0.5062307908
0.5062307908
0.5062307908
0.5062307908
0.5062307908
0.1416440171
0.09420402351
0.09420402351
1.488828092
1.488828092
1.488828092
1.488828092
1.417512442
1.417512442
1.417512442
0.758473312
1.014551674
1.014551674
1.014551674
0.927931409
0.927931409
0.927931409
0.927931409
0.5311525738
0.5311525738
0.5311525738
0.5311525738
0.5311525738
0.5311525738
0.5311525738
0.5311525738
0.5311525738
0.5311525738
1.600896036
1.600896036
1.600896036
1.146658235
1.146658235
1.146658235
1.146658235
1.146658235
1.146658235
1.146658235
1.146658235
1.146658235
1.146658235
0.6971974275
0.6971974275
-0.03912564408
0.2209261118
0.2209261118
0.4956503896
0.4956503896
0.4956503896
0.4956503896
1.475518882
1.374260077
0.6166787723
0.3978811559
0.8323494887
0.8323494887
0.8323494887
1.380173366
1.380173366
1.380173366
1.380173366
1.380173366
1.380173366
1.380173366
1.380173366
1.057563341
1.057563341
1.057563341
1.057563341
1.057563341
0.42424523
0.42424523
0.42424523
0.42424523
0.42424523
0.42424523
0.42424523
0.42424523
0.6097474883
0.6097474883
0.6097474883
0.6097474883
0.6097474883
0.6097474883
0.6097474883
0.6097474883
0.6097474883
1.564097139
1.564097139
1.564097139
1.564097139
1.564097139
1.564097139
1.564097139
1.408338134
1.514624233
1.514624233
1.514624233
1.514624233
1.514624233
1.514624233
1.815377016
1.815377016
1.815377016
0.3097032038
0.3097032038
0.3097032038
0.3097032038
0.3097032038
0.3097032038
0.3097032038
1.537422052
1.537422052
1.537422052
1.537422052
1.537422052
1.537422052
1.537422052
1.537422052
1.537422052
1.537422052
1.537422052
1.537422052
1.480943271
1.480943271
1.480943271
1.480943271
1.480943271
1.480943271
1.480943271
-0.04772419014
-0.04772419014
-0.04772419014
-0.04772419014
1.054173773
1.054173773
0.08924185987
0.08924185987
1.593859414
0.3609275854
1.044101599
1.044101599
1.044101599
1.044101599
1.332554469
1.332554469
1.332554469
1.332554469
1.332554469
1.332554469
1.493121661
1.493121661
1.493121661
1.513565321
1.513565321
0.1659275581
0.1659275581
0.1659275581
1.317753388
1.317753388
0.8708998816
0.8708998816
1.656926684
1.656926684
1.656926684
1.656926684
-0.2004679943
1.84858539
1.854346446
1.854346446
1.854346446
1.854346446
1.854346446
1.854346446
1.854346446
1.854346446
1.854346446
1.854346446
1.854346446
1.854346446
1.854346446
0.8898680179
0.8898680179
0.8898680179
0.8898680179
0.8898680179
0.8898680179
0.8898680179
0.8898680179
0.8898680179
0.8898680179
0.8898680179
0.8898680179
0.8898680179
0.8898680179
0.8898680179
0.8898680179
0.8898680179
0.8898680179
0.8898680179
1.370944471
1.370944471
1.370944471
1.370944471
1.370944471
1.370944471
1.370944471
1.370944471
1.370944471
1.370944471
1.370944471
1.370944471
0.2760535101
0.2204394832
1.450768326
1.450768326
1.044399071
1.044399071
1.044399071
1.044399071
1.044399071
1.044399071
0.3201618181
1.284949278
1.22192007
1.22192007
0.5003693757
1.436959522
1.436959522
1.436959522
1.436959522
1.436959522
1.436959522
0.3241875391
0.3241875391
0.3241875391
0.3241875391
0.3241875391
0.3241875391
0.3241875391
0.3241875391
1.453887775
1.453887775
1.453887775
1.453887775
1.453887775
1.453887775
1.453887775
1.453887775
1.443946057
1.443946057
1.443946057
1.443946057
1.443946057
1.443946057
1.443946057
0.5681999848
0.5681999848
0.5681999848
0.5681999848
0.5681999848
0.7074653599
0.7074653599
0.7074653599
0.7074653599
1.725733168
1.725733168
1.725733168
1.725733168
1.725733168
1.725733168
1.725733168
1.931974693
0.5142928352
0.5142928352
0.5142928352
1.693962906
1.693962906
1.693962906
1.693962906
2.013368558
2.013368558
2.013368558
2.013368558
2.013368558
0.4585449683
0.7939600356
0.7939600356
0.7939600356
0.7939600356
0.7939600356
0.7939600356
0.7939600356
0.7939600356
0.7939600356
0.7939600356
0.7939600356
0.7939600356
0.7939600356
0.7939600356
0.7939600356
0.7939600356
0.7939600356
0.7939600356
0.9676775311
0.9676775311
0.9676775311
0.9676775311
0.9676775311
0.9676775311
0.9834449527
0.9834449527
0.9834449527
1.307696222
1.307696222
1.307696222
1.307696222
0.6649070212
1.362854115
1.362854115
1.362854115
1.362854115
1.362854115
1.362854115
1.362854115
1.362854115
1.362854115
1.362854115
1.362854115
1.362854115
1.362854115
1.362854115
1.362854115
1.362854115
1.362854115
1.362854115
1.362854115
1.362854115
1.362854115
1.344673655
1.344673655
1.344673655
1.344673655
1.344673655
0.8561675403
0.8561675403
0.8561675403
0.3359283474
0.779782899
0.779782899
1.430076047
0.8532590624
0.8532590624
0.8532590624
0.8532590624
0.8532590624
0.8532590624
0.8532590624
0.3842913921
0.3842913921
0.3842913921
0.7379346678
0.7379346678
0.7379346678
0.7379346678
0.9031590678
0.8523211248
0.8523211248
1.114717329
1.466346004
1.466346004
1.466346004
1.466346004
1.466346004
1.466346004
1.466346004
1.776701514
1.776701514
1.776701514
1.776701514
1.776701514
1.776701514
0.5102780172
0.5102780172
0.5102780172
0.5102780172
0.5102780172
0.5102780172
0.5102780172
1.820238198
1.820238198
1.730663463
0.5440441213
0.5440441213
0.5440441213
0.5440441213
0.5440441213
0.5440441213
0.8558596873
0.8558596873
0.8558596873
0.8558596873
0.8558596873
0.8558596873
0.8558596873
0.8558596873
0.8558596873
0.8558596873
0.8558596873
0.8558596873
0.8558596873
0.8558596873
0.2307734002
1.273427396
1.273427396
1.273427396
1.273427396
1.273427396
1.273427396
1.273427396
1.273427396
1.584735346
1.584735346
1.584735346
1.603654271
1.603654271
1.603654271
1.603654271
1.603654271
1.603654271
1.516071996
1.516071996
1.516071996
0.811510852
0.811510852
0.811510852
1.065391074
1.065391074
0.7765002378
0.7765002378
0.7765002378
1.114841118
1.114841118
1.114841118
1.114841118
1.114841118
1.114841118
1.114841118
1.114841118
0.7702478108
0.7702478108
1.207333832
0.9077295076
0.8096294792
0.8716660229
1.235697045
0.4003261416
0.4003261416
0.4003261416
0.4003261416
0.4003261416
0.4003261416
0.4003261416
0.4003261416
0.5741523685
0.5741523685
0.5741523685
0.5741523685
0.5741523685
0.5741523685
0.5741523685
1.117556464
1.117556464
1.117556464
1.117556464
1.281287537
1.281287537
1.281287537
0.8909870338
0.3053709636
0.3053709636
0.3053709636
0.3053709636
1.578361051
1.578361051
1.578361051
1.578361051
1.578361051
1.578361051
0.3168328893
0.3168328893
0.3168328893
0.3168328893
0.3168328893
0.7390179285
0.7390179285
1.502794265
1.502794265
1.895985153
1.895985153
0.7959008842
0.7959008842
0.7959008842
0.7959008842
0.7959008842
0.7959008842
1.476679295
1.476679295
1.624527327
1.624527327
1.624527327
1.624527327
1.211145392
1.211145392
1.211145392
1.211145392
1.211145392
0.7862012894
0.7862012894
0.7862012894
0.7862012894
0.7862012894
0.7862012894
0.7862012894
0.7862012894
0.7862012894
0.7862012894
0.7862012894
0.7862012894
0.7862012894
0.7862012894
0.7862012894
1.328491893
1.328491893
1.328491893
1.510369761
1.745158934
1.745158934
1.745158934
0.4522014894
0.4522014894
0.4522014894
0.4522014894
0.4522014894
1.78309593
1.78309593
1.78309593
1.78309593
1.78309593
1.78309593
1.814477486
1.814477486
1.814477486
1.814477486
0.9027602528
0.9027602528
0.9027602528
0.9027602528
1.355050949
1.355050949
1.440545059
1.440545059
1.440545059
0.7128479065
0.7128479065
0.7128479065
0.7128479065
0.7128479065
0.7128479065
0.7128479065
0.5776258383
0.5776258383
0.5776258383
0.5776258383
0.5776258383
0.5776258383
0.9763765861
0.9763765861
0.9763765861
0.9763765861
0.9763765861
0.9763765861
0.9763765861
0.9763765861
0.9763765861
0.9763765861
0.9763765861
0.9763765861
0.9763765861
0.9763765861
1.351499828
1.351499828
1.08850671
1.08850671
1.08850671
1.08850671
1.08850671
1.08850671
1.256666951
1.256666951
1.256666951
1.256666951
1.256666951
1.256666951
1.256666951
1.256666951
1.219155839
1.546280503
-0.03339368887
1.789732273
1.789732273
1.789732273
1.789732273
0.7937183651
0.7937183651
0.7937183651
0.7937183651
1.237705739
1.237705739
1.237705739
1.237705739
1.237705739
1.237705739
1.237705739
1.237705739
1.237705739
1.237705739
1.237705739
1.237705739
1.237705739
1.237705739
1.237705739
0.46863022
0.46863022
0.46863022
0.5891596169
0.5891596169
0.5891596169
1.065302752
0.3697439678
0.8162241293
0.8162241293
0.8162241293
0.8162241293
0.8162241293
1.361979166
0.8289939674
0.8289939674
1.373843967
1.373843967
1.373843967
1.373843967
1.373843967
1.373843967
1.373843967
1.218142503
1.218142503
1.218142503
1.718405477
1.718405477
0.8197226157
0.8980473856
0.8980473856
0.8980473856
0.8980473856
0.8980473856
0.8980473856
0.8980473856
0.8980473856
0.8980473856
0.8980473856
0.8980473856
0.8980473856
0.8980473856
0.8980473856
0.8980473856
0.8980473856
0.8980473856
0.8980473856
0.8556532791
0.8556532791
0.8556532791
0.8556532791
0.8556532791
0.8556532791
0.6407485596
0.6407485596
0.6407485596
0.6407485596
0.6407485596
1.074711837
1.074711837
1.074711837
1.074711837
1.074711837
1.074711837
1.074711837
1.074711837
1.689223139
1.689223139
0.8014713534
0.8014713534
0.8014713534
0.8014713534
0.8014713534
0.8014713534
0.8014713534
0.8014713534
0.8014713534
0.8014713534
0.8014713534
0.8014713534
0.8014713534
0.8014713534
0.8014713534
0.8014713534
0.8014713534
0.8014713534
0.8014713534
1.474402671
1.474402671
0.2983223583
0.2983223583
0.8662927401
1.046583577
1.046583577
1.441462433
1.441462433
0.7317375417
0.7317375417
0.7317375417
0.7317375417
0.7317375417
0.8738220798
0.8738220798
0.8738220798
0.8738220798
0.8738220798
0.8738220798
0.8738220798
0.8738220798
0.8738220798
0.8738220798
0.8738220798
0.8738220798
0.8738220798
0.8738220798
0.8738220798
1.16785282
1.16785282
1.16785282
1.16785282
1.16785282
1.650256395
1.650256395
1.650256395
2.190944844
2.190944844
2.190944844
2.190944844
1.87965771
1.87965771
1.671570199
0.7610343184
0.7610343184
0.7610343184
0.7610343184
0.7610343184
0.7610343184
0.4435064509
0.4435064509
0.4435064509
0.8384566016
0.8384566016
0.8384566016
0.8384566016
0.8384566016
0.8384566016
1.36141012
0.9125870839
0.9125870839
0.9125870839
0.9125870839
0.9125870839
0.9125870839
0.9125870839
0.9125870839
0.9125870839
0.3618475674
1.467180139
1.467180139
1.467180139
1.710480558
0.1487738877
1.80640317
1.80640317
1.80640317
0.9087094329
0.9087094329
1.305568612
1.111146813
0.2476260671
0.2476260671
1.327527489
1.327527489
1.327527489
1.327527489
1.327527489
1.327527489
1.327527489
0.9141601921
0.7640154492
0.7640154492
0.7640154492
0.7640154492
0.7640154492
0.7640154492
0.7640154492
0.7640154492
0.7640154492
0.7640154492
0.7640154492
0.9285771434
0.9285771434
0.9285771434
0.9285771434
0.9285771434
0.9285771434
0.9285771434
0.9285771434
0.9285771434
1.110998868
1.110998868
-0.01655571594
-0.01655571594
-0.01655571594
-0.01655571594
-0.01655571594
1.983617502
1.983617502
1.983617502
1.983617502
1.983617502
1.121948192
1.121948192
1.121948192
1.121948192
1.121948192
1.121948192
1.121948192
0.964309288
0.964309288
1.976493503
1.976493503
1.976493503
1.976493503
1.976493503
1.976493503
1.386130296
1.386130296
1.386130296
0.795998996
0.795998996
0.795998996
0.795998996
1.295662177
1.295662177
1.295662177
1.295662177
1.295662177
1.295662177
1.295662177
1.69778823
1.69778823
1.69778823
1.69778823
1.69778823
0.6462234944
0.6462234944
0.6462234944
0.6462234944
0.1806064671
0.1806064671
0.8571412569
0.8571412569
1.064327699
1.438386056
1.881004302
1.881004302
0.4772125415
0.4772125415
0.4772125415
0.4772125415
0.4772125415
0.4772125415
0.2481468604
1.450048677
1.450048677
1.450048677
1.450048677
0.1143122463
0.1143122463
0.1143122463
0.1143122463
1.460494706
1.460494706
1.460494706
1.460494706
1.460494706
1.218060653
1.218060653
1.218060653
1.218060653
0.7948006665
0.7948006665
0.7947848203
0.7947848203
1.127589574
1.127589574
1.127589574
1.127589574
1.439538323
1.439538323
0.3467837247
0.3467837247
0.3467837247
0.3467837247
0.3467837247
0.3467837247
0.3467837247
0.3467837247
0.3467837247
0.3467837247
0.3467837247
0.3467837247
0.3467837247
0.3467837247
0.3467837247
0.3467837247
0.3467837247
1.322043605
1.322043605
0.8615958454
0.8615958454
0.8615958454
0.8615958454
0.8615958454
0.4522125658
0.4522125658
0.4522125658
1.53141959
1.53141959
1.53141959
1.744614664
0.2254940517
0.2254940517
0.2254940517
0.8317221338
0.8317221338
0.8317221338
1.076665476
1.076665476
1.076665476
1.076665476
1.076665476
1.076665476
1.141444459
1.141444459
0.03022760064
1.197550581
1.197550581
1.197550581
1.197550581
1.197550581
1.197550581
0.7536164301
1.41791123
0.7394681188
0.7394681188
0.7394681188
0.7394681188
0.7394681188
0.7394681188
0.7394681188
0.7394681188
0.7394681188
0.7394681188
0.7394681188
0.7394681188
0.7394681188
0.7394681188
0.7394681188
1.523735387
1.588650902
1.588650902
1.588650902
0.5924100599
0.5924100599
0.5924100599
0.5924100599
1.508922069
1.508922069
0.1673390027
2.012442399
1.99518609
1.99518609
1.99518609
1.99518609
1.99518609
1.99518609
1.99518609
1.99518609
1.99518609
1.297004954
1.297004954
1.297004954
1.297004954
1.297004954
1.297004954
1.297004954
1.297004954
0.3144191381
0.9576091853
0.9576091853
1.144310206
1.144310206
1.144310206
1.144310206
1.144310206
1.144310206
1.144310206
1.144310206
1.144310206
1.144310206
1.144310206
1.144310206
1.144310206
1.107762367
1.107762367
1.107762367
1.125833042
1.542000358
0.9597545423
0.9597545423
0.9597545423
0.9597545423
0.9597545423
0.9597545423
0.9597545423
0.9597545423
0.7355165428
0.7355165428
1.412330678
1.412330678
0.6292136714
0.6493091828
0.6493091828
0.6493091828
0.6493091828
0.6493091828
0.6493091828
0.6493091828
0.6493091828
0.7531917608
0.7531917608
0.7531917608
0.7531917608
0.7531917608
0.7531917608
0.7531917608
1.087247073
1.833275157
1.833275157
1.833275157
1.833275157
1.833275157
-0.2084777504
0.8926415672
0.7746077995
0.7746077995
0.7746077995
0.7746077995
1.131878177
1.131878177
1.131878177
1.131878177
1.082050649
1.082050649
0.9797734305
1.140969026
0.2908702269
0.2908702269
0.2908702269
0.2908702269
0.2908702269
0.2908702269
1.144187583
1.144187583
0.9808893062
0.9808893062
0.9808893062
1.368146941
1.368146941
1.368146941
1.368146941
1.368146941
1.368146941
1.368146941
1.443861834
1.443861834
1.443861834
1.443861834
1.443861834
1.443861834
1.443861834
1.441247434
0.2578459726
0.1971196285
0.1971196285
0.5905385967
0.5905385967
0.5905385967
0.6549136093
0.6549136093
0.6549136093
0.6549136093
1.097364576
1.097364576
1.097364576
1.097364576
0.6440528194
0.6440528194
0.6440528194
0.6440528194
0.6440528194
0.6440528194
0.6440528194
0.6440528194
0.6440528194
0.6440528194
0.3680385139
0.3680385139
0.3680385139
0.2906012904
0.07500308843
0.07500308843
0.07500308843
0.6543811336
0.6543811336
0.6543811336
0.6543811336
0.6543811336
0.6543811336
0.6543811336
0.6543811336
0.6543811336
0.6543811336
0.6543811336
0.6543811336
0.6543811336
0.6543811336
0.6543811336
0.6543811336
0.6543811336
0.6543811336
0.2972544635
0.2972544635
0.2972544635
0.2972544635
0.2972544635
0.3318711605
0.3318711605
0.3318711605
0.3318711605
0.3318711605
0.3318711605
0.3318711605
1.138274549
1.138274549
1.138274549
1.138274549
1.138274549
1.138274549
1.981782877
1.981782877
0.8475446735
0.8475446735
0.8475446735
1.465613638
1.465613638
1.465613638
1.465613638
1.465613638
1.27481913
1.467752156
1.140858366
1.140858366
1.140858366
1.140858366
1.140858366
1.140858366
1.140858366
1.140858366
1.653314796
1.653314796
1.653314796
1.653314796
1.653314796
1.653314796
1.653314796
1.653314796
0.2111993812
0.2111993812
0.04716851368
0.7391488134
0.7391488134
0.7391488134
0.7391488134
0.7391488134
0.7391488134
0.7391488134
0.7391488134
0.7391488134
0.7391488134
0.7391488134
0.7391488134
0.7391488134
0.7391488134
0.7391488134
0.7391488134
1.611679603
1.611679603
1.611679603
1.611679603
1.611679603
1.438128804
1.438128804
1.438128804
1.438128804
1.438128804
1.438128804
0.4870040403
1.976308981
1.976308981
0.5307531043
0.5307531043
0.4837740955
0.4837740955
0.9036781714
0.9036781714
0.9036781714
0.9418455214
0.9418455214
0.5866013431
1.438404567
1.438404567
1.438404567
1.438404567
1.438404567
1.456740261
0.5463313674
0.5463313674
1.542129015
1.542129015
1.542129015
1.542129015
1.542129015
1.542129015
1.542129015
1.542129015
0.4877262175
0.4877262175
0.4877262175
0.4877262175
0.4165789693
1.596799136
0.9065422863
0.9065422863
0.9065422863
0.9065422863
0.9065422863
0.9065422863
0.9065422863
0.9065422863
0.9065422863
0.9065422863
0.9065422863
0.9065422863
0.9065422863
0.9065422863
0.9065422863
0.9065422863
0.9065422863
0.327606772
0.327606772
0.327606772
0.327606772
0.327606772
0.327606772
0.327606772
0.327606772
0.327606772
0.327606772
0.9955209946
0.9955209946
0.9955209946
0.9955209946
1.126164523
1.126164523
0.4562977582
0.9734145779
1.965503407
1.965503407
1.965503407
1.965503407
1.965503407
1.965503407
1.965503407
0.8919164264
0.8919164264
0.8919164264
0.8919164264
0.8919164264
0.8919164264
0.8919164264
0.8919164264
0.5565962345
0.5565962345
2.108000065
0.2622751223
0.2622751223
0.2622751223
0.2622751223
0.2622751223
0.2622751223
0.3450357098
0.8181686788
0.8181686788
0.8181686788
0.8181686788
0.8181686788
0.7428396062
0.7428396062
0.7428396062
0.7428396062
0.7428396062
0.7428396062
0.7428396062
0.7821702911
0.7821702911
0.8763267267
0.8763267267
0.8763267267
0.8763267267
0.8763267267
0.8763267267
0.8763267267
0.8763267267
0.9588995935
0.9588995935
0.9588995935
0.9588995935
0.9588995935
0.9588995935
0.9588995935
0.9588995935
0.9588995935
1.364594759
1.364594759
1.364594759
1.364594759
1.364594759
1.211202016
1.211202016
1.211202016
1.211202016
0.830882237
0.830882237
0.815769752
0.6773424237
0.6773424237
0.6773424237
0.6773424237
0.6773424237
1.283747611
1.283747611
1.283747611
1.283747611
1.283747611
0.3094833703
0.0757870907
0.0757870907
0.9670701911
0.9670701911
0.9670701911
0.8074923248
0.8074923248
0.8074923248
0.8074923248
0.8074923248
0.8074923248
0.8074923248
0.8074923248
0.8074923248
0.1925932299
1.528347935
1.325480321
1.325480321
1.325480321
1.325480321
1.325480321
1.325480321
1.325480321
1.325480321
1.325480321
0.6938589734
0.6938589734
0.6938589734
0.5661206816
0.5661206816
0.2529790831
0.2529790831
0.8482500857
0.8482500857
0.8482500857
0.8482500857
0.8482500857
2.032650512
1.469578481
1.469578481
1.198024078
1.198024078
1.198024078
1.198024078
1.198024078
1.198024078
1.01886472
1.395282039
1.395282039
0.9283563573
0.6105472543
0.6105472543
0.6105472543
0.5905113539
0.5905113539
0.5905113539
0.5905113539
0.5905113539
0.5905113539
0.8472491513
0.8472491513
0.2302364008
0.2302364008
0.2302364008
1.539672267
1.539672267
1.539672267
1.539672267
1.539672267
1.539672267
1.539672267
1.539672267
1.539672267
1.539672267
1.539672267
1.336259571
1.336259571
1.336259571
1.336259571
1.336259571
1.336259571
1.336259571
1.336259571
1.034044668
1.034044668
1.034044668
1.034044668
1.034044668
1.034044668
1.034044668
1.034044668
1.034044668
1.034044668
-0.05328372831
0.9856093933
0.9856093933
0.9856093933
0.9856093933
0.684429347
0.684429347
0.684429347
0.684429347
0.9362954289
0.9362954289
0.9362954289
0.9362954289
0.9362954289
0.8018481431
0.8018481431
1.10463123
0.988345345
0.988345345
0.988345345
0.988345345
0.988345345
0.988345345
0.988345345
0.988345345
0.988345345
0.988345345
0.988345345
0.988345345
0.988345345
0.988345345
0.988345345
0.988345345
0.988345345
0.988345345
0.988345345
0.988345345
0.988345345
0.988345345
0.7250946917
0.7250946917
0.7250946917
0.7250946917
0.7250946917
0.7250946917
0.7250946917
0.7250946917
0.7250946917
0.7250946917
0.7250946917
0.7250946917
0.7250946917
1.284626344
1.284626344
1.284626344
1.284626344
1.284626344
1.284626344
1.284626344
1.284626344
1.284626344
1.284626344
1.284626344
1.284626344
1.284626344
1.172205525
1.172205525
1.172205525
1.172205525
1.172205525
1.172205525
1.19832261
1.19832261
1.19832261
1.19832261
1.19832261
0.8946905379
0.8946905379
0.8946905379
0.8946905379
0.1422832193
0.1422832193
0.8923310552
0.8923310552
0.8923310552
0.8923310552
0.8923310552
0.8923310552
0.8923310552
0.8923310552
0.8923310552
0.8923310552
0.8923310552
0.8923310552
0.8923310552
0.8923310552
1.363433227
1.363433227
1.363433227
1.363433227
1.363433227
0.5636368837
0.4768341434
0.5041293977
1.648721409
1.648721409
1.569332826
0.359759502
1.655230775
1.655230775
1.655230775
1.655230775
1.655230775
0.8991413809
0.8991413809
0.8991413809
0.7316476251
0.7316476251
0.7316476251
0.7316476251
0.7316476251
0.7316476251
0.8369985815
2.030559978
2.030559978
2.030559978
2.030559978
2.030559978
2.030559978
2.030559978
2.030559978
1.586113807
0.6426061956
0.6426061956
0.6426061956
0.6426061956
0.6426061956
0.8115972964
0.8115972964
0.8115972964
0.8115972964
0.7027797413
0.7027797413
0.7027797413
0.8767523331
0.8767523331
1.678821688
1.077775061
1.077775061
1.077775061
1.077775061
1.090471408
1.090471408
1.090471408
1.090471408
1.090471408
1.090471408
1.090471408
1.090471408
1.090471408
1.090471408
1.090471408
1.090471408
0.728570266
0.728570266
0.728570266
0.728570266
0.253175152
0.9485231165
0.9485231165
0.8949432914
0.8949432914
0.8949432914
0.8311100237
0.8311100237
0.8311100237
0.275788422
0.275788422
1.257262702
1.257262702
1.257262702
1.257262702
1.257262702
1.257262702
1.257262702
1.257262702
1.257262702
1.257262702
1.257262702
1.257262702
1.257262702
1.257262702
1.257262702
1.779032512
1.779032512
1.771039503
1.771039503
1.771039503
1.827488557
1.827488557
1.827488557
1.827488557
1.827488557
1.983621791
1.983621791
1.983621791
1.983621791
0.6764891123
1.221121933
1.221121933
1.221121933
0.2205735769
0.2205735769
0.4861777724
0.4861777724
0.4861777724
0.4861777724
0.4861777724
0.4861777724
0.4861777724
0.4861777724
0.4861777724
0.4861777724
0.4861777724
0.4861777724
0.4861777724
0.4861777724
0.5400651619
0.5400651619
0.7413112745
0.7413112745
1.55300745
1.55300745
1.55300745
1.393570326
0.9404967647
0.9404967647
0.9404967647
0.9404967647
0.9404967647
0.9404967647
0.9404967647
0.9404967647
0.6689647086
0.6689647086
0.6689647086
0.6689647086
0.6689647086
0.6689647086
0.6689647086
0.6689647086
0.6689647086
0.6689647086
1.586922205
1.586922205
1.586922205
1.586922205
1.586922205
1.586922205
1.586922205
1.586922205
1.586922205
1.586922205
1.586922205
0.8031844124
0.8031844124
1.480278337
1.249904355
1.249904355
1.249904355
1.249904355
1.249904355
1.249904355
1.249904355
1.249904355
1.249904355
0.517713978
0.3309234832
0.6079028028
0.6079028028
0.6079028028
0.6079028028
0.6079028028
0.6079028028
0.6079028028
0.917131764
0.917131764
0.917131764
0.8711708697
0.8711708697
0.8711708697
0.8711708697
1.357076664
1.298889792
1.298889792
1.298889792
1.286348665
1.286348665
1.286348665
1.286348665
1.484498515
-0.02351184112
-0.02351184112
-0.02351184112
-0.02351184112
-0.02351184112
0.4458177319
0.4458177319
0.4458177319
1.539455843
1.539455843
1.539455843
1.539455843
1.539455843
1.539455843
1.539455843
1.539455843
1.911539596
1.328230863
1.024070471
1.024070471
1.024070471
0.8959911175
0.8959911175
0.8674418202
0.8674418202
1.771858808
1.771858808
1.772388415
1.772388415
1.411187758
1.411187758
1.411187758
1.411187758
1.411187758
1.411187758
0.5948478363
0.5948478363
0.5948478363
0.5948478363
0.423069785
0.423069785
0.423069785
0.423069785
0.423069785
0.7045447497
0.7045447497
0.7045447497
0.7045447497
0.4048058428
0.0203224478
0.0203224478
0.0203224478
0.0203224478
1.912037733
0.6518061913
1.282947256
1.282947256
1.282947256
0.292024948
1.445335567
0.9126746092
0.9126746092
1.090288726
1.090288726
1.090288726
1.090288726
1.090288726
1.090288726
1.090288726
0.4273953144
0.4273953144
1.173941273
0.8068473407
1.780826502
1.780826502
1.780826502
1.173373116
1.173373116
0.7283099839
0.7283099839
0.7283099839
0.7283099839
1.817489992
2.009665184
2.009665184
2.009665184
0.06010045135
0.06562840561
0.06562840561
0.3073231013
0.3073231013
0.3073231013
1.553660833
1.553660833
1.553660833
1.646541983
1.337598811
1.337598811
1.337598811
1.337598811
1.337598811
1.337598811
1.337598811
1.337598811
1.337598811
1.337598811
1.337598811
0.992455579
0.9378519662
0.8682044703
0.8682044703
0.447969254
0.447969254
0.447969254
0.447969254
0.447969254
1.393646407
1.393646407
0.2513778738
0.2513778738
0.2513778738
0.2513778738
0.2513778738
0.2513778738
0.2513778738
1.010407536
1.04882741
1.04882741
1.04882741
1.994358784
1.39988112
1.39988112
1.39988112
1.39988112
1.39988112
0.3318151605
0.46105428
0.9319612967
0.9319612967
0.9319612967
0.9319612967
0.9319612967
0.9319612967
0.9319612967
0.9319612967
0.5596350244
0.5596350244
0.5596350244
0.5596350244
0.5596350244
0.5596350244
0.5596350244
0.9150679883
0.9150679883
0.9150679883
0.9150679883
0.9150679883
0.9150679883
0.9150679883
0.9150679883
0.9150679883
0.9150679883
0.9150679883
0.9150679883
0.9150679883
0.9150679883
1.180686132
1.180686132
0.02000009411
0.02000009411
0.02000009411
0.7117220791
0.7117220791
0.7117220791
0.7117220791
1.474259537
1.474259537
1.474259537
1.474259537
1.474259537
0.514893903
0.514893903
0.514893903
0.514893903
0.514893903
0.514893903
0.514893903
0.514893903
0.5634923602
0.5634923602
0.5634923602
0.5634923602
0.5634923602
0.5634923602
0.5634923602
1.38320824
1.38320824
1.38320824
0.9053513665
0.9053513665
0.9053513665
0.9053513665
0.9053513665
0.6820338803
0.6820338803
0.6820338803
0.6820338803
0.6820338803
0.6820338803
0.6820338803
0.6820338803
0.1142110873
0.1142110873
0.1142110873
0.1142110873
0.1142110873
0.1142110873
0.1142110873
0.1142110873
0.1142110873
0.1142110873
0.1142110873
0.1142110873
0.1142110873
0.1142110873
0.1142110873
0.1142110873
0.07407511271
1.070226995
1.070226995
1.221580259
1.221580259
0.58486545
0.58486545
0.58486545
0.58486545
0.58486545
0.58486545
0.58486545
0.58486545
1.571121459
1.571121459
1.665078996
0.364864242
0.364864242
0.364864242
0.364864242
0.364864242
0.364864242
0.364864242
0.364864242
0.364864242
0.364864242
0.364864242
0.364864242
0.364864242
0.364864242
0.364864242
0.364864242
0.364864242
0.364864242
0.364864242
0.364864242
0.364864242
0.364864242
0.1867899344
0.1867899344
0.2595692575
0.2595692575
0.2595692575
0.8167074322
0.8167074322
0.7869966227
0.7869966227
0.7869966227
0.7869966227
0.7869966227
1.04904586
1.04904586
0.9749124761
0.9749124761
0.9749124761
0.451422825
0.451422825
0.451422825
0.451422825
0.451422825
0.451422825
0.451422825
0.451422825
0.451422825
0.451422825
0.451422825
1.412263607
1.412263607
1.412263607
1.412263607
1.412263607
1.412263607
1.412263607
1.545471471
1.521358741
1.521358741
1.521358741
1.521358741
1.521358741
0.804907489
0.804907489
0.804907489
0.804907489
0.804907489
0.804907489
0.804907489
0.804907489
0.804907489
1.511401142
1.511401142
1.511401142
1.511401142
1.511401142
1.511401142
1.511401142
1.511401142
1.511401142
1.715176946
1.212805527
1.212805527
1.212805527
1.212805527
1.212805527
1.212805527
1.212805527
1.212805527
1.933550969
1.054518005
1.054518005
1.054518005
0.5634067759
0.5634067759
1.110258439
0.8781438054
0.8781438054
0.8781438054
0.8781438054
1.006360539
1.006360539
0.5987508323
0.5987508323
0.5987508323
0.5987508323
0.5987508323
1.570342188
1.570342188
1.570342188
1.570342188
2.034209626
1.899790063
1.899790063
0.9038542068
0.9038542068
1.193879295
1.193879295
1.193879295
1.193879295
1.193879295
1.193879295
1.193879295
1.193879295
0.1162747168
0.1162747168
0.6559708254
1.705629967
1.705629967
1.705629967
1.705629967
1.705629967
1.309351746
1.309351746
0.8115888338
0.8115888338
0.8115888338
0.8115888338
1.57883579
1.57883579
1.57883579
1.57883579
1.57883579
1.57883579
1.57883579
0.782493254
0.551210935
0.551210935
1.49972781
1.49972781
1.49972781
1.49972781
1.49972781
1.49972781
1.251100994
1.251100994
1.251100994
1.251100994
0.122627011
0.122627011
1.474433214
0.8511332926
0.8511332926
0.8511332926
0.8511332926
0.8511332926
1.121713803
1.121713803
1.121713803
1.121713803
1.121713803
1.121713803
1.121713803
1.121713803
1.121713803
1.292232813
1.292232813
1.292232813
1.292232813
1.292232813
1.425525076
1.425525076
1.425525076
1.425525076
1.330060122
1.929051063
1.929051063
1.965726713
1.965726713
1.965726713
1.965726713
1.965726713
1.965726713
1.965726713
1.965726713
1.965726713
1.373796422
1.373796422
1.373796422
1.373796422
1.373796422
1.38113156
0.8914015902
0.8914015902
0.8914015902
0.8914015902
0.8914015902
0.8914015902
0.8914015902
0.8914015902
1.415129852
1.415129852
1.415129852
1.415129852
1.415129852
1.415129852
1.796783668
1.796783668
0.2968781512
1.659925192
1.659925192
1.659925192
1.332578279
1.332578279
1.332578279
1.332578279
1.332578279
1.332578279
1.332578279
1.332578279
1.332578279
1.332578279
1.332578279
1.332578279
1.332578279
1.480772232
1.480772232
1.480772232
1.480772232
1.480772232
1.480772232
0.6475951685
0.6475951685
0.6475951685
0.6475951685
0.6475951685
0.6475951685
0.9002723137
0.9002723137
0.4554711004
0.4554711004
0.4554711004
0.4554711004
0.4554711004
0.4554711004
0.856819344
0.856819344
0.856819344
0.7547433094
0.7547433094
0.7547433094
0.7547433094
0.7547433094
0.7547433094
0.7547433094
0.1885908771
0.2310157226
0.2310157226
1.239565094
1.239565094
1.239565094
1.239565094
1.239565094
1.239565094
0.624210051
0.624210051
0.624210051
0.624210051
0.624210051
0.624210051
0.624210051
0.624210051
1.422625265
1.422625265
1.422625265
1.422625265
1.422625265
1.422625265
1.422625265
1.248625587
1.248625587
1.099972861
1.099972861
1.774357283
1.166188386
1.166188386
0.6378023364
0.6378023364
0.6378023364
0.6378023364
1.246364121
1.246364121
1.246364121
1.246364121
1.246364121
1.246364121
1.246364121
1.246364121
1.246364121
1.246364121
1.246364121
1.246364121
1.246364121
1.246364121
0.9604599461
0.9604599461
0.9604599461
0.9604599461
0.9604599461
0.9604599461
0.9604599461
1.009343055
1.009343055
1.009343055
1.166329287
0.496386891
0.8323896136
0.8323896136
0.8323896136
0.8323896136
0.8323896136
0.8323896136
0.8323896136
0.8323896136
0.8323896136
0.8323896136
1.161088363
1.161088363
1.161088363
1.415593104
1.415593104
0.8677429755
0.8677429755
0.8677429755
0.8677429755
0.8677429755
0.8677429755
0.8677429755
0.8677429755
0.8677429755
0.8677429755
0.8677429755
0.8677429755
0.8677429755
0.8193567771
0.8193567771
0.8193567771
0.8193567771
0.8193567771
0.3035168846
0.3035168846
0.3035168846
0.3035168846
0.3035168846
1.613584763
1.613584763
1.613584763
1.613584763
1.613584763
1.613584763
1.613584763
1.535614774
1.535614774
1.535614774
1.535614774
1.535614774
1.535614774
1.535614774
1.535614774
1.535614774
1.535614774
1.535614774
1.535614774
1.213102034
0.5125203849
0.5125203849
0.5125203849
0.5125203849
0.5125203849
0.5125203849
0.5125203849
0.5125203849
0.9426628879
0.9426628879
0.9426628879
0.9426628879
0.9426628879
0.9426628879
0.9426628879
0.9426628879
0.9426628879
0.9426628879
0.9426628879
0.9426628879
0.9426628879
0.9426628879
0.9426628879
0.9426628879
1.569460912
1.569460912
1.569460912
1.569460912
1.569460912
1.569460912
1.569460912
1.569460912
1.001205815
1.362193019
1.362193019
1.362193019
1.362193019
1.362193019
1.362193019
1.362193019
1.362193019
0.02828880164
0.02828880164
0.02828880164
0.02828880164
0.02828880164
0.02828880164
0.02828880164
0.02828880164
0.02828880164
0.02828880164
0.02828880164
0.02828880164
0.02828880164
0.02828880164
2.004150524
2.004150524
2.004150524
2.004150524
2.004150524
1.45036922
0.6024569694
1.264704837
0.8934782016
0.2902731802
2.095505242
0.7652211401
0.7652211401
0.7819093398
0.7819093398
0.7819093398
0.2547755669
0.2547755669
1.721771353
0.6993397521
0.6993397521
0.6993397521
1.149357542
1.149357542
1.149357542
0.8850476166
0.8850476166
0.8850476166
0.9535666463
0.9535666463
0.9535666463
0.9535666463
0.9535666463
0.9535666463
0.9535666463
0.9535666463
0.9535666463
0.9535666463
0.9535666463
1.424570921
1.424570921
1.424570921
0.6867588416
0.6867588416
0.6867588416
0.3189210497
0.891187007
0.891187007
0.891187007
0.891187007
0.891187007
0.891187007
0.891187007
1.055353597
1.055353597
1.055353597
1.055353597
1.055353597
1.055353597
1.055353597
1.055353597
1.055353597
1.055353597
1.055353597
0.7618328986
0.7618328986
0.7618328986
0.7618328986
0.8853337373
-0.287758867
-0.287758867
0.936534981
0.936534981
0.936534981
0.936534981
0.936534981
0.936534981
0.936534981
-0.3043423908
-0.09371221369
0.6115632348
0.6115632348
0.6115632348
1.564028618
1.564028618
1.564028618
1.564028618
1.564028618
1.564028618
1.045795628
1.045795628
1.173204092
1.173204092
1.173204092
1.173204092
1.173204092
1.173204092
1.173204092
1.173204092
1.005005918
1.005005918
1.228567989
1.228567989
1.228567989
1.38823992
1.38823992
1.38823992
1.215277113
1.215277113
0.8291713112
0.5544645717
0.5544645717
0.5544645717
0.5544645717
0.5544645717
0.5544645717
1.323265554
1.323265554
0.97819137
0.97819137
0.97819137
0.97819137
0.2645130183
0.2645130183
0.2645130183
0.1621535061
0.1621535061
0.1621535061
0.4524093594
0.4524093594
0.4524093594
0.4524093594
-0.08361482789
-0.08361482789
-0.08361482789
0.4604202279
1.186640643
1.186640643
1.186640643
1.186640643
1.186640643
1.186640643
0.7969765597
0.7969765597
0.7969765597
0.7969765597
0.7969765597
0.7969765597
0.3677552946
0.3677552946
0.3677552946
0.3677552946
0.3677552946
1.435951819
1.435951819
1.435951819
1.435951819
1.435951819
1.435951819
1.435951819
1.435951819
1.435951819
1.435951819
1.435951819
1.435951819
1.435951819
1.435951819
1.595107853
1.595107853
1.595107853
1.595107853
1.595107853
1.595107853
1.595107853
1.595107853
1.595107853
1.595107853
1.595107853
1.595107853
1.595107853
1.595107853
1.595107853
1.595107853
1.595107853
1.595107853
1.595107853
1.595107853
1.595107853
1.595107853
1.595107853
0.6013651166
1.710698706
1.710698706
1.710698706
1.710698706
1.710698706
1.710698706
1.710698706
1.073504596
1.073504596
1.073504596
1.073504596
1.073504596
1.073504596
1.073504596
1.073504596
1.073504596
1.073504596
1.073504596
1.073504596
1.073504596
0.7782762035
0.7782762035
0.7782762035
0.8225904331
0.8225904331
0.8225904331
0.8225904331
0.8225904331
0.8225904331
0.8225904331
0.8225904331
0.8225904331
0.8225904331
0.8225904331
0.8225904331
1.770791758
1.770791758
1.770791758
0.59262338
0.59262338
0.07821500508
0.07821500508
0.07821500508
0.07821500508
1.704456922
1.704456922
1.704456922
1.704456922
0.7800776694
0.7800776694
0.7800776694
0.7800776694
0.7800776694
1.08879776
1.08879776
1.08879776
1.073294283
1.073294283
1.073294283
1.397904438
1.397904438
-0.09116977936
-0.09116977936
-0.09116977936
-0.09116977936
-0.09116977936
-0.09116977936
-0.09116977936
-0.09116977936
-0.09116977936
-0.09116977936
-0.09116977936
-0.09116977936
-0.09116977936
-0.09116977936
-0.09116977936
-0.09116977936
1.880697867
1.768102102
1.768102102
1.768102102
1.768102102
1.768102102
1.231549512
-0.3012114819
-0.3012114819
-0.6049915201
-0.6049915201
-0.6049915201
1.037467535
1.037467535
0.4232149242
0.4232149242
1.295030554
1.295030554
1.295030554
1.295030554
1.295030554
1.295030554
1.295030554
1.295030554
0.8928254226
0.8928254226
0.8928254226
0.8928254226
1.723936508
1.647835816
1.647835816
2.338790929
2.338790929
2.338790929
2.338790929
2.338790929
2.338790929
2.338790929
2.338790929
2.338790929
2.338790929
2.338790929
2.338790929
2.454146047
2.454146047
2.454146047
2.454146047
2.454146047
2.148067904
-0.3457818123
1.521503622
1.521503622
0.1868678347
0.1868678347
0.5148768713
0.5148768713
0.5148768713
0.6869702661
0.6869702661
1.528161063
1.528161063
1.528161063
1.787095517
1.787095517
0.255003227
0.255003227
0.255003227
-0.1741972297
0.4176850018
0.4176850018
0.4176850018
0.4176850018
0.4176850018
1.560365192
1.66006181
1.66006181
1.66006181
1.66006181
1.548427611
1.548427611
1.548427611
1.548427611
1.548427611
1.541357529
1.541357529
1.541357529
1.541357529
1.541357529
1.01628522
1.01628522
1.01628522
1.01628522
1.01628522
1.01628522
1.01628522
1.01628522
1.01628522
1.01628522
1.01628522
1.01628522
1.01628522
1.01628522
0.7786995471
0.7299039528
0.7299039528
0.7299039528
0.7299039528
0.6196531106
0.6196531106
1.461000643
1.461000643
0.910638305
0.910638305
0.910638305
1.343187677
1.343187677
1.3905634
1.3905634
0.6277860594
0.6277860594
0.6277860594
0.6277860594
0.6277860594
0.6277860594
0.799228317
0.8862166639
0.8862166639
0.8862166639
0.8862166639
1.233071877
1.233071877
1.233071877
1.233071877
1.65074669
1.531834846
1.531834846
1.287497102
1.287497102
1.287497102
1.16925576
1.16925576
1.723728979
1.723728979
1.723728979
1.062340731
1.062340731
1.062340731
1.062340731
1.062340731
1.062340731
1.062340731
1.062340731
1.062340731
1.062340731
0.8891161081
0.8891161081
0.8891161081
0.8891161081
0.5155037846
0.5155037846
0.5155037846
0.5155037846
2.125960809
0.4749995365
0.4749995365
0.4749995365
0.4749995365
0.9492439645
0.9492439645
0.9492439645
0.9492439645
0.9492439645
0.1480983982
0.3099906949
0.3099906949
0.3099906949
1.173643361
1.937915851
1.937915851
1.937915851
1.937915851
1.937915851
1.937915851
0.9328976252
0.9328976252
0.4726458407
0.4726458407
0.4726458407
0.4726458407
0.4726458407
0.1907286147
0.1907286147
0.1907286147
0.1907286147
0.1907286147
0.1907286147
0.1907286147
0.1907286147
0.1907286147
0.1907286147
0.1907286147
0.1907286147
0.1907286147
0.1907286147
0.1907286147
0.1907286147
0.7023228619
0.7023228619
0.7023228619
0.7023228619
0.7023228619
0.83795662
0.83795662
0.5919670071
-0.2810207525
2.11734713
2.11734713
2.11734713
-0.1157476482
-0.1157476482
-0.1157476482
-0.1157476482
-0.1157476482
0.08866826684
1.492517113
0.9642102211
0.9642102211
0.3405772874
1.640672215
1.640672215
-0.1221631042
1.574256152
1.574256152
1.574256152
1.574256152
1.574256152
0.8322317176
0.8322317176
0.8322317176
0.8322317176
0.8322317176
0.8322317176
0.8322317176
0.8322317176
1.218018461
1.218018461
1.279089866
1.279089866
-0.01591349581
-0.01591349581
0.9975738312
0.9975738312
0.9975738312
0.9975738312
1.969069166
1.969069166
1.969069166
1.969069166
1.969069166
1.969069166
1.969069166
1.969069166
1.969069166
0.07784883282
1.540651186
1.540651186
1.540651186
1.540651186
1.540651186
1.540651186
1.540651186
1.540651186
1.540651186
1.540651186
0.1587501625
0.1587501625
0.3313736335
0.3313736335
2.020152915
2.020152915
1.587514185
1.587514185
1.587514185
1.587514185
0.300466347
1.33661294
1.33661294
0.4696616201
0.4696616201
0.4696616201
0.4696616201
0.4696616201
0.4696616201
0.4696616201
0.4696616201
0.4696616201
0.4696616201
-0.2524139767
-0.2524139767
2.21319801
2.21319801
2.21319801
2.21319801
2.21319801
2.21319801
-0.05157076983
-0.05157076983
-0.05157076983
-0.05157076983
-0.05157076983
-0.05157076983
-0.03192660379
0.3429017012
0.3429017012
0.3429017012
0.3429017012
0.5524290544
0.5524290544
0.5524290544
0.5524290544
0.6764554056
0.6764554056
0.6764554056
0.6764554056
0.6764554056
0.6764554056
0.6764554056
0.6764554056
0.6764554056
0.6764554056
0.6764554056
0.6764554056
0.6764554056
0.6764554056
0.9621132712
0.9621132712
0.9621132712
-0.1594093188
1.602941716
1.602941716
0.7316404566
0.7316404566
0.7316404566
2.046483355
2.046483355
2.046483355
2.046483355
2.046483355
2.046483355
2.046483355
0.7857149235
0.7857149235
1.596442107
1.596442107
1.596442107
1.596442107
1.593174382
0.6281658022
0.6281658022
0.6281658022
0.6281658022
0.6281658022
0.6281658022
0.6281658022
0.6281658022
0.6281658022
0.6281658022
0.6281658022
0.6281658022
1.476334667
1.476334667
1.476334667
1.476334667
1.476334667
1.476334667
1.476334667
1.476334667
1.476334667
1.476334667
1.476334667
1.476334667
0.6442717228
0.904096199
0.904096199
0.904096199
0.904096199
1.947828341
1.947828341
0.7766642424
0.7766642424
0.7766642424
0.866054108
0.866054108
0.866054108
0.866054108
0.866054108
0.866054108
0.866054108
0.866054108
0.4028951958
0.4028951958
0.2219336406
0.2219336406
0.2219336406
0.2219336406
1.668634257
1.668634257
1.668634257
1.668634257
1.692367239
1.692367239
1.692367239
1.692367239
1.692367239
1.692367239
1.598954372
1.598954372
1.598954372
0.6528467779
0.6528467779
0.7222312646
1.355098646
1.355098646
1.355098646
1.132323213
1.132323213
1.132323213
1.702399538
1.702399538
1.702399538
1.315897308
1.021052407
1.021052407
1.580730248
1.580730248
0.2288208563
0.2288208563
0.2288208563
0.5920808418
0.5920808418
0.5920808418
1.684984213
1.684984213
1.684984213
0.9715535262
0.9715535262
2.046756629
1.886989526
1.886989526
1.886989526
0.8386531765
1.102902971
1.102902971
1.102902971
0.4812397048
0.4812397048
0.4812397048
1.218460109
1.218460109
1.218460109
1.218460109
1.218460109
1.218460109
1.218460109
1.218460109
1.91329016
0.3359855297
0.3359855297
0.3359855297
1.021391934
1.032794444
1.032794444
1.032794444
0.7900446349
2.003826339
2.003826339
1.731167608
0.7105286529
0.7105286529
0.7105286529
0.7105286529
0.7105286529
0.7105286529
0.7105286529
0.7105286529
0.7105286529
0.7105286529
0.7105286529
0.7105286529
0.7105286529
0.7105286529
0.7105286529
0.7105286529
0.7105286529
0.9902685359
0.9902685359
-0.03376197984
-0.03376197984
-0.03376197984
2.129648328
2.129648328
2.129648328
2.129648328
1.911671578
1.911671578
1.911671578
1.911671578
1.911671578
1.911671578
1.911671578
1.911671578
1.911671578
0.1725581581
0.1725581581
0.1725581581
0.1725581581
0.1725581581
0.7680071704
0.7680071704
0.7680071704
0.7680071704
0.7680071704
0.7680071704
0.7680071704
0.7680071704
0.7730758389
0.7730758389
1.222217229
1.222217229
1.222217229
1.222217229
1.222217229
1.222217229
0.841135451
0.841135451
0.841135451
0.841135451
1.008553164
1.008553164
1.008553164
1.008553164
1.008553164
1.008553164
1.008553164
1.008553164
1.008553164
1.008553164
1.008553164
1.008553164
1.008553164
1.322002135
1.322002135
1.322002135
1.322002135
1.322002135
1.322002135
1.322002135
1.322002135
1.322002135
1.322002135
1.126314241
1.126314241
0.7578702573
0.7578702573
0.7578702573
1.359387041
1.359387041
1.359387041
1.359387041
1.359387041
1.359387041
1.359387041
1.359387041
1.359387041
1.359387041
1.359387041
1.359387041
1.359387041
0.4928817425
0.4928817425
0.7985028016
0.6851538847
0.6851538847
0.6851538847
0.6851538847
0.6851538847
0.6851538847
0.6851538847
0.6851538847
0.6851538847
0.6851538847
0.8153090351
0.8153090351
0.8153090351
1.084045881
1.084045881
1.084045881
1.084045881
1.363381229
1.363381229
1.363381229
1.363381229
1.363381229
1.363381229
1.618047222
1.618047222
1.618047222
1.618047222
1.618047222
0.0328103221
0.5276502594
0.5276502594
0.5276502594
0.5276502594
0.5276502594
-0.03844166963
0.6016623726
0.6016623726
0.6016623726
0.6016623726
0.6016623726
0.6016623726
0.6016623726
0.6016623726
0.6016623726
0.6016623726
0.6016623726
0.6016623726
0.6016623726
0.6016623726
0.6016623726
1.31051751
1.332459651
1.332459651
0.6183916621
0.6183916621
0.6183916621
0.6183916621
0.6183916621
0.6183916621
0.6183916621
0.421579667
0.421579667
0.421579667
1.567537968
1.078482682
1.078482682
1.078482682
1.078482682
1.078482682
1.078482682
1.078482682
1.078482682
1.078482682
1.078482682
1.078482682
1.078482682
1.025555726
1.025555726
1.025555726
1.025555726
1.025555726
1.124216381
1.124216381
1.124216381
1.124216381
1.124216381
0.33012948
0.33012948
0.33012948
1.188094094
0.6982753913
0.6982753913
1.063807316
1.063807316
1.063807316
2.056801583
1.255170958
1.255170958
1.255170958
1.255170958
1.255170958
1.025190237
1.025190237
1.025190237
1.025190237
1.025190237
1.025190237
1.025190237
1.025190237
0.5369428305
0.5369428305
0.5369428305
0.5369428305
0.4468525986
0.4468525986
0.4468525986
0.4468525986
0.4468525986
0.4857369693
0.4857369693
0.4857369693
0.4857369693
0.4857369693
0.4857369693
0.4857369693
0.4857369693
0.4857369693
0.4857369693
0.4857369693
0.4857369693
0.4857369693
0.2969895488
0.2969895488
0.2969895488
0.2969895488
0.6179892215
1.529799288
1.529799288
1.409792748
1.409792748
1.317393879
1.317393879
0.4487596965
0.4487596965
0.4487596965
1.052697902
1.052697902
1.052697902
1.052697902
1.052697902
0.6812683035
0.6812683035
0.6812683035
0.6812683035
0.6812683035
0.6812683035
0.6812683035
1.732897498
1.732897498
1.732897498
1.732897498
0.5471153692
0.5471153692
0.5471153692
0.8372288913
0.8372288913
0.8372288913
0.8372288913
0.8372288913
0.7471140748
0.8612080804
0.8612080804
1.262838757
1.262838757
1.315152135
1.315152135
1.315152135
1.315152135
1.315152135
1.315152135
1.315152135
1.287854564
1.287854564
1.287854564
1.287854564
1.287854564
1.287854564
1.287854564
1.287854564
1.213619503
0.9396469001
0.9396469001
0.9396469001
1.434654723
1.434654723
0.608882371
0.608882371
0.608882371
0.608882371
-0.2207732068
-0.2207732068
-0.2207732068
-0.2207732068
-0.2207732068
-0.2207732068
-0.2207732068
0.7664726084
0.4451367927
0.4451367927
0.4451367927
0.4451367927
1.088141705
1.088141705
0.5339310423
0.5339310423
0.5727324286
1.179015781
0.680598829
0.680598829
0.680598829
1.211515156
1.211515156
1.211515156
1.211515156
1.211515156
1.09853925
1.09853925
1.09853925
1.097339564
1.097339564
1.097339564
1.097339564
1.097339564
0.7920913342
0.7920913342
0.8106402536
1.356024944
0.7293102777
0.7293102777
0.7293102777
0.7293102777
0.7293102777
0.7293102777
0.7293102777
0.7293102777
0.7293102777
0.7177770288
1.069506993
1.069506993
1.069506993
1.069506993
1.069506993
1.069506993
1.069506993
1.069506993
0.7324359876
0.7638504544
0.9042847741
0.9042847741
0.9042847741
0.9042847741
0.9042847741
0.9042847741
0.9042847741
1.44492386
1.44492386
1.44492386
1.44492386
0.6074957752
0.7651636203
0.7651636203
0.7651636203
0.7651636203
0.7651636203
0.8137123531
0.8137123531
0.8137123531
0.8137123531
0.8137123531
0.8137123531
0.8137123531
0.8137123531
0.8137123531
0.5633490639
0.5633490639
0.5633490639
0.5633490639
0.6527414541
0.6527414541
0.6527414541
0.6527414541
0.6527414541
0.6527414541
0.6527414541
0.6527414541
0.6527414541
1.413800123
1.413800123
1.413800123
1.413800123
1.413800123
1.413800123
1.413800123
1.413800123
1.413800123
1.413800123
1.413800123
1.413800123
1.413800123
1.55677425
1.334344789
1.334344789
1.334344789
1.334344789
1.334344789
1.334344789
1.334344789
1.334344789
1.334344789
1.334344789
1.334344789
1.017933062
1.017933062
0.02215368801
0.3661703906
0.9466316844
1.325931828
1.325931828
1.325931828
1.325931828
1.325931828
1.552233124
1.552233124
1.47316626
1.47316626
0.9348016208
1.706133321
1.706133321
1.706133321
1.706133321
1.706133321
1.706133321
0.9425422338
0.9425422338
1.111873467
1.111873467
1.111873467
1.111873467
1.111873467
1.111873467
1.111873467
1.111873467
1.111873467
1.100652132
1.100652132
1.100652132
1.100652132
0.3807897281
0.3807897281
0.7360639633
0.7360639633
0.7360639633
0.7360639633
0.7360639633
0.7360639633
0.7360639633
0.01706596633
0.8667776643
0.8667776643
0.8667776643
0.8667776643
0.9958570362
0.9958570362
0.9958570362
0.9958570362
0.9958570362
0.9958570362
0.9958570362
0.9958570362
0.2909827684
0.2909827684
0.2909827684
0.7774645744
0.7774645744
0.7774645744
0.7774645744
0.7774645744
0.7774645744
0.7774645744
0.7774645744
0.7774645744
0.7774645744
0.7774645744
0.7774645744
0.7774645744
0.4687926499
0.4687926499
0.4687926499
0.4687926499
0.4687926499
0.4687926499
0.3094701901
0.7741031608
0.7741031608
0.7741031608
0.7741031608
0.7741031608
-0.2573174233
-0.2573174233
-0.2573174233
2.459704314
2.459704314
2.459704314
0.2987423953
0.2987423953
1.329234475
1.329234475
0.9236948923
0.9236948923
0.9236948923
0.9236948923
0.9236948923
0.9236948923
0.9236948923
0.9236948923
0.8522452069
1.344497229
1.510669233
1.510669233
0.2068368235
1.001249822
1.001249822
1.102179811
1.102179811
1.738452871
1.738452871
1.738452871
1.738452871
1.738452871
1.538291155
1.538291155
1.538291155
1.538291155
1.538291155
0.8405988782
0.8405988782
0.9597245883
0.9597245883
0.9597245883
0.9597245883
0.9597245883
0.9597245883
0.9597245883
0.9597245883
0.9597245883
0.9597245883
0.9597245883
0.9597245883
0.7984853329
0.7984853329
0.7984853329
0.8565192548
0.8565192548
0.8565192548
0.8565192548
0.8565192548
0.8565192548
0.8565192548
0.8565192548
1.490373285
1.542774331
0.8242041782
0.8242041782
0.8242041782
0.8242041782
0.5639732454
0.5639732454
0.5639732454
0.5639732454
0.5639732454
0.5639732454
0.5639732454
0.9904622282
1.195941643
1.195941643
1.295756178
1.295756178
0.8526919625
1.053114941
1.053114941
1.053114941
1.053114941
1.053114941
1.053114941
1.053114941
0.2833345807
1.409131896
1.409131896
1.409131896
1.409131896
1.409131896
1.325727775
1.325727775
0.8781788864
0.7879690054
0.9254034661
0.9254034661
0.9254034661
0.9254034661
0.9254034661
0.9254034661
0.8329103458
0.8329103458
0.8329103458
0.8329103458
0.8329103458
0.572856292
0.572856292
0.572856292
1.325821528
1.325821528
1.325821528
1.325821528
1.325821528
1.566377081
1.566377081
1.566377081
1.566377081
1.566377081
0.3268418599
0.3268418599
0.3268418599
0.8118789996
0.8118789996
0.8118789996
0.8118789996
0.8118789996
0.8118789996
0.8118789996
0.8118789996
0.8118789996
0.8118789996
0.8118789996
0.8118789996
0.8118789996
0.8118789996
0.8118789996
0.8118789996
0.8118789996
0.8118789996
0.9083134612
0.9083134612
0.9083134612
0.9083134612
1.308456229
1.308456229
1.308456229
1.308456229
1.308456229
1.308456229
1.308456229
1.308456229
1.218189595
1.218189595
1.218189595
1.218189595
1.218189595
1.218189595
1.218189595
1.218189595
1.218189595
1.218189595
1.218189595
1.218189595
1.218189595
1.218189595
1.218189595
1.462659434
1.815313226
1.815313226
1.815313226
0.5380638051
0.5380638051
2.079283015
1.271340595
1.271340595
1.271340595
0.1473993718
0.1473993718
0.1473993718
0.1473993718
0.1473993718
0.3602862735
0.3602862735
0.3602862735
0.3602862735
0.7942412959
0.7942412959
0.7942412959
0.7942412959
0.7942412959
0.7942412959
0.5380571814
0.5380571814
0.5380571814
0.5380571814
0.5380571814
0.5380571814
0.5380571814
1.748450879
1.748450879
1.748450879
1.748450879
0.3652351344
0.3652351344
0.3652351344
0.3652351344
0.828394836
0.828394836
0.828394836
0.828394836
0.828394836
0.828394836
0.828394836
0.828394836
0.828394836
0.828394836
0.828394836
0.828394836
0.828394836
0.828394836
0.828394836
0.6073974561
0.6073974561
0.7033143924
0.7033143924
0.7033143924
0.7033143924
0.7033143924
0.7033143924
0.7033143924
0.7033143924
0.7033143924
0.7033143924
0.7033143924
0.7033143924
0.7033143924
0.7033143924
0.7033143924
0.7033143924
0.7033143924
0.7033143924
0.7033143924
0.7033143924
0.7033143924
1.378956479
1.378956479
1.378956479
1.378956479
1.378956479
1.378956479
1.982750462
1.982750462
1.836810948
1.836810948
1.836810948
0.5477443487
0.5477443487
0.5477443487
0.5477443487
1.131568258
1.377979612
1.377979612
1.377979612
1.61300179
0.4707679306
0.4707679306
-0.0533540646
-0.0533540646
-0.0533540646
0.54160959
0.54160959
0.54160959
0.54160959
0.54160959
0.54160959
0.54160959
0.54160959
0.54160959
0.54160959
1.667551667
0.8097566287
0.8097566287
0.8097566287
0.8097566287
0.8097566287
0.8097566287
0.2943062015
0.2943062015
0.2943062015
0.2943062015
0.2943062015
0.2943062015
0.2943062015
0.2943062015
0.2943062015
0.2943062015
0.2534421814
0.2534421814
0.2534421814
0.2534421814
0.2534421814
0.2534421814
0.2534421814
0.2534421814
0.2534421814
1.087980419
1.087980419
1.087980419
0.7697626362
0.7697626362
0.7697626362
0.7697626362
0.7697626362
0.7697626362
0.7697626362
0.7697626362
0.7697626362
0.7367839548
0.7367839548
0.7367839548
0.7367839548
0.7367839548
0.7367839548
0.985715572
0.8814179899
1.24054196
0.435435808
0.5462032087
0.5462032087
0.5462032087
0.5462032087
0.5462032087
0.5462032087
0.5462032087
0.8896479423
0.8896479423
0.8896479423
0.8896479423
1.218327437
0.7626207859
1.67099844
1.452824036
1.452824036
1.452824036
1.452824036
1.452824036
1.452824036
1.732444642
1.732444642
0.202320167
0.7618912462
0.7618912462
0.7618912462
0.7618912462
0.7618912462
0.7618912462
0.7618912462
1.695944809
1.695944809
1.686650669
0.8132541179
0.8132541179
0.8132541179
0.8132541179
0.8132541179
0.8132541179
1.843475066
1.282820607
1.282820607
1.282820607
1.282820607
1.282820607
1.282820607
1.282820607
1.282820607
1.282820607
1.282820607
1.282820607
1.282820607
1.282820607
1.282820607
1.740486413
1.740486413
1.740486413
1.740486413
1.740486413
1.740486413
1.740486413
1.740486413
1.740486413
1.740486413
1.673923993
1.673923993
2.038180656
1.575853648
0.1750881111
1.003009963
1.221266574
1.221266574
1.221266574
1.221266574
1.221266574
1.933100188
1.933100188
1.933100188
1.200936431
1.200936431
1.200936431
1.566849205
1.566849205
1.566849205
0.1606954291
0.1606954291
0.1606954291
1.623960526
1.623960526
1.623960526
1.791532011
0.327404948
0.327404948
0.327404948
0.327404948
0.327404948
0.327404948
0.327404948
0.327404948
0.327404948
0.327404948
0.327404948
0.327404948
0.327404948
0.327404948
0.327404948
0.327404948
0.327404948
0.6150406855
0.6161668426
0.6161668426
0.6161668426
0.6161668426
0.6161668426
0.6161668426
0.6161668426
0.6161668426
0.9722734245
0.8634288622
0.8634288622
0.8634288622
0.8634288622
0.7598151637
0.7598151637
0.7598151637
1.325561837
1.325561837
1.325561837
1.325561837
1.325561837
1.325561837
0.5857276067
0.6511986622
0.6511986622
0.6511986622
0.6511986622
0.6511986622
0.6511986622
0.6511986622
0.6511986622
0.6511986622
0.6511986622
1.560049493
1.560049493
1.560049493
1.560049493
1.560049493
1.005756735
1.005756735
-0.2691189093
1.731526136
1.731526136
1.814554015
1.814554015
1.814554015
0.8382291539
0.8382291539
0.8382291539
0.8382291539
0.8382291539
0.8382291539
0.5020691499
0.5020691499
1.271354486
1.158150167
1.158150167
1.158150167
1.158150167
1.158150167
0.9173482894
0.9173482894
1.508736348
1.508736348
1.508736348
1.508736348
1.508736348
1.508736348
1.508736348
0.9190944787
0.9190944787
0.9190944787
0.9190944787
0.9190944787
2.289217412
2.289217412
2.289217412
2.289217412
0.5423923939
0.5423923939
0.5423923939
0.5423923939
0.5423923939
1.334543227
1.334543227
1.334543227
1.334543227
1.334543227
1.334543227
1.334543227
0.6373262225
0.6373262225
0.6373262225
0.6373262225
0.6373262225
0.9001056237
0.9001056237
0.9001056237
0.9001056237
0.9001056237
0.9001056237
0.9001056237
0.9001056237
0.9001056237
0.9001056237
0.9001056237
0.9001056237
0.9001056237
0.9001056237
0.9001056237
0.9001056237
0.9001056237
0.9001056237
0.9001056237
0.9001056237
0.9001056237
0.9001056237
0.04628249509
0.6731588695
0.6731588695
0.6731588695
0.6731588695
0.6731588695
0.6731588695
1.505744148
1.505744148
1.505744148
1.505744148
1.505744148
1.505744148
1.505744148
1.505744148
1.505744148
1.505744148
1.505744148
1.274932011
1.274932011
1.274932011
1.190237025
1.190237025
1.190237025
1.190237025
1.190237025
1.190237025
1.190237025
1.137863037
1.137863037
1.137863037
1.137863037
1.137863037
1.137863037
1.580794021
1.580794021
1.580794021
1.580794021
1.297668473
1.297668473
1.297668473
1.297668473
1.297668473
1.297668473
1.282356675
0.7140681017
0.7140681017
0.7140681017
0.7140681017
0.7140681017
1.194740598
1.194740598
0.7653700831
0.3716439522
0.3716439522
0.9435992688
0.9435992688
0.9435992688
0.9435992688
0.9435992688
0.9435992688
0.9435992688
0.9435992688
0.7304582676
0.7304582676
0.7304582676
1.524580985
1.524580985
1.524580985
1.524580985
1.524580985
1.524580985
1.524580985
1.524580985
1.524580985
1.524580985
2.250895925
2.250895925
1.558222922
1.558222922
1.558222922
0.8034413421
0.8034413421
1.16236257
1.16236257
1.16236257
1.16236257
1.16236257
1.16236257
1.16236257
1.16236257
1.16236257
1.16236257
1.16236257
1.16236257
-0.142593952
-0.142593952
-0.142593952
-0.142593952
-0.142593952
-0.142593952
0.9902691333
0.9902691333
0.9902691333
0.9902691333
0.9902691333
0.9902691333
0.7541530122
0.7541530122
0.7541530122
0.7541530122
0.7541530122
0.7541530122
0.7541530122
1.211352664
1.603348334
1.603348334
1.603348334
1.603348334
1.603348334
1.603348334
1.603348334
0.6421655137
0.6807555796
0.7949623825
-0.02990353182
0.3232880143
0.3232880143
0.3232880143
0.3232880143
1.729443416
1.729443416
1.729443416
1.729443416
-0.5239550115
-0.5239550115
-0.5239550115
-0.5239550115
-0.5239550115
0.5707334811
0.5707334811
0.5707334811
0.5707334811
0.5707334811
0.5707334811
0.5707334811
0.5707334811
0.5707334811
0.5707334811
0.5707334811
0.5707334811
1.901303135
1.719969041
0.8379790259
1.603808969
1.603808969
1.603808969
0.5683963007
0.5683963007
2.153977733
2.153977733
1.124586547
1.124586547
1.124586547
1.124586547
1.124586547
0.2900913802
0.2900913802
0.8976851019
0.8976851019
0.8976851019
0.8976851019
0.8976851019
1.007627188
1.007627188
1.007627188
1.103943817
1.103943817
1.103943817
0.6770153646
0.6770153646
1.721894933
1.721894933
2.207460649
2.207460649
2.207460649
0.2401502262
1.588596935
1.588596935
1.588596935
1.588596935
1.588596935
1.588596935
1.588596935
1.130810341
1.510997624
1.510997624
1.510997624
1.510997624
1.510997624
1.510997624
1.510997624
1.510997624
1.510997624
1.510997624
1.510997624
1.510997624
1.510997624
0.9747268648
0.9747268648
0.9747268648
0.9747268648
0.9747268648
0.9747268648
0.9747268648
0.7193838939
2.006415903
2.006415903
2.006415903
2.006415903
0.2578879652
0.9533328205
0.9533328205
0.9533328205
0.9533328205
0.9533328205
0.9533328205
0.9533328205
0.9533328205
2.066024448
-0.3252301003
-0.3252301003
-0.4937039855
0.4062847166
0.4062847166
0.4062847166
0.4062847166
0.4062847166
0.4062847166
0.4062847166
0.4062847166
0.4062847166
0.4062847166
0.4062847166
0.4062847166
0.4062847166
0.4062847166
0.4062847166
0.5467235933
0.5467235933
0.5467235933
0.26674595
1.8146604
1.8146604
1.8146604
1.8146604
1.8146604
1.8146604
0.4522677451
0.4522677451
0.4522677451
0.4522677451
0.7703233842
0.7703233842
0.5518076655
0.7948829279
0.7948829279
1.220470434
0.8767431253
0.8767431253
0.8767431253
0.8767431253
0.8767431253
1.497449829
1.60152943
1.189593664
1.189593664
1.189593664
1.189593664
1.189593664
1.189593664
1.189593664
1.933166761
1.933166761
1.933166761
1.081046644
1.081046644
1.081046644
1.256928457
1.256928457
1.287434948
1.287434948
1.287434948
1.287434948
1.287434948
1.287434948
1.287434948
1.287434948
1.287434948
1.287434948
1.287434948
1.287434948
1.287434948
0.9672483842
0.9672483842
0.9672483842
0.9672483842
0.9672483842
0.9672483842
0.9672483842
0.9672483842
0.9672483842
0.9672483842
0.9672483842
0.9672483842
0.9672483842
0.9672483842
0.9672483842
0.9672483842
0.9672483842
0.9672483842
0.9672483842
0.9672483842
0.9672483842
0.9672483842
0.9672483842
1.013054272
1.013054272
1.013054272
1.013054272
1.013054272
1.433648116
1.433648116
1.433648116
1.433648116
1.433648116
1.433648116
1.433648116
1.290562167
1.290562167
1.290562167
1.290562167
1.290562167
0.5200846217
0.5200846217
0.5200846217
0.5200846217
0.5200846217
0.5200846217
0.5200846217
1.631504124
1.631504124
1.631504124
1.631504124
1.631504124
1.232267381
1.232267381
1.232267381
1.232267381
1.232267381
1.612813552
1.243234475
1.243234475
1.243234475
1.243234475
1.220688082
1.389114652
1.389114652
1.389114652
1.389114652
0.2685644811
0.2685644811
0.2685644811
0.5965130775
0.5965130775
0.5965130775
0.5965130775
0.5965130775
0.5965130775
0.5965130775
0.5965130775
0.5965130775
0.5965130775
0.5965130775
0.5965130775
0.5965130775
0.5965130775
1.672838596
1.672838596
1.563399602
1.563399602
1.563399602
1.563399602
-0.02172402578
-0.02172402578
-0.02172402578
1.773346145
1.773346145
1.773346145
1.846982481
1.846982481
1.846982481
1.846982481
1.846982481
1.846982481
1.846982481
1.846982481
1.846982481
1.846982481
0.3755106175
0.3755106175
0.3755106175
0.3755106175
0.3755106175
0.3755106175
0.3755106175
0.4253122609
0.4253122609
0.4253122609
0.4253122609
1.304862743
1.304862743
0.7193354
0.7193354
0.7193354
0.7193354
0.7193354
0.7193354
0.566323461
0.9461460755
1.298195406
1.298195406
0.695599514
0.695599514
0.3382456726
0.3382456726
0.3382456726
0.3382456726
0.3382456726
0.9633180245
0.9633180245
0.9633180245
0.9633180245
0.9633180245
0.9633180245
0.9633180245
0.7823082824
0.7823082824
0.7823082824
1.318025842
1.318025842
0.5752052068
0.5752052068
2.078277508
2.078277508
0.8303826805
0.8303826805
0.8303826805
0.8303826805
0.8303826805
0.8303826805
0.8303826805
0.8303826805
0.8303826805
0.8303826805
0.8303826805
0.8303826805
0.8303826805
0.8303826805
0.8303826805
0.8303826805
0.8303826805
0.8303826805
0.8303826805
0.8303826805
0.8303826805
0.5519071654
1.793852168
1.793852168
0.04471933851
0.04471933851
1.046036748
1.046036748
0.6935051227
0.6935051227
0.6935051227
0.6935051227
0.6935051227
0.6935051227
0.6935051227
0.6935051227
0.6935051227
1.282491161
1.282491161
1.282491161
1.282491161
1.282491161
1.282491161
1.282491161
1.282491161
1.282491161
1.282491161
1.282491161
1.019206573
1.019206573
1.16419163
0.271964104
0.271964104
0.271964104
0.271964104
0.271964104
0.271964104
0.271964104
0.1492836733
-0.01558251897
-0.01558251897
-0.01558251897
-0.01558251897
0.659096358
0.659096358
0.659096358
0.659096358
0.659096358
0.659096358
0.659096358
0.659096358
0.659096358
0.659096358
0.659096358
0.659096358
0.659096358
0.659096358
0.6310130697
0.6310130697
0.6310130697
0.6310130697
0.6310130697
0.6310130697
0.6310130697
0.6310130697
0.6310130697
1.614399774
0.6602610298
1.783734014
1.783734014
1.783734014
1.783734014
1.783734014
1.783734014
1.10020601
1.10020601
1.10020601
1.10020601
1.195186481
0.9114628825
0.9114628825
0.9114628825
0.9114628825
0.9114628825
0.9114628825
0.9114628825
0.9114628825
0.9114628825
1.557596356
1.557596356
1.557596356
1.557596356
1.557596356
1.557596356
1.557596356
1.557596356
1.557596356
2.099723366
2.099723366
2.099723366
2.099723366
2.099723366
2.024849407
0.4860392245
0.4860392245
0.4860392245
0.4860392245
0.4860392245
0.4860392245
0.4860392245
0.5263412758
0.5263412758
0.5263412758
0.5263412758
0.5263412758
1.381558593
1.381558593
0.8355624168
0.8355624168
0.8355624168
0.8355624168
0.8355624168
0.8355624168
0.8355624168
0.8355624168
0.8355624168
0.8355624168
0.8355624168
0.8355624168
0.8355624168
0.8355624168
0.8355624168
0.8355624168
-0.2860300956
-0.2860300956
-0.2860300956
-0.2860300956
-0.2860300956
-0.2860300956
0.3483440725
0.3483440725
1.168635354
1.168635354
1.168635354
1.168635354
1.168635354
1.168635354
1.882335831
1.882335831
1.373338972
1.373338972
1.373338972
1.110312044
1.110312044
1.073225829
1.073225829
1.073225829
1.073225829
0.9937176341
0.9937176341
0.9937176341
0.9937176341
0.9937176341
0.9937176341
0.9937176341
0.9937176341
0.9149362748
0.9149362748
0.9149362748
0.2757579346
0.2757579346
0.7903436764
0.7903436764
1.167317846
0.8769172106
0.8769172106
0.8769172106
0.8769172106
0.8769172106
0.8769172106
0.8769172106
0.8769172106
0.8769172106
0.8769172106
0.8769172106
0.7549185891
1.776846196
1.776846196
1.334667908
1.334667908
1.334667908
1.334667908
1.334667908
0.6201769635
0.6201769635
0.6201769635
-0.2463597447
-0.2463597447
0.5288548669
1.464820485
1.464820485
1.464820485
1.464820485
1.26660244
1.26660244
1.26660244
1.26660244
1.26660244
1.26660244
1.26660244
1.265651193
1.265651193
1.265651193
1.398328163
1.398328163
1.398328163
1.398328163
1.398328163
1.398328163
1.398328163
1.398328163
1.398328163
1.398328163
1.398328163
1.398328163
1.398328163
1.398328163
1.398328163
1.398328163
1.398328163
1.398328163
1.398328163
0.8160924516
0.8160924516
1.322123611
1.322123611
1.01010909
1.01010909
0.4053211074
0.4053211074
1.479546277
1.479546277
1.479546277
1.494228341
0.312172429
0.312172429
0.312172429
1.126844157
1.126844157
1.126844157
0.7320216458
0.7320216458
2.021530172
-0.07308618497
-0.07308618497
-0.07308618497
-0.07308618497
-0.07308618497
1.242636571
1.242636571
1.242636571
1.242636571
1.14106814
1.14106814
1.14106814
1.909207845
1.909207845
1.909207845
1.909207845
1.909207845
0.766897676
0.766897676
0.766897676
0.7228189907
0.7228189907
0.3335771328
0.3335771328
0.3335771328
0.3335771328
0.3335771328
0.3335771328
0.3335771328
0.3335771328
0.3335771328
0.3335771328
0.3335771328
0.3335771328
0.7779704882
0.6887249147
0.6887249147
0.6887249147
0.6887249147
0.6887249147
0.6887249147
0.6887249147
0.6887249147
0.6887249147
0.6887249147
0.6887249147
0.6887249147
0.6887249147
0.6887249147
0.6887249147
0.6887249147
0.6887249147
0.6887249147
0.6887249147
0.6887249147
1.064526934
1.064526934
1.064526934
0.9685862128
0.9685862128
0.9685862128
0.9685862128
0.9685862128
0.9824764822
0.9824764822
0.9824764822
0.9824764822
0.504539644
0.504539644
0.504539644
0.504539644
0.504539644
0.504539644
0.504539644
0.504539644
0.504539644
0.504539644
1.623089084
1.623089084
1.623089084
1.623089084
1.721898039
1.721898039
1.721898039
0.6299902479
0.6299902479
0.6299902479
0.6299902479
0.6299902479
0.6299902479
0.6299902479
0.6299902479
0.6299902479
1.782702901
0.3838355884
0.3838355884
0.3838355884
0.3838355884
1.11481067
1.11481067
1.11481067
0.8511915017
0.8511915017
0.8511915017
0.8511915017
0.8511915017
0.8511915017
0.8511915017
0.7856995466
0.7856995466
0.7856995466
0.7856995466
1.064038423
2.0142433
2.0142433
2.0142433
1.211785934
1.211785934
1.211785934
1.211785934
0.9683421929
0.9683421929
0.9683421929
0.9683421929
0.9683421929
0.9683421929
0.9683421929
0.9683421929
0.9683421929
0.9683421929
0.9683421929
0.9683421929
0.9683421929
0.9683421929
0.7110205663
1.463458247
1.905119798
0.8120788925
0.8120788925
0.8120788925
0.8120788925
0.8120788925
0.8120788925
0.8120788925
0.8120788925
0.8120788925
0.8120788925
0.8120788925
0.8120788925
0.8120788925
1.635994683
0.9821402482
0.9821402482
1.540586612
0.202959051
1.476001978
1.476001978
1.476001978
1.476001978
1.476001978
1.476001978
1.774336312
1.774336312
1.412858495
1.412858495
0.987502048
0.987502048
0.987502048
0.987502048
0.987502048
0.987502048
0.987502048
0.987502048
0.987502048
0.987502048
0.987502048
0.987502048
1.502314439
1.502314439
1.502314439
1.502314439
1.502314439
1.502314439
1.502314439
1.502314439
1.502314439
1.502314439
2.096199944
2.108743073
2.108743073
2.108743073
2.108743073
2.108743073
1.314243439
1.314243439
1.314243439
1.314243439
1.314243439
1.314243439
1.314243439
1.314243439
1.314243439
1.314243439
1.314243439
1.314243439
1.314243439
1.314243439
1.314243439
1.314243439
1.438468774
1.438468774
1.438468774
1.438468774
1.438468774
0.5682751565
0.5682751565
0.6582668344
0.6582668344
0.6582668344
0.6582668344
2.178516612
0.727804726
0.727804726
0.727804726
0.09394714585
1.704738837
0.06820848137
0.7440996458
0.7440996458
1.372529317
1.372529317
1.372529317
1.372529317
1.372529317
1.372529317
1.372529317
1.372529317
1.372529317
1.372529317
1.372529317
1.372529317
1.308617682
1.308617682
2.018973953
2.018973953
2.018973953
0.3949559897
0.344326103
0.344326103
0.557211474
0.557211474
0.557211474
1.450055083
1.450055083
1.450055083
1.486996152
1.683176282
1.683176282
1.683176282
1.567104873
1.567104873
1.567104873
0.06013645916
0.06013645916
1.389919591
0.8589919015
0.8589919015
0.8589919015
0.8589919015
0.8589919015
0.8589919015
0.8589919015
0.7247569909
0.6452444272
0.8855901485
0.8855901485
0.8855901485
0.8855901485
0.8855901485
0.8855901485
0.8855901485
1.772622819
1.772622819
1.772622819
1.772622819
1.772622819
1.772622819
1.772622819
1.772622819
1.772622819
1.772622819
1.772622819
1.151284144
1.151284144
1.151284144
1.636854422
1.636854422
1.636854422
0.6308888389
1.258504501
1.896270072
1.896270072
1.896270072
1.896270072
1.896270072
1.896270072
1.896270072
0.3634245111
0.3634245111
0.7810031444
0.7810031444
0.7810031444
0.7810031444
0.7810031444
0.7810031444
0.7810031444
1.575682591
1.575682591
1.239192786
1.239192786
1.239192786
1.239192786
1.184101181
0.9628389174
0.9628389174
0.3705191054
0.3705191054
0.3705191054
0.3705191054
0.3705191054
0.3705191054
0.3705191054
0.3705191054
0.3705191054
0.3705191054
0.3705191054
-0.03236904499
-0.03236904499
1.318925588
1.318925588
1.318925588
1.318925588
1.318925588
1.318925588
1.719092624
1.719092624
1.719092624
1.761686925
-0.5656108875
-0.5656108875
0.9047466689
0.6033790207
0.6033790207
0.6033790207
0.6033790207
0.6033790207
0.5320084975
1.310976645
1.310976645
0.1767106216
0.1767106216
0.1767106216
0.1767106216
0.1767106216
0.1767106216
0.1767106216
1.055691406
1.055691406
1.055691406
1.079399629
1.079399629
1.079399629
1.079399629
1.635903322
1.635903322
1.635903322
0.864477876
0.864477876
0.864477876
0.9489813021
0.9489813021
0.9489813021
0.9489813021
0.9489813021
0.9489813021
0.9489813021
0.9489813021
1.141148977
1.141148977
0.9212665262
0.9212665262
0.9212665262
0.9212665262
0.9212665262
0.9212665262
0.9212665262
0.9212665262
1.638960256
0.9435837661
0.9435837661
0.9435837661
0.9435837661
0.9435837661
0.9435837661
0.7319372508
1.205574565
1.205574565
1.205574565
1.200041509
1.286630007
1.286630007
1.286630007
0.8418758415
0.8418758415
0.8418758415
1.836019547
1.836019547
1.836019547
1.836019547
1.836019547
1.700481519
1.700481519
1.700481519
1.700481519
1.700481519
1.700481519
1.700481519
1.700481519
0.637447893
0.637447893
0.3809817656
0.3809817656
0.6464743452
0.8858950145
0.8858950145
1.25087819
1.25087819
1.25087819
1.25087819
1.25087819
1.25087819
1.181223742
1.181223742
1.181223742
1.118446885
1.118446885
1.294787268
1.294787268
1.294787268
1.294787268
1.294787268
1.294787268
0.3160349508
0.3160349508
0.3160349508
0.3160349508
0.3160349508
0.3160349508
0.6791679643
0.6791679643
0.6791679643
1.775416711
0.4284145802
0.4284145802
0.4284145802
1.519932963
1.519932963
1.519932963
0.4647093821
0.4647093821
0.4647093821
0.4647093821
0.4647093821
0.4647093821
1.354520288
0.8638379128
0.8638379128
0.8447257977
0.8447257977
0.7956454873
0.7956454873
0.7956454873
0.7956454873
0.8198701155
0.8198701155
0.8198701155
0.8198701155
0.8198701155
0.8198701155
0.8198701155
1.280278165
1.280278165
1.280278165
1.280278165
0.992568868
1.622990621
1.622990621
1.622990621
1.622990621
1.622990621
1.622990621
1.622990621
1.729343395
1.729343395
0.930547394
0.930547394
0.9293812823
0.9293812823
0.9293812823
0.08313834042
0.08313834042
0.08313834042
0.08313834042
1.380746013
0.7438292166
0.7438292166
1.576565092
1.576565092
0.02626163534
0.02626163534
2.120904862
2.120904862
1.230398653
1.307401707
1.307401707
1.307401707
1.307401707
1.307401707
1.307401707
1.307401707
0.5671864523
0.5671864523
0.5671864523
0.5671864523
0.5671864523
0.5671864523
0.5671864523
0.5671864523
0.5671864523
0.5671864523
0.5671864523
0.5029359431
0.5029359431
1.222720857
1.222720857
1.222720857
1.222720857
1.222720857
1.222720857
1.222720857
1.222720857
1.222720857
1.222720857
1.222720857
1.222720857
1.222720857
1.222720857
1.222720857
1.222720857
1.222720857
1.222720857
1.398635486
0.2694513631
0.2694513631
0.2694513631
0.2694513631
0.2694513631
0.2694513631
0.2694513631
0.2694513631
0.2694513631
0.2694513631
0.04722953594
0.04722953594
2.243406513
2.243406513
-0.3692129441
-0.3692129441
0.07971724283
0.07971724283
0.07971724283
0.07971724283
0.07971724283
-0.111526317
-0.111526317
1.69876056
1.69876056
0.5190947478
0.7453447845
0.7453447845
0.7453447845
0.1188673197
2.137891153
2.137891153
2.137891153
2.137891153
2.137891153
2.137891153
2.137891153
2.137891153
1.51960767
1.51960767
1.51960767
0.09574910066
1.495520298
1.495520298
1.495520298
1.495520298
1.495520298
0.2465644884
0.2465644884
0.2465644884
0.2465644884
0.2465644884
0.2465644884
0.8363807507
1.900216584
1.900216584
1.900216584
1.652148447
1.399511294
1.399511294
1.006715661
1.434944248
1.434944248
1.434944248
0.8410137086
0.8410137086
0.8410137086
0.8410137086
1.007118305
1.007118305
2.400188769
0.5981321355
0.5981321355
0.5981321355
1.422900973
-0.1994670112
-0.1994670112
-0.1994670112
-0.1994670112
1.067618062
1.329866131
-0.2201997427
-0.2201997427
-0.2201997427
-0.2201997427
2.018522905
0.122294175
0.7212217247
0.7212217247
0.7212217247
0.7212217247
0.7212217247
0.7212217247
1.15992109
0.0106665915
0.0106665915
0.0106665915
0.0106665915
0.0106665915
0.0106665915
0.3657013157
0.4918296002
1.714265337
1.714265337
1.558510647
1.272461573
1.272461573
1.272461573
1.272461573
1.272461573
1.272461573
1.272461573
1.272461573
1.463607894
1.72799007
1.72799007
1.72799007
1.72799007
1.72799007
1.667961834
0.1677602916
0.1677602916
0.1677602916
0.1677602916
0.1677602916
0.1677602916
1.738312493
1.738312493
0.3335779759
0.3335779759
0.3335779759
0.3335779759
0.3335779759
0.4656315276
0.4656315276
0.7916267305
0.7916267305
0.7916267305
0.7916267305
0.7916267305
0.7916267305
0.7916267305
0.7916267305
0.7916267305
0.7916267305
0.7916267305
0.7916267305
0.7916267305
0.7916267305
0.7916267305
1.11238627
1.11238627
1.11238627
1.11238627
1.11238627
1.11238627
1.541082838
1.541082838
0.6145673958
0.9971904072
0.9971904072
0.9971904072
1.656918284
1.272373355
1.272373355
1.272373355
1.272373355
1.464803054
1.464803054
0.5792954033
0.5792954033
0.8292852949
0.8292852949
0.8292852949
0.8292852949
0.8292852949
0.8292852949
0.8292852949
0.8292852949
0.7612784039
0.7612784039
0.7612784039
0.7612784039
0.7612784039
0.7612784039
0.04758086508
1.068312427
1.068312427
0.4399874095
0.4399874095
0.4399874095
1.547862989
1.547862989
1.547862989
1.547862989
1.547862989
-0.1804389784
0.6818068726
2.139173013
2.139173013
0.4479470711
1.301132478
1.301132478
1.301132478
1.301132478
1.301132478
1.301132478
0.2195461204
1.500006495
1.500006495
1.500006495
1.500006495
1.652249298
2.130604999
1.165155586
1.165155586
1.165155586
1.165155586
1.746143903
1.746143903
1.746143903
1.746143903
1.080089744
1.080089744
1.080089744
1.095098009
1.095098009
1.297109969
1.15185031
1.15185031
0.9892979208
0.9892979208
0.9892979208
0.9892979208
0.9892979208
0.9892979208
0.9892979208
0.9892979208
0.9892979208
1.50687626
0.3298435523
0.3298435523
1.091931647
1.091931647
1.091931647
1.091931647
1.091931647
1.091931647
1.091931647
1.091931647
1.061529976
1.061529976
1.061529976
1.061529976
1.668764406
0.5709541855
0.4195594934
-0.1711180316
1.998525017
1.998525017
1.998525017
1.998525017
1.998525017
1.998525017
1.998525017
1.643682442
0.2783703932
0.2783703932
0.2783703932
0.2783703932
0.2783703932
1.701099571
1.563730031
1.563730031
1.563730031
1.492174047
1.411808738
1.411808738
1.411808738
0.5683511281
0.5683511281
0.5683511281
0.5683511281
0.5683511281
0.5683511281
0.5683511281
1.008983649
1.008983649
1.008983649
1.903464251
0.6457038599
0.6457038599
0.6457038599
1.419062462
1.419062462
2.508693891
2.508693891
2.508693891
0.8758976794
0.8758976794
0.8758976794
0.9673411576
0.9673411576
0.9673411576
0.9673411576
0.9673411576
0.9673411576
0.9673411576
0.9673411576
0.9673411576
0.9673411576
0.8616973686
0.8616973686
0.8616973686
1.175503308
1.175503308
1.175503308
0.8270074947
0.8270074947
0.9244846356
0.9244846356
0.9244846356
0.9244846356
0.9244846356
0.9244846356
0.9244846356
0.9244846356
0.9244846356
0.9244846356
0.9244846356
0.9244846356
0.9244846356
0.9244846356
0.9244846356
0.9244846356
0.9244846356
1.816391325
0.1545290485
0.1545290485
0.1545290485
0.1545290485
0.1545290485
0.1545290485
0.3237654807
0.8163731035
0.8163731035
0.2571613904
0.4756018496
0.4756018496
0.6594821464
0.6594821464
0.6594821464
0.6594821464
0.6594821464
0.6594821464
0.6594821464
0.6594821464
0.4885546205
1.63499
1.63499
1.63499
1.63499
1.63499
1.63499
1.63499
1.63499
1.63499
1.63499
1.63499
1.728147698
1.748712926
0.8791396282
0.8791396282
0.8791396282
0.8791396282
0.8791396282
0.8791396282
0.8791396282
0.8791396282
0.8791396282
0.8791396282
1.045467398
1.045467398
1.045467398
0.6265225246
0.6265225246
0.6265225246
1.210725698
1.210725698
1.210725698
1.210725698
1.210725698
1.210725698
0.9193255044
0.9193255044
0.9193255044
0.9193255044
0.9193255044
0.9193255044
0.9193255044
0.9193255044
0.9193255044
0.9193255044
0.9193255044
0.9193255044
0.9193255044
0.1698163191
0.1698163191
0.1698163191
0.1698163191
1.476295309
0.6956789786
0.6956789786
0.6956789786
0.6956789786
0.6956789786
0.6956789786
0.6956789786
0.6956789786
0.812926585
0.812926585
0.812926585
1.492180626
1.492180626
1.492180626
1.492180626
1.492180626
1.492180626
1.492180626
1.492180626
1.813561406
1.22064853
1.22064853
1.22064853
1.22064853
1.22064853
1.22064853
1.22064853
1.22064853
1.22064853
1.22064853
1.22064853
1.22064853
1.22064853
1.22064853
1.22064853
1.22064853
1.084489893
1.084489893
1.084489893
1.084489893
1.084489893
1.084489893
1.084489893
1.084489893
1.084489893
0.4690653577
0.4690653577
0.4690653577
0.4690653577
0.4690653577
0.4690653577
0.4690653577
0.4690653577
0.4690653577
0.4690653577
1.115445169
1.115445169
1.498018448
1.469436254
1.124033069
1.124033069
1.124033069
1.124033069
1.124033069
1.124033069
1.124033069
0.6882228942
0.8539606189
0.8539606189
0.8539606189
0.8539606189
0.9311681735
0.9311681735
2.034198306
1.685111739
0.03991723666
1.240858075
1.240858075
1.240858075
1.240858075
1.240858075
1.240858075
1.240858075
1.240858075
1.240858075
1.240858075
1.240858075
1.240858075
1.240858075
1.240858075
1.240858075
1.240858075
0.776837487
0.776837487
0.776837487
0.776837487
0.776837487
0.776837487
0.776837487
0.776837487
0.776837487
0.776837487
0.776837487
0.776837487
0.776837487
0.776837487
0.776837487
1.262809768
1.262809768
1.262809768
1.262809768
1.262809768
1.262809768
1.262809768
1.262809768
1.262809768
0.3769882183
0.3769882183
0.3769882183
-0.08403754708
-0.08403754708
1.455871329
1.455871329
1.455871329
1.455871329
1.455871329
1.455871329
1.455871329
1.455871329
1.455871329
1.455871329
0.4132460148
0.4132460148
0.4132460148
0.4132460148
0.4132460148
0.4132460148
0.4132460148
0.4132460148
0.4132460148
2.794350155
2.794350155
1.807075436
1.627253836
1.853499319
1.853499319
1.852315905
1.852315905
1.852315905
1.852315905
1.852315905
1.852315905
1.725086509
1.725086509
1.725086509
1.725086509
0.1273266055
0.1273266055
0.4519717384
0.4519717384
0.4519717384
0.4519717384
0.4519717384
0.4519717384
0.4519717384
0.4519717384
0.4519717384
0.4519717384
0.6853499248
1.12124124
1.12124124
1.12124124
1.12124124
1.12124124
1.12124124
1.12124124
0.6334017166
0.6334017166
0.6334017166
0.4006846433
0.4006846433
0.4006846433
0.4006846433
0.41073814
0.41073814
-0.4022545716
-0.4022545716
-0.4022545716
-0.4022545716
2.328002673
2.328002673
2.328002673
2.328002673
2.328002673
2.328002673
1.167168422
1.167168422
1.167168422
1.167168422
1.167168422
1.167168422
1.167168422
1.167168422
1.167168422
1.167168422
1.167168422
1.167168422
1.839187593
0.5288942531
0.5288942531
0.5288942531
1.07689706
1.07689706
1.07689706
1.07689706
1.07689706
1.063635599
0.5709826863
0.5709826863
0.5709826863
0.5709826863
0.9360782508
0.9360782508
0.9360782508
1.044608374
1.044608374
1.044608374
1.044608374
1.044608374
1.044608374
1.044608374
1.044608374
1.044608374
1.044608374
1.044608374
0.4551372806
0.6942173725
0.6942173725
0.3070770532
0.3070770532
0.6818950271
1.121644621
1.121644621
1.065194348
1.065194348
1.065194348
1.065194348
1.065194348
1.065194348
1.065194348
1.065194348
1.065194348
1.065194348
1.065194348
1.065194348
1.065194348
1.065194348
1.065194348
1.065194348
1.065194348
1.065194348
1.065194348
1.065194348
1.065194348
1.065194348
1.065194348
1.065194348
1.065194348
1.065194348
0.6010991253
0.6010991253
0.6010991253
0.6010991253
0.6010991253
0.4454240299
0.2206574792
0.2206574792
0.2206574792
0.3827854245
0.9042698836
0.9042698836
0.9042698836
0.9042698836
0.9042698836
0.9042698836
0.9042698836
0.9042698836
0.4864236249
0.4864236249
0.4864236249
0.8311268732
0.8311268732
0.8311268732
0.8311268732
0.8311268732
0.8311268732
0.8311268732
0.8311268732
0.8311268732
0.8311268732
2.042985616
2.042985616
2.042985616
2.042985616
0.1162177114
1.189124043
1.189124043
1.189124043
1.189124043
1.189124043
1.189124043
1.189124043
1.189124043
1.189124043
1.189124043
1.189124043
1.189124043
1.189124043
0.8592226487
0.8592226487
0.8592226487
0.8592226487
0.8592226487
0.8592226487
0.8592226487
0.5568134949
0.5568134949
0.5568134949
0.9091115442
0.9091115442
0.9091115442
0.9091115442
0.9091115442
0.9091115442
0.9091115442
0.9091115442
0.9091115442
0.9091115442
0.9091115442
0.7867559268
0.9962312121
0.9962312121
0.9962312121
0.9962312121
0.9962312121
0.9962312121
0.9962312121
0.9962312121
0.9962312121
1.466570077
1.466570077
1.466570077
1.466570077
1.466570077
1.466570077
1.466570077
1.466570077
1.466570077
1.466570077
0.2592815428
0.2592815428
1.636199484
1.365256388
1.365256388
1.518190259
1.477737261
1.477737261
1.477737261
1.477737261
0.7462908426
0.7462908426
0.7462908426
0.7462908426
0.7462908426
0.7462908426
0.7462908426
0.7462908426
0.7462908426
0.7462908426
0.7462908426
0.7462908426
0.7462908426
0.7462908426
0.7462908426
0.7462908426
0.7462908426
1.55237231
1.55237231
0.838951996
0.838951996
0.838951996
0.838951996
0.838951996
0.838951996
1.645847736
1.645847736
0.4103566427
0.4103566427
0.4103566427
1.20834187
1.20834187
0.7527204561
0.7527204561
0.7527204561
0.8154768882
0.8154768882
1.85015802
1.85015802
2.091335448
2.091335448
0.994962548
1.036313927
1.036313927
1.036313927
1.036313927
1.036313927
1.036313927
1.036313927
1.036313927
1.036313927
1.036313927
1.036313927
1.036313927
1.036313927
1.036313927
1.036313927
1.036313927
1.036313927
1.036313927
1.193849793
1.193849793
1.193849793
1.193849793
0.5407108569
0.5407108569
0.5407108569
1.490038193
1.490038193
1.490038193
1.490038193
1.490038193
1.191899442
1.191899442
1.470341004
1.470341004
1.470341004
1.470341004
1.470341004
1.470341004
1.470341004
0.9861225198
0.9861225198
0.9861225198
0.9226848985
0.9226848985
1.172933757
1.172933757
1.172933757
0.7494163159
0.7494163159
0.7494163159
0.7494163159
1.455641369
1.455641369
1.455641369
1.455641369
1.455641369
1.455641369
1.455641369
1.455641369
1.455641369
1.455641369
1.455641369
1.066752195
1.066752195
1.066752195
1.066752195
1.066752195
1.066752195
1.066752195
1.066752195
1.224041428
1.224041428
1.020528384
1.020528384
1.020528384
1.020528384
1.020528384
1.020528384
1.07302117
0.5150318831
1.27220705
1.27220705
1.386551571
1.386551571
1.386551571
0.5955895281
0.5955895281
0.5955895281
0.5955895281
0.5955895281
0.7745179131
0.7745179131
0.7745179131
0.7745179131
0.7021948604
0.7021948604
0.7021948604
0.7021948604
0.7021948604
0.7021948604
0.7021948604
0.7021948604
1.084232071
1.084232071
1.084232071
1.127828979
1.127828979
1.127828979
1.127828979
1.127828979
1.127828979
0.7223519635
0.7223519635
0.7223519635
0.7223519635
1.595922349
1.479678015
1.479678015
0.7013700258
0.7013700258
1.327062936
1.327062936
1.01925084
0.6247296574
0.6247296574
0.6247296574
0.6247296574
0.6247296574
0.6247296574
0.6247296574
0.7866549078
0.7866549078
0.7866549078
0.7866549078
0.9998143018
0.9998143018
0.9998143018
0.9998143018
0.8830234502
0.8830234502
2.111889611
2.111889611
2.111889611
2.111889611
2.111889611
1.067633667
0.9054157467
0.9054157467
0.9054157467
0.9054157467
0.9054157467
0.9054157467
1.077901844
1.077901844
1.077901844
1.077901844
1.700890705
1.425922406
1.425922406
1.425922406
1.425922406
1.425922406
1.425922406
0.4573419383
0.4573419383
0.4573419383
0.4573419383
1.634000421
0.3798777538
0.1714798279
0.1714798279
0.1714798279
0.7201120689
1.186701075
1.186701075
1.492628081
1.492628081
1.492628081
1.492628081
0.7059755797
0.8401445272
0.8401445272
0.8401445272
0.8401445272
0.8401445272
0.8401445272
0.8401445272
0.8401445272
0.8401445272
0.8401445272
0.8401445272
0.8401445272
0.8401445272
0.8401445272
0.8401445272
0.8401445272
0.8401445272
0.8401445272
0.8401445272
0.8401445272
0.8401445272
0.8401445272
0.8401445272
0.8401445272
0.8401445272
0.8401445272
0.8401445272
0.8401445272
0.8401445272
0.8401445272
0.8401445272
0.8401445272
0.8401445272
1.623946876
1.623946876
1.619411505
1.619411505
1.539211307
1.539211307
0.5535914847
0.5535914847
0.5535914847
0.5535914847
0.5535914847
0.5535914847
0.5535914847
0.5535914847
1.053856163
1.053856163
1.053856163
1.053856163
1.053856163
1.053856163
1.053856163
2.228414838
0.7224489058
0.8038450537
0.8038450537
0.8038450537
0.8038450537
0.8038450537
0.8038450537
0.8038450537
0.8038450537
0.8038450537
2.039386094
1.546284476
1.546284476
1.546284476
1.546284476
1.546284476
1.546284476
1.546284476
1.546284476
1.546284476
1.546284476
1.546284476
1.546284476
0.2723143971
0.7760986638
0.7760986638
0.7760986638
0.7760986638
0.7995738655
0.7995738655
0.7995738655
0.7995738655
0.7995738655
1.474509643
1.474509643
1.474509643
0.7982993953
0.7982993953
0.7982993953
0.7982993953
0.7982993953
0.7982993953
0.7982993953
0.7982993953
0.7982993953
0.7982993953
0.7982993953
0.1755487438
0.09516059157
0.09516059157
0.3007255419
0.3007255419
0.3007255419
0.3007255419
0.3007255419
0.3007255419
0.3007255419
1.245063124
1.245063124
1.245063124
1.245063124
1.245063124
1.245063124
0.7156126013
0.7156126013
0.7156126013
0.7156126013
0.7156126013
0.7156126013
0.7156126013
0.7156126013
1.268252223
1.268252223
1.117926585
1.117926585
1.117926585
1.117926585
1.117926585
1.117926585
1.117926585
0.9217003142
0.9217003142
0.7482290059
0.7482290059
0.7482290059
0.7482290059
0.7482290059
0.7482290059
0.7482290059
0.7482290059
0.7482290059
0.7482290059
0.8100341869
0.8100341869
0.8100341869
0.8100341869
0.8100341869
0.8100341869
0.8100341869
0.8100341869
0.8100341869
0.8100341869
0.9936060439
0.9936060439
0.9936060439
0.9936060439
0.9936060439
0.9936060439
0.9436360896
0.9436360896
0.9436360896
0.9436360896
0.7681088232
0.7681088232
0.7681088232
0.7681088232
0.7681088232
0.7681088232
0.7681088232
0.7681088232
0.7681088232
0.7681088232
0.7681088232
0.2153438862
0.2153438862
0.3348634133
1.504172928
1.504172928
1.504172928
1.504172928
1.628139748
0.6361347502
0.6361347502
0.6361347502
0.6361347502
0.6361347502
0.6361347502
0.6361347502
0.6361347502
0.9452970212
0.9452970212
0.9452970212
0.02508871085
0.02508871085
0.8011820766
0.8011820766
1.369985833
1.369985833
1.369985833
1.369985833
1.369985833
1.369985833
1.369985833
1.369985833
0.7293332726
0.7293332726
0.7293332726
0.7293332726
0.3785770405
1.021508269
1.021508269
1.021508269
1.021508269
1.021508269
1.021508269
1.021508269
1.021508269
1.029861011
1.029861011
1.029861011
1.029861011
1.029861011
1.029861011
1.029861011
1.029861011
1.029861011
1.029861011
1.352273859
1.352273859
1.352273859
1.116235314
1.116235314
1.116235314
1.116235314
1.116235314
1.116235314
1.116235314
1.116235314
1.116235314
1.116235314
1.116235314
1.651790684
1.573265316
1.573265316
0.4996122873
0.4996122873
1.50307955
1.50307955
1.50307955
1.50307955
1.50307955
1.50307955
1.79366082
1.79366082
1.79366082
0.2107750775
0.2107750775
1.696992293
1.223927633
1.223927633
0.5261157924
0.5261157924
0.5261157924
0.5261157924
0.5261157924
0.5261157924
0.5261157924
0.5261157924
0.5261157924
0.8417845582
0.8417845582
0.8417845582
0.8417845582
1.124416127
1.124416127
1.124416127
1.124416127
-0.4506938576
1.666547152
2.022252387
2.022252387
2.022252387
2.022252387
2.022252387
2.022252387
1.149338822
1.204533646
1.204533646
1.204533646
1.204533646
1.431435461
1.431435461
1.431435461
1.431435461
1.431435461
1.431435461
0.7067984082
1.511132249
1.286621764
1.286621764
1.520613848
1.520613848
1.520613848
1.520613848
1.520613848
1.355579036
1.355579036
1.124358913
1.0586405
0.6517135253
0.6517135253
0.4341037764
0.4341037764
0.4341037764
0.4341037764
0.4341037764
0.4341037764
0.4341037764
0.4341037764
0.4341037764
0.4341037764
0.3223336763
0.2723430437
0.2723430437
0.2723430437
0.2723430437
0.2723430437
1.237933724
1.237933724
1.237933724
0.7900344784
0.7900344784
0.6938771525
0.6938771525
0.6938771525
0.6938771525
0.6938771525
0.6938771525
0.6938771525
1.364140233
1.364140233
1.364140233
-0.004533900862
-0.004533900862
-0.004533900862
2.180932251
2.180932251
2.180932251
2.180932251
2.180932251
0.9877865504
0.9877865504
0.7113259188
0.7113259188
0.7113259188
0.7113259188
0.7113259188
0.7113259188
1.485934979
1.485934979
1.485934979
1.485934979
1.485934979
1.485934979
1.43321374
1.43321374
0.5062279077
0.6124799015
0.6124799015
0.6124799015
0.6124799015
0.6124799015
0.6124799015
0.6124799015
0.6124799015
0.6124799015
0.6124799015
0.6124799015
0.6124799015
0.6124799015
0.6124799015
0.998003628
0.998003628
0.998003628
0.998003628
0.3017187598
0.3017187598
0.3017187598
0.3017187598
0.3017187598
0.2039172909
0.2039172909
0.2039172909
-0.09867362037
-0.09867362037
1.002774554
1.002774554
1.002774554
1.002774554
1.002774554
1.002774554
1.002774554
1.948647094
1.948647094
1.948647094
1.948647094
1.948647094
1.948647094
-0.1966495647
-0.1966495647
-0.1966495647
-0.1966495647
-0.1966495647
-0.1966495647
1.550081517
1.550081517
1.550081517
1.550081517
1.412883578
1.412883578
1.412883578
1.412883578
1.412883578
1.412883578
1.412883578
1.190727716
1.190727716
1.190727716
1.190727716
1.190727716
1.190727716
1.190727716
1.190727716
1.260219112
1.260219112
1.260219112
1.260219112
1.260219112
1.260219112
1.260219112
1.260219112
1.260219112
1.260219112
1.260219112
1.260219112
1.260219112
1.260219112
1.260219112
0.9485821333
0.9485821333
0.9485821333
0.9485821333
0.9485821333
0.9485821333
0.9485821333
0.9485821333
0.9485821333
0.9485821333
0.9485821333
1.739404805
1.217396652
1.217396652
1.217396652
1.217396652
1.217396652
1.217396652
1.217396652
1.217396652
1.217396652
1.217396652
1.217396652
1.123393821
1.123393821
1.502104341
1.502104341
2.046421155
1.96361463
1.96361463
1.96361463
1.853866026
1.853866026
0.852659099
0.8012460424
0.7740254004
0.7740254004
0.7740254004
0.7740254004
0.7740254004
0.7740254004
0.7740254004
0.7740254004
0.5272581717
0.5272581717
-0.3872355562
-0.3872355562
-0.3872355562
-0.3872355562
0.6358109451
0.6358109451
0.7755363179
0.2602098335
0.2602098335
0.2602098335
0.8373346628
0.5806008979
0.5806008979
1.550557004
0.7961032443
0.7961032443
0.7961032443
0.7961032443
0.7961032443
0.7961032443
0.7961032443
0.7961032443
0.7961032443
0.7961032443
0.7961032443
0.7961032443
0.7961032443
0.7961032443
0.7961032443
0.7961032443
0.7961032443
0.7961032443
0.7961032443
0.7961032443
0.7961032443
1.383281683
1.383281683
1.383281683
1.383281683
1.383281683
1.440209663
1.797588681
1.797588681
0.4354098212
0.4354098212
0.4354098212
0.4354098212
0.4354098212
0.3976470297
0.3976470297
0.3976470297
-0.06490062302
-0.06490062302
-0.06490062302
-0.06490062302
-0.06490062302
-0.06490062302
-0.06490062302
-0.06490062302
-0.06490062302
0.238054068
1.630376754
1.630376754
1.630376754
1.630376754
1.630376754
1.630376754
1.630376754
1.712307226
1.103119523
1.103119523
1.103119523
1.103119523
1.103119523
1.871780695
1.336379171
1.336379171
1.336379171
1.336379171
1.548141392
1.548141392
1.548141392
1.548141392
1.548141392
0.6629427169
0.8710156081
1.54707123
1.54707123
1.54707123
1.54707123
1.54707123
1.795589917
0.6475353642
1.558209026
1.558209026
1.558209026
1.558209026
0.305382808
0.305382808
0.305382808
0.305382808
0.305382808
0.305382808
0.914477367
0.914477367
0.914477367
1.453491319
0.8051649008
0.8051649008
0.8051649008
0.8051649008
0.9721331058
0.9721331058
0.9721331058
0.9721331058
0.9721331058
0.9721331058
0.9721331058
0.9721331058
0.9721331058
0.9721331058
0.9721331058
1.370347022
0.5875943401
0.5875943401
0.9790153649
0.9790153649
0.9790153649
2.311131476
2.311131476
-0.2336064975
0.02958490859
0.405700419
0.405700419
0.405700419
0.405700419
1.673109422
1.673109422
1.325489387
1.325489387
1.325489387
1.325489387
1.325489387
1.325489387
1.325489387
1.201574436
1.201574436
1.201574436
1.201574436
1.201574436
1.201574436
1.201574436
1.201574436
1.201574436
1.201574436
1.201574436
1.201574436
1.201574436
1.201574436
1.201574436
1.201574436
1.201574436
1.201574436
1.201574436
0.04798069516
0.5333661265
0.5333661265
0.5333661265
0.5333661265
0.5333661265
0.5333661265
0.5333661265
1.036736203
1.036736203
1.036736203
1.036736203
1.036736203
1.773532671
0.9800742072
0.9800742072
0.9800742072
0.9800742072
0.7316199036
0.7316199036
0.7316199036
0.7316199036
1.355379085
1.355379085
1.355379085
1.355379085
0.8516780767
0.8516780767
1.689381129
1.689381129
1.689381129
1.689381129
1.689381129
1.689381129
1.689381129
0.6814903171
0.6814903171
0.6814903171
0.6814903171
0.6814903171
0.6814903171
0.6814903171
0.6814903171
0.6814903171
0.6814903171
0.6814903171
0.6814903171
0.6814903171
0.6814903171
0.6814903171
0.6814903171
1.292001102
1.292001102
1.292001102
1.292001102
1.052104247
1.052104247
0.4251856829
0.4251856829
0.4251856829
1.018427997
1.018427997
1.018427997
1.018427997
0.1943942425
0.1943942425
0.1943942425
0.1943942425
1.270387813
1.270387813
0.372703039
0.372703039
0.372703039
0.372703039
0.372703039
1.743144477
1.743144477
1.513125698
1.019832095
1.019832095
1.019832095
1.882088361
1.882088361
1.249888265
1.249888265
1.249888265
1.249888265
1.249888265
1.249888265
1.249888265
1.249888265
1.249888265
1.42578684
1.42578684
1.42578684
1.42578684
1.42578684
1.42578684
1.42578684
1.42578684
1.116726679
1.116726679
1.116726679
1.116726679
1.116726679
1.116726679
1.116726679
1.116726679
1.116726679
1.116726679
1.116726679
1.116726679
1.116726679
1.116726679
1.116726679
1.116726679
0.8643434682
0.8643434682
0.8643434682
0.8643434682
0.4767041975
1.33417075
1.33417075
1.481992119
1.481992119
1.481992119
1.481992119
1.481992119
1.481992119
1.481992119
-0.5370764377
-0.5370764377
-0.5370764377
-0.5370764377
0.09099713199
0.09099713199
0.09099713199
1.583219772
0.7173056048
0.7173056048
0.7173056048
0.7173056048
0.7173056048
0.7173056048
0.7173056048
1.072960908
1.072960908
1.072960908
1.550829227
1.550829227
1.550829227
1.550829227
0.8141904025
0.8141904025
1.540122227
1.540122227
0.6858838867
0.9673168016
0.9673168016
0.9673168016
0.9673168016
0.9673168016
0.9673168016
1.170300147
1.170300147
1.170300147
1.170300147
1.531957984
1.531957984
1.531957984
0.8005910746
0.8005910746
0.8005910746
0.8005910746
1.743098879
1.743098879
1.743098879
1.743098879
0.2393683975
0.2393683975
0.2393683975
0.2393683975
1.337239473
1.337239473
1.37082485
1.37082485
1.37082485
1.37082485
1.37082485
1.37082485
1.37082485
0.7167743104
0.7167743104
0.7167743104
2.042097228
2.042097228
2.042097228
-0.1618258974
1.445224329
1.445224329
1.445224329
1.445224329
1.445224329
1.445224329
1.445224329
1.445224329
1.567142765
0.9058475916
0.08699919117
0.08699919117
0.08699919117
0.08699919117
1.408642762
1.408642762
1.408642762
1.408642762
1.408642762
1.408642762
1.408642762
1.408642762
1.408642762
1.408642762
1.614428027
0.7710580453
0.7710580453
0.7710580453
0.7710580453
0.7710580453
0.7710580453
0.7710580453
0.7710580453
0.7710580453
1.826648468
1.826648468
1.826648468
1.826648468
1.826648468
1.881471745
1.40942739
1.40942739
1.40942739
1.40942739
1.40942739
1.40942739
1.40942739
1.456446062
0.5938719865
1.418711847
1.418711847
0.6855922403
0.6855922403
0.6855922403
0.6855922403
0.6855922403
0.6855922403
0.6855922403
0.6855922403
0.6855922403
0.6855922403
0.6855922403
0.6855922403
0.6855922403
0.6855922403
0.6855922403
0.6855922403
0.6855922403
0.8406158491
0.8406158491
0.6061118248
0.6061118248
0.6061118248
1.017946265
1.017946265
1.017946265
1.017946265
1.017946265
1.017946265
1.029497527
1.029497527
1.029497527
1.029497527
1.029497527
1.029497527
1.029497527
1.029497527
1.029497527
1.029497527
1.029497527
1.029497527
1.029497527
0.8519550362
-0.2590300592
-0.2590300592
-0.2590300592
-0.2590300592
0.1828546777
0.1828546777
0.1828546777
0.1828546777
0.5163049188
0.5163049188
0.5163049188
0.5163049188
0.5163049188
0.5163049188
0.5163049188
0.5163049188
0.5163049188
0.5163049188
1.178767999
0.2323173362
0.9691913612
0.622569336
0.622569336
0.622569336
0.622569336
0.622569336
0.622569336
0.622569336
0.622569336
0.622569336
0.622569336
0.622569336
0.622569336
0.622569336
0.622569336
0.622569336
0.622569336
0.622569336
0.622569336
0.622569336
0.622569336
0.622569336
0.622569336
0.622569336
0.622569336
0.622569336
0.622569336
0.9182515804
0.9182515804
0.9182515804
0.9182515804
0.9182515804
0.9182515804
0.7355890607
0.1785733731
-0.0882888313
-0.0882888313
-0.0882888313
-0.0882888313
-0.0882888313
-0.0882888313
-0.0882888313
-0.0882888313
-0.0882888313
0.6046250066
0.6046250066
1.063226567
1.063226567
1.063226567
1.063226567
1.396725893
1.396725893
1.396725893
1.396725893
0.08366807255
1.282593433
1.014319931
1.014319931
1.014319931
1.014319931
1.014319931
1.014319931
0.6216184479
0.8869615651
0.8869615651
0.7451251468
0.7451251468
0.7451251468
0.7451251468
0.7451251468
0.4578232696
-0.5268672691
-0.5268672691
-0.5268672691
-0.5268672691
0.1817669482
0.1817669482
1.250201354
0.1608638861
0.1608638861
1.748368709
0.8954858795
0.8954858795
0.8954858795
0.8954858795
0.8954858795
0.8954858795
0.8954858795
0.8954858795
0.8954858795
0.8954858795
0.8954858795
0.8954858795
0.8954858795
0.8954858795
0.8954858795
0.8954858795
0.8954858795
0.8954858795
0.8954858795
0.8954858795
0.8954858795
0.8954858795
1.087665088
1.087665088
1.087665088
1.087665088
1.087665088
1.087665088
1.18554157
1.18554157
0.04770568365
0.1868995104
0.1868995104
0.1868995104
0.1868995104
0.1868995104
0.1868995104
0.1868995104
0.1868995104
1.349297325
1.349297325
1.349297325
1.589116458
1.589116458
1.589116458
1.589116458
1.589116458
1.589116458
1.589116458
1.589116458
1.589116458
1.313220944
1.313220944
1.313220944
1.313220944
1.313220944
1.313220944
1.313220944
1.313220944
1.313220944
1.313220944
1.174386534
1.174386534
1.174386534
0.6511909674
0.6511909674
1.794975505
1.794975505
1.794975505
1.4021217
1.4021217
0.8423444615
0.8423444615
0.4472785686
0.4472785686
0.4472785686
0.4472785686
0.4472785686
0.4472785686
0.4472785686
0.4472785686
0.4472785686
0.4472785686
1.467694047
1.467694047
0.7870008819
1.126986174
1.126986174
1.126986174
1.126986174
0.7763603196
0.7763603196
0.7763603196
1.04035448
1.04035448
1.04035448
1.04035448
0.7311439306
0.7311439306
0.6387374209
0.6387374209
0.6387374209
0.6387374209
0.6387374209
0.6387374209
0.6387374209
0.1599715367
-0.1342583272
-0.4184615352
1.627417776
1.627417776
1.787196583
1.787196583
1.787196583
1.787196583
1.787196583
-0.1004002782
-0.1004002782
0.7690143556
0.7690143556
0.7690143556
1.612499155
1.675485529
0.2627308559
0.2627308559
0.5059495648
0.5059495648
0.5059495648
0.5059495648
0.5059495648
0.6367970042
0.6367970042
0.6367970042
1.005356296
1.005356296
1.189511715
1.189511715
1.189511715
1.189511715
1.189511715
1.189511715
1.189511715
1.189511715
1.384226442
1.384226442
1.384226442
1.384226442
1.384226442
0.6875371758
0.6875371758
0.6875371758
0.6875371758
0.6875371758
0.6738721166
0.6738721166
0.2765271907
0.2765271907
0.2765271907
0.2765271907
0.2765271907
0.2765271907
0.2765271907
0.2765271907
1.932814465
1.932814465
1.932814465
1.932814465
1.932814465
1.932814465
1.932814465
1.317446434
1.317446434
1.317446434
1.317446434
1.317446434
1.317446434
1.317446434
1.317446434
1.317446434
1.317446434
1.317446434
1.394703546
1.394703546
1.394703546
1.025733873
1.025733873
1.025733873
1.025733873
1.025733873
1.025733873
1.025733873
1.025733873
1.025733873
1.025733873
1.385840179
1.385840179
1.385840179
1.385840179
1.385840179
1.385840179
1.386587535
1.386587535
1.386587535
1.386587535
1.386587535
1.386587535
0.8368091778
1.381804343
1.09249682
1.09249682
1.09249682
1.09249682
1.09249682
1.09249682
1.09249682
1.09249682
1.09249682
1.09249682
1.09249682
1.09249682
1.09249682
1.09249682
1.09249682
1.09249682
1.09249682
0.8654248825
1.837138084
1.837138084
1.837138084
1.837138084
1.837138084
1.185691362
1.185691362
1.185691362
0.4530160238
0.4530160238
0.8605947452
0.6980907252
0.6980907252
1.835976599
1.835976599
1.835976599
1.835976599
1.835976599
1.835976599
1.421732259
1.421732259
1.421732259
1.421732259
0.9021870583
0.5624386959
0.5624386959
0.5624386959
0.5624386959
0.5624386959
1.658292677
1.658292677
1.658292677
1.658292677
1.20277826
1.20277826
1.20277826
1.20277826
1.20277826
0.8488798513
0.8488798513
0.8488798513
0.9807346857
0.9807346857
0.9807346857
1.009200771
1.009200771
0.8199996361
0.959301739
0.959301739
0.959301739
0.959301739
0.959301739
0.959301739
0.959301739
1.142898791
0.5128872834
0.5128872834
0.5128872834
0.5128872834
0.5128872834
0.5128872834
-0.2206373491
-0.2206373491
-0.2206373491
-0.2206373491
-0.2103917365
-0.2530471296
-0.2530471296
-0.2530471296
-0.2530471296
-0.2530471296
-0.7192225749
1.540327662
1.036714647
1.515176096
1.236426912
1.236426912
1.236426912
0.6406578627
0.6406578627
0.6406578627
0.6406578627
1.215654264
1.215654264
0.7401367327
0.7401367327
0.7401367327
0.7401367327
0.7401367327
0.7401367327
0.7401367327
0.7401367327
0.7401367327
0.7401367327
0.7401367327
0.7401367327
0.1289935742
0.1289935742
0.1289935742
0.1289935742
0.1938770999
0.1938770999
0.1938770999
-0.01733925061
-0.01733925061
0.1609761647
1.887442843
1.887442843
1.887442843
1.887442843
1.887442843
1.887442843
1.017988928
1.017988928
0.6310120398
0.6310120398
0.6310120398
0.7843577441
0.7843577441
1.96953608
1.207891856
1.207891856
1.207891856
1.207891856
1.207891856
1.207891856
1.207891856
1.207891856
1.207891856
1.207891856
1.207891856
1.207891856
1.207891856
1.207891856
1.207891856
1.207891856
1.207891856
1.207891856
1.207891856
1.207891856
1.207891856
1.207891856
1.207891856
1.647776752
1.647776752
1.647776752
1.647776752
2.168228232
-0.237736954
2.20319948
2.20319948
0.7878869007
0.7878869007
0.7878869007
1.445048196
1.445048196
1.445048196
1.445048196
1.445048196
1.445048196
1.445048196
1.445048196
1.445048196
1.445048196
1.445048196
1.695859731
1.695859731
1.695859731
1.695859731
1.695859731
0.7674681634
0.7674681634
0.7674681634
0.7674681634
0.7674681634
0.7674681634
0.7674681634
0.7674681634
0.7674681634
0.5404238231
0.5404238231
0.5404238231
0.8110875425
0.8110875425
0.8110875425
0.8110875425
0.8110875425
0.8110875425
0.8110875425
1.329306302
0.9815985632
0.9815985632
0.9815985632
0.9815985632
1.203356053
1.203356053
1.203356053
1.203356053
1.203356053
1.158154795
1.533280094
1.533280094
1.533280094
1.533280094
1.533280094
1.034036574
1.034036574
1.034036574
1.323319661
1.323319661
1.323319661
1.323319661
1.323319661
1.323319661
1.323319661
0.8167969553
0.8581502727
0.8581502727
0.8581502727
0.8581502727
0.6313911619
0.6313911619
0.6313911619
0.6313911619
0.6313911619
0.6313911619
0.6313911619
0.6313911619
0.1952557306
0.1952557306
0.1952557306
0.1952557306
0.1952557306
1.805008887
1.805008887
1.805008887
1.805008887
1.805008887
1.805008887
0.5657098916
0.5657098916
0.5657098916
0.5657098916
0.5657098916
0.5657098916
0.5657098916
0.9146377623
0.9146377623
0.9146377623
0.9146377623
0.9146377623
0.9146377623
0.9146377623
0.9146377623
1.072391457
1.072391457
1.072391457
1.072391457
1.072391457
1.072391457
1.072391457
1.072391457
1.072391457
1.072391457
1.072391457
1.072391457
1.072391457
1.072391457
1.072391457
1.072391457
0.3351931459
0.3351931459
-0.07967198829
-0.07967198829
-0.07967198829
0.8802902682
0.8802902682
1.765822675
1.765822675
1.765822675
1.765822675
1.765822675
1.642290706
1.799921992
1.799921992
0.8123836132
0.8123836132
0.8123836132
1.378488292
1.150418254
1.596678995
0.9456636432
0.9456636432
0.9456636432
0.9456636432
0.9456636432
0.9456636432
0.9456636432
0.9456636432
2.126482664
2.126482664
2.126482664
0.6587767091
0.6587767091
0.6587767091
0.8460334137
0.8460334137
0.9918537324
0.9918537324
0.9918537324
0.9418670554
0.9418670554
0.9418670554
1.732159991
1.732159991
1.732159991
1.732159991
1.732159991
1.732159991
1.732159991
1.732159991
0.7819265072
0.7819265072
0.7819265072
0.7819265072
0.7819265072
0.7819265072
0.9944825817
0.9944825817
0.9944825817
0.9944825817
0.7470920664
0.9997072305
0.9997072305
0.9997072305
0.9997072305
0.9997072305
0.9997072305
0.9997072305
0.9997072305
0.9997072305
0.9997072305
0.9997072305
0.9997072305
0.7052823988
1.709366669
0.2604031144
0.2604031144
0.2604031144
0.4515551519
0.4515551519
1.072146486
1.072146486
1.072146486
1.072146486
1.072146486
1.072146486
0.9666434758
2.031088338
2.207930408
-0.1090467855
-0.1090467855
-0.1090467855
1.159630485
1.159630485
1.159630485
1.159630485
1.159630485
1.159630485
1.159630485
1.159630485
0.7828880646
0.7828880646
1.309637965
1.309637965
1.309637965
1.309637965
1.309637965
1.309637965
1.309637965
1.309637965
1.309637965
1.309637965
1.309637965
1.309637965
1.309637965
1.309637965
1.309637965
1.309637965
1.309637965
1.309637965
1.309637965
1.309637965
1.309637965
1.141618717
0.9451341422
1.436603967
2.110833096
2.110833096
2.110833096
2.110833096
1.040978115
0.8777276518
0.8777276518
0.8777276518
0.8777276518
0.8777276518
0.8777276518
0.8777276518
0.8777276518
0.8777276518
0.8777276518
0.8777276518
0.8777276518
0.8777276518
0.8777276518
0.8777276518
0.8777276518
0.9764123572
0.9764123572
0.6178439477
0.6178439477
0.6178439477
0.6178439477
0.704267159
0.704267159
0.704267159
0.6887321268
0.6887321268
0.6887321268
0.6999195112
0.6999195112
0.6999195112
0.6999195112
0.6999195112
0.6999195112
0.6999195112
0.6999195112
0.6999195112
0.6999195112
0.5349987772
0.5349987772
0.5349987772
0.5349987772
0.5349987772
0.5349987772
0.5349987772
0.5349987772
0.5349987772
0.5199439723
0.5199439723
0.5199439723
0.5199439723
0.5199439723
0.5199439723
0.8627220842
0.8627220842
0.8627220842
0.8627220842
0.8627220842
0.8627220842
0.8627220842
0.8627220842
0.8627220842
0.8627220842
0.8627220842
0.8627220842
0.8627220842
0.8627220842
0.8627220842
0.8627220842
0.8627220842
0.8627220842
0.8627220842
0.8627220842
0.8627220842
0.8627220842
0.8627220842
0.8627220842
0.8627220842
0.8627220842
0.8627220842
0.8627220842
0.8627220842
1.649234526
1.649234526
1.649234526
1.649234526
1.168504704
1.015670365
1.015670365
1.015670365
1.015670365
1.015670365
1.015670365
1.015670365
1.015670365
1.015670365
1.298680483
1.298680483
1.298680483
1.298680483
1.298680483
1.298680483
1.530042078
1.530042078
1.530042078
1.33854684
1.33854684
1.33854684
1.33854684
1.062322887
1.062322887
1.062322887
1.062322887
1.062322887
1.062322887
1.062322887
1.062322887
1.062322887
1.062322887
1.062322887
1.039359221
1.039359221
1.039359221
1.039359221
1.039359221
1.039359221
1.039359221
1.039359221
1.293286706
1.293286706
1.293286706
1.293286706
1.293286706
1.293286706
1.293286706
1.293286706
1.293286706
1.293286706
0.7869571299
0.7869571299
0.7589581501
0.7589581501
0.6096823089
0.6096823089
0.6096823089
1.304126084
0.333534451
0.333534451
0.333534451
0.333534451
0.333534451
0.333534451
0.333534451
0.333534451
0.333534451
1.872802947
1.872802947
1.872802947
1.872802947
1.872802947
1.872802947
1.872802947
1.872802947
1.872802947
2.022756357
2.022756357
2.022756357
0.5118968967
0.5118968967
0.5118968967
0.5118968967
0.5118968967
0.5118968967
0.5118968967
0.5118968967
0.5118968967
0.5118968967
1.5679504
1.5679504
1.5679504
0.2293290057
0.2293290057
0.5947621679
0.5947621679
1.683234266
1.683234266
1.683234266
-0.05769635652
-0.05769635652
-0.05769635652
-0.05769635652
0.3933707776
0.3933707776
0.3933707776
0.3933707776
0.3933707776
0.7853611413
0.7853611413
1.864784216
1.864784216
1.864784216
0.4579522744
0.708319614
0.708319614
0.708319614
1.262699392
0.8368738307
0.8368738307
1.395967921
1.395967921
1.395967921
1.395967921
1.395967921
1.395967921
1.395967921
1.395967921
1.395967921
1.395967921
1.395967921
1.395967921
1.595143891
1.595143891
1.595143891
1.595143891
0.2378452443
0.2378452443
1.579796116
1.579796116
1.579796116
1.579796116
1.579796116
1.579796116
1.219225428
1.219225428
1.219225428
1.219225428
1.219225428
1.002420972
1.002420972
1.002420972
1.002420972
1.002420972
1.002420972
0.554530866
0.554530866
0.554530866
0.6378070417
0.6378070417
0.6378070417
0.6378070417
0.6378070417
0.6378070417
0.6378070417
0.6378070417
0.6378070417
0.5622236898
0.5622236898
0.5622236898
0.5622236898
0.5622236898
0.5622236898
0.8745626734
0.9363540101
0.9363540101
0.9363540101
0.4889869771
0.4889869771
0.4889869771
0.4889869771
0.4889869771
0.4889869771
0.4889869771
0.4889869771
0.4889869771
0.4889869771
0.4889869771
0.4889869771
0.2294771379
0.2294771379
0.2294771379
0.2294771379
0.2294771379
0.2294771379
1.383274369
1.010349551
0.06658571973
0.116903624
0.116903624
0.116903624
0.1392309981
0.1392309981
0.1392309981
0.4600592442
0.4600592442
0.4600592442
0.4600592442
0.4600592442
0.4600592442
1.767607882
1.767607882
0.3684936349
-0.4005280122
-0.4005280122
0.7402593849
0.7402593849
0.7402593849
0.7402593849
1.233286633
1.233286633
1.233286633
1.337346833
1.337346833
1.337346833
1.337346833
1.337346833
0.2806628915
0.2806628915
0.2806628915
0.2806628915
0.2806628915
1.448912582
1.448912582
1.448912582
1.448912582
1.448912582
1.448912582
1.448912582
1.448912582
1.424873485
1.424873485
1.424873485
1.424873485
1.424873485
0.5299268122
0.9060403827
0.8051938192
0.8051938192
0.8051938192
0.8051938192
0.8051938192
0.8051938192
0.8051938192
0.8051938192
0.8051938192
0.8051938192
0.8520250936
0.8520250936
0.8520250936
0.8520250936
1.028989196
1.028989196
1.728378168
1.728378168
0.9501702549
0.9501702549
0.6621127359
0.6621127359
0.6621127359
0.6621127359
0.6621127359
1.386363533
1.386363533
1.386363533
1.386363533
1.386363533
0.4768265568
0.4768265568
0.4768265568
0.4768265568
0.4768265568
0.4768265568
0.4768265568
0.4768265568
0.4768265568
1.771630198
1.771630198
1.771630198
1.757820187
1.757820187
1.757820187
0.294536641
0.294536641
0.294536641
0.5702795591
0.5702795591
0.5702795591
0.5702795591
0.5702795591
0.5702795591
0.5702795591
0.7758566543
1.525232467
1.862212018
0.1243976719
0.1243976719
0.1243976719
0.1243976719
0.1243976719
1.899034566
1.899034566
1.515610582
1.515610582
1.515610582
1.515610582
0.8561702833
0.8561702833
0.8561702833
0.8561702833
0.8561702833
0.8561702833
1.143780983
1.143780983
0.2443524715
0.2369651425
1.711990494
0.8938738701
0.8938738701
0.8938738701
0.8938738701
0.8938738701
0.8938738701
0.8938738701
0.8938738701
0.8938738701
0.8938738701
0.3543958906
0.2858797528
0.2858797528
0.9393024796
0.9393024796
1.718804197
0.2857945819
0.2857945819
0.2857945819
0.2857945819
0.2857945819
0.2857945819
1.676652972
1.676652972
1.676652972
1.676652972
1.676652972
0.9280779588
0.5877101956
0.8547703505
0.8547703505
0.8547703505
0.8547703505
0.8547703505
0.8547703505
0.8547703505
0.8547703505
0.8547703505
0.8547703505
1.574312477
1.529762678
0.979555439
0.979555439
0.666803577
0.666803577
0.666803577
0.666803577
0.666803577
0.666803577
1.86404916
1.86404916
1.86404916
1.793485345
1.793485345
1.793485345
1.807963606
1.807963606
1.838504188
1.838504188
1.838504188
0.4065927511
0.4065927511
0.4065927511
0.1592756219
0.1592756219
0.1592756219
1.209261478
1.209261478
1.209261478
1.209261478
1.209261478
1.209261478
1.29286335
1.29286335
1.29286335
0.9753805138
0.9753805138
0.9753805138
0.9753805138
0.9753805138
0.9753805138
0.9753805138
0.9753805138
0.9753805138
0.9753805138
0.9753805138
0.9753805138
0.9753805138
0.9753805138
1.626890218
1.626890218
1.626890218
0.5705473249
1.025412697
1.025412697
1.025412697
1.025412697
1.025412697
1.025412697
1.025412697
1.025412697
1.025412697
1.025412697
1.025412697
1.204145759
1.204145759
1.204145759
1.204145759
1.204145759
1.204145759
1.204145759
1.204145759
0.8901672528
0.8901672528
0.8901672528
0.8901672528
0.8901672528
0.05328130877
0.05328130877
0.05328130877
1.422215096
1.422215096
1.422215096
1.422215096
1.422215096
1.422215096
1.422215096
1.422215096
1.422215096
1.422215096
1.324127028
1.324127028
0.2869537187
0.2869537187
0.2869537187
0.9546079581
0.9546079581
0.9546079581
0.4632518387
0.4632518387
0.4632518387
0.4632518387
1.267934365
0.8099035341
0.8099035341
1.038953545
1.038953545
0.8357701525
1.34155113
1.34155113
1.34155113
1.34155113
1.34155113
1.585309662
1.585309662
1.585309662
1.585309662
1.585309662
1.585309662
1.585309662
0.7178752304
1.778176544
0.2336252253
0.2336252253
0.2336252253
0.5407651885
0.5407651885
0.5407651885
0.5407651885
0.5407651885
1.110281803
1.110281803
1.110281803
1.110281803
1.110281803
1.110281803
1.110281803
1.110281803
1.110281803
1.53497961
1.53497961
1.53497961
1.53497961
0.4055423697
1.293053603
1.293053603
1.293053603
1.293053603
1.293053603
1.293053603
1.293053603
1.293053603
1.293053603
1.417700921
1.417700921
1.417700921
1.417700921
1.417700921
0.5759465579
0.5759465579
0.9059301805
0.9059301805
0.5911805554
0.5911805554
0.5911805554
0.5911805554
0.5911805554
0.5911805554
0.5911805554
1.059003793
1.267768936
1.267768936
1.267768936
0.8564702776
0.8564702776
0.8564702776
0.8564702776
0.8564702776
0.8564702776
0.8564702776
0.8564702776
0.8564702776
0.8564702776
1.50026794
0.5958291373
0.5958291373
1.290985519
1.290985519
1.290985519
1.279524845
2.00247037
2.00247037
2.00247037
2.00247037
2.00247037
2.00247037
2.00247037
2.00247037
2.00247037
2.00247037
2.00247037
2.00247037
2.00247037
1.216896604
1.216896604
1.216896604
1.216896604
1.216896604
1.216896604
1.216896604
1.216896604
1.216896604
0.6978155852
0.6978155852
1.207014367
1.207014367
1.229696826
1.229696826
1.229696826
1.229696826
1.229696826
1.229696826
1.229696826
1.229696826
1.229696826
0.5073181876
0.5073181876
0.5073181876
0.5073181876
0.3058489513
0.3058489513
1.928039682
0.1497210517
0.1497210517
1.276046781
1.276046781
1.276046781
1.276046781
1.276046781
0.8543036966
0.8226315093
1.690717313
1.690717313
1.690717313
1.690717313
1.690717313
1.690717313
1.690717313
1.690717313
0.7358104998
0.7358104998
0.7358104998
0.7358104998
0.7358104998
0.7358104998
0.7358104998
0.7358104998
0.7358104998
0.830037848
-0.1212217866
1.29050656
1.29050656
-0.06214179495
1.46722591
1.46722591
1.46722591
1.46722591
0.7263652414
0.7263652414
0.7570365435
0.7570365435
0.6188453697
0.6188453697
0.7843904538
0.7843904538
0.7843904538
1.833299296
1.833299296
1.833299296
1.833299296
1.833299296
1.833299296
0.6186770845
1.055452884
1.343317751
1.343317751
0.4845813789
0.4845813789
0.4845813789
0.4432509131
0.4432509131
1.000455109
1.000455109
1.000455109
1.000455109
1.000455109
1.000455109
0.5113691113
0.5113691113
0.7137161299
0.7137161299
0.7137161299
0.7137161299
0.7827283417
0.7827283417
0.7827283417
1.045391049
1.045391049
0.4316138997
0.4316138997
0.4316138997
0.4316138997
1.9376185
1.9376185
1.068360542
1.068360542
1.068360542
1.30742952
1.30742952
1.30742952
1.30742952
1.30742952
1.30742952
1.30742952
1.30742952
2.20428281
2.20428281
2.20428281
1.257602708
1.257602708
1.257602708
2.178977579
2.178977579
2.178977579
2.178977579
2.133825023
2.133825023
1.788114195
1.788114195
1.788114195
1.652325475
1.325418902
1.325418902
1.325418902
1.325418902
1.325418902
1.325418902
1.325418902
1.006551254
0.6801190053
0.6801190053
0.6801190053
0.6801190053
0.6801190053
1.554611871
0.8246625279
0.5931395091
1.921699854
1.921699854
1.124107361
0.8721060385
0.8721060385
0.8721060385
0.8721060385
0.8721060385
0.8721060385
0.52760212
1.183648914
1.183648914
1.183648914
1.183648914
1.183648914
1.183648914
1.183648914
1.183648914
1.183648914
1.183648914
1.183648914
1.183648914
1.414785475
1.414785475
1.297330774
1.297330774
1.297330774
1.537186708
1.537186708
1.503160199
1.503160199
1.503160199
1.503160199
1.503160199
0.2405790656
0.2405790656
1.353477921
1.353477921
1.353477921
1.353477921
1.353477921
0.5950859464
0.5950859464
0.5950859464
0.5950859464
0.5950859464
0.8432555242
0.8432555242
-0.03797086947
0.254361695
0.254361695
1.125992235
1.464454226
1.464454226
1.271176275
1.271176275
1.271176275
1.271176275
1.25106227
1.25106227
1.25106227
1.25106227
0.2065118416
1.918313803
1.918313803
1.918313803
1.918313803
1.900095767
1.900095767
1.900095767
1.900095767
-0.2199130973
-0.2199130973
2.018234992
2.018234992
2.018234992
2.018234992
1.573780568
0.5717229984
0.5717229984
0.5717229984
0.5717229984
0.5717229984
0.5717229984
0.5717229984
0.5717229984
0.5717229984
0.5717229984
0.5717229984
0.5717229984
0.5717229984
0.5717229984
0.5717229984
0.5717229984
0.5717229984
0.5717229984
0.6501555428
0.6501555428
0.6501555428
0.6012602367
0.6012602367
0.6012602367
0.6012602367
0.6012602367
0.6012602367
0.5503604268
0.5503604268
0.5503604268
0.5503604268
0.5503604268
0.5503604268
0.5503604268
0.5503604268
0.5503604268
0.5503604268
0.7058141467
0.7058141467
0.7058141467
0.7058141467
0.5085185576
0.5085185576
0.2932829771
0.2932829771
0.2932829771
0.30104276
0.07597442791
0.07597442791
0.07597442791
0.07597442791
0.5905839523
0.5905839523
0.5905839523
0.5905839523
0.5905839523
0.5905839523
0.5905839523
0.5905839523
0.5905839523
0.5905839523
0.5905839523
0.5905839523
0.5905839523
1.983134572
1.983134572
1.382774489
1.382774489
1.382774489
1.382774489
1.382774489
1.382774489
1.382774489
1.382774489
1.382774489
1.382774489
1.382774489
1.382774489
1.382774489
1.382774489
0.9802736653
0.9802736653
0.9802736653
0.2757972358
0.2757972358
0.2757972358
0.5466143504
0.5466143504
0.6270845292
0.6270845292
0.6270845292
0.6270845292
1.712899372
1.712899372
1.712899372
1.712899372
1.712899372
1.712899372
1.107948514
1.107948514
1.107948514
1.107948514
1.495507403
1.495507403
1.495507403
1.495507403
1.495507403
1.495507403
1.495507403
1.495507403
1.495507403
1.495507403
1.495507403
1.495507403
1.495507403
1.495507403
1.495507403
1.495507403
1.495507403
1.495507403
1.495507403
1.495507403
1.479243015
1.479243015
1.894069493
1.894069493
1.894069493
1.894069493
1.339692902
1.339692902
1.339692902
1.339692902
1.339692902
0.9636019848
0.9636019848
0.9636019848
0.9636019848
0.9636019848
0.9636019848
0.6032754465
0.6032754465
0.1209153037
1.210402601
1.210402601
1.210402601
1.210402601
1.210402601
1.210402601
1.210402601
1.210402601
1.210402601
1.210402601
0.5363796949
0.5363796949
0.5363796949
0.5363796949
0.5363796949
0.5363796949
0.7473679758
0.7473679758
0.7473679758
0.7473679758
0.4787845652
0.6346523149
1.807512552
1.807512552
1.807512552
1.807512552
1.451840764
1.451840764
1.451840764
1.451840764
1.451840764
1.451840764
1.451840764
1.451840764
1.451840764
1.451840764
1.451840764
1.451840764
-0.1240911259
-0.1240911259
-0.1240911259
-0.1240911259
-0.1240911259
-0.1240911259
0.242642339
0.3219902988
0.3219902988
0.3219902988
1.343668904
1.343668904
0.1052196233
1.29920277
0.9629964435
0.9629964435
0.9629964435
0.9629964435
0.9629964435
0.6919268071
0.6919268071
0.6919268071
0.6919268071
0.6919268071
1.375806472
1.375806472
1.375806472
1.375806472
1.375806472
1.375806472
1.375806472
1.375806472
1.375806472
1.375806472
0.2124948221
0.2124948221
-0.05068472457
1.035783194
0.5647464964
0.5647464964
0.5647464964
0.9267343379
0.9267343379
0.9267343379
1.274207966
1.045165046
1.045165046
1.045165046
1.045165046
1.045165046
1.045165046
1.045165046
1.045165046
1.045165046
1.045165046
0.1846949718
0.1846949718
0.1846949718
0.1846949718
0.1846949718
0.915017984
0.915017984
1.004073508
1.004073508
0.1073423805
0.1073423805
1.144484976
1.144484976
0.360290498
0.360290498
0.360290498
1.818650099
1.818650099
1.570767631
1.570767631
1.570767631
0.568478539
0.568478539
0.568478539
0.568478539
0.568478539
0.7345975917
0.7345975917
0.7345975917
0.7345975917
0.7345975917
0.7345975917
0.7345975917
0.7345975917
0.634875686
0.634875686
0.634875686
0.4711715039
0.4711715039
0.4711715039
0.4711715039
1.372090404
1.372090404
1.372090404
1.026495434
1.026495434
1.026495434
1.026495434
1.026495434
1.026495434
1.213695154
0.9828223831
0.9828223831
0.9828223831
0.9828223831
0.9828223831
0.9828223831
0.9828223831
0.9828223831
0.6528036072
0.6528036072
0.6528036072
0.6528036072
1.073985258
1.032256572
1.032256572
1.032256572
1.032256572
1.032256572
1.032256572
1.032256572
0.6228605077
0.6228605077
0.6228605077
0.6228605077
0.9637580408
0.9637580408
0.9637580408
0.9637580408
0.9637580408
1.73879408
1.73879408
1.73879408
0.6978740687
0.6978740687
0.6978740687
0.9472944256
0.8052755096
0.8052755096
0.8052755096
0.8052755096
0.8052755096
1.369342623
1.369342623
0.7162290641
0.7162290641
0.6333897723
1.036507216
1.036507216
2.002584276
1.104339946
1.104339946
1.104339946
1.104339946
1.104339946
1.104339946
1.104339946
1.104339946
1.104339946
1.104339946
1.104339946
1.104339946
1.104339946
1.104339946
1.104339946
1.104339946
1.104339946
1.104339946
0.9742783809
0.9742783809
0.9742783809
0.9742783809
0.9742783809
0.9742783809
0.9742783809
0.9742783809
0.9742783809
0.9742783809
0.9742783809
0.4552377117
0.4552377117
0.4552377117
0.4552377117
0.4552377117
0.4552377117
1.187027731
0.3918730043
0.3918730043
1.689650095
1.689650095
1.689650095
1.689650095
1.689650095
1.689650095
0.4864696149
1.779288815
1.779288815
1.779288815
1.360783148
1.163192942
1.163192942
0.863427922
0.7242194866
0.7242194866
0.7242194866
0.7242194866
0.7242194866
0.7242194866
0.7242194866
0.7242194866
0.7242194866
0.7242194866
0.7242194866
0.7242194866
0.7242194866
0.7242194866
0.7242194866
0.7242194866
0.7242194866
0.7242194866
0.7242194866
0.7242194866
0.8593362227
0.8593362227
0.8593362227
0.8593362227
0.8593362227
0.8593362227
0.8593362227
0.8593362227
0.8593362227
0.008180758115
0.008180758115
1.43982327
1.43982327
1.43982327
1.43982327
1.43982327
1.43982327
1.647741125
0.5049181617
0.7542001226
0.7542001226
0.7542001226
0.7542001226
0.7542001226
0.7542001226
0.7542001226
0.7542001226
0.7542001226
0.7542001226
0.7542001226
1.18332561
1.18332561
1.18332561
1.18332561
1.18332561
0.7045444391
0.7045444391
0.7045444391
0.7045444391
0.7045444391
0.7045444391
0.7045444391
0.7045444391
0.7045444391
0.7045444391
0.7045444391
0.7045444391
0.7045444391
0.7045444391
1.046034826
1.046034826
1.046034826
1.046034826
1.046034826
1.046034826
1.046034826
1.046034826
1.449420964
1.449420964
1.625661438
1.625661438
1.625661438
1.625661438
1.625661438
1.625661438
1.298576007
0.7016542076
0.7016542076
0.7016542076
0.4038931908
0.4038931908
0.4038931908
0.4038931908
0.5177973386
0.5177973386
0.5177973386
0.5177973386
1.427505957
1.427505957
1.427505957
1.427505957
0.3841409243
1.455980571
1.455980571
1.455980571
1.455980571
0.2688773221
0.2688773221
0.2688773221
0.2688773221
1.605230859
1.605230859
1.605230859
1.605230859
1.605230859
1.605230859
1.644171543
0.8382544831
0.8382544831
0.8382544831
0.8382544831
0.8382544831
0.8382544831
0.8382544831
0.8382544831
0.5332556978
1.624467965
1.624467965
1.624467965
1.624467965
1.624467965
1.624467965
1.624467965
1.624467965
1.624467965
1.624467965
1.624467965
1.751496385
1.470680118
1.470680118
0.7246759562
0.7246759562
0.7246759562
0.7246759562
0.7246759562
0.7246759562
0.7246759562
0.2766409154
0.2719768541
0.2719768541
0.2719768541
0.7607630081
0.7607630081
0.7607630081
0.7607630081
1.397060592
1.397060592
1.397060592
1.732710763
1.459474194
2.037648654
0.5050071494
0.5050071494
1.267087806
1.267087806
0.9949343337
0.9828629103
0.9828629103
0.9828629103
0.9828629103
0.9828629103
0.9828629103
0.9828629103
0.9828629103
0.9828629103
0.875805661
0.875805661
0.875805661
0.875805661
0.875805661
0.875805661
0.875805661
1.122874864
1.122874864
1.122874864
1.122874864
1.626304182
1.626304182
1.402480248
1.402480248
1.402480248
1.402480248
1.506247043
1.506247043
1.506247043
1.506247043
0.7119350865
0.7119350865
0.7119350865
0.7119350865
0.7119350865
0.7119350865
0.7119350865
0.7119350865
0.7119350865
0.7119350865
0.7119350865
0.7119350865
0.417257361
0.417257361
0.417257361
0.417257361
0.5202731223
0.5202731223
0.5202731223
0.5202731223
0.5202731223
0.5202731223
0.5202731223
0.5202731223
0.5202731223
0.5202731223
0.5202731223
0.5202731223
1.002101498
1.002101498
1.002101498
1.002101498
1.002101498
1.002101498
1.002101498
1.002101498
1.002101498
1.002101498
1.002101498
0.4236687798
0.4236687798
0.4236687798
0.4236687798
0.4236687798
0.4236687798
0.3056068125
0.3566613557
0.3566613557
0.3566613557
0.3566613557
0.3566613557
0.3566613557
1.796615351
1.796615351
1.898987919
1.898987919
1.898987919
1.898987919
1.898987919
1.339000776
1.339000776
1.339000776
1.339000776
1.339000776
1.339000776
1.339000776
1.339000776
0.7338793539
1.085116318
1.085116318
1.085116318
1.085116318
1.085116318
0.6736135176
0.6736135176
0.6736135176
0.5514551899
0.712848029
0.712848029
0.712848029
0.712848029
0.712848029
1.232053165
1.232053165
1.232053165
1.058013911
1.058013911
1.058013911
1.058013911
0.8245404688
0.8558412599
1.042843978
1.042843978
1.042843978
1.042843978
1.042843978
1.042843978
1.042843978
1.042843978
1.042843978
0.9580804265
0.9580804265
0.9580804265
0.9580804265
1.671261252
1.671261252
1.671261252
1.287017914
1.58151425
1.527171666
1.527171666
1.527171666
1.225070136
1.225070136
1.225070136
1.128750823
1.128750823
0.3915510321
0.3915510321
0.9437828484
0.9437828484
0.9437828484
0.9437828484
1.414276978
1.414276978
0.5989782907
0.5989782907
1.188856283
1.188856283
1.022807191
1.022807191
1.467302633
1.414126804
1.414126804
1.414126804
1.414126804
1.414126804
1.414126804
1.414126804
1.414126804
1.414126804
1.414126804
1.414126804
1.414126804
1.414126804
1.414126804
1.414126804
1.414126804
1.414126804
0.08274667258
1.34199414
1.34199414
1.34199414
1.369094688
1.369094688
1.369094688
1.369094688
1.369094688
0.4435790479
0.4435790479
0.4435790479
0.4435790479
1.48782526
1.48782526
1.48782526
1.48782526
1.48782526
1.48782526
1.48782526
1.48782526
1.370579403
1.390751779
1.390751779
0.9374061568
0.9374061568
0.9374061568
0.9374061568
0.9374061568
0.9374061568
0.9374061568
0.9374061568
0.9374061568
0.9374061568
0.9374061568
0.9374061568
0.9374061568
0.695844013
0.695844013
1.961757194
1.961757194
0.1593408766
0.1593408766
1.205064766
1.205064766
1.205064766
1.205064766
1.205064766
0.7521144941
0.7521144941
0.7521144941
0.7521144941
1.036663967
1.036663967
0.5651263024
0.3901247233
0.3901247233
0.2674302455
0.375842328
0.375842328
0.5539590464
0.5539590464
0.5539590464
0.5539590464
0.4669394556
0.4669394556
0.4669394556
0.4669394556
1.936509776
0.1702268179
0.2692401643
0.2692401643
0.2692401643
0.2692401643
1.835918268
1.835918268
0.8041771393
0.8041771393
0.8041771393
0.8041771393
0.8041771393
0.8041771393
0.8041771393
0.9854243104
0.8844640553
0.8844640553
0.8844640553
0.8844640553
0.8844640553
0.8844640553
0.8844640553
0.8844640553
0.8844640553
0.8844640553
0.8844640553
0.8844640553
0.8844640553
0.8844640553
0.8844640553
0.8844640553
0.8844640553
0.8844640553
0.8844640553
0.8844640553
0.8844640553
0.8844640553
1.450703671
1.450703671
1.450703671
1.450703671
1.272760379
1.272760379
1.272760379
1.272760379
1.272760379
1.272760379
1.272760379
1.272760379
-0.01483642387
0.4693893233
0.4693893233
0.4693893233
0.4693893233
0.4693893233
1.535352976
1.535352976
1.559102682
0.1457965425
1.798310818
0.1614236304
0.1614236304
0.1614236304
0.1614236304
0.1614236304
0.1614236304
0.1614236304
0.1614236304
0.1614236304
0.1614236304
0.1614236304
0.4851040211
0.4851040211
0.4851040211
0.4851040211
0.4851040211
0.4851040211
1.579296549
0.9775824981
0.9775824981
1.415249446
0.8567131717
0.8567131717
0.8567131717
1.097150779
1.097150779
1.097150779
1.097150779
1.097150779
1.097150779
1.097150779
1.784427466
1.784427466
1.784427466
1.433729463
1.433729463
1.433729463
1.617609997
1.617609997
1.617609997
1.920052027
-0.03237185839
-0.03237185839
0.5164209707
1.506004882
0.6746532388
0.4713445416
0.4713445416
1.190247853
1.190247853
1.190247853
1.190247853
1.190247853
1.190247853
1.190247853
1.190247853
1.190247853
1.190247853
1.190247853
0.675803613
0.675803613
0.675803613
0.8479489757
0.8479489757
0.8479489757
0.8479489757
0.8479489757
0.8479489757
0.8479489757
0.7444813321
0.7444813321
0.7444813321
0.7444813321
0.7444813321
0.7444813321
0.7444813321
0.7444813321
0.7444813321
0.7444813321
0.7444813321
0.7444813321
0.7444813321
0.7444813321
1.359180588
1.359180588
1.25329781
0.5504332212
0.3941573074
1.322602595
0.722869836
0.722869836
0.722869836
0.722869836
0.7820621952
0.7820621952
0.7820621952
0.7820621952
1.013699876
1.013699876
1.013699876
1.013699876
1.013699876
1.69748222
1.69748222
0.136748466
0.136748466
0.136748466
1.466445444
0.929427882
0.929427882
0.929427882
0.929427882
0.929427882
0.929427882
0.929427882
0.929427882
0.929427882
0.929427882
0.929427882
0.929427882
0.929427882
0.929427882
0.929427882
0.929427882
0.929427882
0.929427882
0.929427882
0.929427882
0.929427882
0.929427882
0.7684418018
0.7684418018
0.7684418018
0.7684418018
0.7684418018
0.7684418018
1.337447274
1.337447274
1.337447274
1.537829459
0.491855848
1.226389603
1.226389603
1.226389603
1.226389603
1.226389603
1.226389603
1.226389603
0.736605762
0.5295159356
0.5295159356
0.5295159356
0.5295159356
0.5295159356
0.5295159356
0.5295159356
0.5295159356
0.5295159356
0.5295159356
1.163246459
0.8420237184
0.8420237184
0.8420237184
0.8420237184
0.8420237184
0.8420237184
0.8420237184
1.11806623
1.11806623
1.11806623
1.11806623
1.11806623
1.11806623
1.11806623
1.11806623
1.11806623
1.11806623
1.11806623
1.11806623
1.11806623
1.11806623
1.11806623
1.11806623
1.941782807
1.640990488
1.640990488
1.640990488
1.640990488
1.640990488
1.640990488
1.640990488
0.3937776869
0.3937776869
0.3937776869
0.3937776869
0.5570882048
0.9054865938
0.9054865938
0.9054865938
0.9054865938
0.9054865938
1.038354734
1.038354734
1.038354734
1.038354734
1.038354734
1.249687649
1.249687649
1.249687649
1.249687649
1.249687649
1.249687649
1.249687649
1.249687649
1.249687649
1.249687649
1.249687649
1.249687649
1.249687649
1.249687649
1.249687649
0.6266995412
0.6266995412
0.6266995412
0.6266995412
0.6266995412
1.037448119
0.4914863154
0.5001324561
0.412747343
0.9956173049
0.9956173049
0.9956173049
0.9956173049
0.9956173049
0.9956173049
0.9956173049
0.9956173049
0.9956173049
0.9956173049
0.9956173049
1.796804815
1.796804815
1.796804815
0.04439727438
0.04439727438
0.04439727438
0.04439727438
0.04439727438
0.04439727438
0.04439727438
0.04439727438
0.5907339384
0.5907339384
0.5907339384
1.507235499
1.507235499
1.507235499
-0.2458518138
-0.2458518138
-0.2458518138
-0.2458518138
1.311531658
1.002320511
1.002320511
0.819315789
0.819315789
0.819315789
0.819315789
0.819315789
0.7782366213
0.7782366213
0.9511512414
0.9511512414
0.9511512414
0.9511512414
0.9511512414
1.080306939
1.080306939
1.080306939
1.080306939
1.080306939
1.080306939
1.080306939
1.080306939
1.080306939
1.080306939
0.3496216187
0.1699414534
0.1699414534
1.893355149
-0.007131324612
-0.007131324612
1.145832532
1.145832532
1.145832532
1.145832532
1.145832532
1.145832532
1.145832532
1.145832532
1.145832532
0.898630215
0.898630215
0.7239573332
0.7239573332
0.7239573332
0.7239573332
0.7239573332
0.7239573332
0.7239573332
0.7239573332
1.831293544
1.831293544
0.290158353
0.602907243
0.602907243
0.602907243
0.602907243
0.3503772309
0.3503772309
0.3503772309
0.3503772309
0.3503772309
0.3503772309
0.3503772309
-0.004992240323
-0.004992240323
0.8899760117
0.8899760117
0.8899760117
0.8899760117
0.8899760117
0.8899760117
0.8899760117
0.8899760117
0.8899760117
0.8899760117
0.8899760117
0.8899760117
1.588058522
1.588058522
1.588058522
1.588058522
1.588058522
1.588058522
1.588058522
1.588058522
1.588058522
1.588058522
1.588058522
0.1605917083
0.1605917083
2.087524964
2.087524964
2.087524964
2.087524964
2.087524964
2.087524964
2.087524964
0.3693347689
1.392912475
1.392912475
1.113957294
1.113957294
1.113957294
0.7489896623
0.7489896623
0.7489896623
0.7489896623
0.7489896623
1.244662574
0.7794779176
0.7794779176
0.7794779176
0.7794779176
0.7794779176
0.7794779176
0.7794779176
0.7794779176
0.6932978815
0.6932978815
0.6932978815
0.6932978815
0.6932978815
0.6932978815
0.6932978815
0.4841898424
1.268026892
1.19133645
1.19133645
1.19133645
1.069348744
1.069348744
1.069348744
1.069348744
1.069348744
1.069348744
1.069348744
1.222735997
1.222735997
1.222735997
1.222735997
1.222735997
1.222735997
1.222735997
1.045238469
1.456856111
1.456856111
1.456856111
0.7997064679
1.500945801
1.500945801
1.500945801
1.500945801
1.500945801
1.500945801
1.500945801
0.8306753663
1.335273693
1.335273693
1.388779648
1.388779648
1.388779648
1.388779648
1.388779648
1.388779648
1.388779648
1.388779648
1.388779648
0.7947405824
0.7947405824
0.7947405824
1.612816193
1.612816193
1.612816193
1.612816193
1.612816193
1.612816193
1.612816193
0.6173289082
0.6173289082
0.6173289082
0.6173289082
0.6173289082
0.6173289082
0.6173289082
0.6173289082
0.9544119243
0.9544119243
1.695305418
1.695305418
1.695305418
1.695305418
1.695305418
1.695305418
1.695305418
0.6319662492
0.7295077091
0.7295077091
0.7295077091
0.7295077091
0.8858962962
0.8858962962
0.8858962962
0.8858962962
0.8858962962
0.8858962962
0.8858962962
0.8858962962
0.8858962962
0.8915652706
1.291153716
1.083983591
1.083983591
1.083983591
1.083983591
1.116357466
1.116357466
1.175326699
1.175326699
1.175326699
1.175326699
1.175326699
1.175326699
1.175326699
1.175326699
1.175326699
1.714317601
1.714317601
1.714317601
0.950754624
0.950754624
0.950754624
0.950754624
0.950754624
0.950754624
0.9054121396
0.9054121396
0.3029933113
0.3029933113
0.3029933113
0.3029933113
1.257859614
1.082355974
1.082355974
1.082355974
1.082355974
1.082355974
0.8525291538
0.8525291538
0.8525291538
0.8525291538
0.8525291538
0.8525291538
0.8525291538
0.8525291538
0.8525291538
0.8525291538
0.8525291538
1.017474333
1.017474333
1.017474333
1.017474333
1.017474333
1.017474333
1.017474333
1.017474333
1.017474333
1.564464386
1.564464386
1.564464386
1.564464386
0.09824634188
1.246953295
1.246953295
1.246953295
1.246953295
1.246953295
1.246953295
1.246953295
1.461759769
1.461759769
1.461759769
1.613857509
1.613857509
1.889710848
0.2553365531
0.2553365531
1.499710455
1.499710455
1.499710455
1.499710455
1.787633748
1.787633748
1.787633748
1.787633748
1.787633748
1.787633748
1.787633748
1.787633748
1.787633748
1.787633748
1.787633748
1.787633748
1.787633748
1.556352444
1.556352444
1.556352444
1.180341724
1.180341724
1.180341724
1.180341724
1.180341724
0.6283658134
0.6283658134
1.132395181
1.124642226
1.124642226
1.124642226
1.124642226
1.124642226
1.124642226
1.124642226
1.124642226
1.124642226
1.124642226
1.124642226
0.9503543108
0.9503543108
0.9503543108
0.9503543108
0.9503543108
0.9503543108
0.9503543108
0.9503543108
0.9503543108
0.7869804366
0.7869804366
0.6793874057
0.6793874057
0.6793874057
0.6793874057
1.293837224
1.293837224
1.293837224
2.283935616
0.8785131042
0.8785131042
0.8785131042
0.8785131042
0.7683301733
0.7683301733
0.7683301733
0.7683301733
0.7683301733
0.7683301733
0.7683301733
0.7683301733
0.7683301733
0.7683301733
0.7683301733
0.7683301733
1.069323655
1.069323655
1.069323655
1.069323655
0.5762300012
0.5762300012
0.5762300012
0.5762300012
0.5762300012
0.5207540605
0.5207540605
0.5207540605
0.5207540605
0.5207540605
0.5207540605
1.080142673
1.080142673
1.080142673
1.080142673
1.080142673
1.080142673
1.080142673
1.294845737
1.294845737
1.294845737
1.294845737
1.294845737
1.294845737
1.294845737
1.294845737
0.8619830997
0.8619830997
0.8619830997
0.8619830997
0.8619830997
0.8619830997
0.8619830997
0.8619830997
0.7277500866
0.7277500866
0.7277500866
0.7277500866
1.4594192
1.4594192
1.4594192
1.4594192
1.4594192
1.4594192
1.4594192
1.4594192
1.4594192
1.4594192
1.531408148
1.531408148
1.531408148
0.73872419
-0.2315193401
-0.2315193401
1.47049947
1.47049947
1.47049947
1.083591033
1.083591033
0.8887276191
0.8887276191
0.8887276191
0.8887276191
0.8887276191
0.8887276191
0.8887276191
0.8887276191
0.8887276191
0.8887276191
0.8887276191
0.8887276191
0.8887276191
0.8887276191
1.108513714
1.108513714
1.108513714
1.108513714
0.9249854452
0.9249854452
0.9249854452
0.9249854452
0.9249854452
0.9249854452
0.9249854452
0.9249854452
0.9249854452
0.9249854452
0.9249854452
0.9249854452
0.9249854452
0.9249854452
0.9249854452
0.9249854452
0.9249854452
0.9249854452
0.2128155083
0.2128155083
2.026456208
2.026456208
1.181676602
1.181676602
1.181676602
1.181676602
1.181676602
1.181676602
1.181676602
1.181676602
1.181676602
1.501859512
1.501859512
-0.01651622569
-0.01651622569
-0.01651622569
-0.01651622569
0.791788243
0.3877843197
0.2891251763
-0.1195870075
-0.1195870075
0.341642685
0.341642685
0.341642685
0.341642685
0.6095099952
1.282154618
1.357265798
1.357265798
1.357265798
1.012641662
0.9400660069
0.9400660069
1.762608744
1.762608744
0.5595592957
0.5595592957
0.5595592957
0.5595592957
1.344241872
1.344241872
1.344241872
1.344241872
1.344241872
1.344241872
1.344241872
1.559390281
1.559390281
0.87202579
0.87202579
0.87202579
0.87202579
0.87202579
0.3901458893
0.3901458893
1.358044042
1.358044042
1.358044042
0.8645698301
0.8645698301
0.8645698301
0.8645698301
0.8645698301
0.8645698301
1.354161423
1.354161423
1.354161423
1.354161423
1.731697756
1.731697756
1.711234649
1.711234649
1.711234649
0.6857155465
0.8745094357
0.8745094357
0.8745094357
0.8745094357
0.8971534616
0.8971534616
0.8971534616
0.9604024842
0.9604024842
0.3082879507
0.3082879507
0.3082879507
1.117176502
1.117176502
1.117176502
-0.1421145308
0.7249291045
0.9330480565
0.9548636318
0.9548636318
0.9548636318
2.464962182
1.635592609
1.635592609
1.757271274
1.757271274
1.757271274
1.757271274
0.5356238019
0.5356238019
0.5356238019
0.5356238019
0.5356238019
0.5356238019
0.5356238019
0.5356238019
0.5356238019
0.5356238019
0.5356238019
0.5356238019
0.73381565
0.73381565
0.73381565
0.73381565
0.73381565
0.73381565
0.73381565
0.73381565
0.889589294
0.889589294
0.889589294
0.889589294
0.889589294
0.889589294
0.889589294
0.889589294
0.889589294
0.889589294
0.889589294
1.426517799
0.7612209251
0.7612209251
0.7612209251
0.7612209251
0.7612209251
0.7612209251
0.7612209251
0.7612209251
1.022602712
1.022602712
1.022602712
1.022602712
1.079000381
1.079000381
1.079000381
1.079000381
1.079000381
1.079000381
1.669464584
1.669464584
1.669464584
1.669464584
2.001290109
2.001290109
2.001290109
2.099243692
2.099243692
-0.1525436446
-0.1525436446
-0.1525436446
-0.1525436446
2.125776704
2.125776704
2.299068656
2.299068656
2.299068656
-0.1318940652
0.07809074342
0.07809074342
1.688623706
0.7611347569
0.7611347569
0.7611347569
0.7611347569
0.7611347569
0.7611347569
0.7611347569
0.7611347569
0.7611347569
1.490616825
1.490616825
1.490616825
1.490616825
1.727471584
1.616015843
1.182678747
0.683981214
0.683981214
0.683981214
0.683981214
0.683981214
1.789621286
1.182332975
0.231390846
1.002298651
1.002298651
1.002298651
1.002298651
0.7099248476
0.7099248476
0.7099248476
0.7099248476
0.7099248476
0.7099248476
0.7099248476
0.7099248476
0.7099248476
0.7099248476
0.7099248476
0.7099248476
0.7099248476
0.7099248476
0.7099248476
0.7099248476
0.512471858
0.512471858
0.512471858
0.512471858
0.512471858
0.9556489695
0.9556489695
0.9556489695
0.9556489695
0.9556489695
0.9556489695
0.7560239143
0.7560239143
1.13760444
1.13760444
0.9208771216
0.9208771216
0.9208771216
0.9208771216
0.9208771216
1.191177901
1.144717261
1.144717261
1.144717261
1.144717261
1.144717261
1.144717261
1.144717261
1.144717261
0.07237421901
0.07237421901
0.07237421901
0.07237421901
0.07237421901
0.07237421901
0.07237421901
1.200648517
1.200648517
1.200648517
1.200648517
1.200648517
1.200648517
0.6486407308
0.6486407308
0.6486407308
0.3423952523
0.3423952523
1.093769359
1.093769359
1.28470768
1.28470768
1.28470768
1.28470768
0.4255808617
0.4255808617
1.305643029
1.305643029
1.305643029
1.305643029
1.305643029
1.305643029
1.305643029
1.305643029
1.305643029
0.2443008399
0.5516784798
0.5516784798
0.5516784798
0.5516784798
0.5516784798
0.5516784798
0.5516784798
1.249603148
1.249603148
1.249603148
1.249603148
1.249603148
1.249603148
1.249603148
1.249603148
1.249603148
0.3031788342
0.4199698775
0.4199698775
0.1268934334
1.354717757
1.354717757
1.354717757
1.526550736
1.526550736
1.526550736
1.526550736
1.042144186
0.7681409763
0.7681409763
0.7681409763
0.7681409763
0.7681409763
0.7681409763
0.4313574161
0.4313574161
0.2717709566
0.2717709566
0.2717709566
1.350769683
1.350769683
1.350769683
0.3247981663
0.3247981663
1.663359707
1.663359707
1.663359707
1.663359707
1.663359707
0.9796246384
1.060871231
1.151922586
1.151922586
1.151922586
1.151922586
1.151922586
1.151922586
1.151922586
1.151922586
1.151922586
1.151922586
1.151922586
1.151922586
1.151922586
1.151922586
1.151922586
1.151922586
1.151922586
1.151922586
1.151922586
1.151922586
1.151922586
1.151922586
1.151922586
1.151922586
1.151922586
1.151922586
1.113127289
1.113127289
1.113127289
1.113127289
1.113127289
1.113127289
1.113127289
0.79664944
0.79664944
0.79664944
0.79664944
-0.09431024865
1.315695666
1.315695666
1.315695666
1.315695666
1.315695666
1.333818335
1.333818335
1.333818335
1.333818335
1.440835679
1.440835679
1.440835679
0.7097606026
0.7097606026
0.7097606026
0.7097606026
0.7097606026
0.7097606026
0.7097606026
1.472885323
1.472885323
2.175633057
2.175633057
0.2593729096
1.807589546
1.807589546
1.807589546
1.807589546
1.807589546
1.807589546
1.807589546
1.807589546
1.807589546
1.807589546
1.807589546
1.807589546
1.807589546
1.558593916
1.558593916
1.074058117
1.409058165
1.710120666
1.710120666
1.710120666
1.595932219
1.595932219
0.5451356213
0.1497373494
0.1497373494
0.1497373494
0.1497373494
0.1497373494
1.078717891
1.078717891
1.078717891
1.078717891
1.078717891
1.078717891
1.078717891
1.078717891
1.422346587
1.422346587
1.422346587
1.422346587
1.422346587
1.422346587
1.422346587
1.422346587
1.422346587
1.422346587
0.3858744915
1.08931111
1.08931111
1.08931111
0.2639028823
1.570041601
0.8367309237
1.069127301
1.069127301
1.069127301
1.069127301
1.735846627
1.82344183
-0.3453925811
1.399855794
1.399855794
1.399855794
1.399855794
1.399855794
1.399855794
1.399855794
1.399855794
1.399855794
1.399855794
1.399855794
1.399855794
1.399855794
0.4081104372
0.4081104372
0.4081104372
0.4081104372
1.68311764
0.01435268136
0.01435268136
0.01435268136
0.01435268136
-0.3221921264
-0.3221921264
-0.3221921264
-0.3221921264
-0.3221921264
1.232375254
1.232375254
1.232375254
1.024866184
0.8323452094
0.3118069912
0.3118069912
0.3118069912
0.3118069912
1.239549201
1.239549201
1.239549201
1.239549201
1.239549201
1.239549201
1.473111945
0.8899412961
0.8899412961
0.8899412961
0.8899412961
0.8899412961
1.101065531
1.101065531
1.101065531
1.101065531
1.101065531
1.101065531
1.101065531
1.101065531
1.101065531
1.101065531
1.759154999
0.6422293357
0.6422293357
1.909696771
1.909696771
1.909696771
1.909696771
0.7794907834
0.7794907834
0.7794907834
0.7794907834
0.7794907834
0.7962424844
1.733670651
1.733670651
1.733670651
1.733670651
0.9833884773
0.9833884773
0.9833884773
0.9833884773
0.9833884773
0.9833884773
0.9833884773
0.9833884773
0.9833884773
0.9833884773
0.9833884773
0.9833884773
0.9833884773
0.9833884773
0.9833884773
0.9833884773
0.5538688838
0.5538688838
0.5538688838
0.5538688838
0.5225956333
0.7651033921
0.7651033921
0.7651033921
0.7651033921
0.7651033921
0.7651033921
0.7651033921
0.7651033921
0.7651033921
0.7651033921
0.9647564289
0.9647564289
0.9647564289
0.9647564289
0.9647564289
0.9647564289
0.9647564289
0.9679310982
0.9679310982
0.9679310982
0.9679310982
0.9679310982
0.9679310982
0.9679310982
0.9679310982
0.9679310982
0.9679310982
0.9679310982
0.9679310982
0.9679310982
0.9679310982
0.9679310982
0.9679310982
0.9679310982
0.9679310982
0.9679310982
1.15538096
1.655816269
1.655816269
0.8238948848
0.8238948848
0.8238948848
0.8238948848
0.8238948848
1.444846031
1.444846031
1.444846031
1.273753308
1.273753308
1.813411942
0.8236201744
0.8236201744
0.8236201744
0.8236201744
0.8649939454
0.8649939454
0.1978290105
1.495814608
1.495814608
1.495814608
1.623641142
1.623641142
1.623641142
1.623641142
0.3098564967
0.3098564967
0.3098564967
0.3098564967
0.3098564967
0.3098564967
0.3098564967
0.3098564967
0.7392206536
0.7392206536
0.3333923939
0.3333923939
0.3333923939
0.3333923939
0.4700195095
0.4700195095
0.4700195095
1.379605592
1.379605592
1.379605592
1.379605592
1.379605592
1.379605592
0.1669437905
0.1669437905
0.1669437905
0.1669437905
0.1669437905
0.9537752842
0.9537752842
0.9537752842
0.9537752842
0.6474831769
0.6474831769
0.6474831769
0.6474831769
0.6474831769
0.6474831769
0.4833214313
0.4833214313
0.3550180219
0.9255935696
0.9255935696
0.9255935696
0.9255935696
0.9255935696
0.9255935696
0.9255935696
0.9255935696
0.9255935696
0.9255935696
0.9255935696
0.9255935696
0.9255935696
1.363958
1.363958
1.363958
1.363958
1.363958
1.363958
1.363958
1.363958
1.363958
1.363958
1.46222192
1.46222192
1.46222192
1.46222192
1.46222192
1.46222192
1.46222192
1.46222192
1.46222192
1.46222192
1.46222192
0.8478532303
0.8478532303
0.8478532303
0.8478532303
0.8478532303
0.8478532303
0.8478532303
0.8478532303
0.8478532303
0.9701462959
0.9701462959
0.9701462959
0.9701462959
0.9701462959
0.9701462959
0.9701462959
0.9701462959
0.4639680651
0.469189887
1.471357221
1.471357221
1.471357221
0.7457120573
0.7457120573
0.7457120573
0.7457120573
0.7457120573
0.7457120573
0.7457120573
0.7457120573
0.7457120573
0.7457120573
0.7457120573
1.666878592
1.666878592
1.666878592
1.666878592
0.0318045241
0.0318045241
0.0318045241
0.0318045241
0.0318045241
0.0318045241
0.0318045241
0.5352934192
0.9052794455
0.9052794455
0.9052794455
0.9052794455
1.573562344
1.573562344
1.573562344
1.573562344
1.573562344
0.5754609949
0.5754609949
0.5754609949
0.5754609949
0.5754609949
0.5754609949
0.5754609949
0.5754609949
0.5754609949
0.5754609949
0.5754609949
0.5754609949
0.5458678392
0.6067227646
0.6067227646
0.6067227646
0.6067227646
0.6067227646
0.6067227646
0.6067227646
0.6067227646
0.6067227646
0.6067227646
0.6067227646
0.6067227646
1.043475643
1.06826558
1.06826558
1.900319623
-0.2336439143
-0.2336439143
0.5748853472
0.5748853472
0.5748853472
0.5748853472
1.33644946
0.9639634464
0.9639634464
0.9639634464
0.9639634464
0.9639634464
0.9639634464
0.9639634464
0.9639634464
0.9639634464
0.9639634464
0.9639634464
0.9639634464
0.9639634464
0.6731208765
0.2439371355
0.2439371355
0.8755772103
0.8755772103
1.159738384
0.8678031274
0.8678031274
0.7819447732
0.7819447732
0.7819447732
0.7819447732
0.9341138415
0.9341138415
0.9341138415
0.9341138415
0.9341138415
1.472263153
-0.2086959017
-0.2086959017
0.604456159
0.604456159
0.604456159
0.604456159
0.604456159
1.090839936
1.125015365
0.4962072947
0.4962072947
0.4962072947
1.367145119
1.367145119
1.367145119
2.053825186
0.1842662275
0.1842662275
0.1842662275
0.06251043493
1.78413385
0.8385735158
0.8385735158
0.8385735158
0.8385735158
0.8385735158
0.8385735158
0.8385735158
0.8385735158
0.8385735158
0.8385735158
0.8385735158
0.8385735158
0.8385735158
0.8385735158
0.3956712233
0.3956712233
0.3956712233
0.8107214397
0.8107214397
0.8107214397
0.8107214397
1.168173334
1.168173334
1.168173334
1.168173334
1.168173334
1.168173334
0.6063207617
0.6063207617
0.6063207617
0.6063207617
0.6063207617
0.1151608108
1.540994326
1.540994326
1.540994326
0.5697416037
0.5697416037
0.5697416037
1.338176744
1.338176744
0.6660252506
0.6660252506
0.6660252506
-0.1110559176
-0.1110559176
-0.1110559176
-0.1110559176
-0.1110559176
-0.1110559176
0.3363343724
0.3363343724
0.3363343724
0.3363343724
0.3363343724
0.3363343724
1.523572642
1.523572642
0.8607384287
0.8607384287
0.8607384287
1.820125607
1.820125607
1.820125607
1.820125607
1.800290529
1.800290529
2.144213509
-0.435714852
-0.435714852
1.840179314
2.134323559
2.134323559
2.134323559
1.131925122
1.549265851
1.549265851
1.925235247
1.925235247
-0.05172029841
0.3305530254
1.289913529
1.289913529
1.289913529
1.167460624
1.167460624
1.167460624
1.289680799
1.289680799
1.289680799
1.289680799
1.289680799
1.289680799
1.289680799
1.289680799
1.289680799
1.289680799
1.395377913
1.395377913
0.65092446
0.65092446
0.65092446
1.759507126
1.759507126
1.759507126
1.759507126
1.759507126
1.759507126
1.759507126
1.167650811
1.167650811
1.167650811
1.167650811
0.6292051829
0.6292051829
0.6430145829
0.6430145829
0.6430145829
0.6430145829
0.6430145829
0.6430145829
0.6430145829
0.5771416988
0.5771416988
1.173983321
1.173983321
0.9269837653
0.9269837653
0.9269837653
1.914367998
1.155972258
1.155972258
1.155972258
1.155972258
1.155972258
1.155972258
1.155972258
0.978501512
0.978501512
0.4960975716
0.4960975716
0.4960975716
0.4960975716
0.4960975716
0.4960975716
0.04295121507
0.04295121507
0.04295121507
1.536997203
1.111871839
1.111871839
1.111871839
1.111871839
0.9716662572
1.358816017
1.358816017
1.098023934
1.098023934
1.038205321
1.693586221
0.3512607133
1.728172558
0.6032049852
0.6032049852
0.3112918643
1.293361662
1.293361662
1.293361662
1.293361662
1.293361662
1.293361662
1.468187528
1.468187528
0.5253704423
0.5253704423
0.9810969435
1.284278353
1.284278353
1.284278353
1.284278353
0.3152419499
0.3152419499
0.3152419499
0.3152419499
0.3152419499
0.3152419499
0.4898834763
1.132585704
1.132585704
1.132585704
1.132585704
1.132585704
1.132585704
1.132585704
1.132585704
1.132585704
1.132585704
1.132585704
1.132585704
1.132585704
1.298558401
1.298558401
1.298558401
1.298558401
1.298558401
1.298558401
1.298558401
1.298558401
1.298558401
1.298558401
1.298558401
1.298558401
1.298558401
1.298558401
1.298558401
1.298558401
1.298558401
1.298558401
1.298558401
1.298558401
1.298558401
1.298558401
1.298558401
1.298558401
1.298558401
1.298558401
1.298558401
1.848764926
1.848764926
1.848764926
1.108704139
1.108704139
1.108704139
1.108704139
1.165051049
1.165051049
1.165051049
1.165051049
1.165051049
1.165051049
1.165051049
1.165051049
1.165051049
1.165051049
1.165051049
1.165051049
2.266953611
1.234870958
1.234870958
1.234870958
1.768061055
1.768061055
1.035625511
1.555578461
1.555578461
1.857992808
0.5620916271
0.5620916271
0.5620916271
0.5620916271
0.5620916271
0.5620916271
0.332572729
0.332572729
2.1683218
2.1683218
1.444349737
0.9642385757
0.9642385757
0.9642385757
0.9642385757
0.9642385757
0.9642385757
0.9642385757
0.9642385757
0.9642385757
0.9642385757
0.9642385757
0.9642385757
0.9642385757
0.7276490408
0.7276490408
0.7276490408
0.7276490408
0.7276490408
0.7276490408
0.7276490408
0.7276490408
1.376728159
1.376728159
1.376728159
1.376728159
1.376728159
1.376728159
1.376728159
0.8753385608
0.8753385608
0.8753385608
0.3677591894
0.3677591894
0.5684282522
0.5684282522
0.5684282522
0.5684282522
0.5684282522
0.5684282522
0.5684282522
0.5684282522
0.5684282522
0.6574403226
0.6574403226
0.6574403226
0.6574403226
0.9650888769
0.9650888769
0.9650888769
0.9650888769
0.9650888769
0.9650888769
0.9650888769
0.9650888769
0.9650888769
0.9650888769
0.9650888769
0.9650888769
0.9650888769
0.9650888769
0.9650888769
0.9650888769
0.9650888769
0.9650888769
0.9650888769
0.9650888769
0.9650888769
1.001920913
1.001920913
1.001920913
1.001920913
1.001920913
1.001920913
1.001920913
1.001920913
0.9151073656
0.9151073656
0.9151073656
0.9151073656
0.9151073656
0.6263271051
0.6263271051
0.6263271051
0.6263271051
0.6263271051
1.059296372
1.059296372
1.059296372
1.059296372
1.512390291
1.512390291
1.512390291
1.035561583
1.035561583
1.035561583
1.035561583
1.000587022
1.516995174
1.516995174
1.516995174
1.516995174
1.516995174
1.516995174
1.516995174
1.516995174
1.516995174
1.516995174
0.7580919328
0.7580919328
0.877069497
0.877069497
0.877069497
0.877069497
0.877069497
0.877069497
0.877069497
0.877069497
0.877069497
0.877069497
0.877069497
0.877069497
0.877069497
1.585159113
1.585159113
1.585159113
1.585159113
1.585159113
1.585159113
1.487219572
1.487219572
1.487219572
1.487219572
1.487219572
1.487219572
1.896752481
1.896752481
0.4505871334
1.438199406
1.438199406
1.438199406
1.23711624
1.23711624
1.23711624
1.23711624
1.23711624
1.23711624
1.23711624
1.23711624
1.23711624
1.23711624
1.23711624
1.23711624
1.209600672
1.209600672
1.209600672
1.209600672
1.209600672
1.350652854
1.350652854
0.8113975256
0.8113975256
0.8113975256
0.8113975256
0.8113975256
0.8113975256
0.8113975256
0.8113975256
0.8113975256
0.8113975256
0.8113975256
0.8113975256
0.8113975256
0.8113975256
0.8113975256
0.8113975256
0.8113975256
0.8113975256
0.8113975256
0.8113975256
0.01905613008
0.01905613008
0.01905613008
0.01905613008
0.01905613008
0.4714947565
0.4714947565
0.4714947565
0.4714947565
0.4714947565
0.4714947565
1.637537345
1.637537345
0.03162312538
0.03162312538
0.03162312538
0.03162312538
0.03162312538
0.03162312538
1.75483169
1.75483169
1.250280749
1.250280749
1.250280749
1.250280749
1.250280749
1.250280749
1.328903138
1.328903138
-0.03004166302
-0.03004166302
-0.03004166302
-0.03004166302
0.7218808567
0.7218808567
0.7218808567
0.7218808567
0.7218808567
0.7218808567
0.7218808567
0.7218808567
1.380354891
1.380354891
1.380354891
1.380354891
1.734808308
1.734808308
1.087692797
0.8404769595
0.8404769595
0.8404769595
0.8404769595
1.347886627
1.347886627
1.347886627
1.347886627
1.716389505
0.6184477139
0.3893445914
0.3893445914
0.3893445914
0.3893445914
0.3893445914
0.3893445914
0.8728324955
0.8728324955
1.593059687
0.6747081744
1.328692773
1.328692773
1.75214193
1.325731487
0.6656236511
0.6656236511
0.6656236511
0.6656236511
0.6656236511
0.6656236511
1.34654113
1.34654113
1.324861788
1.324861788
1.324861788
1.324861788
1.324861788
1.324861788
0.6762624773
1.028873825
1.028873825
1.028873825
0.2685728046
0.2685728046
1.530957263
1.530957263
1.530957263
1.530957263
1.530957263
1.206780092
1.206780092
1.206780092
1.206780092
1.206780092
1.206780092
1.206780092
0.4112090037
0.4112090037
0.8011882915
0.8011882915
0.8011882915
0.8011882915
1.38771984
1.38771984
1.38771984
0.8136772413
1.184760174
1.184760174
1.184760174
1.184760174
1.184760174
1.184760174
1.184760174
1.184760174
1.184760174
1.184760174
1.184760174
0.7467938375
0.7467938375
0.7467938375
1.648281681
1.648281681
1.648281681
1.648281681
1.470749737
1.470749737
1.470749737
1.470749737
1.470749737
1.470749737
1.470749737
1.470749737
1.470749737
1.470749737
1.470749737
0.7017036712
0.7017036712
0.7017036712
0.7017036712
0.7017036712
0.7017036712
0.7017036712
1.657582041
2.237565506
2.237565506
-0.2361542017
0.4693697665
0.4693697665
0.4693697665
0.4693697665
0.4693697665
0.4693697665
0.4693697665
0.4693697665
0.959338756
0.959338756
0.959338756
1.923270363
1.923270363
0.5476615765
0.413935171
0.413935171
1.683055986
1.683055986
1.683055986
0.9625312218
0.9625312218
1.066345962
1.066345962
1.066345962
1.066345962
1.066345962
1.066345962
1.066345962
1.066345962
1.066345962
1.066345962
1.066345962
1.066345962
1.066345962
1.066345962
1.066345962
1.066345962
1.066345962
1.066345962
1.066345962
1.066345962
1.066345962
1.066345962
1.066345962
1.066345962
1.066345962
1.387120988
2.006249573
2.006249573
2.006249573
2.006249573
2.006249573
2.006249573
2.006249573
2.006249573
2.006249573
2.006249573
2.006249573
2.104971429
2.104971429
2.104971429
0.1965016867
0.1965016867
1.574283847
0.5962098865
0.5962098865
0.2852262703
1.490436751
1.490436751
1.490436751
1.736859659
0.4900846192
0.4900846192
0.4900846192
0.4900846192
0.4900846192
1.038874799
0.6386447971
0.6386447971
0.6386447971
1.005532124
1.005532124
1.005532124
1.005532124
1.504411215
1.504411215
1.731021954
1.731021954
1.731021954
0.6341226378
0.6341226378
0.6341226378
0.6341226378
0.6341226378
1.558133903
1.558133903
1.469394628
0.7500009374
0.7500009374
0.7500009374
0.7500009374
0.7500009374
0.7500009374
0.7500009374
0.7500009374
0.7500009374
0.7500009374
0.7500009374
0.7500009374
0.7500009374
0.7500009374
0.7500009374
0.7500009374
0.7500009374
0.7500009374
0.7500009374
0.7500009374
0.7500009374
0.7500009374
0.7500009374
0.7500009374
0.7500009374
0.7500009374
0.7500009374
0.7500009374
0.7500009374
0.7500009374
0.7500009374
0.7500009374
0.9643195987
0.9643195987
0.9643195987
0.9643195987
0.9643195987
0.9643195987
0.9643195987
1.819156517
0.3695978455
0.3695978455
0.3695978455
0.3695978455
0.3695978455
1.261346162
-0.07077227414
0.8095489136
0.6715008221
0.6715008221
0.6358299473
1.04256487
1.348973371
1.117625225
1.117625225
1.117625225
1.117625225
1.117625225
1.117625225
1.117625225
1.117625225
1.117625225
1.117625225
1.117625225
1.117625225
0.970775118
0.970775118
1.519572725
1.519572725
1.519572725
1.519572725
1.519572725
0.7441976861
0.7441976861
0.5470164907
0.5470164907
0.5470164907
1.234565814
1.234565814
1.234565814
1.234565814
1.234565814
1.234565814
1.234565814
1.234565814
1.234565814
1.234565814
1.234565814
1.390272006
1.390272006
1.525473614
1.525473614
1.338203782
1.338203782
1.338203782
1.338203782
-0.3523917628
2.26776215
2.26776215
2.26776215
0.9039670982
0.9039670982
0.9039670982
1.530644195
0.8422931299
0.8422931299
0.8422931299
0.8422931299
1.007178602
1.007178602
1.007178602
1.007178602
1.007178602
1.007178602
1.007178602
1.007178602
1.160835723
1.160835723
1.160835723
1.160835723
0.3795978186
0.3795978186
0.3795978186
1.088493933
1.088493933
1.088493933
1.088493933
1.088493933
1.088493933
1.088493933
1.088493933
1.088493933
1.088493933
1.088493933
1.639940783
1.639940783
1.639940783
1.049191743
1.049191743
1.692364677
1.692364677
1.692364677
1.691575653
1.691575653
1.691575653
1.691575653
1.691575653
1.74584959
1.816438115
1.139143503
1.139143503
1.139143503
1.139143503
1.139143503
1.139143503
1.139143503
1.139143503
1.139143503
1.139143503
1.139143503
1.139143503
1.139143503
1.139143503
1.139143503
1.139143503
1.139143503
1.139143503
1.139143503
1.139143503
1.139143503
1.139143503
1.139143503
1.139143503
1.139143503
1.139143503
1.139143503
1.139143503
1.139143503
1.772070802
1.772070802
1.754429362
1.754429362
1.754429362
1.754429362
1.517644699
1.517644699
1.517644699
1.517644699
0.3477094328
0.3477094328
0.3477094328
0.3477094328
0.3477094328
0.3477094328
0.3477094328
0.5076728055
0.7958152252
0.7958152252
0.7958152252
0.7958152252
0.1125611474
0.1125611474
1.950470847
1.550682014
1.550682014
1.695575752
0.381638151
0.381638151
0.381638151
0.381638151
0.6727847965
0.9885406397
0.9885406397
0.9885406397
1.300396568
1.300396568
1.300396568
1.010537347
1.010537347
1.010537347
1.010537347
1.010537347
1.852060303
1.852060303
1.852060303
1.852060303
1.852060303
1.905412119
1.905412119
1.905412119
1.905412119
1.905412119
0.8924797049
1.338374048
0.3159706339
0.3159706339
1.26061728
-0.5470103663
-0.4847762002
-0.06160610886
0.02918520653
0.02918520653
0.02918520653
0.02918520653
0.1530743823
0.1530743823
1.269872848
1.269872848
1.269872848
1.269872848
1.269872848
1.269872848
1.269872848
1.269872848
1.064398993
1.064398993
1.064398993
1.064398993
1.064398993
1.957093124
1.957093124
0.7930910343
0.7930910343
0.7930910343
1.700366917
1.700366917
1.700366917
1.700366917
1.700366917
1.566631161
1.566631161
0.7273560825
0.7273560825
0.6365387801
1.021840388
1.021840388
1.021840388
1.021840388
1.021840388
1.021840388
1.021840388
1.021840388
1.021840388
1.021840388
1.021840388
1.021840388
1.021840388
1.021840388
1.021840388
1.021840388
1.021840388
1.021840388
1.021840388
1.021840388
1.021840388
1.021840388
1.021840388
1.021840388
1.021840388
0.9701780341
1.018355992
1.018355992
1.018355992
0.4191522759
0.4191522759
0.4191522759
0.4191522759
0.4191522759
0.4191522759
0.4191522759
1.854625649
1.854625649
1.747971523
1.150774605
1.150774605
1.150774605
1.150774605
1.150774605
1.483181776
1.501421278
0.8998645703
0.8998645703
0.8998645703
0.8998645703
0.8998645703
0.8998645703
0.8998645703
0.8998645703
0.8998645703
0.8998645703
1.010841276
1.010841276
0.788746921
0.788746921
0.788746921
0.788746921
0.788746921
0.788746921
0.788746921
0.788746921
0.788746921
0.788746921
0.788746921
0.788746921
0.788746921
2.014730002
0.1145302517
0.9481387363
0.9481387363
0.9481387363
0.9481387363
0.9481387363
0.9481387363
0.9481387363
0.9481387363
0.9481387363
0.8023031298
0.8023031298
0.8023031298
0.8023031298
1.444915151
1.444915151
1.444915151
1.444915151
1.23800186
1.507191247
1.507191247
1.507191247
0.4293086016
1.657985869
1.657985869
0.603311287
0.603311287
0.603311287
0.603311287
0.603311287
1.047766117
1.047766117
1.382648081
1.382648081
0.6468653781
0.6468653781
0.6468653781
0.6468653781
0.6468653781
0.6468653781
0.6468653781
0.9778986392
0.9778986392
0.9778986392
0.9778986392
0.9778986392
0.9778986392
0.9778986392
0.9778986392
0.9778986392
0.9778986392
0.9778986392
0.9778986392
0.9778986392
0.9778986392
0.5025661497
1.642208152
0.4377650959
0.3483800464
0.3483800464
0.3483800464
0.3483800464
0.795319402
0.795319402
0.795319402
0.795319402
0.795319402
1.051795896
0.4951702782
0.4951702782
0.9788753382
0.9788753382
0.9788753382
0.9788753382
0.9788753382
0.9788753382
0.9788753382
0.9788753382
0.9788753382
0.9788753382
0.9788753382
0.9788753382
1.162914
1.162914
-0.1508512545
-0.1508512545
-0.1508512545
-0.1508512545
0.6245769421
0.6245769421
0.6245769421
-0.08597199117
-0.08597199117
1.757928469
1.757928469
1.757928469
1.757928469
1.36880537
1.36880537
2.015185767
2.015185767
1.461841412
1.461841412
1.461841412
1.461841412
1.461841412
1.461841412
1.461841412
1.461841412
1.461841412
1.461841412
1.461841412
1.461841412
1.461841412
1.510207301
1.510207301
1.510207301
1.00865079
1.00865079
1.00865079
1.00865079
1.00865079
1.00865079
1.00865079
1.00865079
1.00865079
1.00865079
1.00865079
1.00865079
1.00865079
1.00865079
1.00865079
1.00865079
1.123138846
1.123138846
1.123138846
0.7401367621
0.7401367621
0.7401367621
0.7401367621
0.7401367621
0.7401367621
2.107142476
2.107142476
0.01278649295
0.01278649295
0.01278649295
1.595888418
1.595888418
1.595888418
1.595888418
1.595888418
1.595888418
0.7363046365
0.7363046365
0.7363046365
1.24515823
1.24515823
1.43895374
1.43895374
1.43895374
1.43895374
1.43895374
1.43895374
0.6093556805
0.6093556805
0.6093556805
0.6093556805
1.310365442
1.310365442
1.310365442
1.310365442
1.310365442
1.310365442
1.310365442
1.310365442
1.310365442
1.310365442
1.855119621
1.855119621
1.855119621
-0.05389788781
0.3940867125
1.46781395
1.46781395
1.46781395
1.46781395
0.5098858317
0.5098858317
0.5098858317
0.5098858317
0.04469272907
0.04469272907
1.572771455
1.572771455
1.572771455
1.572771455
1.572771455
0.5016146908
0.5016146908
0.5016146908
0.5016146908
0.5016146908
0.3605984781
1.780264624
1.780264624
1.780264624
1.780264624
1.780264624
1.780264624
1.780264624
1.780264624
1.780264624
1.780264624
1.780264624
1.780264624
1.780264624
1.780264624
0.7852346383
0.7852346383
0.7852346383
0.7852346383
0.7852346383
0.7852346383
0.7852346383
0.7852346383
0.7852346383
0.7852346383
0.3180657092
0.3692264218
0.09579916759
1.182921416
1.182921416
0.9569261758
0.9569261758
0.9569261758
0.9569261758
0.9569261758
2.179505477
0.9990254106
0.9990254106
0.9990254106
0.9990254106
0.9990254106
1.136266431
0.9579555641
0.9579555641
0.9579555641
0.8011300539
0.8011300539
0.8011300539
0.8011300539
0.8011300539
0.8011300539
1.282234021
0.6088740831
1.137447094
1.00418822
1.097055314
1.097055314
1.097055314
1.097055314
1.097055314
1.097055314
1.097055314
1.097055314
1.097055314
1.097055314
1.097055314
1.097055314
1.097055314
1.097055314
1.097055314
1.097055314
1.097055314
0.7939150113
0.7939150113
0.7939150113
0.7939150113
0.7939150113
0.7939150113
0.7939150113
0.7939150113
0.7939150113
0.7939150113
1.172015982
1.172015982
1.172015982
1.172015982
1.365023347
1.365023347
1.365023347
1.365023347
1.365023347
1.365023347
1.365023347
1.365023347
1.365023347
1.365023347
1.365023347
1.365023347
1.181077223
1.181077223
1.181077223
1.181077223
1.181077223
1.181077223
1.181077223
1.181077223
1.181077223
1.181077223
1.181077223
1.181077223
1.181077223
1.181077223
1.181077223
1.181077223
1.181077223
1.181077223
1.181077223
1.181077223
1.181077223
1.181077223
1.181077223
1.181077223
1.181077223
0.3854721199
0.3854721199
0.3854721199
0.3854721199
0.03268856532
0.03268856532
1.451881975
1.215666085
1.215666085
1.215666085
1.215666085
1.215666085
1.215666085
1.215666085
1.215666085
1.629676811
1.629676811
1.629676811
1.629676811
1.629659754
1.629659754
1.629659754
1.612352499
1.549796259
1.549796259
1.549796259
1.013596423
1.013596423
1.013596423
0.3246437806
1.098250132
1.098250132
1.202425336
1.202425336
1.202425336
1.202425336
1.202425336
1.202425336
1.202425336
1.202425336
0.3321390038
0.3321390038
0.3321390038
1.923371432
1.747140997
1.737151827
1.737151827
1.737151827
1.737151827
1.737151827
1.737151827
1.737151827
0.2107745084
1.612165003
1.612165003
1.612165003
1.612165003
1.612165003
1.612165003
1.612165003
1.612165003
1.612165003
1.612165003
1.016891156
1.016891156
0.6047550315
0.6047550315
0.6047550315
1.311720698
1.311720698
1.311720698
1.311720698
1.039379435
1.039379435
0.7386945792
0.7386945792
0.7386945792
0.7386945792
0.7386945792
0.7386945792
0.7386945792
0.7386945792
0.7386945792
0.2352038637
0.5119283113
0.06659315442
0.06659315442
0.06659315442
0.06659315442
0.1805682232
0.1805682232
1.179787736
0.7319565613
0.7319565613
0.7319565613
0.7319565613
1.19061752
0.5632206599
0.5632206599
0.3875911801
0.3875911801
0.3875911801
0.3875911801
0.3875911801
1.059722715
1.059722715
1.059722715
1.059722715
1.059722715
1.059722715
1.059722715
1.059722715
1.059722715
1.063762103
1.063762103
1.063762103
1.063762103
1.063762103
1.063762103
1.063762103
1.063762103
0.11396266
0.45792374
0.45792374
0.45792374
0.4545190252
0.4545190252
0.4545190252
0.4545190252
0.9869658018
0.9869658018
0.9869658018
1.223295458
1.223295458
1.223295458
1.223295458
1.223295458
1.223295458
1.223295458
1.223295458
1.223295458
1.223295458
1.430157514
1.430157514
0.2324877649
0.2324877649
0.2324877649
1.755682035
1.755682035
1.755682035
1.755682035
0.9512754961
0.9512754961
1.065423199
1.065423199
1.065423199
1.065423199
0.633913655
0.633913655
0.633913655
0.633913655
0.633913655
0.633913655
0.633913655
0.633913655
0.633913655
1.0159737
1.0159737
1.0159737
1.0159737
1.0159737
1.0159737
1.0159737
0.8476884874
0.8476884874
0.8476884874
0.8476884874
0.8476884874
1.010237375
1.010237375
1.010237375
1.010237375
1.010237375
0.1072604419
0.1072604419
0.1072604419
0.8505115312
0.8505115312
0.8505115312
0.8505115312
0.8505115312
0.8505115312
0.8221195523
0.8221195523
0.8221195523
0.8221195523
1.234154059
1.234154059
1.234154059
1.234154059
0.9416627128
0.9416627128
0.9416627128
0.6646353114
0.6646353114
2.269158926
2.269158926
2.269158926
2.269158926
2.269158926
2.269158926
0.4040019363
2.394440168
2.394440168
2.394440168
2.394440168
2.394440168
-0.1900312901
-0.1900312901
1.631137388
1.631137388
1.631137388
1.118736281
1.118736281
1.118736281
1.684621636
1.684621636
1.684621636
1.684621636
1.684621636
1.684621636
1.684621636
1.684621636
0.2210848612
0.2210848612
0.2210848612
0.2210848612
0.2210848612
0.2210848612
0.7985734555
0.7500387817
0.7500387817
0.7500387817
0.7500387817
1.60442632
2.08210705
2.08210705
2.08210705
2.08210705
-0.1723164889
-0.1723164889
2.093971352
-0.2548784161
1.2086054
1.2086054
1.2086054
1.2086054
1.2086054
1.2086054
1.2086054
1.2086054
0.06267085992
0.06267085992
0.4367044474
0.4367044474
0.4367044474
0.4367044474
1.059935266
1.059935266
0.9005618326
0.9005618326
0.9005618326
0.9005618326
0.9005618326
0.9005618326
0.9005618326
0.9005618326
0.9005618326
0.9005618326
0.9005618326
0.9005618326
0.6229405382
1.573935415
0.6727220673
1.027022349
1.027022349
1.027022349
0.7085595365
0.7085595365
0.7085595365
0.7085595365
0.7085595365
0.7085595365
0.7085595365
0.7085595365
0.7085595365
0.7085595365
0.7085595365
0.7085595365
0.7085595365
0.7085595365
0.7085595365
0.7085595365
0.7085595365
0.7085595365
0.7085595365
0.7085595365
0.7085595365
0.7085595365
0.7085595365
0.7085595365
0.7085595365
-0.213404381
1.732940136
1.339792925
1.339792925
1.339792925
1.339792925
1.807018858
1.736802486
1.736802486
1.736802486
0.2696222552
0.9367226488
2.138223034
2.138223034
2.138223034
1.595371289
1.595371289
1.595371289
1.595371289
1.595371289
1.634373309
1.738681669
1.738681669
1.738681669
1.738681669
1.738681669
1.738681669
1.738681669
1.336018315
1.336018315
1.336018315
1.336018315
1.336018315
1.363802228
1.363802228
1.363802228
1.363802228
1.363802228
1.363802228
1.363802228
1.363802228
1.206143412
1.206143412
1.206143412
1.206143412
1.206143412
1.206143412
1.206143412
1.206143412
1.206143412
1.206143412
1.206143412
1.206143412
1.047106147
1.047106147
1.219048238
1.219048238
1.219048238
1.077099855
1.077099855
1.077099855
1.680629973
1.257219035
1.257219035
1.257219035
1.442108323
1.442108323
1.442108323
1.442108323
0.2098393072
0.2098393072
0.6363798649
0.6363798649
0.6363798649
0.6363798649
0.6363798649
0.6363798649
0.6363798649
0.4415471725
0.4415471725
0.4415471725
1.819747532
1.848089918
1.848089918
1.848089918
1.848089918
1.848089918
1.672481802
1.672481802
1.672481802
0.4619306345
0.6298076709
0.6298076709
1.777622513
1.47897563
1.47897563
1.47897563
1.47897563
1.47897563
1.47897563
1.47897563
0.7380028952
0.7380028952
1.230327156
0.9394231703
0.9394231703
0.9394231703
0.7296896414
0.7296896414
0.7296896414
1.316347548
1.316347548
1.316347548
1.316347548
1.316347548
1.316347548
1.316347548
1.316347548
1.316347548
1.316347548
1.316347548
1.316347548
1.316347548
1.316347548
1.021870273
1.021870273
1.021870273
1.021870273
1.021870273
1.021870273
1.021870273
1.021870273
1.747396395
1.747396395
2.503672766
2.503672766
2.503672766
0.6645620906
0.6178609531
0.0583246035
0.0583246035
-0.02042374649
-0.02042374649
-0.02042374649
0.04313897349
0.04313897349
0.04313897349
0.04313897349
0.04313897349
0.4246436046
0.4246436046
0.4246436046
0.4246436046
0.7910429665
0.7910429665
0.7910429665
0.7910429665
1.245403755
1.245403755
1.245403755
1.245403755
1.245403755
1.245403755
1.245403755
1.245403755
0.2627643639
0.2627643639
0.7149020418
0.7149020418
1.593655171
1.593655171
1.593655171
1.226647268
1.226647268
1.226647268
1.226647268
1.226647268
1.226647268
1.226647268
1.226647268
1.226647268
1.226647268
1.226647268
1.226647268
1.226647268
1.226647268
0.6283742458
0.6283742458
1.234688086
1.234688086
1.614478508
1.614478508
1.614478508
1.065578882
1.065578882
1.065578882
1.065578882
1.065578882
1.065578882
1.065578882
1.065578882
1.065578882
1.065578882
1.065578882
1.065578882
1.065578882
0.7915628043
0.7915628043
0.7915628043
1.008083252
1.142595218
1.142595218
1.142595218
1.142595218
1.142595218
1.142595218
1.142595218
1.142595218
1.142595218
1.142595218
1.142595218
1.142595218
1.142595218
1.142595218
1.142595218
1.142595218
1.142595218
1.142595218
1.142595218
1.142595218
1.100429147
1.100429147
1.100429147
1.100429147
1.100429147
1.100429147
1.100429147
1.100429147
1.100429147
1.100429147
1.100429147
1.100429147
1.100429147
1.100429147
1.100429147
1.100429147
1.100429147
1.100429147
1.100429147
1.100429147
1.476864655
0.3336384543
0.3336384543
0.533677702
0.533677702
0.533677702
0.533677702
0.533677702
1.811701062
1.811701062
1.811701062
1.811701062
1.811701062
1.793323947
1.793323947
1.793323947
1.793323947
1.885770028
1.885770028
1.885770028
1.420806788
1.420806788
1.420806788
1.25907171
1.25907171
1.633555823
1.633555823
0.8398927446
0.8398927446
1.513254195
1.325447184
1.325447184
1.325447184
1.325447184
1.325447184
1.325447184
1.325447184
1.043074029
1.043074029
1.043074029
0.9906737653
0.9906737653
0.9906737653
0.9906737653
0.9906737653
0.9906737653
0.9906737653
0.9906737653
0.9906737653
0.9906737653
0.9906737653
1.451138269
1.460690415
1.460690415
1.460690415
1.460690415
1.360537709
1.360537709
1.360537709
1.360537709
1.360537709
1.360537709
0.3601629894
0.3601629894
0.2007997784
0.2007997784
0.2007997784
1.446249227
1.446249227
1.06469168
1.06469168
0.7909093863
0.7909093863
0.7909093863
0.5203499749
0.7032001818
0.8795158533
0.8795158533
0.8795158533
0.8795158533
0.994716857
0.994716857
0.8809489601
0.8809489601
0.8809489601
0.8809489601
0.8809489601
0.8809489601
0.8809489601
0.8809489601
0.8809489601
0.8809489601
0.8809489601
0.8809489601
1.456546809
1.456546809
1.456546809
1.456546809
1.456546809
1.456546809
1.456546809
0.8770443552
0.8770443552
0.8770443552
0.8770443552
0.8770443552
0.8770443552
0.8770443552
0.8770443552
1.166636294
1.166636294
1.166636294
1.166636294
1.166636294
1.166636294
1.166636294
1.166636294
0.3737844034
0.3737844034
0.3737844034
0.3806010754
0.3806010754
0.3806010754
0.3806010754
0.3806010754
0.3806010754
0.3806010754
0.3806010754
0.892136782
0.892136782
0.892136782
0.892136782
0.892136782
0.892136782
0.892136782
0.1540963126
0.1540963126
0.1540963126
0.1540963126
0.1540963126
0.1540963126
0.1540963126
0.1540963126
2.090946495
2.090946495
2.090946495
2.638073037
2.638073037
2.638073037
2.638073037
2.638073037
2.155453172
1.436247386
1.436247386
1.436247386
1.436247386
1.436247386
1.436247386
1.436247386
1.436247386
1.436247386
1.436247386
0.3790434366
1.050851918
1.050851918
1.557801724
1.003743559
0.8789874584
0.8789874584
0.9549444837
0.502035572
0.502035572
0.502035572
1.677345321
1.677345321
1.677345321
1.677345321
1.677345321
1.677345321
1.677345321
1.677345321
1.677345321
0.6872583715
0.02894901778
0.02894901778
0.02894901778
0.02894901778
0.02894901778
0.02894901778
0.02894901778
0.02894901778
1.354852058
1.354852058
1.582434285
0.8036338293
0.8036338293
0.8036338293
0.8036338293
0.7295528867
0.7295528867
0.7295528867
0.7295528867
0.7295528867
0.8908079286
1.005315599
1.005315599
1.005315599
1.005315599
1.005315599
1.005315599
1.005315599
1.005315599
1.005315599
1.005315599
1.005315599
1.005315599
1.005315599
1.005315599
1.005315599
1.005315599
1.005315599
1.005315599
1.005315599
1.122433736
1.136188594
1.136188594
1.136188594
1.136188594
1.136188594
1.136188594
1.136188594
1.251418183
1.251418183
1.251418183
1.251418183
1.251418183
1.142720277
1.142720277
0.02518499639
0.02518499639
0.02518499639
0.02518499639
0.02518499639
0.02518499639
1.470177239
1.470177239
1.954716857
1.954716857
1.954716857
1.498405368
1.498405368
1.498405368
1.498405368
1.498405368
1.498405368
1.498405368
1.498405368
1.498405368
1.498405368
1.498405368
0.6385411525
0.6385411525
0.6641557635
0.6641557635
0.6641557635
0.6641557635
0.6641557635
0.6641557635
0.6641557635
0.6641557635
1.332875414
1.332875414
0.8619940466
1.466105002
1.466105002
1.466105002
1.466105002
1.466105002
1.621642228
1.621642228
1.621642228
1.621642228
1.621642228
1.621642228
1.621642228
1.766917414
0.9659262951
0.9659262951
0.9659262951
0.9659262951
0.9659262951
0.9659262951
0.9659262951
0.9659262951
0.9659262951
0.9659262951
0.9659262951
0.9659262951
0.9659262951
0.9659262951
1.754361655
1.754361655
1.754361655
1.754361655
1.754361655
1.754361655
0.04131588266
0.04131588266
0.04131588266
0.04131588266
1.448807041
1.104784094
0.4145552201
0.4145552201
0.4145552201
0.9201426211
0.9201426211
0.9201426211
0.9201426211
0.9201426211
0.9201426211
0.9201426211
0.9201426211
0.9201426211
0.9201426211
0.9201426211
0.9201426211
0.9201426211
0.9201426211
1.994620493
1.994620493
0.8584185541
0.8584185541
0.8584185541
1.794641214
1.794641214
1.388644872
1.388644872
1.121563659
1.121563659
1.121563659
1.121563659
1.121563659
1.394499508
1.394499508
1.394499508
1.051468893
2.007621345
2.007621345
1.570485621
1.570485621
1.570485621
0.4542605308
0.4542605308
0.4542605308
0.4542605308
1.226271352
0.6268203562
0.6268203562
0.6268203562
0.6268203562
0.6268203562
1.495791573
1.495791573
1.495791573
1.495791573
1.161596209
1.161596209
1.161596209
1.161596209
1.161596209
1.161596209
1.161596209
1.058920421
1.058920421
1.058920421
1.058920421
1.058920421
1.058920421
1.411673383
1.411673383
1.411673383
0.5325107409
0.5325107409
0.5325107409
1.406526948
1.406526948
1.282683994
1.282683994
0.1762906984
0.1762906984
0.1762906984
0.1762906984
0.5348658265
0.5348658265
0.5348658265
0.5348658265
0.5348658265
0.5348658265
0.5348658265
0.7775719762
0.7775719762
0.8599762249
1.217273179
1.217273179
1.217273179
1.217273179
1.217273179
1.217273179
1.217273179
1.217273179
1.625582803
1.625582803
0.4772316405
1.339844347
1.339844347
1.339844347
1.339844347
1.339844347
1.120317063
1.120317063
1.120317063
1.120317063
1.120317063
1.120317063
1.120317063
1.120317063
1.120317063
1.467355608
1.467355608
1.467355608
1.467355608
1.467355608
1.467355608
1.467355608
1.467355608
0.1700001548
0.1700001548
0.1700001548
0.1700001548
0.1700001548
1.675261415
1.675261415
1.031750011
1.031750011
1.031750011
1.031750011
1.031750011
1.031750011
1.031750011
1.031750011
1.031750011
1.031750011
0.4106564064
1.068729887
1.068729887
1.068729887
1.068729887
1.068729887
1.068729887
1.068729887
1.068729887
1.068729887
1.068729887
1.068729887
1.068729887
1.068729887
1.068729887
1.068729887
1.068729887
1.068729887
0.7471959568
0.4881865623
1.487744073
1.131951938
1.131951938
1.131951938
1.131951938
1.131951938
1.131951938
1.131951938
1.131951938
1.131951938
1.131951938
1.448274965
1.448274965
1.448274965
1.448274965
1.448274965
1.5590673
0.5352106077
0.5352106077
0.5352106077
0.5352106077
0.3503105139
0.3503105139
0.3503105139
0.957217889
1.35209248
1.650105871
1.650105871
1.650105871
1.650105871
1.650105871
1.650105871
1.650105871
0.8170205988
0.1437078239
0.1437078239
-0.0189839479
1.122061217
1.122061217
1.122061217
1.122061217
0.2061163909
0.04534812297
0.4301683808
0.4301683808
0.7438196825
0.7438196825
0.7438196825
0.7604752684
0.7604752684
0.7604752684
0.7604752684
0.945785015
0.5810019925
0.5371348072
0.5371348072
0.5371348072
0.5371348072
1.431522349
1.431522349
0.337462052
0.337462052
-0.1566453783
-0.1566453783
0.6690598708
0.6690598708
0.6690598708
0.7573689001
0.7573689001
0.7573689001
0.7573689001
0.7573689001
0.7573689001
0.7573689001
0.7573689001
1.485764523
1.485764523
1.485764523
0.3165017009
0.3165017009
0.2166369714
0.2166369714
0.2166369714
0.2166369714
0.8352673568
0.8352673568
1.007624331
0.5251053722
0.5251053722
0.9799435421
0.7555341059
0.7339709064
0.7339709064
0.7339709064
0.794799143
1.265959019
0.2978086225
0.2978086225
0.2978086225
0.2978086225
0.2978086225
1.743204468
1.743204468
1.743204468
1.743204468
1.743204468
1.743204468
0.07221105279
0.8074990598
0.8074990598
0.8074990598
1.34735197
1.34735197
1.34735197
0.6719577188
0.6719577188
0.6719577188
0.6719577188
0.6719577188
0.8999380133
0.8999380133
0.8999380133
0.8999380133
0.6762483411
0.6762483411
0.8120522765
0.8120522765
1.86544996
0.02667140965
0.02667140965
0.02667140965
0.02667140965
0.02667140965
0.02667140965
0.2522259318
0.2522259318
0.7351755234
0.7351755234
0.7351755234
0.7351755234
0.7351755234
0.8876577243
0.8876577243
0.8876577243
0.8876577243
0.8876577243
0.8876577243
0.8876577243
0.8876577243
0.8876577243
0.8876577243
0.8876577243
0.8876577243
1.603583197
1.603583197
1.603583197
1.603583197
0.9844478453
0.6304173421
0.6304173421
1.169005374
1.169005374
1.169005374
1.45779454
1.45779454
1.45779454
1.45779454
1.45779454
0.03627075462
0.03627075462
0.03627075462
0.03627075462
0.03627075462
0.03627075462
0.03627075462
-0.06246210764
-0.06246210764
1.773653419
1.005782184
1.005782184
1.005782184
1.005782184
1.005782184
1.005782184
1.005782184
1.032921312
0.2610350841
0.2610350841
1.07116497
1.07116497
0.1982798607
0.1982798607
0.1982798607
0.1982798607
0.1065193828
0.1065193828
0.8188960687
0.8188960687
0.8188960687
0.8188960687
1.09468639
1.09468639
2.204882567
2.204882567
2.204882567
2.204882567
1.194737468
1.700960008
1.700960008
1.700960008
1.700960008
1.700960008
1.700960008
1.700960008
1.700960008
1.700960008
1.700960008
1.700960008
1.372017275
1.372017275
0.5255707056
0.5255707056
0.5255707056
0.7384328091
0.7401103595
0.7401103595
1.289526154
1.289526154
1.289526154
1.289526154
1.289526154
1.591010699
0.4644046725
0.4644046725
0.4447556387
0.4447556387
0.4447556387
1.44343132
1.44343132
1.44343132
1.44343132
1.44343132
1.44343132
0.7483487253
0.7483487253
0.7483487253
0.7483487253
0.7483487253
0.7483487253
0.868143355
0.868143355
0.915176894
0.915176894
0.915176894
0.915176894
0.915176894
0.7703979841
0.7703979841
0.7703979841
0.7703979841
0.7703979841
1.632996533
1.632996533
1.632996533
1.632996533
1.632996533
1.632996533
1.632996533
1.632996533
1.632996533
1.632996533
0.2774557092
0.2774557092
0.2774557092
0.2774557092
0.2774557092
0.2774557092
1.013538743
1.013538743
1.013538743
1.013538743
1.013538743
0.4121814816
0.4121814816
0.4121814816
0.4121814816
1.331821738
1.331821738
1.331821738
1.331821738
1.331821738
1.331821738
1.331821738
1.331821738
1.331821738
1.331821738
1.331821738
1.331821738
1.908208395
0.2812308583
0.731919951
0.9171006934
1.022514192
1.022514192
1.022514192
1.022514192
1.022514192
1.659614909
1.659614909
1.659614909
1.659614909
1.659614909
1.659614909
0.2574583854
1.875794464
1.875794464
1.875794464
-0.05528903688
-0.05528903688
-0.05528903688
-0.05528903688
-0.05528903688
0.1820729842
1.807947569
1.807947569
1.376670566
1.376670566
1.376670566
1.376670566
1.376670566
1.376670566
1.376670566
0.6508695139
0.4511277068
0.4511277068
1.811163438
0.5522240652
0.5522240652
0.5522240652
0.5522240652
0.5522240652
0.5269276382
0.5269276382
0.4712422658
0.4712422658
0.4712422658
0.4712422658
0.2376055697
0.2376055697
0.2376055697
0.9189534511
0.9189534511
0.9189534511
0.9708699441
0.9708699441
0.9708699441
0.9708699441
0.9708699441
1.037080783
1.037080783
1.037080783
1.037080783
1.037080783
1.037080783
1.037080783
1.037080783
1.037080783
1.037080783
1.037080783
1.037080783
1.037080783
1.779222291
1.779222291
0.07635596918
0.07635596918
0.07635596918
0.07635596918
0.07635596918
0.07635596918
2.013958819
-0.423923807
-0.800360871
-0.800360871
-0.800360871
-0.800360871
-0.800360871
-0.5673783879
-0.5673783879
-0.5673783879
-0.5673783879
0.7811864405
0.7811864405
0.7811864405
1.440331685
1.440331685
1.440331685
1.440331685
1.440331685
1.440331685
1.440331685
1.440331685
1.440331685
1.340864241
1.340864241
1.340864241
1.041292154
1.041292154
1.041292154
1.041292154
1.041292154
0.6521781757
0.6521781757
0.6521781757
0.6521781757
1.128233064
1.671093725
1.671093725
1.002435645
1.002435645
1.002435645
0.06464333589
0.06464333589
0.06464333589
-0.1701676378
0.1644017553
0.1644017553
0.9325634356
0.9325634356
0.9325634356
0.9325634356
0.9325634356
1.333220932
1.333220932
1.333220932
1.333220932
1.333220932
0.8329522194
0.8329522194
0.8329522194
0.8329522194
0.8329522194
0.8329522194
0.8329522194
0.8329522194
0.8329522194
0.6561835563
0.7249531575
0.7249531575
0.7249531575
0.7249531575
1.478340903
1.091554132
1.091554132
1.091554132
1.091554132
1.536193147
1.536193147
1.536193147
1.536193147
1.536193147
0.5904334709
0.5904334709
0.5904334709
0.7613896754
0.7613896754
0.8190046944
0.8190046944
0.8190046944
0.8190046944
0.8190046944
0.8190046944
0.8190046944
0.8190046944
0.8190046944
0.8190046944
1.030837588
1.030837588
1.066576105
1.066576105
1.066576105
1.066576105
1.066576105
1.066576105
1.066576105
1.066576105
1.066576105
1.066576105
1.066576105
1.066576105
1.066576105
1.066576105
1.066576105
1.066576105
1.242411427
0.7814568581
0.7814568581
1.569807873
1.569807873
1.569807873
1.569807873
1.651994282
1.651994282
1.215771508
0.8222522029
0.8222522029
0.8222522029
0.8222522029
0.8222522029
0.8222522029
0.8222522029
1.478281212
1.478281212
1.298856321
1.298856321
1.298856321
-0.003838568832
0.6973669505
0.6973669505
0.6973669505
0.6973669505
0.6973669505
1.229675059
1.229675059
1.229675059
1.229675059
-0.2796400978
-0.2796400978
-0.7491636886
-0.1435378398
0.9795407521
0.9795407521
0.9795407521
0.9795407521
0.9795407521
0.4637907096
0.4637907096
1.111701424
0.0230324066
0.5921259587
1.0075463
1.0075463
1.0075463
0.964150107
0.7028220232
0.7028220232
0.7028220232
0.7028220232
0.7028220232
0.7028220232
1.326042081
0.5218648841
0.5218648841
0.5218648841
0.6337694723
1.633081968
1.633081968
1.633081968
0.5041032118
0.5041032118
1.472152672
1.472152672
1.472152672
0.3876247809
0.3876247809
0.3876247809
1.735606539
1.735606539
1.735606539
1.735606539
1.735606539
1.735606539
1.735606539
1.735606539
1.735606539
1.735606539
0.2902582706
0.3499336367
0.3806775391
0.5847697138
0.5847697138
0.5847697138
0.5847697138
0.616171059
0.616171059
0.616171059
0.616171059
0.616171059
1.259778588
1.259778588
1.512094335
1.512094335
0.3784892127
0.3784892127
0.3784892127
-0.09448467552
-0.09448467552
-0.09448467552
2.125166996
2.125166996
2.125166996
0.2363582959
1.528221335
1.528221335
0.2569260993
0.007963088757
0.007963088757
1.329347722
1.329347722
1.329347722
1.329347722
0.8746161625
0.8746161625
0.4157736664
0.4157736664
1.461160552
1.461160552
1.461160552
1.461160552
1.461160552
1.461160552
1.461160552
1.461160552
1.461160552
1.461160552
1.461160552
0.9368836393
0.9368836393
1.758404053
1.758404053
1.851916629
1.851916629
0.7284924546
0.7284924546
0.614441441
0.614441441
0.614441441
0.4440872519
0.4440872519
0.4440872519
0.4440872519
0.4440872519
0.4440872519
-0.04642034442
-0.04642034442
-0.04642034442
0.7320756873
0.7320756873
0.7320756873
0.7320756873
0.7320756873
0.7320756873
0.7320756873
0.7320756873
0.7320756873
0.211903141
1.667569813
1.574775786
1.574775786
1.574775786
1.574775786
1.202705302
1.202705302
1.202705302
1.202705302
1.202705302
1.646930939
1.323706554
1.323706554
0.2946481145
0.2946481145
0.7834681194
0.7834681194
0.7834681194
0.7834681194
0.7834681194
0.3676796498
0.3676796498
0.3676796498
-0.04421452311
1.043328601
1.043328601
1.043328601
1.043328601
0.9354416529
0.9354416529
0.9354416529
0.9354416529
0.9354416529
0.9354416529
0.9354416529
0.9354416529
1.520504422
1.520504422
1.520504422
1.520504422
1.520504422
0.3835433264
0.3835433264
0.3835433264
0.3835433264
1.872313271
1.872313271
1.872313271
1.872313271
0.4523782655
0.8860632735
0.8860632735
0.8860632735
0.8860632735
0.8860632735
0.8860632735
0.8860632735
0.8860632735
0.8860632735
0.8860632735
0.6020342239
0.6020342239
0.6020342239
0.6020342239
0.6020342239
0.6020342239
0.6020342239
0.6020342239
0.6020342239
1.538520016
1.538520016
1.407939527
1.407939527
1.407939527
1.407939527
1.407939527
1.407939527
0.8194717092
0.8194717092
1.409458616
1.409458616
1.215519083
1.215519083
1.215519083
1.215519083
1.215519083
1.215519083
1.215519083
1.215519083
1.215519083
1.215519083
2.123455722
0.7908252886
0.7908252886
0.7908252886
0.7908252886
0.7908252886
0.7908252886
0.7908252886
0.7908252886
0.7908252886
0.7908252886
0.7908252886
0.7908252886
0.7908252886
0.7908252886
0.7908252886
0.7908252886
0.7908252886
1.913873662
1.913873662
1.913873662
1.913873662
1.913873662
2.143068563
2.143068563
2.143068563
2.009618114
1.592896666
1.592896666
1.592896666
1.592896666
1.592896666
1.592896666
1.592896666
1.592896666
1.592896666
1.592896666
1.592896666
1.592896666
1.592896666
1.592896666
1.592896666
1.592896666
0.8944098807
0.8944098807
0.8944098807
0.8944098807
0.8944098807
0.8944098807
0.8944098807
1.232145015
0.32551556
0.3507274572
0.3507274572
0.3507274572
0.3507274572
1.269220392
0.7781525928
0.7781525928
0.7781525928
0.7781525928
0.7781525928
0.7781525928
0.7781525928
0.7781525928
0.7781525928
0.7781525928
0.7781525928
0.7781525928
0.7781525928
0.7781525928
0.7781525928
0.7781525928
1.061765618
1.061765618
1.061765618
1.061765618
1.077944039
1.077944039
1.077944039
1.077944039
1.077944039
1.077944039
1.077944039
1.077944039
1.077944039
1.077944039
1.077944039
1.077944039
1.077944039
1.077944039
1.077944039
1.077944039
1.077944039
1.077944039
1.077944039
1.077944039
1.077944039
1.077944039
1.077944039
1.077944039
2.057923451
2.057923451
2.057923451
0.2709720475
0.2709720475
0.2709720475
0.2709720475
0.2709720475
0.2709720475
0.2709720475
0.2709720475
0.2709720475
0.2709720475
0.09778463589
0.5061860385
1.376492942
1.376492942
1.173709306
1.173709306
1.173709306
1.173709306
0.7938219166
0.2802513078
1.049836821
1.049836821
1.049836821
1.049836821
1.049836821
1.049836821
1.049836821
1.049836821
1.049836821
1.049836821
1.049836821
1.304846923
1.304846923
1.304846923
0.3847008776
0.3847008776
0.3847008776
0.3847008776
0.3847008776
0.3847008776
1.438039021
1.438039021
1.438039021
1.438039021
1.438039021
1.55479434
1.55479434
1.55479434
1.55479434
1.138303053
1.138303053
1.138303053
1.138303053
1.138303053
1.138303053
1.138303053
1.268521417
1.268521417
1.268521417
0.8516289024
0.9057600784
0.9057600784
0.9057600784
1.31667403
1.31667403
1.31667403
1.31667403
1.31667403
1.536273585
1.536273585
1.536273585
1.536273585
1.710206859
1.710206859
1.710206859
1.710206859
1.710206859
1.710206859
1.710206859
1.710206859
1.710206859
0.426987844
0.426987844
1.547597184
1.547597184
1.070669696
1.070669696
1.070669696
1.070669696
1.070669696
1.070669696
1.070669696
1.070669696
1.070669696
1.070669696
1.070669696
1.139929971
0.8284603177
0.8284603177
1.644272326
1.644272326
1.327853125
1.327853125
1.327853125
1.327853125
1.069693378
1.069693378
0.7855038443
0.7855038443
0.7855038443
0.7855038443
0.7855038443
0.7855038443
0.7855038443
0.7855038443
0.7855038443
0.7855038443
0.7855038443
0.7855038443
0.4573164523
0.4573164523
1.577277858
1.583716077
1.583716077
1.583716077
0.7205671065
1.690533549
1.690533549
0.7056528684
-0.02440579785
-0.02440579785
-0.02440579785
-0.02440579785
-0.02440579785
-0.02440579785
0.9228501402
0.9228501402
1.488584822
1.488584822
1.488584822
1.488584822
1.488584822
1.488584822
1.488584822
1.488584822
1.488584822
0.6605789697
0.6605789697
0.6605789697
0.835474719
0.835474719
0.0007200467883
1.13719385
1.13719385
1.619192749
0.6221214978
0.6221214978
0.6221214978
0.6221214978
0.6221214978
0.8608462292
0.8608462292
0.8608462292
0.8608462292
0.8608462292
0.8608462292
0.8608462292
0.8608462292
0.8608462292
1.424965129
1.424965129
1.424965129
1.424965129
1.424965129
1.424965129
1.424965129
1.424965129
1.72264293
1.72264293
1.72264293
1.72264293
1.72264293
0.8654692178
0.8654692178
0.8654692178
0.8654692178
0.8654692178
0.8654692178
0.8654692178
1.195369818
1.195369818
1.195369818
1.195369818
1.195369818
1.195369818
1.195369818
1.195369818
1.195369818
1.195369818
1.195369818
-0.01036700307
-0.01036700307
0.1714784966
0.1714784966
0.1714784966
0.1714784966
0.3054900739
0.3054900739
0.3054900739
0.3054900739
2.091665635
2.091665635
2.091665635
1.254113969
1.38807649
1.38807649
1.38807649
1.38807649
0.8272737845
0.8272737845
0.8272737845
0.8272737845
1.34215884
1.34215884
1.34215884
1.34215884
1.34215884
1.23418821
1.23418821
1.23418821
1.23418821
1.23418821
1.23418821
1.23418821
1.23418821
0.7167527946
0.7167527946
0.7167527946
0.7167527946
0.7167527946
1.38087356
0.4680596155
0.4680596155
0.4680596155
0.4680596155
0.4680596155
0.4680596155
0.4680596155
0.4680596155
0.4680596155
1.336453032
0.5126385625
0.3181911781
0.3181911781
0.3181911781
0.4670677953
0.4670677953
1.92173187
1.92173187
1.572737517
1.904679269
1.904679269
1.904679269
2.123827474
1.433532506
1.433532506
1.433532506
1.433532506
1.433532506
1.433532506
1.433532506
1.433532506
1.433532506
1.433532506
1.433532506
1.433532506
1.433532506
1.433532506
1.433532506
1.433532506
1.481503121
1.481503121
1.070835182
1.070835182
1.070835182
1.070835182
1.070835182
1.070835182
1.070835182
1.070835182
1.070835182
1.070835182
1.163095273
1.163095273
1.163095273
1.163095273
1.01279867
1.01279867
1.18919143
1.18919143
1.18919143
1.18919143
1.18919143
1.18919143
0.7189003247
0.7189003247
0.7189003247
0.7189003247
0.7189003247
0.7189003247
0.7189003247
0.7189003247
0.7189003247
0.7189003247
0.4990663761
0.4990663761
0.4990663761
0.4990663761
1.029149916
1.029149916
1.029149916
0.9093746928
0.9093746928
0.9093746928
0.6810811333
0.6810811333
0.6810811333
0.6810811333
0.6810811333
0.6810811333
0.6810811333
0.6810811333
0.6810811333
0.6810811333
1.18277317
1.18277317
1.118001167
1.118001167
1.118001167
1.271215097
1.271215097
1.271215097
1.271215097
1.271215097
1.271215097
0.4905656131
0.4905656131
0.4905656131
0.4905656131
0.4905656131
1.016832825
1.016832825
1.016832825
1.016832825
1.289525736
1.289525736
1.289525736
1.289525736
1.289525736
1.289525736
1.289525736
1.289525736
1.289525736
1.289525736
1.289525736
1.289525736
1.289525736
1.226002761
1.226002761
0.2774031083
0.2774031083
0.2774031083
2.020503017
2.020503017
2.020503017
2.020503017
0.4510894139
0.4510894139
0.4510894139
0.4282486393
0.4282486393
0.3693365793
0.3693365793
0.3693365793
0.3693365793
0.3693365793
0.3693365793
0.3693365793
0.3693365793
0.3693365793
0.3693365793
0.3693365793
0.4719270499
0.4719270499
0.4802354834
1.219321945
1.219321945
1.219321945
1.219321945
1.219321945
1.219321945
1.219321945
1.219321945
1.219321945
1.219321945
1.219321945
1.219321945
1.219321945
1.219321945
1.219321945
1.219321945
1.219321945
1.219321945
1.219321945
1.219321945
1.219321945
1.219321945
1.219321945
1.219321945
1.219321945
1.219321945
1.219321945
1.219321945
1.219321945
0.5194229691
0.5194229691
0.5194229691
0.5194229691
0.5194229691
0.5194229691
0.5194229691
0.6995143208
0.6642273666
0.6642273666
0.6642273666
0.6642273666
0.6642273666
0.6642273666
0.6642273666
0.6642273666
0.6642273666
0.6642273666
0.6642273666
0.5094789096
0.5094789096
0.5094789096
0.5094789096
0.4022883237
0.4022883237
0.4022883237
0.4022883237
0.4022883237
0.632455988
0.632455988
0.632455988
0.632455988
0.632455988
0.632455988
0.632455988
0.632455988
0.632455988
0.632455988
1.024443411
1.024443411
1.024443411
1.024443411
1.024443411
1.024443411
1.024443411
1.024443411
1.12556124
1.142358329
1.142358329
0.7452146722
0.7452146722
0.8856507113
0.8856507113
0.8856507113
0.8856507113
0.8856507113
0.8856507113
0.8856507113
0.8856507113
0.8856507113
0.8856507113
0.8856507113
0.5603638137
0.5603638137
0.5603638137
0.4607736202
0.4607736202
0.4607736202
0.4607736202
0.2527175273
0.2527175273
0.2527175273
0.005300922405
0.005300922405
0.005300922405
0.9420083628
1.009162883
1.009162883
1.009162883
1.009162883
1.009162883
1.009162883
1.009162883
1.009162883
1.009162883
1.009162883
1.009162883
1.009162883
1.044205085
1.044205085
1.044205085
1.249432084
1.249432084
1.249432084
0.8064608761
0.8064608761
0.8064608761
0.8064608761
0.8064608761
0.8064608761
1.006347335
1.149343917
1.149343917
0.8643151265
0.7884161734
0.7884161734
0.7884161734
0.7884161734
0.7884161734
0.7884161734
0.7884161734
0.7884161734
0.7884161734
0.7884161734
0.7884161734
0.7884161734
0.7884161734
0.7884161734
0.7884161734
1.229281491
0.4058417838
0.4058417838
1.193473152
1.193473152
1.193473152
1.193473152
1.009483791
1.009483791
0.4435606988
0.9471885467
0.9471885467
0.9471885467
0.9471885467
0.9471885467
0.9471885467
0.9471885467
0.9471885467
1.421124442
1.421124442
1.421124442
1.421124442
1.421124442
1.421124442
1.421124442
1.421124442
1.421124442
0.8176227219
0.8176227219
0.8176227219
0.8176227219
0.8176227219
0.8176227219
0.8176227219
0.8176227219
0.8176227219
0.8176227219
0.8176227219
0.8176227219
0.8176227219
0.8176227219
0.7750329756
0.7750329756
0.7750329756
0.7750329756
0.7750329756
0.7750329756
1.825671165
1.825671165
1.825671165
1.208874181
1.208874181
1.208874181
1.208874181
0.7859853511
0.7859853511
0.7859853511
0.7859853511
0.7859853511
0.7859853511
0.7859853511
0.7859853511
0.7859853511
0.7859853511
0.7859853511
0.7859853511
0.7859853511
1.176262506
1.176262506
1.176262506
1.176262506
0.5084145068
0.5084145068
0.5084145068
0.5084145068
0.5084145068
0.5084145068
0.5084145068
0.5084145068
0.5084145068
1.755202956
0.776166034
0.776166034
1.659958283
1.659958283
1.659958283
1.659958283
1.519719807
1.519719807
1.519719807
1.519719807
1.519719807
1.519719807
1.519719807
1.519719807
1.519719807
0.5486672082
0.5486672082
0.5486672082
0.7308682683
0.7308682683
0.7308682683
0.763607119
0.1329678774
1.523870529
1.523870529
1.244457458
1.244457458
1.244457458
1.244457458
1.244457458
1.244457458
1.244457458
1.085250868
1.085250868
1.085250868
1.085250868
1.085250868
0.7604770528
0.7604770528
0.7604770528
0.7604770528
0.7604770528
0.7604770528
0.7604770528
0.7604770528
0.7604770528
1.781603942
1.781603942
1.781603942
1.781603942
1.781603942
1.781603942
1.781603942
1.781603942
0.5334617902
0.5334617902
0.5334617902
1.021222596
1.021222596
0.537147169
0.6445698154
1.61478066
1.025164152
1.249190436
1.249190436
1.249190436
1.249190436
1.249190436
1.249190436
1.249190436
1.249190436
1.249190436
1.249190436
1.249190436
1.249190436
1.249190436
1.249190436
1.249190436
1.249190436
1.724362573
1.85392366
1.85392366
1.85392366
1.85392366
1.85392366
1.85392366
1.85392366
1.85392366
1.85392366
1.85392366
1.85392366
1.85392366
1.379715548
1.379715548
1.379715548
1.505529348
1.505529348
1.505529348
1.505529348
1.505529348
1.505529348
1.505529348
0.8551257993
0.8551257993
0.8551257993
0.8551257993
0.8551257993
0.8551257993
0.8551257993
0.8551257993
0.5696993936
0.4254616082
0.4254616082
0.4254616082
0.4254616082
1.5392835
1.5392835
1.5392835
1.5392835
1.5392835
1.5392835
1.5392835
1.5392835
1.5392835
1.5392835
1.5392835
1.5392835
1.5392835
1.5392835
1.538396363
1.538396363
1.538396363
1.538396363
1.538396363
1.538396363
1.538396363
1.538396363
1.538396363
1.538396363
1.538396363
0.4717603319
0.4717603319
0.4717603319
0.3939203983
0.3939203983
0.3939203983
0.3939203983
0.3939203983
0.3939203983
0.3939203983
0.3939203983
0.3939203983
0.3939203983
1.026868757
1.026868757
0.9122878719
0.9122878719
0.9122878719
0.9122878719
0.9122878719
0.9122878719
0.9122878719
0.9122878719
0.4190060637
0.4190060637
0.4190060637
0.4190060637
1.858794593
1.858794593
1.858794593
1.858794593
1.858794593
0.9804323839
0.9804323839
0.9804323839
0.9804323839
0.9804323839
0.9804323839
1.277642131
1.277642131
1.277642131
1.277642131
1.596509252
1.038863297
1.295864628
1.295864628
1.295864628
1.296823701
1.296823701
1.296823701
1.296823701
0.3134654133
0.3134654133
0.3134654133
0.3134654133
1.524377589
1.524377589
1.524377589
1.524377589
1.524377589
0.8587962599
0.8587962599
0.8587962599
0.8587962599
1.933757268
-0.03534856279
-0.03534856279
-0.03534856279
-0.03534856279
2.015406013
0.6244773312
0.6244773312
0.6244773312
0.6244773312
0.6244773312
0.6244773312
0.3580152431
0.3580152431
0.3580152431
0.7325904818
0.7325904818
0.7325904818
0.8863957196
0.8863957196
0.8301311581
0.8301311581
0.8301311581
0.8301311581
0.8301311581
0.8301311581
0.8301311581
2.16404429
1.20074996
1.20074996
1.20074996
1.139069279
2.252085634
2.252085634
2.252085634
2.252085634
2.252085634
2.252085634
2.252085634
2.252085634
2.252085634
2.252085634
1.545301121
1.533821213
1.533821213
1.533821213
0.7735642532
-0.1932400103
1.792601646
2.119315392
2.119315392
1.138031259
1.138031259
1.138031259
1.138031259
0.3156091305
0.3156091305
0.3156091305
0.3156091305
0.3156091305
0.3156091305
0.7305791745
0.7305791745
1.811043031
1.811043031
0.514268383
0.514268383
0.9055423938
0.9055423938
0.9055423938
0.9055423938
0.9055423938
0.4696940031
0.4696940031
0.4696940031
0.4696940031
0.4696940031
0.4696940031
0.4696940031
0.4696940031
-0.1045672927
-0.1045672927
-0.1045672927
-0.1045672927
-0.1045672927
1.173274627
1.324795072
1.324795072
1.324795072
1.324795072
1.324795072
1.324795072
1.324795072
1.324795072
1.324795072
1.324795072
1.324795072
1.217561311
1.217561311
1.217561311
1.217561311
1.217561311
1.217561311
1.217561311
1.61685562
1.61685562
1.61685562
1.61685562
1.82359261
1.82359261
1.984725673
1.571601045
1.571601045
1.571601045
1.571601045
-0.002358694343
-0.002358694343
-0.002358694343
-0.002358694343
-0.06535588354
1.132664672
1.132664672
1.132664672
0.8856265406
0.8856265406
0.8469693962
0.8469693962
1.756853323
1.756853323
1.756853323
1.756853323
1.756853323
0.6752796437
0.6752796437
1.016033322
1.016033322
1.016033322
1.016033322
1.016033322
1.016033322
1.016033322
1.016033322
1.016033322
0.7050724199
0.7050724199
0.7050724199
0.7050724199
0.7050724199
0.7050724199
0.7050724199
0.7050724199
0.7050724199
0.7050724199
0.7050724199
0.7050724199
0.7050724199
0.7050724199
-0.1183498431
0.0445862051
0.0445862051
0.0445862051
1.079614142
1.079614142
1.079614142
1.079614142
1.079614142
1.079614142
1.079614142
1.079614142
1.079614142
1.079614142
1.079614142
1.079614142
1.079614142
1.079614142
1.079614142
1.68957472
1.68957472
1.68957472
1.68957472
0.8884598663
0.8884598663
0.8884598663
0.8884598663
0.8884598663
0.8884598663
1.432614838
1.432614838
1.432614838
1.432614838
1.432614838
1.432614838
1.432614838
1.432614838
1.432614838
1.432614838
0.6094357843
0.7890689734
0.7890689734
0.7890689734
0.7890689734
1.04204213
1.04204213
1.04204213
1.04204213
1.04204213
0.7941453579
0.9547242732
0.9547242732
0.9547242732
0.9547242732
0.9547242732
1.490453426
1.490453426
1.490453426
1.490453426
1.490453426
1.490453426
1.490453426
1.321196243
1.321196243
1.321196243
1.321196243
1.321196243
1.321196243
1.321196243
1.321196243
1.321196243
1.321196243
1.321196243
1.321196243
1.321196243
1.321196243
1.321196243
1.321196243
-0.02260533838
-0.02260533838
-0.02260533838
-0.02260533838
-0.02260533838
1.164550685
1.164550685
-0.499276286
-0.499276286
-0.499276286
-0.499276286
-0.499276286
-0.03459698024
-0.03459698024
-0.03459698024
-0.03459698024
2.153571721
2.153571721
2.153571721
2.153571721
-0.5616120876
-0.5616120876
-0.2665125409
-0.2665125409
-0.2665125409
0.8036371568
0.8036371568
0.8036371568
0.8036371568
0.8036371568
0.8036371568
0.007441956362
-0.2261347072
-0.1074639361
1.463424677
1.463424677
1.463424677
1.463424677
1.456369563
1.456369563
1.456369563
1.456369563
1.456369563
1.456369563
1.456369563
0.7621724045
0.7621724045
0.7621724045
0.7621724045
0.7621724045
1.363818908
1.363818908
1.363818908
1.363818908
1.368927926
1.368927926
1.368927926
1.368927926
1.368927926
1.368927926
1.368927926
1.368927926
1.368927926
1.368927926
1.368927926
1.368927926
1.368927926
1.368927926
1.368927926
1.368927926
1.368927926
1.368927926
1.368927926
1.368927926
1.095601202
0.8999853465
0.8999853465
1.466738227
0.1231623143
0.1231623143
0.008824460113
0.008824460113
0.008824460113
0.008824460113
0.008824460113
0.008824460113
0.008824460113
0.5318103699
1.042240294
1.042240294
1.042240294
1.042240294
0.8430924823
0.8430924823
0.8430924823
0.8430924823
0.8430924823
0.8430924823
0.8430924823
0.8430924823
0.8430924823
0.8430924823
1.167576175
1.167576175
1.167576175
1.167576175
1.167576175
1.167576175
1.167576175
1.167576175
1.167576175
1.167576175
1.167576175
1.167576175
0.8326031658
0.8326031658
0.8326031658
0.8326031658
0.8326031658
0.8326031658
0.8326031658
1.193882883
1.193882883
1.193882883
1.193882883
1.193882883
1.572311184
1.572311184
1.572311184
1.572311184
1.572311184
1.572311184
1.572311184
1.572311184
1.572311184
1.572311184
0.8763418487
0.8763418487
0.8763418487
-0.02493303916
-0.02493303916
-0.02493303916
-0.02493303916
-0.02493303916
-0.02493303916
-0.02493303916
-0.02493303916
-0.02493303916
-0.02493303916
-0.02493303916
1.395598396
1.395598396
1.395598396
1.395598396
1.395598396
1.395598396
1.395598396
1.395598396
1.395598396
1.395598396
1.395598396
1.395598396
1.395598396
1.166981088
1.166981088
1.166981088
1.575834082
1.575834082
1.85869998
1.85869998
1.85869998
1.85869998
1.85869998
1.85869998
1.85869998
0.1543035069
0.1543035069
0.1543035069
1.464509187
1.464509187
1.235998655
1.235998655
0.8600141016
0.8600141016
0.8600141016
0.8600141016
0.8600141016
0.8600141016
0.8600141016
0.7813148014
0.7813148014
-0.04064998182
0.8775166954
0.8775166954
0.8775166954
0.8775166954
0.8775166954
0.8775166954
0.8775166954
0.8775166954
0.8775166954
0.8775166954
0.8775166954
0.8775166954
0.8775166954
0.6459657847
0.6459657847
0.3740290978
1.71978403
1.71978403
0.3326928263
0.3326928263
0.3326928263
0.3326928263
0.3326928263
1.181467303
0.4390092381
0.4390092381
0.4390092381
0.8419903128
0.8419903128
0.8419903128
0.8419903128
0.8419903128
0.8419903128
0.8419903128
0.8419903128
1.445285156
1.445285156
1.445285156
1.445285156
1.445285156
1.445285156
1.445285156
1.445285156
1.445285156
1.445285156
1.290108415
0.7618045957
0.7618045957
0.4548850861
0.4548850861
0.7396897996
0.7396897996
0.7396897996
0.6583271866
1.538934459
1.538934459
1.538934459
1.538934459
1.538934459
1.538934459
1.538934459
2.109996515
2.109996515
0.03010986232
1.507245723
1.507245723
0.04092187172
1.852748315
1.852748315
1.521941297
1.41712344
1.28306359
1.28306359
1.510952382
2.348941718
2.348941718
2.348941718
2.348941718
1.835720984
1.289296961
1.289296961
1.289296961
1.268614798
1.268614798
1.478448193
1.478448193
1.478448193
1.478448193
0.189074772
0.189074772
0.2537781146
1.676586726
1.676586726
1.676586726
1.676586726
1.676586726
1.676586726
1.676586726
1.642818079
1.642818079
1.642818079
1.642818079
1.642818079
1.642818079
1.642818079
1.642818079
0.5085475124
0.5085475124
0.5085475124
0.5085475124
0.5085475124
0.5085475124
0.5085475124
0.5085475124
1.06002514
1.06002514
1.06002514
0.6467743419
0.6467743419
0.6467743419
0.6665327351
0.6665327351
0.6665327351
0.6665327351
0.6665327351
0.3117427001
0.3117427001
0.3117427001
0.3117427001
0.3117427001
0.3117427001
0.3117427001
0.3117427001
0.3117427001
0.3117427001
0.3117427001
0.3117427001
1.233064868
1.233064868
0.8046607594
1.101407368
1.101407368
1.101407368
1.101407368
1.101407368
1.101407368
1.101407368
1.101407368
1.101407368
1.101407368
1.101407368
1.101407368
1.101407368
1.17734735
1.17734735
1.17734735
0.8741138006
0.8741138006
1.535775057
1.535775057
0.4031545213
0.4031545213
1.368886087
1.184032028
1.184032028
1.184032028
1.184032028
-0.06123090765
-0.06123090765
-0.06123090765
0.1392289631
0.1392289631
0.1392289631
0.3480237525
0.3480237525
0.5493953886
1.164630766
1.164630766
1.42212275
1.42212275
1.42212275
1.42212275
1.658723704
1.658723704
1.182995353
1.182995353
1.182995353
1.182995353
1.182995353
1.182995353
1.182995353
1.182995353
1.214486792
1.214486792
1.214486792
1.630564525
1.103997558
1.103997558
1.103997558
1.66369521
1.66369521
1.66369521
1.66369521
1.66369521
1.66369521
1.418473343
1.448242212
1.448242212
1.448242212
1.448242212
1.448242212
1.448242212
1.448242212
1.448242212
1.981190657
1.580952356
1.580952356
1.580952356
1.580952356
1.213447106
0.9571968387
0.9571968387
0.9571968387
0.9571968387
0.9571968387
0.9571968387
0.9571968387
0.4234194525
0.4234194525
0.2961885188
0.2961885188
1.308579085
1.308579085
1.308579085
1.308579085
1.520155015
1.520155015
0.979038608
0.979038608
0.979038608
0.979038608
0.979038608
0.979038608
0.979038608
0.979038608
0.979038608
0.979038608
0.8140615573
0.8140615573
0.4864742946
0.4864742946
0.2727529375
0.2727529375
0.2727529375
0.2500715429
0.3424095475
0.3424095475
0.3424095475
0.2977938368
0.2977938368
0.2977938368
0.2977938368
0.2977938368
0.2977938368
0.2977938368
0.2977938368
0.2977938368
0.2977938368
0.2977938368
0.2977938368
0.2977938368
0.2977938368
0.2977938368
0.2977938368
0.8911329283
0.9206980229
0.9206980229
0.9206980229
1.541225518
1.541225518
0.985415561
0.985415561
0.985415561
0.985415561
0.985415561
0.985415561
0.985415561
0.985415561
0.985415561
0.985415561
0.985415561
0.985415561
1.487306839
1.487306839
1.487306839
1.487306839
0.3121158031
0.3121158031
0.3121158031
0.3121158031
0.3121158031
0.3121158031
0.7350865974
0.7350865974
0.5815488077
0.5815488077
0.5815488077
0.8392078311
0.8392078311
0.8392078311
0.8392078311
0.07287960725
0.07287960725
0.4220823106
0.4220823106
0.4220823106
0.9634114889
0.9634114889
0.9634114889
0.9634114889
0.9634114889
0.9634114889
1.433325188
1.076461629
1.076461629
1.076461629
1.076461629
1.076461629
1.076461629
1.076461629
1.076461629
1.076461629
1.076461629
1.076461629
1.076461629
1.076461629
1.076461629
1.076461629
1.076461629
1.076461629
1.738454174
0.9454400205
0.9454400205
0.9454400205
0.9454400205
0.9454400205
1.702625172
1.702625172
1.702625172
1.702625172
1.702625172
1.702625172
1.702625172
1.702625172
1.702625172
1.312367857
1.312367857
0.9419244623
0.9419244623
0.6230782309
1.037227263
1.037227263
1.037227263
1.037227263
0.6414461472
0.6414461472
1.70213704
1.70213704
1.70213704
1.70213704
0.8011833904
1.169934021
1.242016254
1.242016254
1.242016254
1.242016254
1.242016254
1.242016254
1.242016254
1.242016254
1.085193473
0.9422700089
0.9422700089
0.9422700089
0.9422700089
0.9422700089
0.9422700089
0.9422700089
0.9422700089
0.9422700089
1.853408165
1.853408165
1.853408165
1.853408165
1.853408165
0.4772816128
0.4772816128
0.5621637805
0.5621637805
0.5621637805
0.5621637805
0.5621637805
0.5621637805
0.7755267512
0.7755267512
0.7755267512
1.929810932
1.929810932
1.929810932
1.713562546
1.674026726
1.760266954
2.345065919
2.726014454
2.726014454
2.726014454
2.726014454
0.3753694399
0.3753694399
0.3753694399
1.879342711
1.879342711
1.879342711
1.8500884
1.8500884
1.8500884
1.8500884
1.8500884
0.1744470823
0.1604484744
0.1604484744
0.1488773416
1.534316278
1.534316278
1.534316278
1.534316278
1.534316278
1.534316278
1.534316278
1.534316278
1.534316278
1.534316278
1.543862412
0.7179766907
0.7179766907
0.7179766907
0.7179766907
0.1815031649
0.1815031649
0.1815031649
0.1815031649
0.1815031649
0.1815031649
0.1815031649
0.1815031649
0.1815031649
0.1815031649
0.1815031649
0.1815031649
0.1815031649
0.1815031649
0.1815031649
0.7978563518
0.7978563518
0.7978563518
0.7978563518
0.7978563518
0.7978563518
0.7978563518
0.7978563518
0.7978563518
0.7978563518
0.7978563518
0.7978563518
0.7978563518
0.7978563518
0.9351368786
0.9351368786
0.9351368786
0.9351368786
0.9351368786
0.9351368786
0.9351368786
0.9351368786
0.9351368786
0.9351368786
1.738330808
1.674360983
1.674360983
1.674360983
1.674360983
1.674360983
1.674360983
1.674360983
1.674360983
-0.03528515012
-0.03528515012
-0.03528515012
0.4413139038
0.4413139038
0.0007937066814
1.769508255
0.3608764917
0.3608764917
0.3608764917
0.3608764917
1.189079969
1.189079969
1.189079969
1.189079969
1.189079969
1.189079969
1.619709077
1.619709077
1.34411767
1.34411767
1.34411767
1.424314951
0.9316764858
0.9316764858
0.9316764858
0.9316764858
0.9316764858
0.9316764858
0.9316764858
0.9316764858
0.9316764858
0.8335398356
0.8335398356
0.9244948506
0.9244948506
0.9244948506
0.9244948506
0.9244948506
0.9244948506
0.9244948506
0.9244948506
0.9244948506
0.9244948506
0.7190406122
0.7190406122
0.7190406122
0.4858479114
1.044279554
1.080489895
1.080489895
1.080489895
1.080489895
1.080489895
1.080489895
1.080489895
1.080489895
1.315637524
0.580874548
0.580874548
0.580874548
0.580874548
0.580874548
0.580874548
0.580874548
0.580874548
0.580874548
0.580874548
0.580874548
0.580874548
0.580874548
1.293766818
1.293766818
0.2969542984
1.614203808
1.614203808
1.614203808
1.614203808
1.614203808
1.614203808
1.614203808
0.4388961083
0.4388961083
0.4388961083
0.4388961083
0.4388961083
0.6398067898
0.6996674654
0.6996674654
1.319518421
1.319518421
1.319518421
1.319518421
1.319518421
1.319518421
1.020669648
1.020669648
1.020669648
1.020669648
1.020669648
0.3678403949
0.3678403949
0.3678403949
0.3678403949
0.3678403949
0.3678403949
0.3678403949
0.3678403949
0.3678403949
0.3678403949
0.3678403949
0.5821762273
0.5821762273
0.5821762273
0.5821762273
0.5821762273
0.5821762273
0.5821762273
0.5821762273
0.5821762273
0.5821762273
0.5821762273
0.5821762273
1.107699557
1.107699557
1.107699557
1.107699557
1.107699557
1.107699557
1.107699557
1.107699557
0.6115018347
0.6115018347
0.6115018347
0.8150311248
0.5375956898
0.6580234011
0.6580234011
0.6580234011
0.6580234011
0.674636152
0.674636152
0.674636152
0.674636152
1.60321234
1.60321234
1.60321234
1.60321234
0.438140169
0.438140169
0.438140169
0.438140169
0.438140169
0.438140169
1.078254073
1.078254073
1.078254073
1.078254073
1.078254073
1.078254073
1.078254073
1.078254073
1.078254073
1.078254073
1.078254073
1.078254073
1.078254073
1.533999735
1.533999735
1.533999735
1.533999735
-0.5031627205
-0.5031627205
0.7053846158
0.7053846158
1.109346121
1.109346121
0.821530332
0.821530332
0.821530332
0.821530332
0.821530332
0.821530332
0.5662502847
0.5662502847
0.5662502847
0.5662502847
0.5662502847
1.020140832
1.020140832
0.9845919132
0.9845919132
0.9845919132
0.9845919132
0.9845919132
1.001872269
1.001872269
1.001872269
0.3425966034
0.3425966034
0.3425966034
0.3425966034
0.08036188292
0.08036188292
0.08036188292
0.08036188292
0.08036188292
0.08036188292
0.792082521
0.792082521
1.857879992
1.857879992
1.857879992
-0.2901170781
2.08091254
2.08091254
1.37059624
1.135653933
1.135653933
1.135653933
1.135653933
1.135653933
1.135653933
1.135653933
1.135653933
1.484485198
1.484485198
1.484485198
0.9547759014
0.9547759014
0.9547759014
0.9547759014
1.2977627
1.2977627
1.2977627
1.2977627
0.7257620901
0.7257620901
0.7257620901
0.7257620901
0.7257620901
0.7257620901
0.7257620901
0.7257620901
0.7257620901
0.7257620901
0.7257620901
0.7257620901
0.7257620901
0.7257620901
0.7257620901
0.7257620901
0.7257620901
0.7257620901
1.291562391
1.291562391
1.291562391
1.291562391
1.291562391
1.950334297
1.244942181
1.244942181
1.244942181
1.538941562
1.275869129
1.275869129
1.249307135
1.249307135
0.01666531723
0.1659575275
0.1659575275
0.1659575275
0.1659575275
0.1659575275
0.1659575275
0.1659575275
0.1659575275
0.1659575275
0.1659575275
0.1659575275
0.1659575275
0.1659575275
0.1659575275
0.1659575275
0.1659575275
0.1659575275
0.1659575275
1.394343593
1.394343593
1.394343593
1.394343593
1.394343593
1.449069785
1.449069785
1.449069785
0.9968868827
0.9968868827
0.9968868827
0.9968868827
0.9968868827
1.208119616
1.208119616
1.208119616
1.208119616
1.208119616
1.208119616
1.208119616
1.208119616
1.208119616
1.208119616
1.208119616
1.208119616
1.208119616
1.208119616
1.208119616
0.7176731061
0.7176731061
0.7176731061
0.7176731061
0.7176731061
0.7176731061
0.7176731061
0.7176731061
0.3906462298
1.444751858
1.444751858
1.444751858
1.444751858
1.444751858
1.444751858
1.444751858
1.444751858
1.444751858
1.444751858
1.444751858
1.444751858
1.444751858
1.444751858
1.444751858
1.091792986
1.091792986
1.091792986
1.091792986
1.091792986
1.091792986
1.091792986
1.091792986
1.063444432
1.063444432
0.7547890884
0.7547890884
0.7547890884
0.7547890884
0.7547890884
0.7547890884
0.7547890884
0.7547890884
1.789930615
1.441954108
1.441954108
1.441954108
0.2170408704
0.2170408704
0.1492741333
0.1492741333
0.1492741333
1.666337439
1.666337439
0.3628919595
0.3628919595
0.3628919595
0.3628919595
0.3628919595
0.3628919595
0.3628919595
0.3628919595
0.3628919595
0.3628919595
0.3628919595
1.645739906
0.4666947075
0.4666947075
0.4666947075
0.4666947075
0.6715717626
0.6715717626
1.463328007
1.463328007
1.718460275
0.7642928218
0.7642928218
0.7642928218
0.7642928218
0.7642928218
0.7642928218
0.7642928218
0.7642928218
1.25403985
0.7359006672
0.7359006672
0.7359006672
0.7359006672
0.7359006672
0.7359006672
0.7359006672
0.7359006672
0.7359006672
0.7359006672
0.7359006672
0.7359006672
0.7359006672
0.7359006672
0.7359006672
0.7359006672
0.7359006672
1.796373119
1.796373119
1.796373119
1.796373119
1.796373119
1.979060539
1.338247108
0.9963953977
0.9963953977
0.9963953977
0.9963953977
0.9963953977
0.9963953977
0.9963953977
1.547217653
0.3894069173
0.3894069173
0.3894069173
0.7399454611
0.7399454611
0.7399454611
2.313132909
1.502807366
1.502807366
1.502807366
1.547493287
1.547493287
1.547493287
1.547493287
1.547493287
1.547493287
1.547493287
0.6203440293
0.6203440293
1.250090377
1.39610188
1.39610188
0.5973536393
0.5973536393
0.5973536393
0.4145617374
0.4145617374
0.2932510762
0.2845704389
1.267886043
1.267886043
0.517223192
0.517223192
0.55061234
0.5741978623
1.848745658
1.848745658
1.848745658
1.010293882
1.010293882
0.6770741446
0.6770741446
0.6770741446
0.6770741446
0.6770741446
0.6770741446
0.6770741446
0.6770741446
1.46840328
1.710910131
1.710910131
0.1273259054
0.1273259054
0.1273259054
1.664052733
1.664052733
1.664052733
1.329387024
1.329387024
1.329387024
1.329387024
1.329387024
1.789890792
1.789890792
1.789890792
1.789890792
1.789890792
1.789890792
0.6786990597
0.9489156918
1.117867731
1.117867731
1.121142357
1.121142357
1.838007233
1.838007233
1.838007233
1.66187113
1.66187113
0.5979102873
0.5979102873
0.5979102873
0.5979102873
0.5979102873
0.5979102873
0.5979102873
0.5979102873
0.5979102873
0.5979102873
0.637724805
0.637724805
1.000302281
1.000302281
1.000302281
1.735366124
1.735366124
1.735366124
1.735366124
1.735366124
1.735366124
1.349350819
1.349350819
1.349350819
1.349350819
1.349350819
0.7844299017
0.7844299017
0.7844299017
0.7844299017
0.7844299017
0.7844299017
0.7844299017
0.7844299017
0.8575791911
0.8575791911
0.8575791911
1.372101815
1.372101815
1.372101815
1.372101815
1.372101815
1.372101815
1.406703489
1.406703489
1.406703489
1.406703489
1.406703489
1.406703489
1.406703489
1.406703489
1.406703489
0.9292687037
0.9292687037
0.9292687037
-0.03434893552
1.136017955
1.136017955
0.8233905926
0.8233905926
0.8233905926
0.8233905926
1.223878154
1.614482367
1.614482367
1.614482367
1.614482367
1.614482367
0.4004648056
0.4004648056
0.4004648056
0.4004648056
0.4004648056
0.4004648056
0.4004648056
1.769816311
1.769816311
1.769816311
1.769816311
1.769816311
1.368897865
1.512309093
1.512309093
1.512309093
1.512309093
1.512309093
1.512309093
1.512309093
1.287857686
1.287857686
1.287857686
1.287857686
1.287857686
0.6548647495
0.6548647495
1.273420473
1.273420473
0.8004798505
0.8004798505
0.8004798505
0.8004798505
0.6491753824
0.6491753824
0.6491753824
0.6491753824
0.6491753824
0.6491753824
0.6491753824
0.6491753824
0.6491753824
1.464992406
1.464992406
0.771148502
0.771148502
1.00162157
1.00162157
1.00162157
1.00162157
0.8215768871
0.8215768871
0.8215768871
1.210913031
1.210913031
1.210913031
0.2863304954
0.2863304954
0.2863304954
0.6808108939
0.6808108939
0.6808108939
0.6808108939
0.6808108939
0.6808108939
0.7897177986
1.059696417
1.059696417
1.059696417
1.059696417
1.059696417
1.059696417
1.059696417
1.061264517
1.061264517
-0.0509734938
0.01200707151
0.01200707151
0.01200707151
0.01200707151
0.01200707151
-0.1093440779
0.2267928093
0.2267928093
0.2267928093
0.2267928093
0.2267928093
0.2267928093
1.024664134
1.024664134
1.024664134
1.080325986
1.080325986
1.080325986
1.5913642
1.5913642
1.5913642
1.5913642
1.5913642
0.7968757298
0.7968757298
0.7968757298
0.7968757298
1.725414135
1.725414135
1.361248226
1.361248226
1.361248226
1.361248226
1.778241962
1.778241962
1.778241962
1.801018986
1.801018986
1.801018986
1.436742663
1.436742663
1.436742663
1.436742663
1.436742663
1.436742663
0.6348945814
0.6348945814
0.6348945814
0.6348945814
0.6348945814
1.589742055
1.589742055
1.589742055
0.7021990209
0.7021990209
0.7021990209
0.7021990209
0.7021990209
0.7021990209
1.637172202
1.637172202
1.637172202
0.8685738768
0.8685738768
0.8685738768
0.8685738768
0.437598809
1.554260218
1.554260218
1.554260218
1.554260218
1.554260218
0.2528987852
0.2528987852
0.2528987852
1.401254356
1.401254356
1.401254356
1.320828042
1.320828042
1.320828042
0.303268228
0.303268228
0.303268228
0.05715215076
0.05715215076
1.0742324
1.0742324
1.0742324
1.0742324
1.0742324
1.0742324
1.0742324
1.0742324
1.0742324
1.0742324
1.0742324
0.4047129051
0.4047129051
0.4047129051
1.08844533
1.08844533
1.3447066
1.3447066
1.438949094
1.438949094
1.438949094
1.438949094
1.438949094
1.438949094
1.438949094
1.438949094
1.438949094
1.438949094
1.438949094
1.438949094
1.438949094
1.438949094
1.438949094
1.438949094
1.442505778
1.442505778
1.442505778
1.442505778
1.234359953
1.234359953
1.234359953
1.234359953
1.234359953
1.234359953
1.234359953
0.9040114935
0.9040114935
0.9040114935
0.9040114935
0.9040114935
1.128759556
1.128759556
0.8516312909
0.8516312909
0.8516312909
0.8516312909
0.8282473591
1.470903106
1.470903106
1.470903106
1.470903106
0.1814485321
0.1814485321
0.2719499098
0.2719499098
0.2719499098
1.678437041
1.678437041
1.838960323
1.530159401
1.530159401
1.530159401
1.530159401
0.9632213005
1.503724742
1.503724742
1.503724742
1.503724742
1.503724742
1.503724742
0.6064933514
1.337764797
1.337764797
1.337764797
1.337764797
1.949308711
1.949308711
1.949308711
1.949308711
1.949308711
0.595250318
0.595250318
0.595250318
0.595250318
0.595250318
0.595250318
0.595250318
0.595250318
0.595250318
1.49651423
1.49651423
1.49651423
1.49651423
1.531141261
1.531141261
1.531141261
1.705532252
1.705532252
1.191635194
1.191635194
1.191635194
1.430450185
1.430450185
1.215304298
0.6112434747
0.5551111423
0.5551111423
0.5551111423
0.5551111423
0.6736216281
0.6736216281
0.6736216281
0.6736216281
0.6736216281
0.6736216281
0.6736216281
0.6736216281
1.334380163
1.334380163
1.334380163
1.355079817
1.355079817
1.355079817
1.355079817
1.355079817
1.355079817
1.355079817
1.355079817
0.594308816
0.594308816
0.594308816
0.594308816
0.594308816
0.594308816
0.594308816
-0.1061690001
-0.1061690001
-0.1061690001
-0.1061690001
1.52381131
1.52381131
1.52381131
1.52381131
1.52381131
0.611068054
0.611068054
0.611068054
0.611068054
0.7113154497
0.7113154497
0.7113154497
0.7113154497
0.7113154497
0.3836834389
0.3836834389
0.3836834389
0.3836834389
0.3836834389
0.3836834389
-0.2419399977
-0.2419399977
-0.2419399977
1.943598621
1.943598621
1.943598621
1.943598621
1.943598621
1.943598621
0.4031897955
0.4031897955
0.4031897955
0.5436478999
0.5436478999
0.5436478999
0.5436478999
0.5436478999
0.5436478999
0.5436478999
0.5436478999
0.5436478999
0.5436478999
0.3203993517
0.7511117762
0.3952870184
0.3952870184
0.6365951331
0.6365951331
0.6365951331
1.289155156
1.289155156
0.4783839008
0.4783839008
0.4783839008
1.712477598
1.712477598
1.712477598
1.399005237
1.399005237
0.5038372409
1.689858131
1.899986832
1.211780062
1.211780062
1.211780062
1.211780062
1.211780062
1.211780062
1.211780062
1.211780062
1.211780062
1.211780062
1.211780062
1.211780062
1.96102308
1.803093908
0.4121148809
0.4121148809
0.4121148809
0.4121148809
0.4121148809
0.4121148809
0.9942177666
0.9942177666
0.9942177666
0.9942177666
0.9942177666
0.9942177666
0.9942177666
1.841956107
1.841956107
1.841956107
0.874234549
0.874234549
0.874234549
0.874234549
0.874234549
0.874234549
0.874234549
0.874234549
0.874234549
0.874234549
0.874234549
0.874234549
0.874234549
0.874234549
0.874234549
0.7017477966
1.77175107
1.77175107
1.77175107
0.5521392997
0.5521392997
1.642840825
1.642840825
1.642840825
1.28267251
2.020882163
2.020882163
1.7823225
1.7823225
0.1804671297
0.1804671297
1.344273016
1.344273016
1.344273016
1.344273016
1.344273016
1.344273016
1.344273016
1.344273016
2.557807466
2.557807466
0.2004242428
1.8874714
0.01668374201
0.01668374201
0.01668374201
0.01668374201
1.416520118
1.416520118
1.416520118
1.416520118
1.416520118
1.416520118
1.416520118
0.2541517675
0.2541517675
0.2541517675
0.2541517675
0.2541517675
0.2541517675
1.551627969
1.551627969
1.551627969
1.551627969
1.551627969
1.304206895
1.304206895
1.304206895
1.304206895
0.1060614623
0.1060614623
0.1060614623
0.1060614623
1.787609139
1.787609139
1.787609139
1.787609139
1.553262965
1.553262965
1.553262965
1.553262965
1.553262965
1.352034502
1.352034502
1.352034502
1.352034502
1.352034502
1.352034502
1.352034502
1.352034502
1.352034502
1.352034502
1.352034502
1.352034502
1.352034502
1.352034502
1.352034502
1.352034502
1.352034502
1.352034502
1.428423132
1.428423132
1.428423132
1.428423132
1.428423132
1.428423132
1.428423132
0.1796944915
0.04388122908
0.04388122908
0.04388122908
1.435904142
1.435904142
1.435904142
1.435904142
1.00409472
1.00409472
1.00409472
0.6181641
0.6181641
0.6181641
0.6181641
0.6181641
0.8432902151
0.8432902151
0.8432902151
0.8432902151
1.024688879
1.024688879
1.044936368
1.044936368
1.044936368
1.044936368
0.1199867067
0.1199867067
0.1199867067
0.6394145685
0.7719548544
0.2933603616
1.45344424
1.45344424
1.45344424
1.45344424
0.6264415346
0.6264415346
0.6264415346
1.384525654
1.384525654
1.384525654
1.384525654
0.5043177803
0.5043177803
0.5043177803
0.5043177803
0.5043177803
0.5043177803
0.5043177803
0.5043177803
0.5043177803
0.5043177803
0.5043177803
0.3652517018
1.62250944
1.62250944
1.62250944
1.62250944
1.62250944
1.62250944
1.62250944
1.62250944
1.62250944
0.4446858397
0.4446858397
0.4446858397
0.4446858397
0.4446858397
0.1883312911
0.1883312911
0.1883312911
0.1883312911
0.1883312911
0.1883312911
0.1883312911
1.378867417
1.378867417
1.378867417
1.378867417
1.378867417
1.26472907
1.26472907
1.26472907
1.26472907
1.26472907
1.26472907
1.26472907
1.26472907
1.26472907
1.26472907
1.26472907
1.26472907
1.26472907
1.26472907
1.26472907
1.158361083
1.158361083
1.158361083
1.361778964
1.264535388
1.264535388
1.264535388
1.264535388
1.77368925
0.1741695373
2.13579025
2.13579025
2.13579025
2.13579025
1.427801622
1.427801622
1.427801622
1.427801622
1.427801622
1.948618251
2.279889325
2.021221994
2.021221994
2.021221994
2.021221994
1.79140683
0.8393075474
0.8393075474
0.8393075474
0.8393075474
0.5626448541
0.5626448541
0.5626448541
0.5626448541
0.9411201017
0.9411201017
1.035584987
0.272891084
0.272891084
0.272891084
0.272891084
0.272891084
0.272891084
0.2266005506
0.2266005506
0.1757329099
0.1757329099
0.949369984
0.949369984
0.949369984
0.949369984
0.949369984
0.949369984
1.341394157
1.341394157
1.341394157
1.341394157
1.341394157
1.341394157
1.341394157
1.341394157
1.341394157
1.341394157
1.341394157
1.341394157
1.341394157
1.341394157
1.341394157
1.341394157
1.341394157
1.341394157
1.341394157
1.341394157
1.341394157
1.341394157
0.9264994173
0.9264994173
0.9264994173
0.9264994173
0.5592249401
0.5508179706
0.5508179706
0.5508179706
0.5508179706
0.5508179706
0.5508179706
1.611771284
1.611771284
1.611771284
1.611771284
1.611771284
0.9730037872
0.9730037872
0.902859574
0.902859574
1.229979731
1.229979731
1.071212107
1.071212107
1.071212107
1.071212107
1.071212107
1.071212107
1.071212107
1.071212107
0.7582755859
0.7582755859
0.7582755859
0.7582755859
0.7582755859
0.7582755859
0.7582755859
0.7582755859
0.7582755859
0.7582755859
0.7582755859
0.7582755859
0.7582755859
0.7582755859
0.7582755859
1.215448852
1.215448852
1.215448852
1.262272086
1.262272086
1.262272086
1.262272086
1.262272086
1.262272086
1.262272086
0.5768373381
0.5768373381
0.5768373381
0.5768373381
0.6364830349
0.6364830349
0.6364830349
0.6364830349
0.6364830349
0.6364830349
0.6364830349
0.6364830349
0.6364830349
0.6364830349
0.8329603907
0.8329603907
0.8329603907
0.8329603907
0.8329603907
0.8329603907
0.8329603907
0.8329603907
0.6157775389
0.6157775389
0.6157775389
0.6157775389
0.3511677947
0.3511677947
0.3511677947
0.3511677947
0.3511677947
1.602244865
1.602244865
1.017133847
1.017133847
1.017133847
1.017133847
1.442314918
0.8786047891
0.8786047891
1.038707764
1.038707764
1.038707764
1.020516186
1.020516186
1.020516186
1.020516186
1.020516186
0.1746950433
0.1746950433
0.1746950433
0.1746950433
0.1746950433
0.1746950433
0.9615551244
1.372515941
-0.01102139323
-0.01102139323
-0.01102139323
-0.01102139323
1.029851137
0.705953815
1.327077115
1.327077115
1.327077115
1.327077115
-0.01172787462
-0.01172787462
-0.01172787462
-0.01172787462
1.813488039
1.813488039
1.813488039
1.368341472
1.368341472
1.368341472
1.368341472
1.368341472
1.368341472
1.368341472
1.368341472
1.368341472
1.368341472
1.368341472
1.368341472
0.6842289679
0.6842289679
0.6842289679
0.4462980386
-0.1275755862
0.1310433897
0.37186904
0.8416449051
0.8416449051
0.8416449051
0.8416449051
1.446603981
1.446603981
1.446603981
1.446603981
1.446603981
1.446603981
1.446603981
1.446603981
1.446603981
1.446603981
1.510973176
1.510973176
1.510973176
1.655061642
1.655061642
1.655061642
1.655061642
0.8103885503
0.8103885503
0.8103885503
0.9226076895
0.9226076895
0.9226076895
0.9226076895
0.9226076895
0.9226076895
0.9226076895
0.9226076895
1.220122878
1.220122878
1.220122878
1.220122878
1.220122878
1.220122878
1.220122878
0.08902924963
0.2684625105
0.2684625105
0.09377780492
0.09377780492
0.09377780492
0.09377780492
0.09377780492
0.09377780492
0.09377780492
0.09377780492
0.09377780492
0.7674638214
0.7674638214
0.5766456798
0.5766456798
0.649653136
0.649653136
0.649653136
0.649653136
0.649653136
0.649653136
0.649653136
0.5191482074
0.5191482074
0.5191482074
-0.1285112037
-0.1285112037
1.991347191
1.630031874
1.630031874
1.630031874
1.630031874
1.630031874
1.630031874
1.630031874
1.630031874
1.630031874
1.630031874
1.787449257
1.787449257
1.787449257
1.787449257
1.787449257
1.787449257
1.728274518
1.728274518
1.728274518
1.728274518
1.484160351
1.484160351
1.484160351
0.6256673538
0.6256673538
1.073426547
1.073426547
1.073426547
1.073426547
1.33123512
1.33123512
1.33123512
1.33123512
0.9082872898
0.9082872898
0.9082872898
0.8140307579
0.8140307579
0.8140307579
0.8140307579
0.8140307579
0.8140307579
0.8140307579
0.360775408
1.414819713
1.414819713
1.414819713
1.414819713
1.414819713
1.414819713
1.304970265
1.304970265
1.524020592
1.524020592
1.524020592
1.524020592
1.634293952
1.634293952
1.634293952
1.634293952
1.776277901
1.776277901
2.040156521
2.040156521
2.040156521
2.040156521
2.040156521
2.040156521
2.040156521
2.040156521
2.040156521
2.040156521
2.040156521
-0.1277448703
-0.2358926706
0.9310238535
0.9310238535
0.9310238535
0.9310238535
0.9310238535
0.9310238535
0.9310238535
0.9310238535
0.9310238535
0.9310238535
0.9310238535
0.9310238535
0.9310238535
0.9310238535
0.9310238535
0.9310238535
0.9310238535
1.273991751
1.273991751
0.5068343519
0.5068343519
0.5068343519
0.5068343519
1.824856877
1.824856877
1.824856877
1.824856877
1.824856877
1.793835707
1.793835707
1.793835707
0.5197466273
0.7986918525
0.7986918525
0.7986918525
0.7986918525
0.7986918525
0.7986918525
0.5766330614
1.543760576
1.543760576
1.543760576
1.07936971
1.07936971
1.07936971
1.07936971
1.07936971
1.07936971
1.07936971
1.07936971
1.07936971
1.07936971
1.117853955
1.117853955
0.8256386328
0.8256386328
0.8256386328
0.8256386328
0.8256386328
0.8256386328
0.8256386328
0.8256386328
0.8256386328
0.8256386328
0.8256386328
0.8256386328
0.3479021546
0.3479021546
0.3479021546
0.3479021546
0.3479021546
0.3479021546
0.3479021546
0.3479021546
0.3479021546
0.5303209138
0.5303209138
0.5303209138
0.6186408762
0.6186408762
0.6186408762
0.6186408762
0.6186408762
0.6186408762
0.6186408762
0.6186408762
0.4970569232
0.4970569232
0.4970569232
0.9058410209
0.9058410209
0.9058410209
0.9058410209
0.9058410209
0.9058410209
0.9058410209
0.9058410209
0.9058410209
0.9058410209
0.5094679137
0.2639351865
0.2639351865
1.29727362
1.29727362
1.29727362
1.29727362
1.29727362
1.29727362
1.29727362
1.29727362
1.29727362
1.29727362
1.29727362
0.7205708227
0.7205708227
1.315293454
1.315293454
1.315293454
2.062919173
0.5697648704
0.5697648704
1.128670486
1.128670486
0.7613728262
1.005326197
1.005326197
1.005326197
1.005326197
1.005326197
1.005326197
1.005326197
1.005326197
1.005326197
1.005326197
1.005326197
1.005326197
1.005326197
1.005326197
1.005326197
1.005326197
1.262436116
1.262436116
1.262436116
1.262436116
1.262436116
0.6783226585
0.6783226585
0.6783226585
0.6783226585
0.6783226585
0.6783226585
1.332289273
1.332289273
1.332289273
1.332289273
1.332289273
1.608487883
1.422173888
1.422173888
1.422173888
1.306723332
1.306723332
1.306723332
1.306723332
1.306723332
1.306723332
1.620134568
1.620134568
1.620134568
1.620134568
1.620134568
0.7558275203
0.7558275203
0.7558275203
0.7558275203
0.7558275203
0.7558275203
0.7558275203
0.7558275203
0.7558275203
0.7558275203
0.1273454572
0.5806593435
0.5806593435
0.5806593435
0.5806593435
1.400941797
1.400941797
0.2485061903
0.2485061903
0.2485061903
0.2485061903
0.2485061903
1.577882591
0.9208481319
0.9208481319
0.9208481319
0.9208481319
0.9208481319
0.9208481319
0.9208481319
0.9208481319
0.9208481319
0.9208481319
0.9208481319
0.9208481319
0.9208481319
0.9208481319
0.9208481319
0.9208481319
1.166565418
1.461916827
0.8061753744
0.8061753744
0.8061753744
0.8061753744
0.8061753744
0.7072278148
0.2879169601
0.2879169601
0.2879169601
0.5232504844
0.4915213505
0.4915213505
0.4915213505
0.731157623
0.731157623
1.572923054
1.572923054
1.572923054
1.572923054
1.572923054
0.2565502344
0.2565502344
0.2565502344
1.1706391
1.091212306
0.965602613
0.965602613
0.965602613
0.965602613
0.965602613
0.965602613
0.965602613
0.965602613
0.965602613
1.248373537
1.248373537
0.3346351093
0.4515507334
0.03516919582
1.893902696
1.893902696
1.893902696
1.893902696
1.893902696
1.893902696
1.893902696
1.191402935
1.191402935
1.191402935
1.191402935
1.191402935
1.147921543
0.8968342151
0.8941227271
0.8941227271
0.8941227271
0.8941227271
0.8941227271
0.8941227271
0.8941227271
0.8941227271
0.8941227271
0.8941227271
0.8941227271
0.8941227271
0.8941227271
0.8941227271
0.8941227271
1.170315533
1.170315533
1.170315533
1.170315533
1.170315533
0.7402911386
1.996684269
0.6332505081
0.6332505081
-0.1937532453
0.19772357
0.152071429
0.152071429
0.152071429
0.7040715715
0.7040715715
0.7040715715
0.7040715715
0.7040715715
0.7040715715
0.7040715715
0.7040715715
0.7040715715
0.7040715715
0.7040715715
0.7040715715
0.7040715715
0.8588012244
1.15637023
1.15637023
1.157567364
1.157567364
1.157567364
1.157567364
1.157567364
1.157567364
1.157567364
1.157567364
1.157567364
1.157567364
1.157567364
1.112911225
1.112911225
0.2272914594
0.2272914594
-0.4611698638
-0.03564762914
-0.03564762914
1.755769525
1.755769525
1.755769525
1.755769525
0.7562850263
0.7562850263
0.7562850263
0.7562850263
0.6676716996
0.6676716996
0.6676716996
0.6676716996
0.6676716996
0.6676716996
0.6676716996
0.6676716996
0.6464015358
0.6464015358
0.6464015358
0.6464015358
0.6464015358
0.6464015358
0.6464015358
0.6464015358
0.6464015358
0.6464015358
1.398878113
1.398878113
1.398878113
1.398878113
1.398878113
1.398878113
1.398878113
0.5233355485
0.5233355485
0.7654795208
1.184269287
1.184269287
0.9676962046
0.9676962046
1.825931843
1.825931843
1.825931843
1.646319663
1.646319663
1.646319663
1.646319663
0.7517456512
0.7517456512
0.7517456512
0.7517456512
1.621192236
1.621192236
1.621192236
1.621192236
1.615220267
1.615220267
1.615220267
1.615220267
1.615220267
1.615220267
1.615220267
1.342646972
0.4699965303
0.4699965303
1.046016029
1.046016029
0.7444474865
0.1464506999
0.1464506999
0.1464506999
0.1464506999
0.1464506999
0.1464506999
0.1464506999
0.1464506999
0.1464506999
1.109906028
1.286118889
1.299852934
1.299852934
1.299852934
1.299852934
1.12047799
1.12047799
1.12047799
1.12047799
1.12047799
1.12047799
1.12047799
1.216786537
0.6412784566
0.6412784566
0.6412784566
0.6412784566
0.2780370274
0.2780370274
0.2780370274
0.2780370274
0.2780370274
0.1963645891
0.005717429376
0.005717429376
0.005717429376
2.154287119
2.154287119
2.154287119
2.154287119
-0.2240998748
0.1265598494
0.1265598494
0.9218710434
0.9218710434
0.9218710434
0.9218710434
0.9218710434
0.9218710434
0.9218710434
0.9218710434
0.9218710434
0.6287709761
0.6287709761
0.6287709761
0.6287709761
0.6287709761
0.6287709761
1.551420088
1.551420088
1.551420088
1.551420088
1.551420088
1.551420088
0.7486219857
0.7486219857
0.7486219857
0.7486219857
0.7486219857
0.7486219857
0.105914101
0.105914101
0.105914101
0.105914101
0.105914101
0.105914101
1.031335047
0.9268960023
0.9478028469
0.9478028469
0.9478028469
0.6992498387
1.613458366
1.613458366
1.613458366
1.613458366
1.613458366
1.613458366
1.060866241
1.060866241
1.060866241
1.060866241
1.060866241
0.01447578066
0.01447578066
0.01447578066
1.745760622
1.745760622
1.745760622
1.745760622
1.745760622
1.745760622
1.745760622
1.745760622
1.745760622
1.424307828
1.424307828
1.113905316
1.113905316
1.113905316
1.567561486
1.567561486
1.166274154
1.116546476
1.116546476
1.116546476
1.20592465
1.20592465
1.20592465
1.20592465
1.20592465
1.20592465
1.20592465
1.20592465
1.159204219
1.804628237
0.9123215965
0.9123215965
0.9123215965
0.9123215965
0.9123215965
0.8200479275
0.8200479275
0.8200479275
0.8200479275
0.8200479275
0.540595795
1.987418324
1.987418324
1.987418324
1.987418324
-0.2296109286
1.786854619
1.786854619
1.786854619
0.3389870388
1.371247914
1.371247914
1.371247914
1.371247914
1.371247914
1.371247914
0.2233105285
0.2233105285
0.2233105285
0.2233105285
0.2233105285
1.343751052
1.343751052
1.343751052
1.343751052
1.343751052
1.343751052
1.343751052
1.343751052
1.343751052
1.343751052
1.343751052
-0.12461743
-0.12461743
-0.12461743
-0.12461743
1.833554062
1.833554062
1.189203258
1.189203258
1.189203258
1.189203258
1.189203258
1.189203258
1.189203258
1.189203258
1.189203258
0.3401991225
0.3401991225
0.3401991225
1.222746228
1.222746228
1.222746228
1.222746228
1.623174107
1.623174107
1.623174107
1.623174107
2.296493484
1.963690191
1.963690191
1.963690191
1.963690191
1.963690191
1.963690191
1.963690191
0.471485985
0.471485985
0.471485985
0.9313082795
1.454541917
1.454541917
1.454541917
0.7023733625
0.7023733625
1.048536665
1.048536665
1.048536665
1.551482705
1.551482705
1.274813708
1.274813708
1.274813708
1.274813708
1.274813708
1.274813708
1.182308207
1.182308207
1.182308207
1.252973746
1.252973746
1.252973746
1.252973746
1.252973746
1.252973746
1.252973746
1.252973746
1.367108082
1.367108082
1.367108082
1.045649519
1.045649519
1.645185628
1.645185628
1.362485064
1.362485064
1.362930697
1.362930697
1.362930697
1.362930697
1.362930697
1.362930697
1.362930697
1.362930697
1.362930697
1.362930697
0.6552357729
0.6552357729
1.288728524
1.288728524
1.288728524
1.288728524
1.288728524
0.5478160135
0.5478160135
0.5478160135
0.5478160135
0.3549649806
0.3549649806
0.3549649806
0.3549649806
0.4228532104
0.4228532104
-0.3947656528
0.6965828212
0.6965828212
0.6965828212
0.6965828212
0.6965828212
0.6965828212
0.6965828212
0.6965828212
0.6965828212
0.6965828212
0.6965828212
0.6965828212
0.6965828212
0.9676642878
0.9676642878
0.9676642878
0.9676642878
0.9676642878
0.9676642878
0.9676642878
0.9676642878
0.9676642878
1.529228739
0.6249317438
0.4828713819
0.4828713819
0.4828713819
0.8258204364
0.8258204364
0.8258204364
0.8258204364
0.8258204364
0.8386473802
0.8386473802
0.8386473802
0.8386473802
0.8386473802
0.8386473802
0.8386473802
1.587595134
1.587595134
1.267177785
1.267177785
1.267177785
1.267177785
1.267177785
1.267177785
1.205585312
1.205585312
1.205585312
1.205585312
1.205585312
1.133599238
1.133599238
1.133599238
1.133599238
1.133599238
1.133599238
1.133599238
0.8435708312
0.8435708312
0.8435708312
0.8435708312
0.8435708312
0.8435708312
0.8435708312
0.8435708312
0.8435708312
0.8435708312
0.8435708312
0.8435708312
1.266473429
1.266473429
1.266473429
1.266473429
1.266473429
1.266473429
1.278063389
1.278063389
1.278063389
0.7288430782
0.7288430782
0.4633592327
0.4633592327
0.4633592327
0.4633592327
0.4633592327
0.4633592327
0.6565886476
0.6565886476
1.836727375
0.4525345316
0.4525345316
0.4525345316
0.4525345316
0.4525345316
0.4525345316
0.4525345316
0.4525345316
0.4525345316
0.4525345316
0.4525345316
0.4525345316
0.4525345316
0.4525345316
0.4525345316
0.4525345316
0.4525345316
0.4525345316
0.4525345316
0.4525345316
0.4525345316
0.5890641339
0.5890641339
0.5890641339
0.5890641339
1.242178612
0.4568273587
0.7256666867
0.7256666867
0.7256666867
0.7256666867
0.7256666867
0.7256666867
0.7256666867
0.7256666867
0.7256666867
0.7256666867
0.7256666867
0.7256666867
0.7256666867
0.7256666867
0.7256666867
1.029741462
1.029741462
1.013759967
0.814169848
0.814169848
0.814169848
0.814169848
0.814169848
1.365136731
1.290520458
1.290520458
1.290520458
1.290520458
1.290520458
1.290520458
1.290520458
1.290520458
1.290520458
1.290520458
1.290520458
0.669196449
0.669196449
0.7630096675
0.7630096675
0.7630096675
0.7630096675
0.7630096675
0.7630096675
0.9658617186
0.9658617186
0.9658617186
0.9658617186
0.9658617186
0.9658617186
0.9658617186
0.9658617186
0.9658617186
0.9658617186
1.303491774
1.303491774
1.303491774
2.433377301
2.433377301
1.09878574
1.09878574
1.09878574
0.3224314774
0.3224314774
1.671408717
1.671408717
0.1955862656
0.1955862656
0.1955862656
0.1955862656
0.1955862656
0.1955862656
0.1955862656
0.1955862656
1.568597049
1.568597049
0.08260538612
0.6727658339
0.6727658339
0.6727658339
0.6727658339
1.753366545
1.753366545
1.753366545
1.753366545
0.9214044809
1.108279621
1.108279621
1.108279621
1.108279621
1.108279621
1.108279621
1.108279621
1.108279621
1.108279621
1.601889129
1.384648724
1.384648724
1.384648724
1.384648724
1.384648724
1.384648724
1.384648724
1.384648724
1.384648724
1.379837536
1.379837536
1.379837536
1.379837536
1.379837536
1.379837536
1.379837536
1.379837536
1.379837536
0.9933829992
0.2377015571
0.2377015571
1.621945767
1.621945767
1.386237614
1.386237614
1.453512986
1.453512986
1.453512986
1.323028346
0.8039093856
0.8039093856
0.8039093856
0.8039093856
0.8039093856
0.8039093856
1.471132312
1.471132312
1.471132312
1.471132312
0.9683323501
0.9683323501
0.9683323501
0.9683323501
1.646691133
1.646691133
1.646691133
1.646691133
1.646691133
1.646691133
1.646691133
1.646691133
0.4502651883
1.530006523
1.530006523
1.530006523
1.36977437
1.36977437
1.36977437
0.9743389897
0.9743389897
0.9743389897
0.9743389897
0.9743389897
1.025896058
1.025896058
1.025896058
1.025896058
1.025896058
1.025896058
1.025896058
1.025896058
1.025896058
1.025896058
1.025896058
1.025896058
1.025896058
1.025896058
1.025896058
1.025896058
1.025896058
1.025896058
1.025896058
1.025896058
1.025896058
1.025896058
1.025896058
1.025896058
1.368934368
1.368934368
0.4767539597
0.4767539597
0.4767539597
0.4286652805
1.379105726
2.118767632
1.291567861
1.291567861
1.291506809
1.291506809
1.291506809
1.291506809
0.6548695868
0.6548695868
1.033542108
1.033542108
1.033542108
1.033542108
1.033542108
1.033542108
1.033542108
1.033542108
1.033542108
1.033542108
1.033542108
1.033542108
1.033542108
1.033542108
1.033542108
1.033542108
1.033542108
-0.05315652271
0.4427689066
0.4427689066
0.4427689066
0.4427689066
0.4427689066
0.4427689066
0.4427689066
0.4427689066
1.709875403
1.709875403
1.709875403
2.185054496
2.185054496
2.185054496
2.185054496
0.3376569775
0.7310636652
0.7310636652
-0.3242145289
1.594250761
1.186158979
1.186158979
1.880814369
1.539207225
1.539207225
1.539207225
1.539207225
0.1417957107
0.1417957107
0.1417957107
0.1417957107
0.1417957107
0.1417957107
0.1417957107
-0.04734709442
-0.04734709442
-0.04734709442
2.028263202
1.553048403
1.553048403
1.553048403
1.553048403
1.553048403
1.553048403
1.553048403
1.553048403
1.553048403
1.553048403
1.553048403
1.871429259
1.871429259
1.871429259
1.871429259
0.5065096547
0.4567387359
0.4567387359
0.4567387359
0.4567387359
0.4567387359
0.4567387359
0.4567387359
0.4567387359
0.4567387359
0.4567387359
0.4567387359
0.4567387359
0.4567387359
0.4567387359
0.4567387359
1.750936656
0.2722732444
0.2722732444
-0.3305455731
-0.3305455731
0.9466178617
0.9466178617
1.664331135
1.664331135
1.664331135
1.624763648
1.624763648
0.4594345635
0.4594345635
1.368596774
1.368596774
1.368596774
1.368596774
1.368596774
1.368596774
1.368596774
1.368596774
1.368596774
1.368596774
1.869792322
1.869792322
1.869792322
1.869792322
0.4972820733
1.967921369
-0.2572827307
-0.2572827307
0.3358769765
0.3358769765
0.3358769765
0.560801385
0.2384167042
0.2384167042
0.8189577925
0.8189577925
1.210617298
1.210617298
1.210617298
1.210617298
1.210617298
1.210617298
1.210617298
1.210617298
1.039354916
1.101507783
1.101507783
1.101507783
1.101507783
0.4704786068
0.4704786068
1.800686455
1.800686455
0.7358471521
0.5010124932
0.5010124932
0.5010124932
0.8403747064
0.8403747064
0.8403747064
0.8403747064
0.8403747064
0.8403747064
0.8403747064
0.8403747064
0.8403747064
0.8403747064
0.8403747064
0.8403747064
1.109272339
1.268208292
1.268208292
1.268208292
1.108806681
1.108806681
1.577394294
0.2191015141
0.2191015141
0.2191015141
0.2191015141
0.2191015141
0.2191015141
0.2191015141
0.2191015141
1.15142368
1.15142368
1.15142368
1.15142368
1.15142368
1.15142368
1.15142368
1.15142368
1.15142368
1.15142368
1.15142368
1.15142368
1.15142368
0.9540045975
0.9540045975
0.9540045975
0.9540045975
0.5645636976
1.079998786
1.079998786
0.7567059464
0.7567059464
0.7567059464
2.211513822
2.211513822
2.211513822
1.717271532
1.717271532
1.717271532
0.3876577423
0.3876577423
0.3876577423
0.3876577423
2.139844626
2.139844626
2.139844626
1.392963753
1.392963753
1.392963753
1.392963753
1.392963753
1.392963753
1.392963753
1.392963753
1.392963753
0.7753510402
0.7753510402
0.7753510402
0.7753510402
0.7753510402
0.7753510402
0.7753510402
2.210922037
2.210922037
2.210922037
2.210922037
1.644322648
1.644322648
1.644322648
1.324649637
1.324649637
1.324649637
1.324649637
1.276724935
1.276724935
1.276724935
1.276724935
1.276724935
1.276724935
1.276724935
0.976890345
0.976890345
1.487578366
1.487578366
1.487578366
0.4779091471
0.5327889827
0.5327889827
0.5327889827
0.5327889827
0.5327889827
0.7412343242
0.7412343242
0.7412343242
0.517919667
0.517919667
0.517919667
0.517919667
0.517919667
0.5547986003
0.5547986003
0.5547986003
0.5547986003
1.122143112
1.122143112
1.122143112
1.122143112
1.122143112
1.122143112
1.122143112
0.3997797724
0.3997797724
0.3997797724
0.3997797724
0.3997797724
0.4718683134
0.4718683134
0.4718683134
0.2465687782
0.2465687782
0.5933803153
0.5933803153
0.5933803153
0.5933803153
0.587499938
0.587499938
0.587499938
0.587499938
0.4136568176
1.170812761
0.3488128664
0.3488128664
0.7357406354
0.7357406354
1.224771709
1.224771709
1.224771709
1.224771709
0.5372442258
1.530243155
0.450648646
0.450648646
0.3486542207
0.0727384613
0.0727384613
0.0727384613
0.0727384613
1.729311236
1.358964965
1.358964965
1.358964965
1.358964965
1.745269577
1.745269577
1.745269577
1.745269577
1.745269577
0.3286444875
0.5963911035
0.8007396685
0.8007396685
0.8007396685
0.8007396685
0.8007396685
1.215782977
1.215782977
1.215782977
1.215782977
1.589447722
1.595252235
1.595252235
1.595252235
1.595252235
1.595252235
0.3044403027
1.244095383
1.244095383
1.244095383
1.244095383
0.7796494921
0.7796494921
0.7796494921
1.567589263
1.094618781
1.525245462
1.525245462
1.525245462
1.070174007
1.070174007
1.070174007
1.070174007
1.070174007
1.070174007
1.148714643
1.148714643
1.148714643
1.148714643
1.148714643
1.846285069
1.848396014
1.848396014
0.3132361634
1.578354962
0.9554269783
1.213523428
0.6103522283
1.630489316
1.630489316
1.630489316
1.630489316
1.493935867
1.493935867
1.493935867
1.493935867
1.493935867
1.511161362
1.511161362
1.511161362
0.8406505983
0.8406505983
0.8406505983
0.8406505983
0.8406505983
0.8406505983
0.8406505983
0.8406505983
0.6270355562
0.6270355562
0.6270355562
0.6270355562
0.6270355562
0.6270355562
0.6270355562
0.6270355562
1.257947793
1.257947793
1.503378451
1.503378451
1.503378451
0.9789186135
0.9789186135
0.9789186135
0.9789186135
0.9789186135
0.9789186135
0.9789186135
0.9789186135
1.161638626
1.161638626
0.9552681753
0.9552681753
0.9552681753
0.5546169847
0.5546169847
0.5546169847
0.5546169847
0.5546169847
0.5546169847
0.884736289
0.884736289
0.884736289
0.884736289
1.168902375
1.168902375
1.168902375
1.168902375
0.8581077209
0.8581077209
0.8581077209
0.8581077209
0.6966752325
0.7951706065
0.7951706065
0.7951706065
0.7951706065
0.7951706065
0.8218484958
0.8218484958
0.8218484958
0.8218484958
0.8218484958
0.8218484958
0.8218484958
0.8218484958
0.8218484958
0.8218484958
0.8218484958
0.8218484958
0.8218484958
0.8387315008
1.31744028
1.31744028
1.03678458
0.6998691882
0.6998691882
1.368401185
1.368401185
1.368401185
1.368401185
1.293094951
1.293094951
1.293094951
1.730938416
1.730938416
0.7994591607
0.07652593205
0.07652593205
0.6538756037
0.6538756037
1.301447365
1.301447365
1.301447365
1.301447365
1.301447365
1.301447365
1.301447365
1.450560857
1.450560857
1.450560857
1.450560857
1.450560857
1.551947128
1.551947128
1.551947128
1.551588369
1.551588369
1.551588369
1.551588369
1.551588369
0.3420293753
0.3420293753
0.3420293753
2.037982713
0.477647408
0.477647408
0.477647408
1.022807928
0.9883289206
0.9883289206
0.9883289206
0.9883289206
0.9883289206
0.9883289206
0.9883289206
0.9883289206
0.9883289206
0.9883289206
0.9883289206
0.5115671253
0.5115671253
0.5115671253
0.5115671253
-0.5000042488
0.6535945666
0.6535945666
0.6535945666
0.6535945666
0.6535945666
1.437305703
1.437305703
1.437305703
1.437305703
1.667819684
1.564537545
1.564537545
1.564537545
1.346255328
0.7436945007
0.7436945007
0.7436945007
1.698738025
1.698738025
1.698738025
1.698738025
1.698738025
1.698738025
1.698738025
1.698738025
1.742044592
0.8655786927
0.8655786927
0.8655786927
0.46965118
0.46965118
0.46965118
0.46965118
0.46965118
-0.04539113181
1.459640556
1.459640556
1.459640556
1.459640556
1.459640556
1.459640556
1.459640556
1.459640556
1.459640556
1.459640556
1.459640556
1.459640556
1.459640556
0.9565266989
0.7219466644
0.7219466644
0.7219466644
0.7219466644
0.7219466644
0.7219466644
1.682751544
1.682751544
1.682751544
1.682751544
1.682751544
1.682751544
1.682751544
1.682751544
1.682751544
1.682751544
1.682751544
1.682751544
0.7192722928
0.7192722928
0.7192722928
0.7192722928
1.539050564
0.6400055803
0.6400055803
0.6400055803
0.6400055803
0.6400055803
0.6400055803
0.6400055803
0.8079384314
0.8079384314
0.8079384314
1.334845303
1.334845303
2.046529529
-0.04962868489
-0.04962868489
-0.04962868489
-0.04962868489
-0.04962868489
0.1646937846
1.139002139
1.139002139
1.101026268
1.101026268
1.172797769
1.087200417
1.087200417
1.087200417
1.087200417
2.275765797
2.275765797
2.275765797
2.275765797
1.057811409
1.057811409
1.057811409
1.057811409
1.057811409
1.585618927
1.585618927
1.585618927
1.585618927
1.170385702
1.170385702
1.170385702
1.170385702
1.170385702
1.170385702
1.170385702
1.170385702
1.170385702
1.170385702
1.170385702
1.170385702
1.170385702
1.170385702
1.742351722
1.742351722
1.742351722
1.742351722
1.742351722
1.742351722
1.742351722
0.8557297321
1.090257061
0.1549165284
0.2616901182
0.2168250423
0.2168250423
0.2168250423
0.2168250423
0.2168250423
1.767405341
1.762038695
1.762038695
1.762038695
2.727876514
2.321402181
1.237340239
1.237340239
1.237340239
1.237340239
1.237340239
1.237340239
1.238910092
1.238910092
1.238910092
1.238910092
1.238910092
1.238910092
1.238910092
1.238910092
1.238910092
0.3415537113
0.6076386415
0.6076386415
1.43913027
1.43913027
1.43913027
1.43913027
1.185597764
1.185597764
1.185597764
1.185597764
1.185597764
1.185597764
1.185597764
1.185597764
1.185597764
1.185597764
1.185597764
1.185597764
1.185597764
1.05171208
1.05171208
1.05171208
1.05171208
1.05171208
1.05171208
1.05171208
1.05171208
1.05171208
1.092076069
1.092076069
1.092076069
1.092076069
1.092076069
1.092076069
1.092076069
1.092076069
1.092076069
1.092076069
1.092076069
1.092076069
1.092076069
1.092076069
1.497806864
1.497806864
1.497806864
1.497806864
1.497806864
1.497806864
1.497806864
1.497806864
1.497806864
1.497806864
1.353478663
1.353478663
1.353478663
1.353478663
1.353478663
1.353478663
0.6755606135
0.6755606135
0.6755606135
0.6755606135
0.6755606135
0.01940702756
0.01940702756
1.338770822
1.405779226
1.405779226
1.405779226
1.008108304
1.657889461
1.222176559
1.222176559
1.222176559
1.222176559
1.222176559
1.222176559
1.222176559
0.823923075
0.823923075
0.823923075
0.823923075
0.823923075
0.823923075
0.823923075
0.823923075
0.823923075
0.823923075
0.823923075
0.823923075
0.823923075
0.8336740744
1.48884988
1.48884988
0.7945431028
0.7945431028
1.101874265
0.2154787198
0.2154787198
-0.0544636938
0.3458013753
0.3458013753
0.3458013753
1.573391374
1.573391374
1.573391374
1.573391374
1.573391374
1.573391374
1.573391374
1.386095689
1.386095689
1.386095689
1.386095689
1.386095689
1.386095689
1.386095689
1.386095689
-0.1993667047
-0.1993667047
-0.1993667047
-0.1993667047
-0.1993667047
-0.1993667047
-0.1993667047
-0.04690149554
1.192057183
1.192057183
0.7390768595
0.7390768595
0.7390768595
0.7390768595
0.7390768595
0.7390768595
0.7390768595
0.9191211521
0.9191211521
0.9191211521
0.9191211521
0.9191211521
0.9191211521
0.9191211521
0.8537964808
0.8537964808
0.8537964808
-0.06350714234
0.2897430556
0.2897430556
1.634214738
1.681534582
1.681534582
2.143929889
1.242144764
1.242144764
1.993415677
1.993415677
1.993415677
0.9554863102
1.380948973
1.380948973
1.380948973
1.380948973
1.380948973
1.187874139
1.187874139
1.187874139
1.187874139
1.187874139
1.187874139
1.187874139
1.187874139
1.105148775
1.105148775
1.105148775
1.105148775
0.7927735903
0.7927735903
0.7927735903
0.7927735903
0.7927735903
0.7927735903
0.7927735903
0.7927735903
0.7927735903
0.9774730524
0.8460451345
0.8460451345
0.8460451345
0.8460451345
1.410881022
1.410881022
1.410881022
1.410881022
1.194989481
1.194989481
1.194989481
1.194989481
1.194989481
1.194989481
1.194989481
1.194989481
0.006697436366
0.006697436366
0.006697436366
0.006697436366
1.948652744
1.948652744
1.948652744
1.609395403
1.609395403
1.609395403
1.609395403
1.609395403
1.609395403
1.609395403
1.609395403
1.609395403
1.609395403
1.02963261
0.403705573
0.403705573
0.403705573
1.012728821
1.012728821
1.012728821
1.820706494
1.820706494
0.5656857186
0.5656857186
0.5656857186
0.5656857186
0.5656857186
0.7046708178
0.8065674827
0.8065674827
0.8065674827
0.8065674827
0.8065674827
1.52657579
1.52657579
1.52657579
1.52657579
1.52657579
0.4852803939
0.4852803939
-0.07153978058
-0.07153978058
-0.07153978058
1.5522809
1.5522809
1.5522809
1.5522809
1.5522809
1.5522809
0.799551188
0.799551188
0.799551188
0.799551188
0.799551188
0.799551188
0.799551188
0.799551188
0.9033175142
0.9033175142
0.9033175142
0.9033175142
0.9033175142
1.618958369
1.618958369
1.612355571
1.612355571
1.57303303
1.57303303
1.57303303
1.285663467
1.252870371
1.252870371
1.252870371
1.252870371
1.252870371
0.2787971078
0.2787971078
0.8776881504
0.8776881504
0.8776881504
0.8776881504
0.8776881504
0.8776881504
0.8840437756
0.8840437756
0.8840437756
0.5090680927
0.5090680927
0.5090680927
1.444815105
0.6747156177
0.9776740536
0.9776740536
0.9776740536
0.4625727582
0.4625727582
0.3922393038
0.1370309762
1.894709653
1.894709653
1.894709653
1.894709653
1.894709653
1.894709653
1.894709653
1.988597371
0.8935417553
0.5771257322
0.5771257322
0.5771257322
0.5771257322
0.6518331907
0.6518331907
0.6518331907
0.6518331907
0.6518331907
0.6518331907
1.354912835
1.354912835
1.354912835
1.354912835
1.354912835
1.354912835
1.354912835
1.354912835
1.354912835
0.3996626172
0.3996626172
1.574923642
1.574923642
1.574923642
1.574923642
1.574923642
1.574923642
1.574923642
1.574923642
1.574923642
1.574923642
1.574923642
1.574923642
0.3141487532
1.595804896
1.595804896
1.595804896
1.521261343
1.426294462
1.219147686
0.2737625827
0.2737625827
0.2737625827
0.2737625827
0.2737625827
0.2737625827
1.253959778
1.037199133
1.037199133
1.037199133
1.037199133
1.037199133
1.037199133
1.037199133
1.037199133
1.037199133
1.491446422
1.491446422
1.491446422
0.2226667807
0.4171967026
0.4171967026
0.4171967026
0.4171967026
0.4171967026
0.4171967026
0.4171967026
0.4171967026
0.4171967026
0.5510155848
0.5510155848
0.5510155848
0.5510155848
0.5510155848
0.5510155848
0.7666287572
0.7666287572
0.7666287572
1.165374457
1.165374457
1.165374457
1.165374457
1.165374457
1.165374457
1.165374457
1.165374457
1.165374457
1.165374457
1.165374457
1.165374457
1.165374457
1.165374457
1.165374457
0.7297752004
0.7297752004
1.123440502
1.123440502
1.123440502
0.9558904164
0.11308166
0.336138445
0.336138445
0.7158088537
1.565595782
1.565595782
1.565595782
1.565595782
1.565595782
1.565595782
1.565595782
0.4946278075
0.4946278075
0.4946278075
0.4946278075
0.4946278075
0.4946278075
0.4946278075
0.4946278075
1.612384262
0.7210416849
0.7210416849
0.2197393929
0.2197393929
1.50368942
1.50368942
1.50368942
1.50368942
1.50368942
1.50368942
1.50368942
1.50368942
1.50368942
1.50368942
0.8644241062
0.8644241062
1.200440689
1.200440689
1.200440689
0.7500322807
0.7500322807
-0.03884976575
-0.03884976575
-0.03884976575
-0.03884976575
0.9455145558
0.9455145558
0.9455145558
0.9455145558
0.9455145558
1.051553013
1.051553013
1.051553013
1.051553013
1.051553013
0.7693165137
0.7693165137
0.7693165137
0.7693165137
0.7693165137
0.7693165137
0.7898110344
0.7898110344
0.7898110344
0.7898110344
0.7898110344
0.7898110344
0.7898110344
0.7898110344
0.7898110344
0.7898110344
0.7898110344
0.7898110344
0.7898110344
0.7898110344
0.58898041
0.58898041
0.1458773114
0.1458773114
1.569587329
1.569587329
1.569587329
1.833163907
1.833163907
1.833163907
1.833163907
1.339796528
0.6804424386
0.6804424386
0.6804424386
0.6804424386
0.6804424386
0.5932413316
0.5932413316
0.5932413316
0.5932413316
0.3386192823
0.3386192823
0.2849079491
0.2051178553
0.2051178553
0.2051178553
0.2051178553
0.2051178553
0.2051178553
0.8676042987
0.8676042987
0.8676042987
0.8676042987
1.248215561
1.248215561
1.248215561
1.248215561
1.248215561
1.426875045
1.426875045
1.426875045
1.426875045
1.426875045
1.426875045
1.426875045
1.426875045
1.426875045
0.2543383139
0.2543383139
0.2543383139
0.2543383139
0.2543383139
1.595864906
1.595864906
1.595864906
1.595864906
1.595864906
0.9099511361
0.9099511361
0.9099511361
0.5947700196
1.374647106
1.374647106
1.374647106
1.374647106
0.919286115
0.919286115
0.919286115
0.919286115
0.919286115
0.919286115
1.195498974
1.195498974
1.195498974
1.195498974
1.195498974
1.195498974
1.117085024
1.430088167
0.720990668
0.720990668
0.720990668
2.109344537
2.109344537
2.109344537
2.109344537
2.109344537
2.109344537
1.516573598
1.516573598
1.516573598
0.8077258267
0.8077258267
0.8077258267
0.8077258267
0.8077258267
0.8077258267
0.8077258267
0.8077258267
0.8077258267
0.8077258267
0.8077258267
0.8077258267
0.8077258267
0.8077258267
0.8077258267
0.8077258267
0.8077258267
0.8077258267
0.8077258267
0.8077258267
0.8077258267
0.8077258267
0.5412170928
1.283957476
1.283957476
0.7185437408
0.7185437408
1.206613062
1.206613062
1.206613062
1.206613062
1.206613062
1.206613062
1.206613062
1.206613062
1.206613062
0.8924547875
0.8924547875
0.8924547875
0.8924547875
0.8924547875
0.8924547875
0.8924547875
0.8924547875
0.8924547875
0.8924547875
1.686293977
1.686293977
1.686293977
1.686293977
1.686293977
1.686293977
1.418470622
1.418470622
1.418470622
1.418470622
1.418470622
0.7515838511
0.7515838511
0.7515838511
0.7515838511
0.7515838511
0.7515838511
0.7515838511
0.5125247516
0.5125247516
0.5125247516
0.4479666715
0.4479666715
0.4479666715
0.4479666715
0.4479666715
0.4479666715
0.4479666715
0.5738196676
0.735265329
0.735265329
0.735265329
0.735265329
0.735265329
0.735265329
0.735265329
0.735265329
0.735265329
0.735265329
0.735265329
0.735265329
0.735265329
1.603058576
0.8386923038
0.8386923038
0.8386923038
0.8386923038
0.8386923038
0.8386923038
0.8386923038
0.8386923038
0.8386923038
0.8386923038
1.934512857
1.934512857
1.934512857
1.934512857
1.934512857
1.934512857
1.934512857
-0.01974112143
1.122389158
1.122389158
1.122389158
1.122389158
0.5648388413
0.5648388413
1.207902286
1.207902286
1.207902286
0.0233816425
0.0233816425
0.0233816425
0.0233816425
0.0233816425
0.0233816425
0.0233816425
0.0233816425
0.0233816425
0.0233816425
0.0233816425
0.0233816425
1.720733743
1.720733743
1.720733743
1.720733743
1.720733743
1.720733743
1.720733743
0.805452617
0.805452617
0.805452617
0.805452617
0.805452617
1.203856558
1.203856558
1.203856558
1.203856558
1.203856558
2.300266433
2.300266433
1.789957281
0.2524481671
0.2524481671
0.2524481671
0.2524481671
0.2524481671
0.2524481671
0.2524481671
0.2524481671
0.2524481671
0.2524481671
0.2524481671
0.2524481671
0.2524481671
0.2524481671
0.2524481671
0.2524481671
0.2524481671
0.2524481671
0.2524481671
0.2524481671
0.723880822
0.723880822
0.723880822
1.170649736
1.170649736
1.170649736
1.170649736
1.170649736
1.170649736
1.170649736
1.708033955
1.708033955
1.708033955
1.708033955
1.390583288
1.390583288
0.9476228373
0.9476228373
0.9476228373
0.6202981804
0.6202981804
0.6202981804
0.6202981804
1.638455709
1.638455709
1.638455709
1.638455709
1.638455709
1.638455709
1.87691434
1.87691434
0.9526897569
0.9526897569
0.9526897569
0.9526897569
1.455275458
1.455275458
1.455275458
1.455275458
1.455275458
1.455275458
0.9310970643
0.9310970643
0.9310970643
0.9310970643
0.9310970643
0.9310970643
0.9310970643
0.9310970643
1.169426611
1.169426611
1.169426611
1.169426611
1.169426611
1.169426611
1.169426611
1.169426611
1.169426611
1.169426611
1.169426611
1.577389548
1.577389548
1.577389548
1.577389548
1.577389548
1.577389548
1.580472861
0.7405342755
0.4391953243
0.4391953243
0.4391953243
0.4391953243
0.4391953243
0.4391953243
0.4391953243
0.7785763817
0.7785763817
0.5930927253
0.5930927253
0.5930927253
0.5930927253
0.5930927253
0.5930927253
0.5930927253
0.1596154973
0.1596154973
0.1596154973
0.1596154973
0.1596154973
0.1596154973
1.033985737
0.639829977
0.639829977
0.639829977
0.639829977
0.639829977
0.4334740894
0.4334740894
0.4334740894
0.4334740894
0.4334740894
0.4334740894
0.3729731785
0.3729731785
1.205936557
1.205936557
1.054850691
1.048303705
0.8822967777
0.8822967777
0.8822967777
0.8822967777
0.8822967777
0.8822967777
0.8822967777
0.8822967777
0.8822967777
0.8822967777
0.8822967777
0.8822967777
0.8822967777
1.577152627
1.577152627
-0.07848316522
-0.07848316522
-0.07848316522
-0.07848316522
-0.197352148
1.866798948
0.3036781434
0.1116687596
0.1116687596
0.1116687596
1.691208776
1.691208776
1.691208776
1.691208776
1.691208776
1.691208776
1.691208776
1.691208776
1.691208776
1.025340401
1.025340401
1.025340401
1.025340401
1.025340401
1.025340401
1.025340401
1.025340401
1.342084542
1.342084542
1.342084542
1.342084542
1.342084542
0.8568623874
0.8568623874
1.187076469
1.901562041
1.901562041
1.994614251
1.994614251
1.994614251
0.4781730486
0.4781730486
0.4781730486
1.184658714
1.135408502
0.9167242683
0.9167242683
0.9167242683
0.9167242683
2.170834541
2.122621057
2.122621057
2.122621057
2.122621057
2.122621057
2.122621057
1.070388659
1.070388659
1.070388659
1.070388659
1.070388659
1.070388659
1.070388659
0.6516124292
0.6516124292
0.6516124292
-0.09328949145
-0.2268626845
-0.2268626845
0.9251820581
0.9251820581
0.9251820581
0.8864088372
0.8864088372
0.8864088372
0.8864088372
2.113242816
2.113242816
2.113242816
1.100299228
1.100299228
1.100299228
1.100299228
1.100299228
1.100299228
1.100299228
1.100299228
1.610961236
1.299409771
1.299409771
1.299409771
1.299409771
1.299409771
1.084573712
1.490053976
1.490053976
1.490053976
1.490053976
1.872033021
1.872033021
0.9663302902
0.9663302902
0.9663302902
1.183637139
1.183637139
1.494440574
1.494440574
1.367065803
1.367065803
0.958573259
0.958573259
1.14670414
1.14670414
1.300288745
1.300288745
1.300288745
1.321394448
1.320653081
1.320653081
1.320653081
1.320653081
1.320653081
1.53218657
1.53218657
0.943374068
0.943374068
0.943374068
0.943374068
0.943374068
0.943374068
0.943374068
0.8533459583
0.8533459583
0.8533459583
0.8533459583
0.8533459583
0.8533459583
0.8533459583
0.8533459583
0.8533459583
0.8533459583
0.8533459583
0.8533459583
0.8533459583
0.8533459583
0.6372813987
0.7316569229
0.7316569229
0.7316569229
0.7316569229
0.7316569229
0.7316569229
0.7316569229
0.7316569229
0.7316569229
0.7316569229
0.7316569229
0.4926046676
0.4926046676
0.4926046676
0.4926046676
0.4926046676
0.4926046676
1.362634312
1.362634312
1.362634312
1.362634312
1.362634312
1.362634312
1.362634312
1.362634312
1.362634312
1.362634312
0.7103810708
0.7103810708
0.7103810708
1.435932552
1.435932552
1.435932552
0.9735720798
0.9735720798
0.9735720798
0.9735720798
1.013084367
1.013084367
1.013084367
1.6502512
1.6502512
1.6502512
1.539347844
1.539347844
0.6464365583
0.6464365583
0.9385261184
0.9385261184
0.9385261184
0.9385261184
1.089789049
1.089789049
0.6606115212
0.6606115212
0.6558966162
0.6558966162
0.6558966162
0.6558966162
0.6558966162
0.6558966162
0.6558966162
0.6558966162
1.377618626
1.377618626
1.377618626
1.377618626
1.377618626
0.470340267
0.470340267
0.470340267
2.074553015
1.937997316
1.110233542
1.110233542
1.110233542
-0.05485179836
-0.05485179836
-0.05485179836
1.45060522
1.45060522
1.059564953
1.059564953
1.059564953
1.059564953
1.059564953
1.059564953
0.7053696218
0.7053696218
0.7053696218
0.7176802931
0.7176802931
0.7176802931
0.7176802931
0.7176802931
0.7176802931
0.7176802931
0.7176802931
0.9258782857
0.8297403133
0.8297403133
0.8297403133
0.8297403133
0.8297403133
0.8297403133
0.8297403133
0.8297403133
1.690077867
1.254837111
1.254837111
1.254837111
1.375044631
1.375044631
1.375044631
1.375044631
1.920190121
0.7083732094
0.7083732094
0.7083732094
0.7083732094
1.380284118
1.380284118
1.380284118
1.380284118
1.380284118
1.380284118
1.380284118
1.380284118
1.380284118
1.380284118
1.380284118
1.380284118
1.380284118
1.380284118
1.380284118
1.280008166
1.280008166
1.280008166
1.280008166
1.280008166
1.280008166
1.280008166
1.280008166
1.280008166
1.280008166
1.280008166
1.280008166
2.395057234
1.41403242
1.41403242
1.41403242
1.41403242
1.794762963
1.794762963
1.794762963
1.794762963
1.014957968
1.014957968
1.014957968
0.949055294
0.949055294
0.949055294
0.949055294
0.949055294
0.949055294
1.191993835
1.191993835
1.191993835
0.7247324722
0.7314904776
0.7314904776
0.7314904776
0.7314904776
0.7314904776
0.7314904776
0.7314904776
0.727407155
0.727407155
0.727407155
0.6943581874
0.6943581874
0.6943581874
0.6943581874
0.6943581874
0.6943581874
1.869467138
1.869467138
1.869467138
1.412861489
1.412861489
1.412861489
1.618634175
1.618634175
1.618634175
0.9602493875
0.9602493875
0.9602493875
0.9602493875
0.9602493875
0.9602493875
0.9602493875
0.9602493875
1.032554009
1.032554009
1.032554009
1.032554009
1.032554009
1.032554009
1.032554009
1.032554009
1.062744424
1.062744424
1.062744424
1.062744424
1.062744424
1.062744424
1.062744424
1.062744424
1.062744424
1.062744424
1.062744424
1.062744424
1.062744424
1.062744424
1.062744424
1.062744424
1.062744424
1.062744424
1.062744424
1.241053262
1.241053262
1.241053262
1.241053262
1.241053262
1.241053262
1.241053262
1.241053262
1.241053262
1.241053262
1.175941518
1.175941518
1.175941518
1.175941518
1.175941518
1.803701757
1.803701757
1.803701757
1.803701757
1.803701757
1.803701757
1.192737107
1.192737107
1.192737107
1.192737107
1.192737107
1.192737107
1.192737107
1.192737107
1.192737107
1.192737107
1.192737107
0.9789376659
0.9789376659
0.9789376659
0.9657967914
0.8991459789
1.141032544
1.141032544
1.141032544
1.141032544
1.141032544
1.141032544
1.141032544
1.141032544
1.141032544
1.141032544
1.141032544
1.141032544
1.141032544
1.141032544
1.141032544
1.141032544
0.6022346734
0.5347149362
1.202656394
1.202656394
1.202656394
1.202656394
1.202656394
1.202656394
1.202656394
1.202656394
1.202656394
1.202656394
1.168722284
1.168722284
0.7701165934
0.7701165934
0.7701165934
0.7701165934
0.7304977416
1.446505679
1.446505679
1.446505679
1.446505679
1.446505679
1.446505679
1.446505679
1.446505679
1.718698758
1.718698758
1.718698758
1.718698758
1.718698758
1.718698758
1.718698758
1.718698758
1.903593907
1.903593907
1.903593907
1.903593907
1.903593907
1.903593907
1.903593907
1.903593907
1.903593907
0.4550775673
0.4550775673
0.4550775673
0.935094939
0.935094939
0.935094939
0.935094939
0.9684403228
0.9684403228
0.9684403228
1.177540527
1.177540527
1.783279898
1.783279898
1.783279898
1.783279898
1.783279898
1.783279898
1.783279898
1.783279898
1.783279898
1.783279898
1.783279898
1.429395791
1.429395791
0.8458534804
0.8458534804
0.8458534804
0.4513455789
0.4513455789
0.5284328489
0.8127507155
0.8127507155
0.8127507155
0.8127507155
0.8127507155
0.8184237282
0.8184237282
0.8184237282
0.7659333958
0.7659333958
0.7659333958
0.7659333958
0.7659333958
1.380408859
1.380408859
1.390056283
1.390056283
1.390056283
1.390056283
1.390056283
1.390056283
1.0466642
1.0466642
1.0466642
1.0466642
1.0466642
1.0466642
1.0466642
1.0466642
1.0466642
1.087728978
1.087728978
1.087728978
1.087728978
1.240215849
0.305130861
0.305130861
0.305130861
1.812442211
1.812442211
0.8947717662
0.8947717662
0.8947717662
1.487967976
1.487967976
0.9542861104
0.9542861104
0.9542861104
0.9542861104
0.9542861104
1.568256718
1.568256718
1.02162036
1.02162036
1.02162036
1.02162036
1.02162036
1.02162036
1.703337155
1.703337155
1.703337155
1.703337155
1.703337155
1.703337155
0.3818538691
0.3818538691
0.3818538691
0.3818538691
0.3818538691
1.344006036
1.344006036
0.5258763378
0.2998448941
1.472230257
1.472230257
1.472230257
1.472230257
1.472230257
1.472230257
1.472230257
1.472230257
1.109936238
1.109936238
1.109936238
1.109936238
1.109936238
1.269951931
0.3647026016
0.3647026016
0.3647026016
0.3647026016
0.3647026016
0.3647026016
0.3647026016
1.131582163
1.131582163
1.131582163
1.131582163
1.131582163
1.131582163
1.131582163
1.131582163
1.131582163
1.131582163
1.131582163
1.131582163
0.2502450155
0.2502450155
0.2502450155
0.07471251767
0.07471251767
0.03581275852
0.03581275852
0.03581275852
0.9725448285
0.9725448285
0.9725448285
0.9725448285
0.9725448285
0.9725448285
0.9725448285
0.9725448285
0.9725448285
0.9725448285
0.9725448285
0.9725448285
0.9725448285
1.51087488
1.13372564
0.7341168362
1.978361414
1.978361414
1.978361414
0.3201397623
0.3738855368
0.3738855368
0.3738855368
0.3738855368
0.3738855368
0.575739931
1.158937843
1.158937843
1.158937843
1.158937843
1.078925479
1.078925479
1.078925479
1.078925479
1.078925479
1.078925479
0.6729527959
1.574998375
1.13284729
1.13284729
1.13284729
1.13284729
1.13284729
1.13284729
1.13284729
1.291781233
1.291781233
1.291781233
1.291781233
1.291781233
1.291781233
1.850807603
1.850807603
1.850807603
1.850807603
1.165348896
1.165348896
1.165348896
1.681850677
1.681850677
1.681850677
1.681850677
1.681850677
1.681850677
0.09653246436
1.224645974
1.224645974
1.224645974
1.224645974
1.224645974
1.224645974
1.28443304
1.28443304
1.28443304
1.28443304
1.28443304
1.28443304
1.28443304
1.28443304
1.28443304
1.28443304
0.966267209
0.966267209
0.966267209
0.966267209
0.6684955014
0.6684955014
0.6684955014
0.6684955014
0.6684955014
0.6684955014
0.6684955014
0.6684955014
0.6684955014
0.6684955014
1.554703961
1.554703961
1.554703961
0.5811960765
0.6533270261
0.6533270261
0.6533270261
0.6533270261
0.6533270261
0.6533270261
0.3657316515
0.3657316515
0.3657316515
0.3657316515
0.3657316515
0.3657316515
0.3183365717
1.083943325
1.083943325
1.471337428
1.471337428
1.471337428
1.471337428
1.471337428
1.471337428
0.6463574589
0.6463574589
0.6463574589
0.6463574589
0.6463574589
0.6463574589
0.2249971468
0.2249971468
0.5030962675
0.5030962675
0.5030962675
0.5030962675
0.5030962675
0.5030962675
0.5030962675
0.5030962675
0.5030962675
1.706905485
1.706905485
1.706905485
1.706905485
1.706905485
1.706905485
0.1910786678
0.1910786678
0.7489424074
0.7489424074
0.5119184637
0.5119184637
0.5119184637
0.5119184637
0.5119184637
1.015000689
0.886097354
0.886097354
1.069803319
1.069803319
1.069803319
1.069803319
1.069803319
1.069803319
0.3624309627
0.3624309627
0.3624309627
0.3624309627
1.36857188
1.070029588
1.070029588
0.7002057748
0.7002057748
0.7002057748
1.694045766
1.694045766
1.694045766
1.387291218
1.387291218
1.387291218
1.387291218
1.387291218
1.387291218
1.387291218
1.387291218
1.751439488
1.751439488
1.751439488
0.4217947622
0.4217947622
1.395542174
1.395542174
1.395542174
1.395542174
1.395542174
1.431512547
0.3198199813
0.3198199813
1.552487765
1.552487765
1.552487765
1.552487765
1.552487765
1.562085315
1.562085315
1.562085315
1.562085315
1.562085315
1.562085315
0.5194048298
0.5194048298
0.5194048298
0.5194048298
0.5194048298
0.5194048298
0.5194048298
0.5194048298
0.5194048298
0.5194048298
0.5194048298
0.5194048298
0.5194048298
0.5194048298
0.5194048298
0.5194048298
0.5194048298
0.5194048298
0.5194048298
1.305925448
1.305925448
1.305925448
1.305925448
1.305925448
1.305925448
1.305925448
1.305925448
1.305925448
1.305925448
1.305925448
1.305925448
1.305925448
1.305925448
1.894231166
1.894231166
1.894231166
1.894231166
1.894231166
1.838129594
1.838129594
1.838129594
0.8591438042
0.8591438042
0.8591438042
0.8591438042
0.8591438042
0.8591438042
0.8591438042
0.8591438042
0.8591438042
0.8591438042
1.928574963
1.928574963
0.7845197089
1.628048282
1.628048282
1.628048282
0.3118076343
0.3118076343
1.89198005
1.89198005
1.267479634
1.267479634
1.267479634
1.267479634
1.267479634
1.267479634
1.267479634
1.267479634
1.267479634
1.267479634
1.267479634
1.267479634
2.36879056
2.36879056
0.6536638366
0.6536638366
0.6536638366
0.6536638366
0.6536638366
0.6536638366
0.678035812
0.678035812
0.678035812
0.678035812
0.678035812
1.120188431
1.120188431
1.120188431
1.120188431
1.120188431
0.9031196485
1.117720725
1.206610697
1.679564991
1.679564991
1.679564991
1.377988903
1.377988903
1.377988903
1.476967981
1.476967981
1.476967981
1.476967981
1.476967981
1.476967981
0.5840354508
0.5840354508
1.266532359
1.266532359
1.266532359
1.266532359
1.266532359
1.266532359
1.266532359
1.266532359
1.266532359
1.266532359
1.301845047
0.8904471593
1.572045365
1.572045365
1.572045365
1.572045365
1.572045365
1.572045365
1.572045365
1.572045365
1.64551969
1.200629826
1.200629826
1.200629826
1.200629826
1.469077602
1.469077602
1.469077602
1.469077602
1.469077602
1.469077602
1.469077602
1.469077602
1.469077602
0.9908370811
0.5004093685
0.5004093685
0.5004093685
0.5004093685
0.5004093685
0.5004093685
0.5004093685
0.5004093685
0.5004093685
0.5004093685
1.253191596
1.253191596
0.5414735597
0.5414735597
0.5414735597
0.5414735597
0.5414735597
0.8739534875
0.8739534875
1.428715763
1.428715763
1.428715763
1.428715763
1.428715763
1.428715763
1.428715763
1.428715763
0.8184593919
0.5230217851
0.5230217851
0.5230217851
0.5230217851
0.2763780711
0.2763780711
0.7829714789
0.3890131291
0.3890131291
0.3890131291
0.3890131291
0.3539124256
0.3539124256
0.3539124256
0.3539124256
0.3539124256
0.3539124256
0.3539124256
0.3539124256
1.294609602
1.294609602
1.882772742
1.882772742
0.4663002681
0.4663002681
0.4663002681
0.4250792784
0.4250792784
0.4250792784
0.4250792784
0.4250792784
1.575074607
1.575074607
1.575074607
1.575074607
1.575074607
1.554879502
1.554879502
1.554879502
1.554879502
1.554879502
1.554879502
1.554879502
1.554879502
1.554879502
1.554879502
1.567741744
1.567741744
1.696962362
1.696962362
1.696962362
1.696962362
1.696962362
1.25341402
1.25341402
1.25341402
1.25341402
1.25341402
1.25341402
1.25341402
1.25341402
1.25341402
1.25341402
1.461064511
1.461064511
1.461064511
1.461064511
1.461064511
1.656350057
1.656350057
1.656350057
1.656350057
0.1106914245
1.774200499
1.774200499
0.5633008181
0.5633008181
0.4656425766
0.4656425766
0.4656425766
0.4656425766
1.080567861
1.080567861
1.080567861
1.080567861
1.080567861
1.630207041
0.3750605685
0.3750605685
0.3750605685
0.3750605685
0.3750605685
0.3750605685
0.3750605685
0.3750605685
0.655573331
1.051517848
1.051517848
1.051517848
1.051517848
1.051517848
1.051517848
0.6908027885
0.6908027885
0.9832954361
0.9832954361
0.9832954361
1.061814291
0.8597497515
0.9384118368
0.8533963061
0.8533963061
0.5766728291
0.5766728291
0.5766728291
0.5766728291
0.5766728291
0.5766728291
0.5766728291
0.5766728291
0.5766728291
0.5766728291
0.5766728291
0.5766728291
0.5766728291
0.5766728291
0.5766728291
0.5766728291
0.5766728291
0.5766728291
0.5766728291
0.7159370755
0.7159370755
0.7159370755
0.7159370755
0.7159370755
0.7159370755
1.14992854
1.14992854
1.14992854
1.14992854
1.14992854
1.14992854
1.360394237
1.360394237
1.360394237
1.360394237
1.360394237
1.360394237
-0.2119552734
2.062059563
2.325176318
2.325176318
1.546280755
1.47712659
1.47712659
1.47712659
1.47712659
1.47712659
1.47712659
1.67412585
1.67412585
1.67412585
1.67412585
1.072739555
1.072739555
1.001909634
0.6408941647
0.6408941647
0.6408941647
0.6408941647
1.28276889
0.8605958385
0.2774024651
0.2774024651
0.2774024651
0.2774024651
0.2774024651
0.3979320259
0.3979320259
0.3979320259
0.3979320259
0.3979320259
0.3979320259
0.3979320259
0.3979320259
0.3979320259
0.3979320259
0.3979320259
0.3979320259
0.3979320259
0.3979320259
0.3864269168
1.851831008
1.851831008
1.851831008
1.851831008
0.6962824801
0.6962824801
0.6962824801
2.037928773
1.213560712
1.213560712
1.213560712
1.213560712
0.7589480579
0.7589480579
0.8367617848
0.8367617848
0.8367617848
0.2317559907
1.829720289
1.829720289
0.03951448449
0.7763459245
0.7763459245
0.7763459245
0.7763459245
0.7763459245
0.7763459245
1.767129382
1.767129382
0.3722745916
0.3722745916
0.3722745916
0.3722745916
0.3722745916
0.3722745916
1.406796433
1.406796433
1.406796433
0.5318954728
0.5318954728
2.170580741
2.170580741
2.170580741
1.153085408
1.153085408
1.307711454
1.307711454
1.307711454
1.307711454
1.307711454
1.307711454
1.307711454
1.307711454
0.05548332691
0.05548332691
1.755683002
1.755683002
1.755683002
1.755683002
1.755683002
1.755683002
1.755683002
1.755683002
1.389426534
1.389426534
1.389426534
1.389426534
1.389426534
1.389426534
1.745082403
0.1393783376
0.1393783376
0.1393783376
1.736922782
1.736922782
0.0321977702
0.0321977702
0.0321977702
0.0321977702
0.0321977702
0.0321977702
1.936708396
1.936708396
1.936708396
1.673342539
1.673342539
0.6554507976
0.6554507976
0.8650070796
1.28068002
1.28068002
1.28068002
1.28068002
1.28068002
1.28068002
0.7878997581
0.7878997581
0.7878997581
0.7878997581
0.7923316354
0.7923316354
0.7221637224
0.7221637224
0.7221637224
0.7221637224
1.995905223
1.995905223
1.995905223
1.773737612
1.773737612
1.773737612
1.773737612
1.773737612
1.773737612
0.7495489465
0.7495489465
0.7495489465
1.426494367
0.4608322427
0.4608322427
0.7441110582
0.7441110582
1.169117137
1.39093067
1.39093067
1.39093067
1.39093067
1.39093067
1.39093067
1.39093067
1.39093067
1.39093067
1.39093067
1.39093067
0.5649057967
0.5649057967
0.5649057967
1.675018241
1.675018241
0.8996233998
0.8996233998
0.8996233998
0.8996233998
1.100356609
0.55991208
0.55991208
1.218930616
1.218930616
1.218930616
1.255521453
1.255521453
1.255521453
1.255521453
1.255521453
0.6335600865
0.6335600865
0.6335600865
0.6335600865
0.6335600865
0.6335600865
0.6335600865
0.6335600865
0.6335600865
1.557259984
1.557259984
0.6688402148
1.40528935
1.40528935
1.40528935
1.40528935
1.40528935
1.40528935
0.2065413336
0.2065413336
0.2065413336
0.2065413336
0.2065413336
0.2065413336
0.1980218457
0.1980218457
0.1980218457
0.1980218457
0.1980218457
0.3757748795
0.3757748795
0.3757748795
0.3757748795
-0.008735370603
-0.008735370603
-0.008735370603
-0.008735370603
-0.008735370603
-0.008735370603
1.867212761
0.8498922409
0.8498922409
1.262793474
1.262793474
1.262793474
1.748583357
1.748583357
1.748583357
1.748583357
1.748583357
1.748583357
1.748583357
1.748583357
1.748583357
1.027393652
1.027393652
1.027393652
1.027393652
1.027393652
1.027393652
1.027393652
1.027393652
1.027393652
1.129099553
1.129099553
1.129099553
1.129099553
1.129099553
1.129099553
1.129099553
1.129099553
1.129099553
1.129099553
1.129099553
1.129099553
1.129099553
0.6808592974
0.2937385723
0.2937385723
0.2937385723
0.2937385723
0.2937385723
0.2937385723
0.2937385723
0.9509886665
0.9509886665
0.9509886665
0.6790576203
0.6790576203
0.6790576203
0.6790576203
0.6790576203
0.6790576203
0.6790576203
0.6790576203
0.6790576203
0.6790576203
0.3786017699
0.3786017699
0.3786017699
1.770478736
1.770478736
1.770478736
1.228644644
1.696821708
1.441263781
1.441263781
1.441263781
1.441263781
1.441263781
0.7620551949
0.7620551949
0.7620551949
0.7620551949
0.7620551949
0.970080132
0.970080132
0.970080132
0.970080132
1.670704238
1.670704238
1.734446085
0.4351151034
0.4351151034
0.4351151034
0.4351151034
0.4351151034
1.588172485
1.588172485
-0.002014460072
0.947336122
0.947336122
0.947336122
1.261600628
0.1406813872
0.1406813872
0.1406813872
1.062078529
1.062078529
1.062078529
0.03122721219
0.03122721219
0.03122721219
0.03122721219
0.03122721219
0.03122721219
0.03122721219
0.03122721219
0.4444576244
1.514844373
1.713708918
1.445658478
1.445658478
1.445658478
1.445658478
0.9913330453
0.9913330453
0.9913330453
0.9913330453
0.9913330453
0.9913330453
0.9913330453
0.9913330453
0.9903536847
0.9903536847
0.9903536847
0.9903536847
0.9903536847
0.9903536847
0.9229496716
0.9229496716
0.5517530198
0.5517530198
0.5517530198
0.5517530198
1.137009538
1.137009538
1.137009538
1.137009538
1.137009538
1.137009538
1.137009538
1.137009538
1.137009538
1.137009538
1.137009538
1.137009538
1.439819832
1.439819832
1.439819832
1.439819832
0.3701532067
0.3701532067
0.3701532067
0.3701532067
0.3701532067
2.12947434
2.12947434
2.213939626
2.213939626
0.7642026186
1.328214746
1.328214746
1.328214746
1.328214746
1.328214746
1.328214746
1.328214746
1.328214746
1.328214746
1.328214746
1.328214746
1.328214746
1.328214746
1.083576186
1.083576186
1.154520132
1.154520132
0.9793327256
0.9793327256
0.9793327256
0.9793327256
0.9793327256
0.9793327256
0.9793327256
0.9793327256
0.9793327256
1.432881748
1.432881748
1.432881748
1.432881748
1.432881748
1.332354255
1.332354255
1.332354255
1.332354255
1.04249494
1.04249494
1.04249494
1.04249494
1.04249494
1.04249494
1.04249494
1.04249494
1.04249494
1.04249494
1.243966099
1.243966099
1.243966099
1.243966099
1.038564219
1.038564219
1.038564219
1.038564219
1.038564219
1.038564219
1.038564219
1.038564219
1.038564219
0.5739571056
0.5739571056
0.5739571056
0.5569113559
0.5569113559
0.5569113559
0.5569113559
0.9556074015
0.9556074015
1.301038374
1.301038374
1.301038374
1.474808391
1.474808391
0.8758118374
0.8758118374
0.8758118374
0.8758118374
0.9258275235
1.206446644
1.206446644
1.206446644
1.206446644
1.206446644
1.206446644
1.206446644
1.206446644
1.206446644
0.6954738347
0.6954738347
0.6954738347
1.200383376
0.8642997897
0.8642997897
0.8642997897
0.8642997897
0.8642997897
0.8642997897
0.8642997897
0.8642997897
0.8642997897
0.8642997897
0.735676163
0.735676163
0.735676163
0.735676163
0.5568547585
0.5568547585
0.5568547585
0.5568547585
0.5568547585
0.5568547585
0.5568547585
0.5568547585
0.5568547585
0.5568547585
0.5568547585
1.433060361
0.9131982803
0.9131982803
0.718481509
-0.01518620826
0.5204182253
0.5204182253
1.302614137
1.302614137
1.302614137
1.302614137
1.302614137
1.302614137
1.302614137
1.302614137
1.302614137
1.302614137
0.2790550261
0.2790550261
0.2790550261
1.215676984
1.215676984
1.858337206
1.858337206
1.858337206
1.858337206
1.858337206
1.539012796
1.539012796
0.9825590316
0.9825590316
0.9825590316
0.9825590316
0.9825590316
0.9825590316
1.494504308
0.8153147568
0.8153147568
0.8153147568
0.9766180018
0.9766180018
0.9766180018
0.9766180018
0.9766180018
0.9766180018
0.9766180018
0.9766180018
0.9766180018
0.9766180018
0.9766180018
0.9766180018
0.9766180018
0.9766180018
1.603864725
1.212501669
1.212501669
0.8234444139
0.8234444139
0.8234444139
0.8234444139
0.8234444139
0.8234444139
0.8234444139
0.8234444139
1.020501747
1.020501747
1.020501747
1.020501747
1.020501747
1.020501747
1.039377188
1.039377188
1.039377188
1.039377188
1.039377188
1.039377188
0.9839452976
0.9839452976
0.9839452976
0.9839452976
1.119933794
1.119933794
1.119933794
0.4254315406
0.4254315406
0.4254315406
0.4254315406
0.4254315406
0.4254315406
0.4254315406
0.4254315406
0.4254315406
0.4254315406
0.4254315406
0.4254315406
1.035352229
1.035352229
1.035352229
1.035352229
1.035352229
1.035352229
1.035352229
1.035352229
1.035352229
1.035352229
1.035352229
1.035352229
1.035352229
1.035352229
1.035352229
1.035352229
1.035352229
1.035352229
1.035352229
1.035352229
1.035352229
1.035352229
1.035352229
1.18912895
1.18912895
1.442938861
1.360421637
1.052315419
0.6069298149
0.6069298149
0.6069298149
1.215303625
1.215303625
0.714312668
0.714312668
0.714312668
0.714312668
0.714312668
0.624483815
0.5101501711
1.420843036
0.5556659475
0.5556659475
0.5556659475
1.459775946
1.459775946
1.459775946
1.459775946
1.459775946
1.459775946
1.459775946
1.353147291
1.353147291
1.353147291
2.170905843
0.09966115171
0.09966115171
0.09966115171
1.807309448
1.807309448
1.807309448
1.117627721
1.117627721
1.117627721
1.117627721
1.117627721
1.117627721
1.117627721
1.104955773
1.104955773
1.104955773
1.104955773
1.104955773
1.104955773
1.104955773
1.104955773
1.370535693
1.370535693
1.370535693
1.370535693
1.370535693
0.1435829254
0.1435829254
0.1435829254
0.2725099709
0.2725099709
0.2725099709
0.2725099709
1.996757732
1.996757732
1.996757732
1.996757732
1.996757732
1.996757732
1.017941358
-0.01936276762
-0.01936276762
-0.01936276762
-0.01936276762
0.916127429
0.916127429
0.916127429
0.916127429
0.916127429
0.916127429
1.211398519
1.211398519
0.5277249501
0.5277249501
0.5277249501
0.5277249501
0.5277249501
0.5277249501
0.5277249501
0.5277249501
0.5277249501
0.5277249501
0.5277249501
1.980813338
1.980813338
1.234408064
1.234408064
1.234408064
1.234408064
1.234408064
1.234408064
1.234408064
1.234408064
1.234408064
1.234408064
1.234408064
1.234408064
1.234408064
1.234408064
1.234408064
0.5044745292
0.5044745292
0.5044745292
0.5044745292
0.5044745292
1.764454445
1.352067706
1.352067706
1.352067706
1.352067706
1.352067706
1.089497106
1.089497106
1.089497106
0.04290178579
1.028436176
1.028436176
1.028436176
0.3828584098
0.3828584098
0.3828584098
0.3828584098
0.3828584098
1.04801006
1.04801006
1.04801006
1.04801006
1.04801006
1.04801006
1.04801006
1.04801006
1.04801006
1.04801006
1.04801006
0.2229907259
0.2229907259
0.7076541576
0.6064020198
0.6064020198
0.6064020198
0.6064020198
0.7459182289
0.7459182289
0.7459182289
0.7459182289
0.7459182289
0.7459182289
0.7459182289
0.7459182289
0.4600016117
0.4600016117
0.4600016117
0.4600016117
0.4600016117
0.4600016117
0.40548083
0.40548083
0.40548083
0.40548083
0.360814782
0.360814782
1.772348554
1.772348554
0.9575397072
1.741305681
1.714247755
1.714247755
1.714247755
1.714247755
1.714247755
0.9822787752
0.9822787752
0.9822787752
0.9822787752
0.9822787752
0.9822787752
0.9822787752
0.9822787752
1.063913292
1.063913292
1.063913292
1.063913292
1.063913292
1.063913292
1.063913292
1.471126817
1.471126817
1.471126817
1.471126817
1.471126817
1.471126817
0.6402748608
0.04473527993
0.04473527993
0.04473527993
1.074921754
1.074921754
0.5488108486
0.5488108486
0.5488108486
1.452051353
1.452051353
1.452051353
1.643510902
0.2343490053
0.2343490053
0.2343490053
-0.09193154697
-0.09193154697
2.137012023
2.137012023
0.9490034623
0.9490034623
0.9490034623
1.342685935
1.342685935
1.342685935
1.342685935
0.6688435662
0.5425836675
0.5425836675
0.5425836675
0.5425836675
0.5425836675
0.5425836675
0.5425836675
0.5425836675
1.354881129
1.354881129
1.354881129
1.354881129
1.354881129
1.354881129
1.354881129
1.281418042
0.7208681107
0.8302630334
0.8302630334
0.8302630334
0.8302630334
0.8302630334
0.8302630334
0.8302630334
0.8302630334
0.9254959783
0.9254959783
0.9254959783
0.9254959783
0.9254959783
1.23273678
1.23273678
1.23273678
1.23273678
1.23273678
1.23273678
1.23273678
1.031605689
1.031605689
0.9763644153
0.9763644153
0.9763644153
0.9763644153
0.9763644153
0.9763644153
0.9763644153
0.9763644153
0.9763644153
0.9763644153
0.4951018878
0.4951018878
0.4951018878
0.4951018878
0.6887403681
0.6887403681
0.6887403681
0.6887403681
1.63307196
1.63307196
0.6689118811
0.1916969536
0.1999348464
0.6285543062
0.9769758588
0.9769758588
0.9769758588
0.9769758588
1.280104594
1.280104594
1.280104594
1.448916479
1.448916479
0.944561303
0.944561303
0.944561303
0.6990535656
0.6990535656
0.6990535656
0.6990535656
1.237317818
1.237317818
1.635494186
1.635494186
1.635494186
1.548817743
1.548817743
1.548817743
1.548817743
1.548817743
1.548817743
1.548817743
1.548817743
1.548817743
1.548817743
1.548817743
1.548817743
1.548817743
1.548817743
1.548817743
1.244419146
1.244419146
0.7708929214
0.7708929214
0.7708929214
0.7708929214
0.7708929214
0.6074379032
0.6074379032
0.6074379032
0.9937199762
1.393953865
0.6462424286
0.6462424286
0.6462424286
0.6462424286
0.6462424286
0.6462424286
0.6462424286
0.6462424286
0.6462424286
0.6462424286
0.6462424286
0.6462424286
0.6462424286
0.6462424286
1.697074275
0.1371945668
0.1371945668
1.350052304
1.52916192
1.52916192
0.2159829042
0.2159829042
1.054453013
1.054453013
1.449121351
1.449121351
0.8248703264
0.8248703264
0.8248703264
0.8735960906
0.8735960906
0.8735960906
0.8735960906
0.8735960906
0.8735960906
0.9714478472
0.9714478472
0.9714478472
0.9714478472
0.9714478472
0.9714478472
0.9714478472
0.9714478472
0.4711285317
0.4711285317
0.4614005182
0.4614005182
0.4590733561
0.4590733561
0.4590733561
1.771175243
1.771175243
1.771175243
1.771175243
1.771175243
1.771175243
1.771175243
1.771175243
1.771175243
1.771049658
1.771049658
1.771049658
1.726505539
1.726505539
1.726505539
1.680040041
1.680040041
1.680040041
1.680040041
1.680040041
1.424087363
1.424087363
1.424087363
1.424087363
1.224454447
1.495054301
1.495054301
1.495054301
1.495054301
0.9057170575
0.4964526693
0.4964526693
0.4964526693
0.1422712097
1.42761718
1.42761718
1.42761718
1.483925764
0.4871061543
0.4871061543
0.4871061543
0.4871061543
0.4871061543
0.4871061543
0.4871061543
0.4871061543
0.4871061543
0.4871061543
0.4871061543
0.4871061543
0.3859034571
1.164643373
1.164643373
1.164643373
1.164643373
1.283047368
1.283047368
1.283047368
1.283047368
1.283047368
1.283047368
1.283047368
0.9278648897
0.9278648897
0.9278648897
0.9278648897
0.9278648897
0.9278648897
0.9278648897
0.9278648897
1.164185949
1.164185949
1.164185949
1.164185949
1.164185949
0.9245428598
0.9245428598
0.9245428598
0.9245428598
0.9245428598
0.9245428598
0.9245428598
0.9245428598
0.9245428598
0.9245428598
0.9245428598
0.9245428598
0.9245428598
0.9245428598
0.9245428598
0.9245428598
0.9245428598
0.9245428598
0.9245428598
0.9245428598
0.9245428598
0.9245428598
0.9245428598
0.2555452236
0.2555452236
0.2555452236
0.2555452236
0.2555452236
0.2555452236
0.2555452236
0.2555452236
0.2816439838
0.2816439838
0.2816439838
0.2816439838
0.8440679161
0.8440679161
0.8440679161
0.8440679161
0.2737848238
1.524196533
1.524196533
1.059654865
1.059654865
1.059654865
1.059654865
1.059654865
1.059654865
0.9506130363
0.9506130363
1.212767905
1.212767905
1.212767905
1.212767905
1.212767905
1.212767905
1.212767905
1.212767905
1.212767905
1.212767905
1.212767905
1.212767905
1.212767905
1.212767905
1.212767905
1.662795514
1.662795514
1.662795514
1.662795514
1.662795514
1.263158114
1.263158114
1.263158114
1.667050588
2.010152911
2.010152911
2.010152911
-0.07601374931
-0.07601374931
1.291802734
1.291802734
1.291802734
0.9266605613
0.4848147028
0.4848147028
0.4848147028
0.4848147028
0.5458235991
0.7591196444
0.7591196444
1.888792596
1.888792596
1.888792596
1.888792596
1.888792596
1.628086815
1.628086815
0.7703748608
0.7703748608
0.7703748608
0.7724656073
0.7724656073
0.7724656073
0.7724656073
0.7724656073
0.7724656073
0.7724656073
0.7724656073
0.7724656073
0.7724656073
0.7724656073
1.225513795
1.225513795
1.225513795
1.225513795
1.498136679
1.705072666
1.705072666
1.705072666
1.281279322
1.281279322
1.281279322
1.281279322
1.322782412
1.322782412
1.322782412
1.322782412
1.192426607
1.75903508
1.75903508
0.1010793711
0.1010793711
0.1888297271
1.519839883
1.519839883
1.114187689
1.114187689
1.114187689
1.114187689
1.114187689
1.114187689
1.114187689
0.5404522882
0.5404522882
0.5404522882
0.5404522882
0.5404522882
0.5404522882
0.5404522882
0.5404522882
1.882694482
1.542205478
0.4660358679
0.4660358679
0.4660358679
0.4660358679
0.4660358679
1.342849422
1.342849422
1.405190006
0.5896090178
0.5896090178
0.5896090178
0.5896090178
0.3068551043
0.3068551043
0.3068551043
0.3068551043
0.3068551043
0.3068551043
0.3068551043
0.3068551043
0.272820996
0.6491478171
0.6491478171
0.6491478171
0.6491478171
0.6491478171
0.6491478171
0.6491478171
0.6491478171
0.6491478171
1.157720006
1.157720006
1.651760822
1.083429828
1.083429828
1.083429828
1.083429828
0.5072511597
0.5072511597
0.5072511597
1.637375468
1.637375468
1.637375468
1.637375468
2.178158467
2.094790837
2.094790837
2.094790837
0.5234861805
0.3518643753
0.3518643753
1.484163563
1.804109581
1.804109581
1.804109581
1.804109581
1.536488309
0.457309029
0.4230692008
0.4230692008
0.4230692008
0.4230692008
0.4230692008
0.4230692008
0.4230692008
0.4230692008
0.4230692008
0.4230692008
0.4230692008
0.6214785852
0.8281510619
0.8281510619
0.8281510619
0.8281510619
0.9509886973
0.9509886973
0.9509886973
0.9509886973
0.9509886973
0.9509886973
0.9509886973
0.9509886973
1.457510905
1.457510905
1.457510905
1.457510905
1.457510905
1.462109867
1.462109867
1.462109867
1.710330595
1.710330595
1.710330595
1.710330595
1.936193215
0.2845759248
0.8210977555
0.8210977555
0.8210977555
0.8210977555
1.056762141
-0.1689586303
-0.1689586303
1.674579757
1.674579757
0.4670858136
0.4670858136
0.4670858136
0.4670858136
0.4670858136
0.5909016283
0.5329260979
0.5329260979
0.5329260979
0.5329260979
0.5329260979
0.5329260979
0.5329260979
0.5329260979
0.9198752316
0.9198752316
0.7375939037
0.7375939037
0.7375939037
0.7375939037
0.7375939037
0.7375939037
0.7375939037
0.7375939037
0.7375939037
1.812616512
1.812616512
1.712051899
1.712051899
1.712051899
1.712051899
1.023408137
1.023408137
1.023408137
1.325044323
0.688434242
0.688434242
0.688434242
0.688434242
0.688434242
0.5971812142
0.7570484116
0.7570484116
0.5839323828
0.5839323828
0.5839323828
0.3898442713
0.3898442713
0.3898442713
0.3898442713
0.5469233593
0.5469233593
0.880913535
0.8256242399
0.8256242399
1.175840545
1.175840545
1.175840545
1.175840545
1.154276301
1.154276301
1.154276301
1.154276301
1.154276301
1.545893531
1.114033005
0.597656839
0.597656839
0.597656839
0.597656839
0.597656839
0.597656839
0.597656839
0.597656839
0.597656839
0.597656839
0.597656839
0.597656839
0.597656839
0.597656839
0.597656839
0.8709829405
0.8709829405
0.8709829405
0.8709829405
0.8709829405
0.8709829405
0.8709829405
0.8709829405
0.8709829405
0.8709829405
0.8709829405
1.649305663
1.603499554
1.375234712
1.375234712
1.375234712
1.375234712
1.375234712
1.375234712
1.375234712
1.375234712
0.7483920142
0.7483920142
0.7483920142
0.7483920142
0.7483920142
0.8075127603
0.8075127603
0.8075127603
0.8075127603
0.8075127603
0.8075127603
0.8075127603
0.8075127603
1.03728096
1.03728096
1.03728096
1.03728096
1.331290298
1.331290298
1.331290298
1.331290298
1.87744894
1.87744894
1.216213413
0.7741313802
0.7741313802
0.7741313802
1.466636179
1.466636179
1.558933381
1.558933381
1.558933381
1.558933381
1.558933381
1.558933381
1.558933381
1.682627453
1.682627453
0.1294465688
0.1294465688
0.1294465688
0.1294465688
0.1294465688
0.1294465688
0.4608520646
0.4608520646
0.4608520646
0.4608520646
0.4608520646
0.4608520646
0.4608520646
1.407518672
0.8062834026
1.246696859
1.246696859
1.246696859
1.246696859
1.246696859
1.246696859
1.246696859
1.720223816
0.5944205442
0.5944205442
0.9463508
0.9463508
0.562963802
0.562963802
0.562963802
0.562963802
0.562963802
0.562963802
0.562963802
0.562963802
0.562963802
0.562963802
0.562963802
0.6088616147
0.6088616147
0.6088616147
0.6088616147
0.6088616147
0.6088616147
0.6088616147
0.6088616147
0.6088616147
0.6088616147
1.109142413
1.109142413
1.109142413
1.109142413
1.109142413
1.109142413
1.109142413
1.916335352
0.5177654394
0.1169598441
0.1169598441
0.1169598441
0.1169598441
0.1169598441
0.1169598441
1.925063354
1.925063354
1.501166835
1.501166835
1.501166835
1.501166835
1.323334381
1.323334381
0.3251031019
0.3251031019
0.3391610009
0.5599428256
0.5599428256
0.5599428256
0.5599428256
0.5599428256
0.5599428256
0.5599428256
0.5599428256
0.5599428256
1.104699805
1.104699805
1.104699805
1.104699805
1.607754769
1.607754769
1.607754769
0.2260724954
0.2260724954
1.02313015
1.02313015
1.02313015
-0.1329760803
-0.1329760803
0.671073061
0.671073061
0.671073061
0.671073061
0.671073061
1.331350997
1.595955167
1.595955167
1.086292526
1.086292526
1.086292526
1.086292526
1.086292526
1.086292526
1.086292526
0.2919248881
0.2919248881
0.2919248881
0.2919248881
0.2919248881
1.784116865
1.784116865
1.784116865
2.030382533
2.030382533
2.030382533
2.030382533
2.030382533
2.030382533
2.030382533
0.696859049
0.696859049
0.696859049
0.696859049
0.696859049
0.696859049
0.696859049
0.696859049
0.696859049
0.696859049
0.6387394195
0.6387394195
1.638727313
1.638727313
1.638727313
0.7239984512
0.7239984512
0.7239984512
0.7239984512
0.7239984512
0.7239984512
0.7239984512
0.7239984512
1.120555885
1.120555885
1.120555885
1.120555885
1.120555885
1.120555885
0.8829416781
0.8829416781
1.595021001
1.595021001
0.3385269688
0.3385269688
0.3385269688
0.3385269688
0.3385269688
1.057414009
1.057414009
1.057414009
1.057414009
1.057414009
1.32891759
0.4884462129
1.026502067
1.231756552
1.231756552
1.231756552
1.231756552
1.591168122
0.7458402175
0.8520886258
0.8520886258
0.8520886258
0.8520886258
1.166431819
0.8186968753
0.8186968753
0.8186968753
0.8186968753
0.8186968753
0.8186968753
0.8186968753
0.8186968753
1.054465529
1.054465529
1.054465529
1.054465529
0.8976765804
0.8576007665
0.8576007665
0.8576007665
0.8576007665
0.8576007665
0.8576007665
0.8576007665
0.8576007665
0.8576007665
1.638000351
1.638000351
1.638000351
1.638000351
1.710815018
0.357122345
0.357122345
1.04154399
1.04154399
1.04154399
1.04154399
1.04154399
1.04154399
1.04154399
1.445319878
1.445319878
1.445319878
1.445319878
1.264442441
2.169181809
2.169181809
2.169181809
2.169181809
1.306063305
1.306063305
1.306063305
1.306063305
1.306063305
0.3966979195
0.4264101817
0.4264101817
0.4264101817
1.385856648
0.3198430274
0.4920280113
0.4920280113
0.4920280113
0.4920280113
0.4920280113
1.246063226
1.246063226
1.246063226
2.407854148
2.407854148
2.407854148
2.407854148
2.407854148
2.407854148
2.170032462
2.170032462
0.2879928453
1.401879726
1.401879726
0.9406740391
0.9406740391
0.9406740391
1.369967869
1.369967869
1.369967869
1.369967869
1.369967869
0.4536501281
0.4536501281
0.4536501281
0.4536501281
0.4536501281
0.4536501281
0.4536501281
0.4536501281
1.200187203
1.200187203
1.200187203
1.200187203
0.368167812
0.368167812
0.3739453938
0.3739453938
0.3739453938
0.7515069468
0.7515069468
0.7515069468
0.7515069468
0.7515069468
0.7515069468
0.7515069468
0.7515069468
1.50032718
1.50032718
1.50032718
1.50032718
1.50032718
1.50032718
1.50032718
0.6788913891
1.299909517
1.299909517
1.299909517
0.721225566
0.721225566
0.721225566
0.721225566
0.721225566
0.721225566
0.6335854065
0.2508834948
1.703037242
1.703037242
1.703037242
0.8857061167
0.8857061167
0.8857061167
0.7635966917
1.031688209
1.031688209
1.392674551
1.392674551
1.392674551
1.392674551
1.168549272
1.168549272
1.168549272
1.168549272
1.168549272
1.168549272
1.168549272
0.9340027175
0.9340027175
0.9340027175
0.9340027175
0.9340027175
1.107608946
1.107608946
0.1840948497
0.1840948497
0.1840948497
1.148910474
1.148910474
0.6779899461
0.577812139
1.410900377
0.9526081636
0.9526081636
1.248985463
1.248985463
1.248985463
1.248985463
1.248985463
1.248985463
1.248985463
1.248985463
1.248985463
1.630723776
1.630723776
1.630723776
1.630723776
1.630723776
1.630723776
1.630723776
1.630723776
1.630723776
1.630723776
1.168353591
1.168353591
1.168353591
1.168353591
1.168353591
1.286391613
1.286391613
1.286391613
1.286391613
1.286391613
1.286391613
1.286391613
1.286391613
1.286391613
1.286391613
1.286391613
1.286391613
1.286391613
1.286391613
1.286391613
1.286391613
0.7071992423
0.4116709894
1.579060401
1.579060401
1.579060401
1.579060401
1.579060401
1.579060401
1.814702591
1.814702591
1.814702591
1.814702591
1.814702591
1.401847343
1.401847343
1.401847343
1.401847343
1.401847343
1.401847343
1.401847343
1.484338237
1.680358764
1.680358764
1.680358764
1.680358764
1.680358764
1.680358764
1.680358764
1.680358764
1.680358764
1.680358764
1.680358764
1.753795954
1.15837419
0.6209124224
0.6209124224
0.6209124224
0.6209124224
0.8442970775
0.8442970775
0.8442970775
1.522761302
1.522761302
1.522761302
0.488953913
0.488953913
0.488953913
0.488953913
0.488953913
0.488953913
1.618166618
1.618166618
1.618166618
1.618166618
1.618166618
1.618166618
1.618166618
1.618166618
1.618166618
1.618166618
1.618166618
1.618166618
1.618166618
1.618166618
1.618166618
1.618166618
0.1227232257
0.1227232257
0.1227232257
0.1227232257
0.1227232257
0.1227232257
0.1227232257
0.1227232257
1.354332094
1.354332094
0.5936758315
0.7784490176
0.7784490176
1.098602208
1.098602208
1.906303368
1.906303368
0.9803702563
0.9803702563
0.9803702563
1.373083077
1.373083077
1.373083077
0.8341937358
1.208289673
1.208289673
1.208289673
1.208289673
1.208289673
0.3107735029
0.3107735029
0.3107735029
0.3107735029
0.9271540352
0.9271540352
0.9271540352
0.9271540352
0.9271540352
0.9271540352
0.9271540352
0.9271540352
0.9271540352
0.9271540352
0.9271540352
0.9271540352
0.9271540352
0.9271540352
0.9271540352
0.9271540352
0.9271540352
0.9271540352
0.9271540352
0.9271540352
0.9271540352
1.490885532
1.490885532
1.490885532
1.490885532
1.490885532
1.490885532
1.490885532
0.6906041187
0.6906041187
0.6906041187
0.5312176336
1.698935199
1.698935199
1.557499846
1.557499846
1.557499846
1.557499846
0.9031429199
0.8719076358
0.8719076358
0.8719076358
0.8719076358
0.8719076358
0.8719076358
0.8719076358
0.8719076358
0.8719076358
0.8719076358
0.8719076358
0.8719076358
0.5346039764
0.5346039764
0.6885913488
0.6885913488
0.6885913488
0.6885913488
0.6249820264
0.6249820264
0.6249820264
0.6249820264
0.6249820264
0.6249820264
0.3868235781
0.3868235781
0.3868235781
0.3868235781
0.3868235781
0.3868235781
0.3868235781
0.3868235781
0.3868235781
0.3868235781
0.3868235781
0.3868235781
0.4661942425
0.4661942425
0.4661942425
1.131239915
0.09705096327
0.09705096327
-0.03403898842
2.023503562
0.6659321338
0.4138639123
1.326853136
0.1128926176
0.7091399443
0.1247705029
0.1247705029
0.1247705029
2.067958126
0.1772637599
1.472350699
1.435147402
1.435147402
1.435147402
1.435147402
1.435147402
1.435147402
1.435147402
1.435147402
1.435147402
0.4590062118
1.199027762
1.199027762
1.199027762
0.6962415634
0.6962415634
0.6962415634
0.6962415634
0.6962415634
0.6962415634
0.1732008095
2.080521537
2.080521537
2.080521537
0.8134633952
0.8134633952
0.6068177687
0.6068177687
0.6068177687
0.7172556155
0.1090256409
0.1090256409
0.2098781579
0.2098781579
0.2098781579
1.700243745
1.700243745
1.214044298
1.106904236
1.106904236
1.106904236
1.106904236
1.106904236
0.8535617476
0.8535617476
0.8535617476
0.8535617476
0.8535617476
0.8535617476
0.8535617476
0.8535617476
0.8535617476
0.8535617476
0.8535617476
0.8535617476
0.8535617476
1.361702875
1.361702875
1.361702875
1.361702875
1.405637183
1.405637183
1.405637183
1.736595113
1.736595113
1.736595113
1.306226707
1.306226707
0.919323883
0.919323883
0.919323883
0.919323883
1.090787644
1.090787644
1.090787644
1.090787644
1.090787644
1.090787644
1.090787644
1.090787644
1.090787644
1.090787644
1.090787644
1.090787644
1.090787644
1.090787644
1.111487903
1.111487903
0.3828379416
0.3828379416
1.751074692
1.751074692
1.751074692
1.751074692
1.751074692
0.4286435416
0.4286435416
0.4286435416
0.4286435416
0.4286435416
1.550139904
1.550139904
1.550139904
1.550139904
1.550139904
1.550139904
1.550139904
1.404290038
1.404290038
1.500191796
0.9959304103
1.520376756
1.520376756
1.520376756
1.520376756
1.520376756
1.520376756
0.6764203504
0.6764203504
0.6764203504
0.8781814528
0.8781814528
0.8781814528
-0.1958538164
-0.1958538164
1.208168839
1.208168839
1.208168839
1.208168839
1.208168839
1.208168839
1.160831457
1.160831457
1.160831457
1.160831457
1.160831457
1.160831457
1.160831457
1.160831457
1.160831457
1.160831457
0.1593435635
0.1593435635
1.020119226
1.020119226
1.020119226
1.639235361
1.213613893
1.213613893
1.213613893
0.523497527
0.523497527
0.523497527
1.772225395
1.772225395
1.772225395
0.3869293055
0.3869293055
1.439859149
0.4490652886
-0.2691552035
0.1651130726
0.1651130726
0.1651130726
0.141794293
0.141794293
0.141794293
0.141794293
0.2182587602
0.2182587602
0.2182587602
0.2182587602
0.2182587602
0.2182587602
0.7660833983
0.7660833983
0.7660833983
0.7660833983
0.7660833983
0.7660833983
0.7660833983
0.7660833983
0.9712127031
0.9712127031
0.9712127031
0.9712127031
0.2297396815
0.2297396815
0.2297396815
0.2297396815
1.272659639
1.272659639
1.272659639
1.272659639
1.272659639
1.272659639
1.272659639
1.272659639
1.272659639
1.272659639
1.272659639
1.272659639
0.0823105984
0.0823105984
0.0823105984
1.128786721
1.128786721
1.128786721
1.128786721
1.128786721
1.128786721
1.128786721
1.128786721
1.128786721
1.128786721
1.221224818
0.8106106195
0.8106106195
1.559151098
1.559151098
1.559151098
1.559151098
0.2478158055
0.2478158055
0.2478158055
0.4041843219
0.4041843219
-0.07335673938
-0.07335673938
-0.07335673938
-0.07335673938
-0.3252190225
0.2852113069
0.2852113069
0.2852113069
0.2852113069
1.706920445
1.065110821
1.449943486
1.449943486
1.449943486
1.246901314
1.246901314
0.2122598239
0.2122598239
0.2122598239
1.047062645
1.047062645
1.047062645
1.047062645
1.047062645
1.047062645
1.047062645
1.047062645
1.047062645
1.047062645
1.047062645
1.047062645
1.047062645
1.047062645
1.047062645
1.047062645
1.047062645
1.047062645
1.047062645
1.047062645
1.047062645
0.8055049388
0.8055049388
0.8055049388
0.8055049388
1.001522991
1.001522991
1.001522991
1.001522991
1.001522991
1.001522991
1.020411846
1.020411846
1.020411846
0.745898648
0.745898648
0.745898648
1.24722575
1.24722575
1.24722575
1.24722575
0.4556441434
0.4556441434
0.4105437631
0.4105437631
0.4105437631
0.4105437631
0.4105437631
0.4105437631
0.1925776295
0.1925776295
1.021047698
1.021047698
1.021047698
1.021047698
1.021047698
1.584049576
1.584049576
1.584049576
1.584049576
1.584049576
1.584049576
1.44426542
1.44426542
0.3839213527
1.21137449
1.21137449
1.21137449
1.21137449
1.21137449
0.67654246
0.7081781935
1.603886928
1.603886928
1.603886928
1.603886928
1.603886928
1.603886928
1.603886928
1.603886928
1.603886928
0.9060624291
0.9060624291
0.9060624291
0.9060624291
0.9060624291
0.8792659325
0.8792659325
0.8792659325
0.8792659325
0.8792659325
0.9174625187
0.9174625187
1.910955589
1.171543483
1.123014048
0.3341188482
0.3341188482
1.225695945
0.2314379196
0.2314379196
0.2314379196
0.2314379196
0.2314379196
0.2314379196
0.2314379196
0.2314379196
0.2314379196
0.1424601549
0.3928062299
0.3928062299
0.3928062299
0.3928062299
2.072303076
1.348221702
1.348221702
1.348221702
0.359802673
0.968889011
0.968889011
0.968889011
0.968889011
0.9817207804
0.9817207804
0.9817207804
0.9817207804
0.9817207804
0.9817207804
0.9817207804
0.9817207804
0.9817207804
0.9817207804
0.9817207804
0.9817207804
0.9817207804
0.9817207804
0.9817207804
0.9817207804
0.9817207804
0.9817207804
0.9817207804
0.9817207804
0.9817207804
0.9817207804
0.9817207804
0.9817207804
0.9817207804
0.9817207804
1.323069815
1.323069815
1.323069815
1.323069815
1.323069815
1.323069815
1.323069815
1.323069815
1.323069815
1.323069815
1.323069815
1.200998832
1.200998832
0.8152886164
0.8152886164
0.8152886164
0.7231583735
0.7231583735
0.7467823178
0.7467823178
0.7467823178
0.7467823178
0.7467823178
0.7467823178
0.7467823178
0.7467823178
0.7467823178
0.7467823178
0.7467823178
0.7467823178
0.7467823178
1.31188901
0.6314693622
0.6314693622
0.6314693622
0.6314693622
1.218007086
1.218007086
1.218007086
0.3638172644
0.3638172644
0.3638172644
0.3638172644
1.593827359
1.593827359
1.593827359
1.593827359
1.593827359
1.593827359
1.593827359
1.593827359
0.6595687372
1.015504392
1.015504392
0.4290838077
0.4290838077
0.4290838077
0.6934247208
0.6934247208
0.6934247208
0.6934247208
0.6934247208
0.6934247208
0.6934247208
0.6934247208
0.6934247208
0.6934247208
0.6934247208
0.6934247208
1.038556385
1.038556385
1.038556385
1.07800424
1.07800424
1.07800424
1.07800424
1.07800424
1.07800424
1.07800424
1.07800424
1.07800424
1.07800424
1.07800424
1.07800424
1.07800424
1.07800424
1.07800424
1.07800424
1.07800424
1.07800424
1.07800424
1.07800424
0.9860093133
0.9860093133
0.9860093133
0.9860093133
0.9860093133
0.9860093133
0.9860093133
0.9860093133
0.9860093133
0.9860093133
0.9860093133
0.9860093133
0.9860093133
0.9860093133
0.9860093133
0.5517925866
0.5517925866
0.5517925866
0.8056326174
0.8056326174
0.8056326174
1.059477822
1.059477822
1.059477822
1.059477822
1.059477822
1.059477822
1.059477822
1.059477822
1.059477822
1.059477822
1.059477822
1.059477822
1.059477822
1.059477822
1.059477822
1.059477822
0.6074486999
0.6074486999
1.257479875
1.257479875
1.257479875
0.009958963572
0.009958963572
0.009958963572
-0.04662012617
0.805940296
0.805940296
0.805940296
0.805940296
0.805940296
1.829873085
1.838102204
1.838102204
1.838102204
1.838102204
1.838102204
1.838102204
1.838102204
1.838102204
1.838102204
1.838102204
1.838102204
1.838102204
1.838102204
1.838102204
1.838102204
1.838102204
1.838102204
1.838102204
1.838102204
1.838102204
1.838102204
1.381438546
1.381438546
1.381438546
1.381438546
1.246795048
1.246795048
1.246795048
1.246795048
1.246795048
1.246795048
1.246795048
0.8566138613
0.8566138613
0.8566138613
0.8566138613
0.8566138613
0.8566138613
0.8566138613
0.8566138613
0.8566138613
0.8566138613
0.8566138613
1.406068462
1.406068462
1.406068462
1.406068462
1.406068462
1.406068462
1.406068462
1.406068462
1.406068462
1.406068462
1.406068462
1.406068462
1.406068462
1.406068462
1.406068462
1.406068462
1.406068462
1.406068462
1.406068462
1.406068462
1.406068462
1.406068462
1.406068462
1.406068462
1.406068462
1.406068462
1.406068462
1.406068462
1.406068462
0.2356429058
1.239153685
1.239153685
1.239153685
1.239153685
1.239153685
1.148450701
1.148450701
1.148450701
0.6903718954
1.281568887
1.281568887
1.281568887
0.981955043
0.981955043
0.981955043
0.981955043
1.124270478
1.124270478
0.7665814947
0.7665814947
0.7665814947
0.4333808504
0.4333808504
0.4333808504
0.4333808504
1.195841194
1.195841194
1.195841194
1.195841194
0.7862758215
0.6044425775
0.6044425775
0.6044425775
0.6044425775
0.6044425775
0.6044425775
0.6044425775
0.6044425775
0.9213554178
0.9213554178
0.9213554178
0.9213554178
0.9213554178
0.07107799981
0.07107799981
0.07107799981
0.07107799981
0.07107799981
0.2794367359
0.2794367359
0.2794367359
0.2794367359
0.2794367359
1.391901441
1.391901441
1.391901441
1.391901441
1.391901441
1.391901441
1.391901441
1.391901441
1.391901441
1.391901441
0.4689785085
0.4689785085
0.4689785085
1.669771182
1.669771182
1.121648743
1.121648743
0.7490138419
0.7490138419
0.7490138419
0.7490138419
0.7490138419
0.7490138419
0.7490138419
0.7490138419
0.7490138419
0.7490138419
0.7490138419
0.7490138419
0.7490138419
0.7490138419
1.08773081
1.08773081
1.08773081
1.08773081
1.08773081
1.08773081
1.08773081
1.08773081
2.00324093
1.388395147
1.388395147
1.388395147
1.388395147
1.388395147
0.4855129689
0.4855129689
0.2553481996
1.602856744
1.602856744
1.969497577
1.654440584
1.654440584
1.654440584
1.654440584
1.052488579
1.052488579
1.052488579
1.03984053
1.03984053
1.03984053
1.03984053
1.03984053
1.03984053
1.03984053
1.03984053
1.03984053
1.03984053
1.03984053
1.03984053
1.03984053
1.03984053
1.03984053
1.03984053
1.626669432
1.626669432
1.150914604
1.150914604
1.150914604
1.150914604
1.150914604
1.150914604
1.150914604
1.384313174
1.384313174
1.384313174
0.9210739561
0.9210739561
0.9210739561
0.9210739561
0.9210739561
0.9210739561
0.9210739561
0.9210739561
0.9210739561
1.199173919
0.6594725004
0.6594725004
0.6594725004
0.6594725004
0.4488138431
0.4488138431
1.243679525
1.243679525
0.4056645119
0.4056645119
0.4056645119
0.4056645119
1.878544343
1.878544343
1.754809747
1.754809747
1.754809747
1.754809747
1.754809747
1.754809747
1.754809747
1.754809747
-0.01407421244
-0.08423018053
-0.08423018053
1.690711465
1.690711465
1.690711465
1.690711465
1.690711465
1.690711465
1.690711465
1.690711465
0.9579393089
0.9579393089
0.9579393089
0.9579393089
0.9579393089
0.9579393089
0.9579393089
0.9579393089
0.9579393089
0.1324816117
-0.3870031595
-0.3870031595
-0.3870031595
0.2960231738
0.2960231738
1.206970447
1.206970447
1.206970447
1.49448902
1.49448902
1.49448902
1.49448902
0.5802174059
0.5802174059
0.5802174059
0.5802174059
0.5802174059
0.9513431683
0.9513431683
0.9513431683
0.9513431683
0.9513431683
0.9513431683
0.9513431683
0.9513431683
0.9513431683
0.9513431683
0.9513431683
0.9513431683
1.590939794
1.590939794
0.6221082656
0.6221082656
0.6221082656
0.6221082656
0.6221082656
0.6221082656
0.6221082656
0.6221082656
1.139194814
1.139194814
0.1515046015
1.779614855
1.779614855
1.779614855
1.779614855
1.779614855
0.1718753731
0.1718753731
1.197375396
1.197375396
1.197375396
1.197375396
1.197375396
1.197375396
1.197375396
1.197375396
1.197375396
1.197375396
1.197375396
1.197375396
1.197375396
1.197375396
1.197375396
0.9415300802
0.9415300802
0.9415300802
0.9415300802
0.9415300802
0.9415300802
0.9415300802
0.9415300802
0.9415300802
0.9415300802
0.732787166
0.732787166
0.732787166
0.3293228235
0.5192171528
0.5192171528
0.5192171528
0.5192171528
0.5192171528
0.5192171528
0.5192171528
0.5192171528
0.5192171528
0.5192171528
0.2518867371
0.2518867371
0.2518867371
0.2518867371
0.2518867371
0.2518867371
0.2518867371
0.2518867371
1.519331317
0.6103499009
0.6103499009
0.6103499009
0.6103499009
0.6103499009
0.6103499009
0.08454105952
1.040780706
1.040780706
1.040780706
1.478903511
2.069570978
2.546812069
2.546812069
-0.3057853312
-0.3057853312
-0.3057853312
0.1396027862
0.1396027862
0.9666384731
0.9666384731
0.9666384731
0.9666384731
0.9666384731
0.9666384731
0.9666384731
2.012175874
2.012175874
2.21246028
2.21246028
2.21246028
2.21246028
2.21246028
1.331044959
1.331044959
1.331044959
1.331044959
1.331044959
0.4050911279
0.8842153493
0.8842153493
0.8842153493
0.8842153493
0.3653187563
0.679392414
0.134046553
0.134046553
1.224355703
0.5990847661
0.5990847661
0.5990847661
1.266426871
1.266426871
1.266426871
1.266426871
1.266426871
0.7387202809
0.6054182783
0.6054182783
0.6054182783
0.6054182783
0.6054182783
0.6054182783
0.6054182783
0.6054182783
0.6054182783
1.529328016
1.529328016
1.529328016
1.529328016
1.529328016
1.529328016
1.529328016
0.5106775941
0.5106775941
0.5106775941
0.5106775941
0.5106775941
0.5106775941
0.1393299303
0.1393299303
0.1393299303
0.1393299303
0.1393299303
0.7068930286
0.7068930286
0.7068930286
0.7068930286
0.7068930286
0.7068930286
0.7068930286
1.999253563
1.999253563
0.1892612638
0.5807168969
0.5807168969
1.058623888
1.058623888
1.058623888
1.058623888
1.058623888
1.058623888
1.058623888
1.058623888
1.058623888
1.058623888
1.058623888
1.058623888
1.058623888
1.054073289
1.393919934
1.393919934
1.393919934
1.393919934
1.393919934
1.393919934
1.393919934
1.393919934
1.393919934
1.393919934
0.5101789619
0.5101789619
0.5101789619
1.567026556
1.567026556
1.567026556
1.567026556
1.567026556
1.567026556
1.567026556
0.6904971176
0.6904971176
0.6904971176
0.6659629447
0.6659629447
0.9905543165
0.9905543165
0.9905543165
0.9905543165
0.9905543165
0.3128340461
0.3128340461
0.3128340461
0.3128340461
0.3128340461
1.816057008
1.816057008
1.816057008
1.816057008
0.6936370917
0.6936370917
0.6936370917
0.6936370917
0.6936370917
0.6936370917
0.6936370917
0.6936370917
0.5517350858
0.5517350858
0.5517350858
0.9202806945
0.9202806945
0.9202806945
0.9202806945
0.9202806945
0.9202806945
0.9202806945
0.9202806945
0.9202806945
0.9202806945
0.9202806945
0.9202806945
0.9202806945
1.312798616
1.312798616
1.299034552
1.299034552
1.299034552
1.299034552
0.6843295462
0.6843295462
0.6843295462
1.017505307
1.265392034
0.8084732405
0.2363793168
0.2363793168
0.2363793168
0.2363793168
0.2363793168
0.2363793168
0.3671455983
0.3671455983
0.3671455983
0.3671455983
0.3671455983
0.3671455983
0.3671455983
0.3671455983
0.3671455983
0.9227553678
0.9227553678
0.9227553678
0.3784167889
0.3784167889
1.081844485
1.081844485
1.081844485
1.081844485
1.081844485
1.081844485
1.081844485
1.727830366
1.727830366
1.727830366
1.727830366
1.727830366
1.727830366
1.727830366
1.727830366
1.727830366
1.727830366
1.236543106
1.236543106
1.236543106
1.236543106
1.236543106
1.236543106
1.236543106
0.9847127965
0.9847127965
0.9847127965
0.9847127965
0.9847127965
0.1753328072
0.1753328072
0.1753328072
1.547640387
1.547640387
0.4218076413
0.4218076413
1.30579646
1.30579646
1.30579646
1.30579646
1.30579646
1.30579646
1.30579646
1.30579646
1.30579646
1.30579646
1.30579646
1.033328499
0.9890796894
0.9890796894
0.251395784
0.1089367243
0.1089367243
0.1089367243
0.1089367243
0.1089367243
0.1089367243
0.1089367243
0.1089367243
0.1089367243
0.2346718147
0.2346718147
0.2346718147
0.2346718147
0.2346718147
1.002747508
1.002747508
1.002747508
1.002747508
0.9202754028
0.9202754028
0.9202754028
1.695751792
0.9286624666
0.9286624666
0.1669505221
1.626607224
1.626607224
1.626607224
1.626607224
1.626607224
1.626607224
1.626607224
1.626607224
1.729329219
1.729329219
1.729329219
1.729329219
1.729329219
1.729329219
1.729329219
0.04228224427
0.04228224427
1.764228848
1.429637436
1.429637436
1.429637436
1.429637436
1.429637436
1.218564818
1.218564818
1.218564818
1.218564818
1.218564818
1.218564818
1.218564818
1.192089933
1.135049082
0.9590181587
0.9590181587
0.9590181587
0.9590181587
0.9590181587
0.9590181587
1.053621845
1.053621845
1.113053127
1.113053127
1.113053127
1.113053127
1.113053127
1.113053127
0.007013771771
0.007013771771
0.007013771771
0.007013771771
0.007013771771
0.007013771771
0.4859794042
0.4859794042
0.4859794042
1.345673706
1.345673706
1.345673706
1.345673706
1.345673706
1.345673706
1.345673706
1.342648673
1.451492951
1.451492951
1.451492951
1.451492951
1.451492951
1.451492951
1.451492951
1.451492951
1.451492951
0.5571043091
2.001096701
2.001096701
2.001096701
2.001096701
2.001096701
2.001096701
2.001096701
2.00857318
2.00857318
2.00857318
1.179937292
1.179937292
1.179937292
0.459181825
0.459181825
0.7638551044
0.7638551044
0.5726610869
0.5726610869
0.5726610869
0.5726610869
0.5726610869
0.5726610869
0.5726610869
0.5726610869
0.5726610869
0.5726610869
0.5726610869
0.5726610869
0.6756205196
0.6756205196
0.6756205196
0.6756205196
0.9290438573
0.9290438573
0.9290438573
0.9290438573
0.9290438573
1.045589906
1.045589906
1.045589906
1.045589906
1.045589906
1.045589906
1.045589906
1.045589906
1.045589906
1.045589906
1.045589906
1.045589906
1.045589906
1.045589906
1.045589906
1.045589906
1.045589906
1.045589906
1.045589906
1.030450358
1.030450358
1.030450358
1.030450358
1.030450358
1.030450358
1.030450358
1.030450358
1.030450358
1.030450358
1.030450358
1.030450358
1.030450358
1.030450358
1.030450358
1.030450358
1.030450358
1.030450358
1.030450358
1.030450358
1.030450358
1.794561604
1.794561604
0.9808789069
0.9808789069
0.9808789069
0.9808789069
0.9808789069
0.9808789069
0.9808789069
0.9808789069
0.9808789069
0.9808789069
0.9808789069
0.9808789069
0.9808789069
1.484284569
1.484284569
1.484284569
1.484284569
1.484284569
1.484284569
1.484284569
1.484284569
0.4862397386
0.9929214737
0.9929214737
0.01643653542
0.01643653542
0.01643653542
0.761095236
0.761095236
0.761095236
0.761095236
0.761095236
0.761095236
0.761095236
0.761095236
0.761095236
0.761095236
0.761095236
0.761095236
0.761095236
1.165685844
0.3674338064
0.3674338064
0.3674338064
0.3674338064
0.3674338064
0.9161631575
0.9161631575
0.9161631575
0.7387367251
0.7387367251
0.7387367251
0.7387367251
0.7387367251
0.7387367251
1.886166736
-0.005123187959
-0.005123187959
-0.005123187959
-0.005123187959
-0.005123187959
-0.005123187959
-0.005123187959
0.3291015845
-0.002945944295
-0.002945944295
-0.002945944295
1.491622278
0.3766677809
0.478390916
0.2962982574
0.2962982574
0.2962982574
0.2962982574
0.187092911
0.187092911
0.187092911
0.2529600933
0.2529600933
0.2529600933
0.2524141819
0.2524141819
0.2524141819
0.2524141819
0.2524141819
0.1891160119
0.1891160119
0.5960572286
0.5960572286
0.5960572286
0.5960572286
0.5960572286
0.5960572286
0.5960572286
0.5960572286
0.0423741033
0.5498718941
0.5498718941
-0.002076250542
-0.002076250542
-0.002076250542
0.3270533544
0.3270533544
0.3270533544
0.3270533544
0.3270533544
0.3270533544
0.8180610811
0.8180610811
1.330095772
1.330095772
1.330095772
0.7966656526
0.7966656526
0.7966656526
0.7966656526
0.7966656526
0.7966656526
0.7966656526
0.7966656526
0.7966656526
0.7966656526
1.287355019
1.287355019
1.287355019
1.814101845
1.814101845
1.814101845
1.814101845
1.814101845
1.814101845
1.976902771
1.976902771
1.976902771
0.1590240823
0.1590240823
0.1590240823
0.1590240823
0.1590240823
0.1590240823
0.1590240823
0.1590240823
0.1590240823
0.1590240823
0.3211947928
0.3211947928
0.3211947928
0.3211947928
0.3211947928
0.3211947928
2.211382878
1.014826846
1.014826846
1.014826846
1.014826846
1.014826846
1.014826846
1.014826846
1.014826846
1.014826846
1.014826846
1.014826846
0.1672097256
0.1672097256
0.1672097256
0.3213512051
0.3213512051
0.3213512051
0.3213512051
0.3291480373
1.205947929
1.205947929
1.205947929
1.205947929
0.949261801
0.949261801
0.949261801
0.949261801
0.949261801
1.466033024
1.430460793
1.430460793
1.430460793
0.8137099515
0.8137099515
0.8137099515
0.8351520178
0.8351520178
0.9725645061
0.9725645061
0.9725645061
0.9725645061
0.9725645061
0.9725645061
0.9939760371
0.9939760371
0.9939760371
1.33158434
0.5994809604
0.5994809604
0.5994809604
0.5994809604
0.6242959297
1.683856261
1.683856261
1.683856261
1.683856261
1.683856261
1.683856261
0.7604721248
0.7604721248
0.7604721248
0.7604721248
0.7604721248
0.7604721248
0.7604721248
0.7604721248
0.7604721248
0.7604721248
0.7604721248
0.7604721248
0.7604721248
0.7604721248
0.722647505
0.722647505
-0.1353617272
-0.1353617272
1.561718974
1.561718974
1.561718974
1.561718974
1.561718974
1.561718974
1.561718974
1.561718974
1.561718974
1.561718974
1.561718974
1.561718974
1.561718974
1.561718974
1.561718974
1.561718974
1.561718974
1.561718974
1.561718974
1.513103185
1.513103185
1.513103185
1.513103185
1.513103185
1.049227588
1.049227588
1.049227588
1.049227588
1.53390998
0.6591600859
0.6591600859
1.642271501
1.642271501
0.2887141771
0.2887141771
0.2887141771
0.9184074938
0.9184074938
0.9184074938
0.9184074938
0.9184074938
0.9184074938
0.9184074938
1.299810792
1.299810792
1.299810792
1.299810792
1.299810792
1.299810792
1.299810792
1.299810792
1.299810792
1.299810792
1.560199983
1.437014309
1.437014309
1.278537689
1.278537689
1.278537689
1.278537689
1.278537689
1.278537689
1.278537689
1.278537689
1.278537689
1.278537689
1.278537689
2.038092336
1.243627477
1.243627477
1.243627477
1.243627477
1.243627477
1.646970677
1.948155105
1.948155105
1.948155105
1.948155105
1.948155105
1.948155105
1.948155105
1.948155105
1.948155105
0.1967405364
0.1967405364
0.1967405364
0.1967405364
0.1967405364
0.1967405364
0.1967405364
0.7311689413
0.7311689413
0.7311689413
0.7311689413
0.7311689413
1.016753637
1.016753637
1.016753637
1.016753637
1.016753637
1.016753637
1.016753637
1.016753637
0.7595601366
0.7595601366
0.7595601366
0.7595601366
0.7595601366
1.043716219
1.043716219
1.043716219
1.043716219
1.043716219
1.150434089
1.150434089
1.150434089
1.150434089
0.2741450531
1.644457063
1.644457063
1.644457063
1.112528334
1.112528334
0.5667894466
0.5667894466
0.5667894466
0.5667894466
0.5667894466
0.5667894466
0.5667894466
0.5667894466
0.5667894466
0.5667894466
0.5667894466
0.5667894466
0.567607493
0.567607493
0.567607493
0.567607493
0.567607493
0.567607493
0.567607493
0.567607493
0.567607493
0.567607493
1.277120642
1.277120642
1.277120642
0.9958227437
-0.2551374171
-0.2551374171
-0.2551374171
-0.2551374171
-0.2551374171
0.269050485
0.269050485
0.269050485
0.269050485
0.269050485
0.4636393739
0.4636393739
1.180640874
1.180640874
1.786592633
1.786592633
1.422239128
0.5375010244
1.376193192
1.376193192
1.376193192
1.376193192
1.376193192
1.376193192
1.376193192
1.376193192
1.376193192
1.376193192
1.376193192
1.376193192
1.376193192
1.376193192
1.376193192
1.376193192
1.376193192
1.376193192
1.253581578
1.253581578
2.492302975
2.492302975
1.324484961
1.324484961
1.324484961
1.324484961
0.8034533577
0.8034533577
0.8034533577
0.05543375448
0.05543375448
1.239176785
1.239176785
1.239176785
1.239176785
1.239176785
1.239176785
1.239176785
1.239176785
1.239176785
1.239176785
1.239176785
1.239176785
1.239176785
1.239176785
1.239176785
1.239176785
0.3387596027
0.3387596027
1.300339444
1.300339444
1.300339444
1.300339444
1.300339444
1.300339444
1.300339444
1.300339444
1.300339444
1.300339444
1.018942334
1.018942334
0.6533872568
0.6533872568
1.01221476
0.9218140524
0.9218140524
0.9218140524
0.9218140524
0.9904720701
0.165388148
0.165388148
0.165388148
0.165388148
0.165388148
1.156143536
1.156143536
1.156143536
1.146764519
1.146764519
0.8743194746
0.8743194746
0.8743194746
0.8743194746
0.8743194746
0.8743194746
0.8743194746
0.8743194746
0.8743194746
0.8743194746
0.8743194746
0.9750351218
0.9750351218
0.9750351218
0.9750351218
0.9384811057
0.947893126
0.947893126
0.947893126
0.947893126
0.947893126
0.947893126
0.947893126
0.947893126
0.947893126
0.6279530365
0.6279530365
0.6279530365
0.6279530365
0.6279530365
0.6279530365
0.6279530365
0.8917557002
0.8917557002
0.8917557002
0.8917557002
0.8917557002
0.8917557002
0.8917557002
0.8917557002
0.8230354285
0.8230354285
0.8230354285
0.8230354285
0.8230354285
0.8230354285
0.8230354285
0.8230354285
0.8230354285
0.8230354285
0.8230354285
0.8230354285
0.8230354285
0.8230354285
0.8230354285
0.8230354285
0.8230354285
0.8230354285
0.8230354285
0.8230354285
1.062314956
0.7633283672
0.7633283672
0.7633283672
0.7633283672
0.7633283672
0.7633283672
0.7633283672
1.168581615
1.168581615
1.168581615
0.5156539888
0.5156539888
0.5156539888
0.5156539888
0.5156539888
0.5156539888
0.4342349853
0.4342349853
0.4342349853
0.4342349853
0.4342349853
0.4342349853
0.4342349853
0.4342349853
0.4342349853
0.4342349853
0.4342349853
0.4342349853
0.4342349853
1.399137829
1.604913691
1.604913691
1.604913691
1.604913691
-0.2124183225
-0.2124183225
0.2012554334
1.886867153
1.886867153
1.886867153
0.9054183874
0.9054183874
1.80499052
1.80499052
1.80499052
1.80499052
1.80499052
1.80499052
1.80499052
1.80499052
1.80499052
1.492190616
1.492190616
1.492190616
1.325421024
1.325421024
1.406865762
1.406865762
1.406865762
1.406865762
1.302550393
1.302550393
1.302550393
1.302550393
1.302550393
1.302550393
1.302550393
0.5236602876
0.5236602876
0.5236602876
0.5236602876
0.5236602876
0.936570493
0.9042152977
0.9042152977
0.9042152977
0.9042152977
0.9042152977
0.9042152977
0.9042152977
0.9042152977
1.099099242
1.099099242
1.099099242
0.7067754324
0.7067754324
0.7067754324
0.7067754324
0.7067754324
0.2220437347
0.2220437347
0.2220437347
0.2220437347
1.479231635
1.479231635
1.479231635
1.479231635
1.689903413
1.689903413
1.689903413
1.689903413
1.689903413
1.689903413
1.507651083
1.507651083
0.02383045493
0.02383045493
1.384612156
1.384612156
1.384612156
1.384612156
1.384612156
1.384612156
1.384612156
1.384612156
0.6364201164
0.6364201164
0.9330554153
0.9330554153
0.6352208654
0.6352208654
0.6352208654
0.6352208654
0.3844246609
1.629705169
1.629705169
1.629705169
1.629705169
1.629705169
0.1482393483
0.1482393483
0.1482393483
1.090008926
1.491699132
1.491699132
1.491699132
0.7090432076
1.161196621
1.161196621
1.161196621
1.161196621
1.161196621
1.161196621
1.161196621
-0.1409639947
0.1399476796
0.1399476796
0.2162525782
0.2162525782
0.6221388605
0.6193842395
1.346135536
1.346135536
1.541957314
1.541957314
1.541957314
1.541957314
0.5649775697
0.5649775697
0.5649775697
0.5649775697
0.9138127026
0.9138127026
0.9138127026
0.9138127026
0.9138127026
0.9138127026
0.9138127026
0.9138127026
0.9138127026
0.9138127026
0.1551518875
0.7724765471
0.7724765471
0.7724765471
0.7724765471
0.7724765471
0.9171684568
0.9171684568
0.9171684568
0.9171684568
0.9171684568
0.9171684568
1.036388918
1.036388918
1.036388918
1.036388918
1.036388918
1.036388918
1.036388918
1.036388918
1.036388918
1.036388918
1.381503448
1.861450436
0.1473440839
0.1473440839
1.215118175
1.262948359
1.262948359
1.262948359
0.8375629365
0.8375629365
0.6828167537
1.237151846
1.237151846
1.237151846
1.555823699
1.555823699
1.555823699
1.555823699
1.555823699
1.555823699
0.8686588122
0.8686588122
0.8686588122
0.8686588122
0.8686588122
0.8686588122
0.8686588122
0.8686588122
0.8686588122
0.8686588122
0.8686588122
0.8686588122
0.8686588122
0.8686588122
0.8686588122
0.8686588122
0.8686588122
0.8686588122
1.251899747
0.8961385268
0.8961385268
0.8961385268
0.8961385268
0.8961385268
0.6450517909
0.9063889107
0.9063889107
0.9063889107
0.9063889107
0.9063889107
0.9063889107
0.9063889107
0.9063889107
0.9063889107
0.7556520966
1.414816173
1.414816173
1.414816173
1.414816173
1.414816173
1.414816173
1.219577774
1.219577774
1.219577774
1.219577774
1.122233091
1.122233091
1.122233091
1.122233091
1.122233091
1.122233091
1.122233091
1.058614026
1.396050084
1.396050084
0.359872432
0.359872432
0.359872432
0.359872432
0.359872432
0.359872432
0.359872432
0.359872432
2.329768903
2.511994126
0.8297663598
1.306676047
1.306676047
1.153018979
1.153018979
1.742790429
1.01267295
1.13568146
1.94675456
1.94675456
2.03791265
2.03791265
2.03791265
2.03791265
0.1373987068
1.515036503
1.515036503
1.515036503
0.6808052469
0.6808052469
0.6808052469
1.590148169
1.470532071
0.4929333351
0.4929333351
0.1532688533
0.1532688533
0.1532688533
0.1532688533
0.1532688533
0.1532688533
0.1532688533
0.1532688533
0.1532688533
1.754016967
1.754016967
1.754016967
1.754016967
1.754016967
1.48839478
1.48839478
1.150019172
1.150019172
1.150019172
1.150019172
1.150019172
0.8284252334
0.8284252334
0.8284252334
0.8284252334
0.8284252334
0.8284252334
0.8284252334
0.8284252334
1.562686781
1.562686781
1.562686781
1.51323942
1.51323942
1.51323942
-0.2161120536
-0.2161120536
1.477164936
1.477164936
1.447634997
1.447634997
-0.03079056644
-0.03079056644
-0.03079056644
-0.03079056644
-0.03079056644
-0.03079056644
1.593101512
1.593101512
0.3500524279
0.3500524279
0.3500524279
0.3500524279
0.3500524279
0.6751433915
0.6751433915
0.6751433915
0.6751433915
0.6751433915
0.6751433915
1.628241802
1.628241802
0.8385565443
0.7858736928
0.7858736928
0.6539224773
0.6539224773
0.6539224773
0.6539224773
0.541715181
0.541715181
0.541715181
0.541715181
0.541715181
0.541715181
0.541715181
0.541715181
0.541715181
0.541715181
0.541715181
0.7825081346
0.7825081346
1.539630223
1.539630223
1.539630223
1.230521784
1.230521784
1.230521784
1.230521784
1.230521784
0.6955614206
1.296920506
1.296920506
1.296920506
0.6649352706
0.6649352706
0.6649352706
0.6649352706
0.6649352706
0.6649352706
0.6649352706
0.6649352706
0.6649352706
1.567728048
1.567728048
1.567728048
0.7788091771
0.7788091771
0.7788091771
0.7788091771
0.7788091771
0.7788091771
0.7215316383
0.7215316383
0.7215316383
0.7215316383
1.190769406
1.190769406
1.190769406
1.190769406
1.190769406
1.190769406
1.190769406
1.190769406
1.190769406
1.190769406
1.190769406
1.190769406
1.190769406
1.190769406
1.190769406
1.190769406
1.190769406
1.190769406
1.450548089
1.450548089
1.450548089
1.458956111
1.458956111
1.217853325
1.217853325
1.217853325
1.217853325
1.217853325
1.217853325
1.217853325
1.217853325
1.080388421
1.541032936
1.541032936
1.541032936
1.541032936
1.541032936
1.541032936
1.541032936
-0.02877518802
-0.02877518802
1.362125258
0.711512216
0.711512216
0.711512216
0.711512216
0.711512216
0.711512216
0.711512216
0.5652059625
0.5652059625
0.5652059625
0.5652059625
0.5652059625
0.5652059625
0.5652059625
0.5652059625
0.5652059625
0.5652059625
0.5652059625
0.5652059625
0.5652059625
0.5652059625
1.331546773
1.331546773
1.331546773
1.331546773
0.6971425396
0.6971425396
0.6971425396
1.518800448
1.518800448
1.518800448
1.518800448
1.518800448
1.518800448
0.6600371546
0.6600371546
0.6600371546
0.6600371546
0.6600371546
0.6600371546
0.6600371546
0.6600371546
0.6600371546
0.6600371546
0.6600371546
2.832339658
2.832339658
1.250911125
1.250911125
1.035591488
1.035591488
1.035591488
1.035591488
1.035591488
1.035591488
1.035591488
1.035591488
1.453653912
1.453653912
1.453653912
1.453653912
1.453653912
1.453653912
1.453653912
1.453653912
1.453653912
1.453653912
1.453653912
1.453653912
1.453653912
1.453653912
1.453653912
1.453653912
1.222352665
1.210774457
1.210774457
1.210774457
1.210774457
1.210774457
1.210774457
1.210774457
1.210774457
1.210774457
1.210774457
1.210774457
1.210774457
1.210774457
1.210774457
0.8318310931
0.8318310931
0.8318310931
0.8318310931
0.8318310931
1.00826276
1.066269419
1.066269419
1.066269419
1.066269419
1.066269419
1.066269419
1.066269419
1.066269419
1.066269419
1.066269419
1.201139758
0.9268785307
0.9268785307
0.9268785307
0.9268785307
0.9268785307
1.112480728
1.112480728
1.112480728
1.112480728
1.112480728
1.112480728
1.112480728
1.112480728
1.112480728
1.672197092
0.3953580223
0.03531018083
-0.07345728596
-0.07345728596
-0.07345728596
-0.07345728596
-0.07345728596
-0.07345728596
1.766637206
2.216334568
2.309140328
2.309140328
2.309140328
2.309140328
2.309140328
2.309140328
2.309140328
2.309140328
0.7375827268
0.7375827268
0.7375827268
0.7375827268
0.7375827268
0.7375827268
1.675243733
1.675243733
1.675243733
0.8733937986
0.8733937986
0.8733937986
1.324526604
1.324526604
1.324526604
1.324526604
1.324526604
1.324526604
1.324526604
1.324526604
1.324526604
1.324526604
1.324526604
1.324526604
1.324526604
0.8863632308
0.8863632308
1.1650189
1.1650189
1.1650189
-0.003142516141
-0.003142516141
-0.003142516141
1.726565066
1.726565066
1.696697155
1.696697155
1.696697155
1.696697155
0.800431729
0.800431729
1.256187477
1.256187477
1.256187477
1.256187477
1.321745196
1.820483296
1.820483296
1.820483296
1.820483296
1.820483296
1.820483296
1.307327392
1.307327392
1.288461612
1.288461612
0.8686694176
0.8686694176
0.8686694176
0.8686694176
0.8686694176
0.8686694176
0.8686694176
1.528601107
0.5748808277
0.5748808277
0.5748808277
1.181080607
1.181080607
1.181080607
1.181080607
1.181080607
1.181080607
1.098349647
0.5662309049
0.5662309049
1.155088796
1.155088796
1.155088796
0.7837043279
0.7837043279
1.034894084
1.034894084
1.034894084
1.034894084
1.034894084
1.034894084
1.286867734
0.6364696147
0.6364696147
1.429865401
1.429865401
1.429865401
1.039901866
1.039901866
1.039901866
1.039901866
1.039901866
1.039901866
1.039901866
1.039901866
1.039901866
1.039901866
1.039901866
1.503324841
1.503324841
1.503324841
1.228719269
1.228719269
1.228719269
1.46632522
0.6106772754
1.418745522
1.418745522
0.007872371015
1.853972699
0.9810506087
0.1230544619
0.1230544619
0.1230544619
0.1230544619
0.1230544619
0.0124228429
0.0124228429
0.0124228429
0.0124228429
0.0124228429
0.0124228429
0.0124228429
0.1578200016
0.004763858682
0.004763858682
0.004763858682
0.004763858682
0.815907334
0.815907334
0.815907334
0.7539234134
0.7539234134
0.7539234134
0.281526292
1.094359505
0.9799362657
0.9799362657
0.9799362657
0.9799362657
0.9799362657
0.9799362657
0.9799362657
0.9799362657
0.9799362657
1.266896517
1.266896517
1.266896517
1.352237313
1.352237313
1.352237313
1.043840442
1.043840442
1.043840442
1.043840442
1.043840442
0.5043409677
0.8521550865
0.8521550865
0.8521550865
0.8521550865
0.8521550865
0.8521550865
0.8521550865
0.8521550865
0.8521550865
0.8521550865
0.8521550865
0.8521550865
0.8521550865
0.8521550865
0.8521550865
1.936711309
1.936711309
1.936711309
1.936711309
1.936711309
1.936711309
1.625992253
1.625992253
1.761781768
0.2446618599
0.2446618599
0.8207328771
0.9525624501
0.9525624501
0.9525624501
0.9525624501
0.9525624501
1.227078909
1.227078909
1.227078909
1.227078909
1.227078909
1.227078909
1.227078909
1.227078909
1.227078909
1.227078909
1.227078909
1.227078909
1.227078909
-0.134760146
-0.134760146
0.3453216246
0.3453216246
0.3453216246
0.2449866616
0.2449866616
0.2449866616
0.2449866616
0.2449866616
0.2449866616
0.2449866616
0.2449866616
2.032402624
1.78156921
1.78156921
1.78156921
1.78156921
1.78156921
1.78156921
1.78156921
0.1715634957
0.9876845825
0.9876845825
0.9876845825
0.9876845825
0.9876845825
0.9876845825
0.9876845825
0.8330742437
0.8330742437
0.8330742437
0.9228170297
0.9228170297
0.9228170297
0.9228170297
0.9228170297
0.9228170297
0.9228170297
0.9228170297
0.3696967395
0.3696967395
0.6690699961
0.6690699961
0.6690699961
1.343417908
1.343417908
1.343417908
1.343417908
0.7351245074
0.7351245074
1.168490862
1.168490862
1.168490862
1.168490862
0.7113410781
0.7113410781
1.443049389
1.439724868
1.439724868
0.8264086571
0.8264086571
0.8264086571
0.8264086571
0.8264086571
0.8264086571
0.8264086571
0.8264086571
0.8264086571
0.8264086571
0.8264086571
0.3648210118
0.3648210118
1.105193651
0.3554193644
0.5413604942
0.5413604942
0.5413604942
0.9932367546
0.9932367546
0.9932367546
0.9932367546
0.9932367546
0.9932367546
0.9932367546
0.9932367546
0.9932367546
0.9932367546
0.9932367546
0.9932367546
0.9932367546
0.9932367546
0.9932367546
0.9932367546
0.5627637054
0.5627637054
0.5627637054
0.5627637054
0.5627637054
0.5627637054
0.9342269552
0.9342269552
0.9342269552
0.7819555078
0.7819555078
1.047787536
1.047787536
1.047787536
1.047787536
1.047787536
1.047787536
1.047787536
1.047787536
1.047787536
1.047787536
1.047787536
0.7767413285
0.7767413285
0.7767413285
0.7767413285
0.7767413285
0.6238334257
0.6238334257
0.6238334257
0.6238334257
1.365648438
1.180963533
1.180963533
1.180963533
1.180963533
1.180963533
0.8042891402
0.8042891402
0.8042891402
0.6572487515
0.4192079769
0.4192079769
1.708027579
1.708027579
1.042786363
1.042786363
1.042786363
1.042786363
0.8473229785
0.8473229785
0.8473229785
1.075370767
1.075370767
1.075370767
1.075370767
1.075370767
1.075370767
1.075370767
1.075370767
1.075370767
1.075370767
1.075370767
1.075370767
1.118744583
1.118744583
1.118744583
1.118744583
1.118744583
1.118744583
0.2405127606
0.2405127606
0.2405127606
0.2405127606
0.1748697963
0.9947272575
0.9947272575
0.9947272575
-0.08890964604
0.2029439542
1.33186857
1.33186857
1.33186857
1.33186857
1.33186857
1.33186857
0.215968876
0.215968876
0.215968876
0.215968876
0.215968876
0.7894757555
0.7894757555
0.7894757555
0.7894757555
0.7894757555
0.7894757555
0.8288270429
0.8288270429
0.8288270429
0.8288270429
0.8288270429
0.8288270429
1.429066972
1.429066972
1.429066972
1.429066972
-0.2556674875
-0.2556674875
-0.2556674875
-0.2556674875
-0.2556674875
-0.2556674875
0.2767438672
0.2767438672
-0.002684166026
0.005305459506
0.005305459506
0.005305459506
0.005305459506
0.7763205804
0.7763205804
0.7763205804
0.7763205804
0.7763205804
0.7763205804
0.7763205804
0.7763205804
1.148824194
1.148824194
1.148824194
1.148824194
1.148824194
1.148824194
1.148824194
1.148824194
1.148824194
1.148824194
1.148824194
1.148824194
1.148824194
0.1219533179
0.1219533179
0.1219533179
0.1219533179
0.1219533179
0.1219533179
0.1276104841
0.1276104841
0.1276104841
0.1276104841
2.125818766
0.8814114211
0.8814114211
1.294212172
0.7722591075
0.7722591075
0.7722591075
0.7722591075
0.7722591075
0.7722591075
1.259504476
1.259504476
1.129490516
1.129490516
1.129490516
1.129490516
1.129490516
1.129490516
1.129490516
1.132210317
1.132210317
1.132210317
0.6554943116
0.6554943116
0.8191692871
0.8191692871
0.8191692871
0.8191692871
0.8191692871
0.8191692871
0.8718338144
0.8718338144
0.8718338144
0.8718338144
0.8718338144
0.8718338144
0.8718338144
0.8718338144
0.8718338144
0.8718338144
1.281119001
1.281119001
1.281119001
1.281119001
1.281119001
0.8173084026
0.8173084026
0.8173084026
0.175018227
0.5502768653
0.5502768653
0.5502768653
1.542649234
1.542649234
1.378124851
1.378124851
1.378124851
1.378124851
1.378124851
1.587800628
1.587800628
1.587800628
1.587800628
1.587800628
1.587800628
0.595976384
0.595976384
0.595976384
0.595976384
0.595976384
0.7979586862
0.7979586862
0.7979586862
0.7979586862
0.7979586862
0.7979586862
1.001049201
1.001049201
1.001049201
0.8690012515
0.8690012515
0.8690012515
0.8690012515
1.244471296
1.16469385
1.16469385
1.16469385
1.16469385
1.16469385
1.16469385
1.16469385
1.16469385
1.16469385
1.16469385
1.16469385
1.541885058
0.8411141246
0.8411141246
0.8411141246
1.507298115
1.507298115
1.507298115
1.095756084
0.7515725461
1.24607073
1.24607073
1.24607073
1.24607073
1.24607073
1.24607073
1.24607073
1.24607073
1.24607073
1.24607073
1.24607073
0.9012328274
0.9012328274
0.9012328274
0.9012328274
0.9012328274
0.9012328274
0.7235129142
0.7235129142
0.7235129142
0.7235129142
0.7235129142
0.7235129142
0.9232333616
0.9232333616
0.9232333616
0.9232333616
0.9232333616
0.9781112976
0.9781112976
0.9781112976
0.9781112976
0.9781112976
0.9781112976
0.9781112976
0.8544758732
1.217976151
1.217976151
1.217976151
1.217976151
1.217976151
1.217976151
0.3819395864
0.3819395864
0.3819395864
0.3819395864
0.3819395864
0.3819395864
0.3819395864
0.3819395864
0.3819395864
1.254369956
1.254369956
1.254369956
1.086114819
1.086114819
1.086114819
1.086114819
1.086114819
1.086114819
1.086114819
1.086114819
1.229332454
1.229332454
1.229332454
1.229332454
1.229332454
1.229332454
0.08885991817
0.08885991817
0.08885991817
0.08885991817
0.08885991817
0.08885991817
0.08885991817
0.08885991817
0.08885991817
0.08885991817
1.06503753
1.06503753
1.238905327
0.8841811065
0.8841811065
1.600772769
1.156019431
1.156019431
1.156019431
1.156019431
1.156019431
1.1099638
1.1099638
1.1099638
1.1099638
1.1099638
1.1099638
1.1099638
1.1099638
1.1099638
0.8339016749
0.8339016749
0.8339016749
0.8339016749
0.05822135797
0.2582080571
0.961042267
0.961042267
0.961042267
0.961042267
0.961042267
0.961042267
0.961042267
0.961042267
0.961042267
0.961042267
1.145468404
1.145468404
1.145468404
1.145468404
1.145468404
0.7385279333
0.7385279333
0.7385279333
0.7385279333
0.7385279333
0.7385279333
0.7385279333
0.7385279333
0.7385279333
0.7385279333
0.7385279333
0.7385279333
0.7385279333
0.7385279333
0.7385279333
0.6859620434
0.6859620434
1.246520485
1.246520485
1.246520485
1.246520485
1.246520485
1.246520485
1.246520485
1.246520485
1.334412118
1.334412118
0.9887237535
0.9887237535
0.9887237535
0.9887237535
0.9887237535
0.9887237535
0.9887237535
0.9633206259
1.756282819
1.756282819
1.756282819
1.756282819
1.756282819
1.756282819
1.246226182
1.246226182
1.246226182
1.246226182
1.246226182
1.246226182
1.246226182
1.246226182
1.246226182
1.246226182
1.246226182
1.246226182
1.246226182
0.9142343527
0.9142343527
0.9142343527
1.399085263
1.399085263
1.399085263
1.399085263
1.383535004
0.7771332631
0.7771332631
0.7771332631
0.7771332631
0.7771332631
0.7771332631
0.7771332631
0.7771332631
0.7771332631
0.8252668251
0.8252668251
0.8252668251
1.230645024
1.230645024
1.230645024
1.230645024
1.230645024
1.230645024
1.230645024
1.230645024
1.230645024
1.230645024
1.230645024
1.539353351
1.539353351
1.539353351
1.539353351
1.539353351
2.487536425
0.8242229861
0.8242229861
0.8242229861
0.8242229861
0.8242229861
0.8242229861
0.8242229861
0.8242229861
0.8242229861
0.9557578337
0.9557578337
0.9557578337
0.9557578337
0.9557578337
0.9557578337
0.9557578337
0.9557578337
0.9557578337
0.9557578337
0.9557578337
0.517404079
0.517404079
0.517404079
0.08254866944
1.277394143
1.277394143
1.277394143
1.277394143
1.277394143
1.277394143
1.277394143
1.277394143
0.3001284249
1.555670837
1.555670837
1.555670837
1.555670837
1.555670837
1.879295104
1.879295104
0.927566882
0.927566882
0.927566882
0.927566882
0.927566882
0.927566882
1.48642816
1.48642816
1.48642816
1.48642816
1.48642816
1.48642816
1.910505628
1.910505628
1.910505628
1.656710101
1.656710101
1.656710101
1.656710101
1.201460151
1.201460151
1.201460151
1.201460151
1.201460151
1.201460151
1.201460151
1.201460151
1.201460151
1.201460151
1.201460151
1.201460151
1.500640842
0.004079565458
0.004079565458
0.004079565458
0.004079565458
0.004079565458
0.004079565458
0.004079565458
0.004079565458
0.004079565458
0.004079565458
0.004079565458
0.004079565458
0.6123163319
0.6123163319
0.6123163319
0.6123163319
0.6123163319
0.6123163319
0.6123163319
0.6123163319
0.3104274098
1.088610625
1.088610625
0.4620102855
0.4620102855
0.4620102855
0.4620102855
1.299304026
1.299304026
1.299304026
1.299304026
1.374136665
1.374136665
1.374136665
1.374136665
1.374136665
1.374136665
1.374136665
1.374136665
1.374136665
1.374136665
1.374136665
0.5161386352
0.5161386352
0.5161386352
0.5161386352
1.231770674
1.231770674
0.2775892265
0.2775892265
0.2775892265
0.2775892265
0.2775892265
0.74747257
0.74747257
0.74747257
0.74747257
0.74747257
0.74747257
0.74747257
0.74747257
0.6365632553
0.6365632553
0.6365632553
1.132202037
1.132202037
1.399544271
1.399544271
1.399544271
1.399544271
1.399544271
1.399544271
1.399544271
1.399544271
1.399544271
1.399544271
1.399544271
1.399544271
1.399544271
0.5366830013
0.6814532602
0.6814532602
0.6814532602
0.6814532602
0.6814532602
1.574624665
1.574624665
1.574624665
1.574624665
1.574624665
1.574624665
1.574624665
1.574624665
1.574624665
1.574624665
1.574624665
1.574624665
1.574624665
0.7812174697
0.7812174697
1.465486377
1.171333827
1.171333827
1.171333827
1.171333827
1.171333827
1.171333827
0.9293478413
0.9293478413
0.9293478413
1.363387659
1.363387659
1.363387659
1.363387659
1.363387659
1.363387659
1.363387659
1.363387659
1.363387659
1.363387659
1.363387659
1.363387659
1.363387659
1.363387659
1.363387659
1.363387659
1.363387659
1.363387659
1.005188668
1.005188668
1.005188668
1.005188668
1.005188668
1.005188668
1.470567202
1.470567202
1.470567202
1.470567202
1.470567202
1.470567202
1.470567202
1.470567202
1.470567202
1.470567202
1.470567202
1.470567202
1.470567202
1.470567202
0.8213640681
0.8213640681
0.8213640681
0.8213640681
0.8213640681
0.8213640681
0.4311888619
0.4311888619
0.7189649556
1.41110633
1.41110633
1.41110633
1.41110633
1.37112033
0.7232740279
0.7232740279
0.7232740279
0.7232740279
0.7232740279
0.7232740279
0.2507448656
0.2507448656
0.2507448656
1.613586504
2.078998989
2.044842821
2.055250354
2.055250354
2.055250354
2.055250354
2.055250354
1.65422945
1.65422945
1.65422945
1.65422945
1.739907822
1.739907822
1.739907822
1.533816639
1.533816639
1.533816639
1.533816639
1.533816639
1.533816639
1.533816639
1.533816639
0.3768074539
0.3768074539
0.3768074539
0.9789422093
0.9789422093
0.9789422093
0.9789422093
0.9789422093
0.9789422093
0.9789422093
1.20505879
1.20505879
1.20505879
1.20505879
1.20505879
1.185547412
1.185547412
0.8496827767
0.8496827767
0.8496827767
0.8496827767
0.8496827767
0.8496827767
0.8908514001
0.8908514001
0.8908514001
0.8908514001
0.9142924313
0.9142924313
0.9142924313
0.9142924313
0.9142924313
1.196640191
1.245062433
1.245062433
0.331542914
0.331542914
0.331542914
1.222980026
1.261461656
1.261461656
1.261461656
1.261461656
1.261461656
1.261461656
1.078680004
1.583740836
1.583740836
1.583740836
0.6154383515
0.6154383515
0.854953287
0.854953287
0.8179448661
0.8179448661
0.8179448661
0.9957110825
0.9957110825
0.9957110825
0.9957110825
0.9957110825
0.9957110825
0.9957110825
-0.1126628762
0.6651186722
0.6651186722
0.6651186722
0.6651186722
0.170890182
1.757735373
1.562642251
2.255430521
2.255430521
2.255430521
2.255430521
2.255430521
2.208005432
2.208005432
2.208005432
2.208005432
1.451963873
1.451963873
1.451963873
1.451963873
0.2835839877
0.2835839877
0.3751329406
1.033626755
1.033626755
1.033626755
1.033626755
1.033626755
1.033626755
1.033626755
0.439327639
0.5133757321
1.15080767
1.409800305
0.4215966074
0.4215966074
2.134318737
1.839389331
1.839389331
1.839389331
0.7537375982
0.7537375982
0.7537375982
0.7537375982
0.7537375982
0.7537375982
0.7537375982
0.7537375982
0.7537375982
0.7537375982
0.7537375982
0.7537375982
0.7537375982
0.7537375982
0.7537375982
0.8069526562
0.8069526562
0.8069526562
0.8069526562
0.8069526562
0.8069526562
0.8069526562
0.8069526562
0.8069526562
0.8069526562
0.8069526562
0.8069526562
0.8069526562
0.8069526562
1.303709382
1.303709382
1.303709382
1.303709382
1.047616638
1.047616638
1.18466629
1.18466629
1.18466629
1.886395337
1.48107247
1.48107247
1.48107247
0.3696283189
0.3696283189
0.3696283189
0.3696283189
1.352000614
2.346756712
2.346756712
2.346756712
0.8097955103
0.8097955103
0.8097955103
0.8097955103
2.008434893
2.008434893
2.008434893
2.008434893
2.008434893
1.054485582
1.054485582
1.287519448
1.287519448
1.287519448
1.287519448
1.744177907
1.744177907
1.744177907
1.744177907
1.744177907
1.744177907
1.379581253
1.379581253
1.379581253
0.9116406443
0.9116406443
0.9116406443
0.9116406443
0.9470062199
0.9470062199
0.9470062199
0.9470062199
0.9470062199
0.9470062199
0.9470062199
0.9470062199
0.9470062199
0.8821246779
0.8428426479
0.8428426479
0.8428426479
0.8428426479
0.8428426479
0.7713095055
0.7713095055
0.7713095055
0.7713095055
0.7713095055
0.917973127
0.917973127
0.917973127
0.917973127
0.917973127
0.917973127
0.1417960918
-0.07234625184
-0.07234625184
1.708697406
0.2049764374
0.2049764374
0.2049764374
0.2049764374
0.2049764374
0.2049764374
0.4593678636
0.4593678636
0.6795057118
0.6795057118
0.6795057118
0.6795057118
1.499588491
1.499588491
1.499588491
1.499588491
1.499588491
1.499588491
1.615708905
1.615708905
0.5090971878
0.5090971878
0.5090971878
0.1128564899
0.5520873359
0.3464505799
0.3981505248
0.3981505248
0.3981505248
0.3981505248
0.3981505248
0.3981505248
0.3981505248
1.090320916
1.090320916
1.281505555
1.281505555
1.281505555
1.281505555
1.281505555
1.281505555
1.235403116
1.235403116
1.235403116
1.588567014
2.033074834
2.033074834
-0.1847962762
-0.1847962762
1.141600761
1.141600761
1.141600761
1.141600761
1.141600761
1.141600761
1.141600761
0.9050303502
0.9050303502
0.9050303502
0.9050303502
0.9050303502
0.9050303502
0.9050303502
0.9050303502
0.9050303502
0.9050303502
0.8525323032
0.5864985392
0.6496805226
0.6496805226
1.264022867
1.264022867
1.264022867
1.264022867
1.264022867
1.264022867
1.264022867
1.264022867
1.264022867
1.264022867
1.088724919
1.088724919
1.243972802
1.243972802
0.5383976584
0.5383976584
0.5383976584
0.5383976584
2.129951468
2.129951468
2.129951468
1.989157865
1.989157865
1.989157865
0.4591719688
2.27238343
2.27238343
2.045327241
2.045327241
2.045327241
2.045327241
2.045327241
2.045327241
1.607441163
1.607441163
1.552800968
1.552800968
1.552800968
0.4106440323
0.4106440323
0.4106440323
1.734547566
1.734547566
0.3516463754
0.3516463754
0.3516463754
0.3516463754
0.3516463754
0.3516463754
0.3516463754
0.3516463754
1.155137317
1.155137317
1.155137317
1.155137317
1.155137317
1.155137317
1.155137317
1.155137317
1.155137317
1.155137317
2.077470686
0.08419752154
0.08419752154
0.4590656691
2.082471826
0.1265342492
0.1265342492
0.1265342492
0.3648749921
0.3648749921
0.3648749921
0.3648749921
0.3648749921
1.627763783
1.627763783
1.627763783
1.627763783
1.627763783
1.627763783
1.610360725
1.610360725
1.610360725
1.610360725
1.357751079
0.7146847365
0.7146847365
0.7146847365
0.6815119651
0.6815119651
0.6815119651
0.9644123374
0.9644123374
0.9644123374
0.9644123374
0.9644123374
0.9644123374
0.9644123374
1.189387869
1.189387869
1.189387869
1.189387869
1.189387869
1.771765841
1.771765841
1.771765841
0.1951623398
1.056421161
1.056421161
1.056421161
1.056421161
1.056421161
0.5848498782
0.5848498782
0.5848498782
0.7816947179
0.7816947179
0.7816947179
0.7816947179
0.7816947179
0.7816947179
0.7816947179
0.7816947179
0.7816947179
0.7816947179
0.7816947179
0.7816947179
0.7816947179
0.7816947179
0.7816947179
0.7816947179
0.7816947179
0.7816947179
0.7816947179
0.7816947179
0.7816947179
0.7816947179
0.7816947179
0.7816947179
0.7816947179
0.7816947179
0.7816947179
0.7816947179
0.7816947179
0.7816947179
0.7816947179
0.7816947179
0.7816947179
0.7816947179
0.7626100805
0.7626100805
0.7626100805
0.7626100805
0.7626100805
1.479837368
1.479837368
1.479837368
1.479837368
1.479837368
1.620477797
0.7419133145
0.7419133145
0.7419133145
0.7419133145
0.5575881223
0.5575881223
1.691930634
1.691930634
0.7209243513
0.7209243513
0.7209243513
0.7209243513
1.322989308
1.322989308
1.322989308
0.6959482635
0.6959482635
0.6959482635
1.288469202
1.288469202
1.288469202
1.288469202
1.288469202
1.288469202
1.288469202
1.288469202
1.288469202
0.5004224397
1.321516112
1.321516112
1.321516112
1.321516112
1.321516112
1.321516112
1.321516112
1.321516112
1.321516112
1.321516112
1.321516112
1.321516112
1.508327329
1.508327329
1.508327329
1.508327329
1.508327329
1.508327329
1.508327329
1.508327329
1.508327329
1.508327329
0.3389683023
0.3389683023
0.8837290181
0.6359867087
0.6359867087
0.6359867087
0.6359867087
0.6359867087
0.6359867087
0.6359867087
0.6359867087
0.6359867087
1.141976385
1.141976385
1.787569954
1.787569954
1.787569954
1.787569954
1.011378894
1.011378894
0.1299359548
0.1299359548
0.1299359548
0.1299359548
0.1299359548
0.1299359548
0.1299359548
0.1299359548
0.1299359548
0.4115272252
0.9978535447
0.9978535447
0.9978535447
0.9978535447
0.9470064287
0.9470064287
0.9470064287
0.5431746985
0.5431746985
0.5431746985
0.5431746985
0.5961901544
0.5961901544
0.5961901544
0.5961901544
0.5961901544
0.5961901544
0.5961901544
0.5961901544
0.6202400228
0.6202400228
0.6202400228
0.6202400228
0.2537537489
0.2537537489
0.2537537489
0.2537537489
0.2537537489
0.2537537489
0.2537537489
0.2537537489
1.712899531
1.64902614
0.9232056026
1.510863276
1.510863276
1.510863276
1.510863276
1.510863276
1.510863276
1.510863276
1.510863276
1.510863276
0.5266635574
0.5266635574
0.8213597701
0.8213597701
0.8213597701
0.8213597701
0.8213597701
0.8213597701
0.8213597701
0.8213597701
0.8213597701
0.8213597701
0.8213597701
0.8213597701
0.8213597701
0.8120367671
0.8120367671
0.8120367671
0.8120367671
1.76977967
1.76977967
0.2066952379
0.2066952379
1.019281558
1.019281558
1.019281558
0.4082792605
0.03347716318
0.03347716318
-0.2268002901
-0.2268002901
-0.2268002901
-0.2268002901
-0.2268002901
-0.2268002901
0.04193133175
0.04193133175
0.5761477232
0.5761477232
0.5761477232
0.5761477232
0.5761477232
0.5761477232
0.5761477232
0.5761477232
0.968674481
0.968674481
0.968674481
0.968674481
0.968674481
1.164005935
1.164005935
1.164005935
1.164005935
1.164005935
1.164005935
1.164005935
1.371823754
1.371823754
1.371823754
1.371823754
1.371823754
0.7354772079
0.7354772079
0.7354772079
0.7354772079
0.7354772079
1.400941569
1.400941569
1.400941569
1.400941569
1.400941569
1.268553091
1.268553091
1.268553091
1.268553091
1.562916708
1.562916708
1.562916708
1.562916708
1.562916708
1.562916708
0.7224614876
0.9715040557
0.9715040557
0.9715040557
0.6893408894
0.6893408894
0.6893408894
0.6893408894
0.6893408894
0.6893408894
0.6893408894
0.6893408894
0.3167622321
1.417086923
1.417086923
1.417086923
1.417086923
0.8476152025
0.8476152025
0.8476152025
0.8476152025
0.05847630475
1.100572838
1.100572838
1.100572838
1.100572838
1.100572838
1.100572838
1.100572838
1.100572838
2.192603324
2.192603324
2.192603324
2.192603324
-0.07525648237
0.6509388772
0.6509388772
0.6509388772
0.6509388772
0.6509388772
0.6509388772
0.6509388772
1.338626594
1.338626594
1.338626594
1.338626594
1.338626594
1.338626594
1.338626594
1.338626594
1.338626594
1.338626594
1.338626594
-0.02179894206
-0.02179894206
-0.02179894206
2.133550888
2.133550888
2.133550888
1.530057148
1.530057148
1.530057148
1.388443279
1.388443279
1.388443279
1.388443279
1.388443279
1.388443279
1.458422184
-0.07923391574
-0.07923391574
-0.07923391574
0.4310510264
0.4310510264
0.4310510264
0.4310510264
1.638256741
1.638256741
-0.4455891341
-0.4455891341
-0.1864348603
-0.2000744437
0.1389487414
0.1389487414
0.1389487414
0.1389487414
0.7895544085
1.36539123
1.36539123
0.6848311578
0.6848311578
0.6848311578
0.6848311578
0.6848311578
1.193151909
1.193151909
1.193151909
1.193151909
1.193151909
1.193151909
1.193151909
1.193151909
1.193151909
1.193151909
1.193151909
1.193151909
1.193151909
1.193151909
1.193151909
1.193151909
1.379822964
1.379822964
1.878489122
1.878489122
1.878489122
0.8498078575
0.8498078575
0.5845044214
0.5845044214
1.918755843
1.918755843
1.918755843
1.918755843
1.918755843
1.918755843
1.918755843
0.7901425572
0.9030327481
0.9030327481
0.9030327481
0.9030327481
0.9030327481
0.9030327481
0.9030327481
0.9030327481
0.9030327481
0.9030327481
0.9030327481
0.5996760703
1.237544508
1.237544508
1.237544508
1.237544508
1.237544508
0.3183250585
0.3183250585
0.3183250585
0.3183250585
0.3183250585
0.3183250585
0.9074817686
1.009093636
1.009093636
1.009093636
1.009093636
1.009093636
1.009093636
1.009093636
1.009093636
1.009093636
0.4997364646
1.117987563
1.117987563
1.117987563
1.117987563
1.117987563
1.117987563
1.117987563
1.117987563
1.117987563
1.073503521
1.073503521
1.653627394
1.653627394
1.653627394
1.653627394
1.653627394
1.671571484
1.671571484
1.671571484
1.624508275
1.624508275
1.624508275
1.624508275
0.9106556389
0.9106556389
0.9952599178
0.9952599178
0.9952599178
0.9952599178
0.9952599178
0.9952599178
1.072760203
1.072760203
1.072760203
0.8202821937
0.8202821937
0.8120925867
0.8120925867
0.8120925867
0.8120925867
2.108404594
1.766861761
1.766861761
1.183415078
1.183415078
1.183415078
1.238950863
1.238950863
1.238950863
1.238950863
0.9634219274
0.9634219274
-0.04219004608
-0.04219004608
-0.04219004608
1.903257084
1.039837966
1.039837966
1.039837966
1.447485627
0.8387615947
0.8387615947
0.9035992701
0.9035992701
0.9035992701
0.9035992701
0.9035992701
0.9035992701
0.9035992701
0.9035992701
0.9035992701
0.9035992701
0.9035992701
0.9035992701
1.91377956
1.91377956
1.91377956
1.91377956
0.01258718571
1.387683823
1.387683823
1.058740371
1.058740371
1.058740371
1.058740371
1.058740371
1.058740371
1.058740371
1.058740371
-0.1155846552
-0.1155846552
1.703700512
1.703700512
1.703700512
1.703700512
0.3671927809
0.3671927809
0.06623277323
0.2474858424
0.2474858424
0.2474858424
0.2474858424
0.2474858424
1.273965935
1.273965935
1.273965935
0.9415234812
0.9415234812
0.1654363965
0.1654363965
0.1654363965
0.1654363965
0.1654363965
0.1654363965
1.308422108
1.308422108
1.308422108
1.308422108
1.308422108
1.308422108
1.308422108
1.308422108
1.308422108
1.308422108
1.308422108
1.308422108
1.308422108
1.308422108
1.308422108
0.3330273094
0.3330273094
0.3330273094
0.3330273094
0.3330273094
0.3330273094
0.3330273094
0.3330273094
1.504630293
1.365784929
0.7009522519
0.7009522519
2.170799739
2.170799739
2.170799739
2.426011183
2.426011183
0.5480125046
0.5480125046
0.5480125046
0.5480125046
0.5480125046
0.5480125046
0.5480125046
0.5480125046
1.988423515
1.988423515
1.988423515
1.988423515
1.988423515
1.988423515
1.776853619
1.776853619
1.776853619
0.08166857863
0.08166857863
1.973445324
1.973445324
1.973445324
-0.02078185658
-0.02078185658
-0.02078185658
-0.02078185658
-0.02078185658
-0.02078185658
-0.02078185658
-0.02078185658
-0.02078185658
-0.02078185658
2.017830808
2.017830808
2.017830808
0.9386110379
0.9386110379
0.9386110379
0.9386110379
0.6348323962
0.6348323962
0.6348323962
0.6348323962
0.6348323962
0.6348323962
0.6348323962
0.6348323962
0.2868140375
0.2868140375
1.444764289
1.444764289
1.444764289
0.6632906825
0.6632906825
0.6632906825
0.6632906825
1.035488923
1.499306181
1.499306181
1.499306181
1.499306181
0.6548197106
0.6548197106
0.6548197106
0.8990003386
0.8990003386
0.8990003386
0.8990003386
0.8990003386
0.8990003386
0.8990003386
0.8990003386
0.8990003386
0.8990003386
0.8990003386
0.8990003386
0.8990003386
0.8990003386
0.8990003386
0.8990003386
0.8990003386
0.8990003386
0.8990003386
0.8990003386
0.8990003386
0.8990003386
0.8990003386
0.5548404477
0.5548404477
0.5548404477
0.5548404477
0.5548404477
0.5548404477
0.5548404477
0.5548404477
0.5548404477
0.5548404477
0.5548404477
0.5548404477
0.5548404477
0.5548404477
0.5548404477
1.655974465
1.655974465
1.655974465
1.655974465
1.655974465
1.655974465
0.8430616332
0.8430616332
0.8430616332
1.263323956
0.3222263046
0.5612948931
0.8676690659
0.8676690659
0.8676690659
0.8676690659
0.8676690659
1.517708805
1.517708805
1.517708805
1.517708805
1.517708805
1.517708805
1.517708805
1.517708805
1.517708805
1.517708805
1.517708805
1.517708805
1.517708805
1.517708805
1.517708805
1.517708805
1.517708805
1.517708805
1.517708805
1.435201001
1.435201001
1.481915323
1.481915323
1.481915323
1.481915323
1.481915323
1.481915323
1.21823737
1.21823737
1.21823737
1.21823737
0.176660701
0.176660701
0.8138372362
0.8138372362
0.8138372362
0.8138372362
0.8138372362
1.092852846
1.092852846
1.092852846
1.092852846
1.092852846
0.9739312248
0.9739312248
0.9739312248
1.984832629
1.984832629
1.984832629
1.984832629
1.984832629
0.7384943786
0.7384943786
1.788256041
1.788256041
1.788256041
1.788256041
1.788256041
1.788256041
1.788256041
1.885395939
0.09957348162
0.1181507011
0.1181507011
0.1181507011
2.46809098
2.46809098
2.46809098
2.46809098
2.46809098
2.46809098
2.46809098
2.46809098
-0.5511612579
-0.1050931086
-0.1050931086
-0.1266280779
-0.0442519706
1.794849307
1.794849307
1.794849307
1.794849307
1.794849307
1.794849307
0.8112350383
0.8112350383
0.8112350383
0.8112350383
0.8112350383
0.8112350383
0.8112350383
0.8112350383
0.8112350383
1.826765219
1.826765219
1.714301589
1.714301589
0.4206759543
0.4206759543
0.9291995795
0.9291995795
0.9291995795
0.9291995795
0.9291995795
0.9291995795
0.9291995795
0.9291995795
0.9291995795
0.9291995795
0.9291995795
0.9291995795
0.9291995795
0.9291995795
0.9291995795
0.9291995795
0.9291995795
0.9291995795
0.9291995795
0.9291995795
0.9291995795
0.9291995795
1.858052989
1.858052989
1.858052989
0.7634766902
0.7634766902
0.7634766902
0.7634766902
0.7634766902
0.7634766902
0.7634766902
0.5500209261
0.5500209261
0.5500209261
0.5500209261
0.5500209261
0.5500209261
0.5500209261
0.5500209261
0.5500209261
1.022160812
1.022160812
0.9832188231
0.9832188231
0.9832188231
0.9832188231
0.5363425539
0.5363425539
0.5363425539
0.5363425539
1.331901432
1.331901432
0.738320926
0.738320926
0.738320926
0.738320926
0.738320926
0.738320926
0.738320926
0.738320926
0.04543377304
0.04543377304
0.04543377304
0.1184729691
0.3789306292
0.3789306292
0.3789306292
0.4012275552
1.160149083
1.160149083
1.296483751
1.296483751
1.296483751
1.296483751
1.296483751
1.296483751
1.296483751
1.296483751
1.296483751
1.296483751
1.296483751
1.296483751
1.134321374
1.134321374
1.134321374
1.134321374
1.134321374
1.134321374
1.134321374
1.134321374
1.134321374
1.134321374
1.134321374
1.134321374
1.134321374
1.134321374
1.134321374
1.134321374
1.134321374
1.166160665
1.166160665
1.166160665
1.166160665
1.166160665
1.166160665
1.166160665
1.166160665
1.041250549
1.041250549
1.041250549
1.041250549
1.041250549
1.041250549
1.041250549
0.4937413756
1.95706397
1.152422891
1.152422891
1.152422891
1.152422891
1.152422891
1.152422891
0.2543392654
0.01005369649
0.01005369649
0.01005369649
0.01005369649
0.01005369649
-0.03986195357
-0.03986195357
-0.03986195357
1.692793465
1.692793465
1.547862843
1.547862843
1.547862843
1.547862843
1.547862843
1.547862843
1.547862843
1.547862843
1.547862843
1.547862843
1.547862843
1.547862843
0.2249501319
0.2249501319
0.2249501319
0.2249501319
0.2342389171
0.1944505103
0.1944505103
0.1944505103
0.1944505103
0.8541595532
0.8541595532
0.4230523107
0.2102703317
0.2102703317
0.2102703317
0.2102703317
0.2102703317
0.2102703317
0.2102703317
0.2102703317
0.2102703317
0.2102703317
0.2102703317
0.2102703317
0.2102703317
0.2670628901
0.2670628901
0.2670628901
0.2552125991
0.2552125991
0.2552125991
-0.02567685823
-0.02567685823
-0.02567685823
-0.02567685823
1.453163829
1.453163829
1.453163829
1.453163829
1.128409802
1.128409802
1.128409802
1.128409802
1.128409802
1.128409802
1.128409802
1.128409802
1.128409802
1.128409802
1.128409802
1.262951788
1.262951788
1.262951788
1.262951788
1.262951788
1.443341931
1.443341931
-0.1774916634
-0.1774916634
-0.1774916634
-0.1774916634
-0.1774916634
-0.1774916634
-0.1774916634
-0.1774916634
-0.1774916634
-0.1774916634
-0.1774916634
-0.1774916634
0.3466722085
0.3466722085
0.3466722085
1.967680358
1.967680358
-0.09924861497
0.0375807173
0.9279314577
0.9279314577
0.9279314577
0.9279314577
0.9279314577
0.9279314577
0.9279314577
0.9279314577
0.9279314577
0.9279314577
0.5850144023
1.316569846
1.316569846
1.316569846
1.316569846
1.316569846
1.316569846
0.6978298
1.038903672
1.038903672
1.038903672
1.452767258
0.4426917636
0.4426917636
0.4426917636
0.4426917636
0.4426917636
0.4426917636
0.4426917636
0.4426917636
0.4426917636
0.4426917636
0.4426917636
0.4426917636
0.4426917636
0.8722801915
0.8722801915
0.8722801915
0.8722801915
0.8722801915
0.8722801915
0.147502735
0.9283959289
0.9283959289
0.9283959289
0.9283959289
0.9283959289
0.9283959289
0.9283959289
0.9283959289
0.9283959289
0.9283959289
0.9283959289
0.9283959289
0.9283959289
0.9283959289
0.895712559
0.895712559
1.277639772
1.898980771
1.898980771
1.898980771
0.5250375125
0.5250375125
0.5250375125
0.5250375125
0.5250375125
0.5250375125
0.5250375125
0.5250375125
0.5250375125
0.5250375125
0.5250375125
1.352326851
1.352326851
0.9286534837
0.9286534837
0.9286534837
0.9286534837
0.5798436183
0.9840005017
1.674181912
1.674181912
1.674181912
1.674181912
1.674181912
1.674181912
0.7674756608
0.8493061508
0.8493061508
0.8064929485
0.8064929485
1.594827553
1.594827553
2.116482051
2.116482051
1.576844981
1.576844981
1.576844981
1.863062752
1.863062752
1.863062752
1.863062752
1.863062752
1.863062752
1.863062752
1.863062752
1.863062752
1.863062752
1.863062752
1.863062752
1.248927596
1.248927596
1.248927596
1.248927596
1.248927596
1.248927596
1.112933997
0.7990822287
0.7990822287
0.7990822287
0.7990822287
0.3839400146
0.3839400146
0.3839400146
0.3839400146
0.3839400146
0.3839400146
1.541717204
1.541717204
1.541717204
1.541717204
0.8953098009
0.8953098009
0.8953098009
0.2437676123
2.364705875
2.364705875
2.364705875
2.364705875
2.364705875
1.759210325
1.263919373
1.263919373
1.263919373
1.294568635
1.294568635
1.294568635
1.294568635
1.294568635
1.240078595
1.240078595
1.040913027
1.040913027
1.346560478
1.346560478
1.346560478
1.346560478
1.044156925
1.044156925
1.044156925
1.044156925
1.044156925
1.044156925
1.044156925
1.005045528
1.005045528
1.005045528
1.005045528
1.364830834
1.321760706
0.1070445665
0.1070445665
0.1070445665
0.1070445665
1.165635899
0.4285720592
0.4285720592
0.4285720592
0.4285720592
0.4285720592
0.4285720592
1.178474434
1.178474434
1.460553034
1.460553034
1.119395366
1.119395366
1.119395366
1.119395366
1.119395366
1.119395366
1.119395366
1.119395366
1.119395366
1.119395366
1.119395366
0.4079459281
0.4079459281
0.4079459281
0.4079459281
0.4079459281
0.4079459281
0.4079459281
0.4079459281
0.4079459281
0.4079459281
0.9079550926
0.9079550926
1.182708403
1.182708403
0.8584779555
0.8584779555
0.8584779555
0.8584779555
1.03383412
1.03383412
1.03383412
0.8977021105
1.163430035
1.163430035
1.163430035
0.6468453439
0.6468453439
0.6468453439
0.6468453439
0.6468453439
0.6468453439
0.6468453439
0.6468453439
0.6468453439
0.6468453439
0.9467690746
0.9467690746
0.9467690746
0.9467690746
0.7943069383
0.7943069383
0.7943069383
0.7943069383
0.7943069383
0.7943069383
0.7943069383
0.2526724622
0.9349009634
0.9349009634
0.9349009634
0.9349009634
0.9349009634
0.9349009634
0.9856625493
0.9856625493
0.9856625493
0.9856625493
0.8596175476
0.8596175476
0.8596175476
0.8911472863
0.8911472863
0.8911472863
0.8911472863
0.8911472863
0.8911472863
0.769532555
1.291122134
1.291122134
1.291122134
1.291122134
1.291122134
0.09655056044
0.09655056044
0.09655056044
0.09655056044
0.09655056044
0.09655056044
0.09655056044
1.687886803
1.687886803
1.687886803
1.687886803
1.687886803
0.3194921414
0.3194921414
1.415033858
1.415033858
1.257163161
1.257163161
1.257163161
1.257163161
1.257163161
0.8509934685
0.8509934685
0.8509934685
0.8509934685
0.8509934685
0.8509934685
0.8509934685
0.8509934685
0.8509934685
0.8509934685
0.8509934685
0.8509934685
0.8509934685
0.8510625075
1.208448115
1.208448115
1.208448115
1.276383319
1.276383319
0.6246051525
0.8500880858
0.8500880858
1.596304402
1.596304402
2.264627426
1.193317506
0.7576552859
0.7576552859
0.7576552859
0.7576552859
0.7576552859
0.7576552859
0.7576552859
0.7576552859
0.7576552859
0.7576552859
0.7576552859
0.7576552859
1.005028576
1.005028576
0.9685616935
0.9685616935
0.9685616935
0.9685616935
0.9685616935
0.9685616935
0.9685616935
0.7053406179
0.7053406179
0.4712717236
0.4712717236
0.4712717236
0.4712717236
0.5259615929
0.846051181
0.4152065536
1.268796651
1.268796651
1.268796651
1.268796651
1.268796651
1.268796651
0.8822328403
0.8822328403
0.2750295231
0.2750295231
0.1789646064
0.1789646064
0.1789646064
1.074743678
1.074743678
1.074743678
1.074743678
0.8846516501
0.8846516501
0.8326324126
0.8326324126
0.8326324126
0.8326324126
0.8326324126
0.8326324126
0.8326324126
0.8326324126
0.8326324126
0.8326324126
0.8326324126
0.8326324126
0.8326324126
1.157013324
1.157013324
1.157013324
1.157013324
1.157013324
0.6005873859
0.6005873859
1.679304051
1.679304051
0.6224337499
0.6345210943
0.6345210943
0.6345210943
0.6345210943
0.6345210943
0.6345210943
0.6345210943
0.6345210943
0.09819147056
0.09819147056
0.09819147056
0.7397550327
2.152809546
2.152809546
2.152809546
1.0205982
1.0205982
1.0205982
1.0205982
1.0205982
1.0205982
1.0205982
1.0205982
1.0205982
1.0205982
1.0205982
1.0205982
1.0205982
1.0205982
1.0205982
1.0205982
1.493708004
1.493708004
1.493708004
1.493708004
1.493708004
0.6960509597
0.6960509597
0.6960509597
0.6960509597
0.6960509597
0.6960509597
0.6960509597
0.6960509597
0.6960509597
0.6960509597
0.6960509597
0.6960509597
0.6960509597
0.3373724935
0.3373724935
0.3373724935
1.473134922
1.013016538
1.013016538
1.013016538
1.013016538
1.013016538
1.013016538
0.9094047624
0.9094047624
0.9094047624
1.219692265
1.219692265
1.219692265
1.219692265
1.042236141
1.042236141
1.042236141
1.042236141
1.042236141
1.042236141
0.8122249897
0.8122249897
0.8122249897
0.8122249897
0.8122249897
0.8122249897
0.8122249897
1.667418197
1.667418197
1.667418197
0.08978487699
0.9630421288
0.9630421288
0.9630421288
0.9630421288
0.9630421288
0.9630421288
0.9630421288
0.9630421288
0.9630421288
0.9630421288
0.5703623693
0.5703623693
0.5703623693
1.697356897
1.697356897
1.403047777
1.403047777
1.403047777
1.403047777
1.403047777
1.403047777
1.403047777
1.403047777
1.403047777
1.403047777
0.8326554682
0.8326554682
0.8326554682
0.8326554682
0.8326554682
0.8326554682
0.8269938469
0.8269938469
0.8269938469
0.8269938469
0.8269938469
0.8269938469
1.032735404
1.032735404
1.032735404
1.032735404
1.587839451
0.3856055297
0.3856055297
0.3856055297
0.3856055297
0.3856055297
0.3856055297
0.3856055297
0.3856055297
0.6241117569
0.6241117569
0.6241117569
0.6241117569
0.6241117569
0.5624416811
0.4220232008
0.4220232008
0.4220232008
0.4220232008
0.4220232008
0.7440361232
0.7440361232
0.7440361232
0.7440361232
0.7440361232
0.7440361232
0.7440361232
1.451607432
1.451607432
1.451607432
1.495979556
0.369738591
0.369738591
0.369738591
0.369738591
0.369738591
0.369738591
0.02446042491
0.4169214584
0.4514255376
0.4514255376
0.4514255376
0.4514255376
0.4514255376
0.4514255376
1.260535857
1.260535857
1.260535857
1.260535857
1.260535857
1.260535857
1.129228866
1.129228866
1.129228866
0.8529476856
0.8529476856
0.8529476856
0.8529476856
0.8529476856
0.8529476856
1.230288287
1.230288287
1.230288287
1.230288287
0.3685783451
0.3685783451
0.3685783451
0.3685783451
0.3685783451
1.546273943
1.546273943
1.546273943
1.546273943
1.546273943
1.546273943
1.041240186
1.041240186
1.076586961
1.076586961
1.076586961
1.076586961
1.831387846
1.831387846
1.831491996
1.831491996
1.831491996
1.831491996
1.591127856
1.591127856
1.591127856
1.591127856
1.591127856
1.071164568
1.071164568
1.071164568
1.071164568
1.058271763
1.058271763
1.058271763
1.058271763
1.058271763
1.058271763
1.370649666
1.370649666
0.690685151
1.270265825
1.270265825
1.270265825
1.270265825
0.5032671789
0.5032671789
0.5032671789
0.5032671789
0.5032671789
1.182055291
1.182055291
1.182055291
1.182055291
1.182055291
1.182055291
1.182055291
1.182055291
1.182055291
1.182055291
1.182055291
1.182055291
1.182055291
1.182055291
1.182055291
1.182055291
1.182055291
1.182055291
1.182055291
1.182055291
1.182055291
1.182055291
1.182055291
1.182055291
1.182055291
1.182055291
1.182055291
1.182055291
1.182055291
1.182055291
1.182055291
1.182055291
1.182055291
1.182055291
1.182055291
1.182055291
1.182055291
1.132808294
1.132808294
1.132808294
1.132808294
1.132808294
1.132808294
1.132808294
0.7994114602
0.7994114602
0.7994114602
0.7994114602
0.4641106699
0.4379037571
0.4379037571
0.4379037571
0.4379037571
0.4676448243
0.4676448243
0.4676448243
0.4676448243
0.4676448243
0.4676448243
0.8084783155
0.8084783155
0.8084783155
0.8084783155
0.8084783155
0.1324563741
0.1324563741
0.1324563741
0.1324563741
1.429661937
0.1303245876
0.1303245876
0.1303245876
0.1303245876
0.1303245876
0.6857120472
0.6857120472
0.6857120472
0.6857120472
0.6857120472
0.6857120472
0.6857120472
1.441530607
1.441530607
1.441530607
1.441530607
1.441530607
0.747666644
0.747666644
0.747666644
0.9488856717
0.9488856717
1.198556481
1.198556481
1.198556481
1.2745476
1.2745476
1.2745476
1.2745476
1.2745476
1.247344485
1.247344485
1.247344485
1.247344485
1.203049155
1.203049155
1.203049155
1.203049155
1.203049155
1.203049155
1.203049155
1.203049155
1.203049155
1.203049155
1.203049155
1.203049155
0.4283905227
0.4283905227
0.4283905227
0.4283905227
0.4283905227
1.133583618
1.133583618
1.133583618
1.133583618
1.133583618
1.133583618
1.133583618
1.133583618
1.133583618
1.133583618
1.133583618
1.141722172
1.842503306
1.842503306
1.842503306
0.7607503219
0.7607503219
0.7607503219
0.7607503219
1.649421026
1.649421026
1.649421026
1.506187864
1.506187864
1.506187864
1.506187864
1.506187864
1.506187864
1.506187864
0.9200128184
0.9200128184
0.9200128184
1.436747696
1.436747696
1.431637831
0.3450708232
0.7362428065
0.7362428065
0.7362428065
1.299249222
1.299249222
1.299249222
0.6958519893
0.156188202
0.156188202
0.156188202
0.156188202
0.156188202
0.156188202
0.156188202
0.156188202
0.156188202
0.156188202
0.156188202
0.156188202
0.156188202
0.156188202
0.156188202
0.3868664649
0.3868664649
0.3868664649
0.3868664649
0.3868664649
0.3868664649
0.3868664649
0.3868664649
0.01500480123
0.01500480123
0.01500480123
1.029969143
1.029969143
1.029969143
1.029969143
1.029969143
1.029969143
1.192745146
1.601426136
1.601426136
1.420104418
1.420104418
1.420104418
1.420104418
1.420104418
1.420104418
1.420104418
1.420104418
1.420104418
0.3403132319
0.3403132319
0.9057385286
0.9057385286
0.9057385286
0.9057385286
0.9057385286
0.9057385286
0.9057385286
0.9057385286
1.499569777
1.499569777
0.5896512331
0.06852341255
0.06852341255
0.06852341255
0.06852341255
1.327766368
0.49485116
0.49485116
0.49485116
0.49485116
0.69178621
0.69178621
0.69178621
0.69178621
0.69178621
0.5508376445
0.5508376445
0.5508376445
0.5508376445
0.5508376445
0.5508376445
0.5508376445
1.656667017
1.656667017
1.842596872
1.842596872
1.842596872
1.842596872
1.842596872
1.842596872
1.127948217
1.127948217
1.127948217
1.127948217
1.127948217
1.127948217
-0.0868019886
-0.0868019886
-0.0868019886
-0.0868019886
-0.0868019886
-0.0868019886
-0.0868019886
0.4283694275
0.4283694275
1.135213283
1.135213283
1.08796286
1.08796286
1.08796286
1.08796286
1.08796286
1.08796286
1.08796286
1.08796286
1.278423089
0.8348523534
0.8348523534
0.1969035222
2.075182333
0.5947429229
0.5947429229
0.5947429229
0.5947429229
0.5947429229
0.7023726796
0.7023726796
-0.01558524553
-0.01558524553
-0.01558524553
-0.01558524553
-0.1995380086
-0.1708209829
2.045974764
2.045974764
2.045974764
2.045974764
2.045974764
2.045974764
2.168880848
2.168880848
1.335651835
1.335651835
1.335651835
1.335651835
1.335651835
1.335651835
1.335651835
1.400301219
1.502163559
0.8416293894
0.6735963158
0.6735963158
0.6735963158
0.6735963158
0.6735963158
0.6735963158
0.7280667613
0.7280667613
0.7280667613
0.7280667613
0.7280667613
0.7280667613
0.7280667613
0.7280667613
0.7280667613
0.7571464514
0.7571464514
0.7571464514
0.7571464514
2.107518053
2.107518053
1.33300917
1.33300917
1.33300917
1.269273201
0.7510509063
0.7510509063
0.7510509063
0.7510509063
0.7510509063
0.7510509063
0.7510509063
2.477886122
0.9414388383
0.9414388383
0.1766902659
0.1766902659
1.279740851
1.279740851
1.279740851
1.279740851
1.279740851
1.279740851
1.279740851
1.279740851
0.9703524207
0.9703524207
1.192827256
1.192827256
1.192827256
1.192827256
1.192827256
1.192827256
1.313921872
0.5511293014
0.5511293014
0.5511293014
0.5511293014
1.363517794
1.363517794
1.363517794
1.363517794
1.363517794
1.363517794
1.052396948
1.052396948
1.052396948
1.052396948
1.290299305
1.290299305
2.072881388
1.169643577
1.169643577
1.169643577
1.169643577
1.169643577
1.169643577
1.169643577
1.169643577
1.169643577
1.169643577
1.169643577
1.169643577
1.169643577
1.169643577
1.169643577
1.169643577
1.454664845
1.454664845
1.454664845
1.294450549
1.294450549
1.294450549
1.294450549
1.609254927
1.609254927
1.609254927
1.609254927
1.609254927
1.609254927
1.609254927
1.572085888
1.572085888
1.572085888
1.572085888
1.572085888
1.572085888
1.572085888
1.830679285
1.830679285
1.830679285
1.830679285
1.830679285
1.830679285
1.830679285
0.6054154609
0.6054154609
0.6054154609
0.6054154609
0.6054154609
0.6054154609
0.6054154609
0.6054154609
0.6054154609
0.6054154609
0.6054154609
1.511466428
1.511466428
1.511466428
1.511466428
1.511466428
1.511466428
1.511466428
1.511466428
1.511466428
1.511466428
1.511466428
1.511466428
1.511466428
1.511466428
1.839363555
1.839363555
0.8483277744
0.8483277744
0.6751244605
0.6751244605
0.6751244605
0.6751244605
0.2128380423
0.2128380423
0.2128380423
0.7346458462
0.7346458462
0.7346458462
0.7346458462
0.7346458462
1.027585102
1.027585102
1.027585102
0.2315639333
0.2315639333
0.2315639333
0.6385679626
0.6385679626
0.6385679626
0.6385679626
0.6385679626
0.6385679626
0.6385679626
0.6385679626
0.6385679626
0.6385679626
0.6385679626
0.6385679626
0.6385679626
0.6385679626
0.6385679626
0.6385679626
0.6385679626
0.6385679626
0.6385679626
0.6385679626
0.6385679626
0.6385679626
0.6385679626
0.6385679626
0.6385679626
0.9306756569
0.9306756569
0.9306756569
0.9306756569
0.9306756569
0.9306756569
0.9306756569
1.683832965
1.853182432
1.853182432
1.853182432
1.421887514
1.421887514
1.421887514
1.421887514
1.421887514
1.421887514
0.9365843171
0.681349024
0.9869644843
0.9869644843
0.9869644843
0.9869644843
0.9869644843
0.9869644843
0.9869644843
0.9869644843
0.9869644843
0.9869644843
0.9869644843
0.9869644843
0.9869644843
0.9869644843
0.9869644843
0.9869644843
0.9869644843
0.9869644843
0.9869644843
0.9869644843
0.9869644843
0.9869644843
0.9869644843
1.274811013
1.274811013
1.256438967
1.256438967
1.256438967
1.256438967
1.256438967
1.256438967
1.256438967
1.256438967
1.256438967
0.9299126738
0.9299126738
0.9299126738
1.040763479
1.040763479
1.040763479
1.040763479
1.040763479
1.040763479
1.12769917
1.12769917
1.12769917
1.12769917
1.211269906
1.211269906
1.211269906
1.211269906
1.211269906
1.211269906
1.211269906
1.211269906
1.211269906
1.211269906
1.211269906
1.211269906
1.279865791
1.850742369
0.995001599
0.995001599
0.995001599
0.995001599
0.995001599
0.995001599
0.995001599
0.995001599
0.995001599
0.995001599
0.995001599
0.995001599
0.995001599
0.995001599
0.995001599
0.995001599
0.995001599
0.995001599
0.995001599
0.995001599
1.171604996
1.171604996
0.8348618135
0.8348618135
0.8348618135
0.8348618135
0.8348618135
0.8348618135
0.8348618135
0.8348618135
0.8348618135
0.8348618135
0.8348618135
0.8348618135
-0.007401456
-0.02591548892
0.2965478077
0.2965478077
0.2965478077
0.2965478077
1.653389534
1.653389534
1.653389534
1.653389534
1.653389534
1.805597199
1.805597199
1.805597199
1.805597199
1.805597199
1.805597199
1.172319308
1.172319308
1.172319308
1.172319308
0.6524009032
0.6524009032
0.6524009032
0.6524009032
0.6524009032
0.6524009032
0.6524009032
0.3166338008
0.3166338008
0.3166338008
0.3166338008
0.3166338008
0.3166338008
0.3166338008
0.3166338008
2.404386681
0.8246393209
0.8246393209
0.8246393209
0.8246393209
0.9557418705
0.9557418705
0.9557418705
0.9557418705
0.9557418705
0.9557418705
1.306593139
1.306593139
1.306593139
0.5528580531
0.5528580531
0.5528580531
0.5528580531
0.5528580531
0.5528580531
0.5528580531
0.5528580531
0.5528580531
0.5528580531
0.5528580531
0.5528580531
0.5528580531
0.5528580531
0.5528580531
0.6720703179
0.6720703179
0.6720703179
0.6720703179
0.6720703179
0.6720703179
0.6891439088
0.6891439088
1.104850107
1.104850107
1.129317531
1.129317531
1.129317531
1.129317531
1.165081825
1.165081825
1.165081825
1.184191535
1.184191535
-0.1091989215
-0.2282983597
1.112511857
1.112511857
1.112511857
1.073402334
1.073402334
1.073402334
1.073402334
1.073402334
1.073402334
0.6909246169
0.6909246169
0.6909246169
0.6909246169
0.6909246169
0.6909246169
0.6909246169
0.6909246169
0.6909246169
0.6909246169
0.6909246169
0.6909246169
0.6909246169
0.6909246169
1.973607265
1.973607265
1.973607265
1.973607265
1.806461586
1.806461586
1.806461586
1.806461586
1.142938504
1.142938504
1.142938504
1.142938504
1.142938504
1.142938504
1.142938504
0.4161537882
0.4161537882
1.408696896
1.408696896
1.408696896
0.5192860796
0.5192860796
0.5192860796
0.5192860796
0.5192860796
0.5192860796
0.5192860796
0.5192860796
0.5192860796
0.5192860796
0.7005719002
0.7005719002
0.7005719002
0.7005719002
0.7005719002
0.7005719002
0.7005719002
0.9577594664
0.9577594664
0.9577594664
0.9577594664
0.9577594664
0.9577594664
0.9577594664
0.9577594664
0.9577594664
0.9577594664
0.9577594664
0.9577594664
0.9577594664
0.9577594664
0.9577594664
0.9577594664
0.9790925885
0.9790925885
0.9790925885
0.3374513897
0.3374513897
0.5921746243
0.5921746243
1.653778235
1.126346825
1.126346825
1.126346825
1.046923732
0.6421762156
1.236351811
1.236351811
1.236351811
1.236351811
0.2815263649
0.2815263649
0.2815263649
0.2815263649
0.2815263649
0.2815263649
1.785470324
1.890707291
1.577989595
0.8459588314
0.8459588314
0.8621635579
0.8621635579
0.8621635579
0.8621635579
0.8621635579
0.8621635579
0.8621635579
0.8621635579
0.8621635579
0.8621635579
0.8621635579
0.8621635579
0.8621635579
0.8621635579
1.494159812
1.117495663
1.117495663
1.117495663
1.301806634
1.301806634
1.301806634
1.301806634
1.301806634
1.301806634
1.301806634
1.909049962
1.909049962
1.909049962
-0.1795128537
-0.1795128537
-0.2093814162
0.1023650392
0.1023650392
2.059695001
2.059695001
2.059695001
2.059695001
1.736061465
1.736061465
1.080164184
1.080164184
1.080164184
1.080164184
1.080164184
1.080164184
1.080164184
1.080164184
1.080164184
1.080164184
1.080164184
1.263512944
1.263512944
1.263512944
1.263512944
1.263512944
1.263512944
1.263512944
1.263512944
1.263512944
1.263512944
1.263512944
1.263512944
1.263512944
1.263512944
1.263512944
1.70781719
1.70781719
1.70781719
1.70781719
0.9582171557
0.9582171557
1.266711721
1.266711721
1.516955133
1.516955133
1.516955133
1.516955133
1.516955133
1.099336929
1.099336929
1.099336929
1.099336929
1.099336929
0.4217709973
0.4217709973
0.4217709973
0.154417904
0.154417904
0.154417904
0.154417904
0.154417904
0.154417904
0.154417904
0.482817078
1.022964689
1.381072466
1.381072466
1.381072466
1.381072466
0.9190090291
0.9190090291
0.9190090291
0.9190090291
0.9190090291
0.9190090291
0.9190090291
0.9190090291
1.445515579
1.445515579
1.167936955
0.8404074681
0.9410690688
0.9410690688
0.497968389
0.497968389
1.477844361
1.114201464
1.279652435
1.279652435
1.279652435
1.279652435
1.279652435
1.279652435
1.279652435
1.279652435
1.525491401
1.525491401
1.525491401
1.525491401
1.525491401
1.525491401
1.525491401
1.525491401
1.525491401
0.4888380504
1.682027542
1.167575691
1.167575691
1.167575691
1.167575691
0.7921416294
0.7921416294
0.7921416294
0.7921416294
0.7921416294
0.996447172
0.996447172
0.8167379647
0.8167379647
0.8167379647
0.8167379647
0.8167379647
0.8167379647
0.8167379647
0.8167379647
0.8167379647
0.5037000312
0.3582559868
0.3582559868
0.3582559868
0.3582559868
0.3582559868
0.3582559868
0.3582559868
0.3582559868
0.3582559868
0.6187939686
0.6187939686
0.6187939686
0.6187939686
0.6187939686
0.491412114
1.088226399
1.088226399
0.822718254
0.822718254
0.822718254
0.822718254
0.9003670316
0.9003670316
0.9003670316
0.9003670316
0.9003670316
0.3770661105
0.3770661105
0.3770661105
0.3770661105
0.3770661105
0.3770661105
0.3770661105
0.3336061589
0.3336061589
0.3336061589
0.3336061589
0.3336061589
0.3336061589
0.3336061589
0.3336061589
0.7011448279
0.7011448279
0.7011448279
0.7011448279
0.7011448279
1.508936279
1.508936279
1.508936279
1.508936279
0.7655721339
1.618792626
0.3382138648
1.842011909
0.6363873012
0.6363873012
0.4245883106
0.3864292781
0.3864292781
0.3864292781
1.220444977
1.220444977
1.220444977
1.220444977
1.220444977
1.220444977
1.220444977
1.220444977
1.220444977
1.220444977
0.2003974235
1.594617422
1.594617422
1.594617422
1.594617422
1.594617422
1.594617422
1.594617422
1.594617422
1.594617422
2.336172864
2.336172864
0.4899531035
0.4899531035
0.4899531035
0.01348002084
0.01348002084
0.01348002084
0.01348002084
0.01348002084
1.399325611
1.824989107
1.824989107
0.4221626605
0.4221626605
0.4221626605
0.4221626605
0.4221626605
0.4221626605
0.7828210437
0.8753713519
0.1845756273
0.3631170826
0.9414129337
0.9414129337
0.9414129337
1.976396929
1.976396929
1.515863601
1.515863601
0.3255698456
1.739298449
1.739298449
1.739298449
0.3505608369
0.1991986063
0.1991986063
0.1991986063
0.1991986063
0.1991986063
0.1991986063
0.1991986063
0.1991986063
0.1991986063
0.1991986063
0.1991986063
0.1991986063
1.493496409
1.351780378
0.5313568251
1.423271266
1.423271266
1.423271266
1.423271266
1.423271266
1.423271266
1.423271266
1.423271266
1.423271266
1.423271266
0.9286340821
0.9286340821
1.204772889
1.204772889
1.204772889
1.204772889
1.204772889
1.204772889
1.204772889
1.041855102
1.041855102
1.041855102
1.041855102
1.041855102
1.041855102
1.041855102
1.041855102
1.041855102
1.067773866
1.067773866
0.8115838957
0.8115838957
0.8115838957
0.8115838957
0.8115838957
0.8115838957
0.8115838957
0.8115838957
0.759618942
0.759618942
0.759618942
0.759618942
0.759618942
0.759618942
0.5964413114
0.5964413114
0.5964413114
0.4951037435
0.4951037435
0.4951037435
1.496686462
1.496686462
1.496686462
1.496686462
1.496686462
1.496686462
1.496686462
1.496686462
1.496686462
1.02362075
1.02362075
0.4723079894
0.4723079894
0.4723079894
0.4723079894
0.4723079894
1.219039486
1.219039486
1.219039486
1.327915793
1.327915793
1.327915793
1.327915793
1.327915793
1.327915793
1.327915793
1.327915793
1.327915793
0.9008107995
0.9008107995
0.9008107995
0.9008107995
0.9008107995
0.9008107995
0.9008107995
0.9008107995
0.9008107995
0.9008107995
0.9008107995
0.9008107995
0.9008107995
0.9008107995
0.9008107995
0.9008107995
0.9008107995
0.9008107995
0.8572372352
1.19169661
1.19169661
1.19169661
1.19169661
1.19169661
1.19169661
1.19169661
0.1557409391
0.1557409391
0.1557409391
0.1557409391
-0.1775483487
-0.3800360402
-0.3800360402
-0.3800360402
1.091750401
1.091750401
1.091750401
1.091750401
1.091750401
1.091750401
1.091750401
1.091750401
1.091750401
1.091750401
1.091750401
1.091750401
1.091750401
1.091750401
1.091750401
1.532939806
1.532939806
1.563025481
1.563025481
0.7633930755
0.7633930755
0.7633930755
0.7633930755
0.7633930755
0.7633930755
0.8040368659
0.8040368659
0.8040368659
0.8533413389
1.408445914
1.408445914
1.407794478
1.407794478
1.407794478
1.407794478
1.407794478
1.407794478
0.9723667497
0.9723667497
0.9723667497
1.096208738
1.096208738
1.096208738
1.096208738
1.096208738
1.096208738
1.096208738
1.096208738
1.096208738
1.096208738
1.096208738
1.229291008
1.229291008
1.229291008
1.229291008
1.229291008
1.229291008
1.229291008
1.229291008
1.114130963
1.114130963
1.114130963
1.102446843
1.102446843
1.102446843
1.102446843
1.102446843
1.426580647
1.426580647
1.426580647
1.426580647
1.202847621
1.202847621
1.202847621
0.5097041062
1.565372656
1.565372656
0.6944552164
1.493485272
1.493485272
0.4201798034
0.4201798034
1.731916795
1.731916795
1.731916795
0.7447556854
0.7447556854
0.7447556854
0.7447556854
1.2512397
1.2512397
1.2512397
1.2512397
1.514017994
1.514017994
1.514017994
1.514017994
1.514017994
1.514017994
1.514017994
1.514017994
1.514017994
0.1428251192
0.1428251192
0.1428251192
0.1428251192
0.1428251192
0.4704202219
0.4704202219
0.4704202219
0.8089368523
1.886038546
1.289924941
1.289924941
1.289924941
1.289924941
1.289924941
0.9735234527
0.9735234527
0.9735234527
0.9735234527
0.9735234527
0.9735234527
0.9735234527
0.9735234527
0.9735234527
0.9735234527
0.9735234527
0.9735234527
0.9735234527
0.9735234527
0.9735234527
0.9735234527
0.9735234527
0.634383459
0.4240338992
0.4240338992
0.4240338992
0.4240338992
0.4240338992
1.33963995
2.158602183
0.9049021753
0.9049021753
0.9613627074
1.434005824
1.41709918
1.41709918
1.41709918
0.6826510764
0.6826510764
0.6826510764
0.6826510764
0.6826510764
0.6826510764
1.081841264
1.081841264
1.081841264
1.081841264
1.081841264
0.4777944479
0.4777944479
0.4777944479
0.4777944479
0.4777944479
0.4777944479
0.4777944479
0.4777944479
1.875622781
1.875622781
1.762253531
1.762253531
1.762253531
1.762253531
1.762253531
1.762253531
1.762253531
0.9600573543
0.9600573543
0.9600573543
0.9600573543
0.9600573543
0.9600573543
0.9600573543
0.8538488275
0.8538488275
0.8538488275
0.8538488275
0.8538488275
0.8538488275
0.8538488275
0.8538488275
0.8538488275
0.8538488275
0.8538488275
0.8538488275
0.8538488275
0.8538488275
0.1258657894
0.7647721059
1.360991513
1.360991513
0.7760223328
0.7760223328
0.7760223328
0.7760223328
0.7760223328
0.7760223328
0.7760223328
0.7760223328
0.8469030769
0.8469030769
0.8469030769
0.8469030769
0.8469030769
0.8469030769
0.8469030769
0.8469030769
0.8469030769
0.8469030769
1.345590291
1.345590291
1.345590291
1.345590291
0.3474397031
0.3474397031
0.3474397031
0.3474397031
0.3474397031
0.3887890346
0.3887890346
0.719211373
0.719211373
1.011695152
1.011695152
1.011695152
1.011695152
1.358783503
1.358783503
0.3267793651
0.3267793651
0.3267793651
1.477256158
1.477256158
1.477256158
1.477256158
1.477256158
1.878246697
1.878246697
1.878246697
0.140715233
0.140715233
0.140715233
0.140715233
0.140715233
0.1920539036
0.1920539036
0.1920539036
0.1920539036
0.176084454
0.176084454
1.216999479
1.216999479
1.216999479
1.216999479
1.216999479
1.216999479
0.790633787
0.9143163133
0.9143163133
0.9143163133
0.9143163133
0.9143163133
1.985712842
0.2897219131
0.7664381007
0.7664381007
0.7664381007
0.7664381007
0.7664381007
0.7664381007
0.7664381007
0.7664381007
0.7664381007
0.4274874791
1.280296175
1.280296175
1.204032895
1.204032895
1.204032895
1.435975227
1.341214717
1.341214717
1.180526949
1.180526949
0.9264163706
0.8987996386
0.8987996386
0.8987996386
0.8987996386
0.8987996386
0.8987996386
0.8987996386
0.8987996386
0.8987996386
0.8987996386
0.8987996386
0.8987996386
0.8987996386
0.8987996386
0.8987996386
0.8987996386
0.6466136991
0.6466136991
0.1397279413
0.1397279413
0.1397279413
0.1397279413
0.1397279413
0.1397279413
0.1397279413
0.1397279413
0.382554099
0.382554099
0.382554099
0.382554099
0.382554099
0.382554099
0.382554099
0.382554099
0.382554099
0.382554099
0.382554099
0.382554099
1.466603404
1.483560964
1.483560964
1.483560964
1.483560964
1.483560964
1.483560964
1.483560964
0.7164120118
0.7164120118
0.7164120118
0.7164120118
0.7164120118
0.7164120118
1.145418174
1.145418174
1.145418174
1.145418174
1.145418174
1.145418174
1.145418174
0.4418395536
0.4418395536
0.4418395536
0.4418395536
0.4418395536
0.4418395536
0.4418395536
0.4418395536
0.4418395536
0.4418395536
1.932037843
1.932037843
0.4971455252
0.4971455252
0.4971455252
0.4971455252
1.301289879
1.301289879
1.301289879
1.301289879
1.301289879
0.7752716357
0.7752716357
1.283344024
1.283344024
1.283344024
1.564473016
1.564473016
1.564473016
1.564473016
1.411717725
1.411717725
1.411717725
1.411717725
1.411717725
1.411717725
1.411717725
0.9806859011
0.9806859011
0.9806859011
0.9806859011
0.9806859011
0.9806859011
0.9806859011
0.9806859011
0.9806859011
0.9806859011
0.9806859011
0.9806859011
0.9806859011
0.9806859011
0.9806859011
0.9806859011
0.9806859011
0.9806859011
0.9806859011
0.9806859011
0.9806859011
0.9806859011
1.220845569
1.220845569
1.220845569
1.220845569
1.087491126
1.087491126
0.3647372779
0.3647372779
0.3647372779
0.3647372779
0.3647372779
0.3647372779
0.3647372779
2.165219578
2.165219578
1.458334242
1.458334242
1.458334242
0.2631532145
0.2631532145
0.2631532145
0.2631532145
0.4125488723
0.4125488723
0.4125488723
0.2872465333
0.2872465333
0.2872465333
0.2872465333
0.2872465333
0.2872465333
0.2872465333
0.2872465333
0.2033703809
0.2033703809
0.2033703809
0.2033703809
1.655631585
1.888159976
1.42039677
1.42039677
0.7932454668
0.7932454668
0.7932454668
0.7932454668
0.5924629325
1.027422644
1.027422644
1.027422644
1.027422644
1.027422644
1.027422644
1.144587149
1.144587149
1.144587149
1.300422278
1.300422278
1.300422278
1.300422278
1.300422278
1.300422278
1.300422278
1.300422278
1.300422278
1.300422278
1.300422278
1.300422278
1.300422278
1.300422278
1.300422278
1.300422278
1.01509095
1.01509095
1.01509095
1.01509095
1.01509095
0.7477017246
0.7477017246
0.7477017246
0.7477017246
0.7477017246
0.9060616468
1.372214762
1.372214762
0.7636857708
0.7636857708
0.7636857708
0.7636857708
0.7636857708
0.7636857708
0.7636857708
-0.5369157762
0.6067138921
1.646607856
1.646607856
1.646607856
1.589459305
1.589459305
1.589459305
1.589459305
0.8837152242
0.8837152242
0.8837152242
0.8837152242
0.8837152242
0.8837152242
0.8837152242
0.8837152242
1.552084745
1.552084745
1.552084745
0.3122141104
0.3122141104
0.8498659352
0.8498659352
0.8498659352
0.8498659352
1.028352797
1.028352797
1.028352797
1.028352797
1.388891986
0.7322361408
0.5232095404
0.5232095404
1.446569758
1.446569758
1.446569758
1.446569758
1.446569758
1.446569758
1.446569758
1.446569758
1.446569758
1.446569758
1.446569758
0.5942603097
0.5942603097
1.555460716
1.93327645
1.057277274
1.057277274
1.057277274
1.057277274
1.586599275
1.586599275
1.586599275
1.586599275
1.586599275
1.586599275
1.586599275
1.586599275
0.7698919253
0.7698919253
1.622260558
0.8156338774
0.8156338774
0.8156338774
0.8156338774
0.8156338774
0.2669033037
0.2669033037
0.3810458687
0.3810458687
0.3810458687
0.3810458687
0.7538700057
0.7538700057
1.017706141
1.017706141
1.017706141
1.017706141
1.017706141
2.094714757
2.094714757
2.094714757
2.094714757
1.776570137
1.776570137
1.776570137
1.776570137
1.776570137
1.776570137
1.776570137
1.776570137
0.9017668867
0.9017668867
1.121549976
1.121549976
1.121549976
1.121549976
1.548142573
1.548142573
1.548142573
1.548142573
1.548142573
1.548142573
1.548142573
0.3247244428
0.5616026471
0.5616026471
0.5616026471
0.5616026471
2.393669119
2.393669119
1.959121852
1.959121852
1.780782708
1.780782708
1.780782708
1.780782708
1.780782708
1.780782708
1.780782708
1.780782708
1.780782708
0.8259893634
0.8259893634
0.8259893634
0.8259893634
0.8259893634
0.8259893634
0.8259893634
0.8259893634
0.8259893634
0.8259893634
0.8259893634
1.252077729
1.252077729
1.252077729
1.252077729
1.252077729
1.252077729
-0.1927488742
-0.1927488742
-0.1927488742
-0.1927488742
1.465479067
1.465479067
1.465479067
1.465479067
1.465479067
1.465479067
1.465479067
1.465479067
1.465479067
1.465479067
1.465479067
1.465479067
1.465479067
1.318878698
1.318878698
1.318878698
1.318878698
1.318878698
1.318878698
1.318878698
1.318878698
1.318878698
1.318878698
1.318878698
1.318878698
1.318878698
1.318878698
1.318878698
1.318878698
1.318878698
1.318878698
1.318878698
1.318878698
1.318878698
1.318878698
1.318878698
1.440862091
1.440862091
1.440862091
1.440862091
1.440862091
1.222630328
1.222630328
1.222630328
1.222630328
1.222630328
1.590222755
1.590222755
1.590222755
1.590222755
1.590222755
1.590222755
1.590222755
1.624863266
1.624863266
1.624863266
1.624863266
2.286705892
2.286705892
1.874225179
1.689948007
1.689948007
1.689948007
1.689948007
1.689948007
1.689948007
1.689948007
1.689948007
1.689948007
1.689948007
1.689948007
1.689948007
1.689948007
1.689948007
1.689948007
1.163695123
1.163695123
1.163695123
1.163695123
1.163695123
1.163695123
1.163695123
1.163695123
1.163695123
1.163695123
1.163695123
1.163695123
1.163695123
1.163695123
1.163695123
1.15841607
1.15841607
1.15841607
1.15841607
1.15841607
1.15841607
1.15841607
1.15841607
1.15841607
1.15841607
1.15841607
1.15841607
1.15841607
1.15841607
1.677044432
1.677044432
1.677044432
0.677481852
0.2310450305
1.625046308
1.625046308
1.421538654
1.421538654
1.421538654
1.421538654
1.076909027
1.14614137
1.14614137
1.14614137
1.14614137
1.14614137
1.14614137
1.14614137
1.14614137
1.14614137
0.9338504564
0.9338504564
0.9338504564
0.1960964256
0.1960964256
0.1960964256
0.1960964256
-0.1859531043
0.1170091091
0.2569674264
0.2569674264
0.2569674264
0.2569674264
1.177835271
1.177835271
1.177835271
1.177835271
1.177835271
1.177835271
0.6429289518
0.6429289518
0.6429289518
0.6429289518
0.6429289518
0.6429289518
0.6429289518
0.6052334713
0.6107118365
0.9722108857
0.9722108857
0.9722108857
0.9722108857
0.9722108857
1.649712981
1.649712981
1.649712981
1.649712981
0.529164582
0.529164582
0.529164582
0.529164582
0.529164582
0.529164582
0.529164582
0.529164582
0.529164582
1.180983512
1.180983512
0.5928005463
0.5928005463
0.5928005463
0.5928005463
0.5928005463
0.5928005463
1.011145567
1.011145567
1.011145567
1.011145567
0.8494220892
0.8494220892
0.8494220892
0.8494220892
0.8494220892
1.546460946
1.546460946
0.7634024024
0.7634024024
0.7634024024
0.7634024024
1.49190465
1.49190465
1.49190465
1.49190465
1.49190465
0.6261476384
0.6261476384
0.6261476384
0.6261476384
0.6261476384
0.6261476384
0.6261476384
0.6261476384
0.6261476384
0.7510259401
0.7510259401
1.111112092
1.111112092
1.111112092
1.129091252
1.129091252
1.166493029
1.166493029
1.166493029
1.166493029
1.25619427
1.179768209
1.179768209
1.179768209
1.179768209
0.50618973
0.50618973
0.8328353614
0.8328353614
0.8328353614
0.6243944354
0.6243944354
0.6243944354
0.6243944354
0.5120868647
0.5120868647
0.5120868647
0.5120868647
0.5120868647
1.650418825
1.650418825
1.650418825
1.650418825
0.9638610624
0.9638610624
0.9638610624
0.7665904085
0.7665904085
0.7665904085
0.7665904085
0.7665904085
0.7665904085
1.448766309
1.048361328
1.048361328
1.048361328
1.048361328
1.048361328
1.048361328
1.048361328
1.048361328
1.048361328
1.048361328
0.9878191982
0.9878191982
0.8548869517
0.8548869517
1.146182988
1.146182988
1.146182988
1.051310322
1.051310322
1.051310322
1.051310322
1.051310322
1.051310322
1.051310322
1.051310322
1.051310322
1.051310322
1.051310322
1.051310322
1.051310322
1.096513214
1.096513214
1.096513214
1.096513214
1.096513214
1.096513214
1.096513214
1.096513214
1.190006232
1.190006232
1.190006232
1.190006232
1.190006232
1.190006232
1.190006232
1.190006232
1.190006232
1.190006232
1.190006232
1.190006232
1.190006232
1.190006232
1.190006232
1.190006232
1.190006232
1.190006232
1.190006232
1.190006232
0.7337478793
-0.1487971108
-0.1487971108
1.209623052
1.209623052
1.598367072
1.598367072
1.598367072
1.598367072
1.598367072
1.598367072
1.327027737
1.589657465
1.589657465
0.650571084
0.650571084
0.6328015115
0.6328015115
1.224751083
1.224751083
1.557457859
0.7980945306
0.7980945306
1.757006179
1.757006179
1.646432575
1.646432575
1.646432575
1.646432575
1.646432575
1.646432575
1.348479272
1.066879646
1.066879646
1.066879646
1.066879646
1.609348285
1.609348285
1.609348285
1.609348285
1.609348285
1.949714531
1.209540384
1.209540384
0.9666921234
0.9666921234
0.9666921234
0.9666921234
0.9666921234
0.9666921234
0.9666921234
0.8457505518
0.8457505518
0.8457505518
1.209597534
1.209597534
1.209597534
1.209597534
1.209597534
1.209597534
1.209597534
1.209597534
0.5612547743
2.212241137
2.212241137
2.212241137
2.212241137
2.212241137
2.212241137
2.212241137
2.212241137
2.212241137
2.212241137
1.561559021
1.561559021
1.561559021
1.561559021
1.561559021
1.561559021
1.561559021
1.561559021
2.010359193
2.010359193
-0.2067457725
-0.2067457725
-0.2067457725
-0.2067457725
-0.2067457725
-0.2067457725
1.3773491
1.3773491
1.3773491
1.3773491
1.3773491
0.6344025415
0.6344025415
0.6344025415
0.6344025415
0.6344025415
0.6344025415
0.6344025415
0.6344025415
0.6344025415
0.6344025415
0.6344025415
0.6344025415
0.6344025415
0.6344025415
0.6344025415
1.469107186
1.469107186
1.469107186
1.007846519
1.007846519
1.007846519
1.007846519
1.007846519
1.007846519
1.007846519
1.007846519
1.007846519
1.097103798
1.097103798
1.628707818
1.628707818
0.4219199444
0.4219199444
0.4219199444
1.795962365
1.795962365
0.6793520319
0.6793520319
1.658532383
1.658532383
1.658532383
1.658532383
1.389065189
1.648526418
1.648526418
1.648526418
1.648526418
1.648526418
1.648526418
1.648526418
1.648526418
1.648526418
1.648526418
1.648526418
1.648526418
1.648526418
1.648526418
1.648526418
1.026102634
1.026102634
1.026102634
1.39659063
1.39659063
1.781201628
0.09007965682
0.09007965682
0.6579708593
0.6579708593
0.6579708593
0.6579708593
0.6579708593
0.6579708593
0.6579708593
0.6579708593
0.6579708593
1.721137727
0.9500700215
0.8338686145
0.8338686145
0.8338686145
0.8338686145
0.8338686145
0.4886422323
0.4886422323
0.4886422323
0.4886422323
0.4886422323
0.4886422323
0.4886422323
0.4886422323
0.4886422323
1.627789641
1.627789641
1.627789641
1.627789641
1.627789641
1.627789641
1.627789641
0.1167886292
0.1167886292
1.641313
1.641313
1.641313
1.782676316
1.78706188
1.78706188
1.423464474
1.423464474
1.943178205
0.8576085444
0.8576085444
0.8576085444
0.7068932063
0.7068932063
0.7068932063
0.7491570512
1.48134859
1.48134859
1.48134859
1.48134859
1.48134859
1.48134859
1.48134859
1.48134859
1.48134859
1.48134859
0.8106194577
0.8106194577
0.8106194577
0.8106194577
0.8106194577
0.7321370287
0.7321370287
0.7321370287
0.7321370287
0.7321370287
0.7321370287
0.7321370287
0.7321370287
0.7321370287
0.9283867763
0.9283867763
1.674332688
1.674332688
1.203092409
1.203092409
1.203092409
1.203092409
1.203092409
1.203092409
1.203092409
1.203092409
2.012660375
2.012660375
2.012660375
-0.3120210898
-0.1710473498
-0.1710473498
-0.1710473498
-0.1710473498
-0.1710473498
-0.1710473498
0.8442937187
0.8442937187
1.374809577
1.374809577
1.374548873
1.374548873
1.374548873
1.374548873
0.9978290219
1.964366431
1.964366431
1.964366431
1.964366431
1.964366431
1.964366431
0.3852288833
0.3852288833
0.3852288833
1.302443778
1.302443778
1.302443778
1.302443778
1.302443778
1.302443778
1.302443778
1.348484896
1.24269593
1.24269593
1.24269593
1.24269593
1.144663117
1.144663117
1.409868729
1.409868729
1.409868729
1.233787757
1.233787757
1.233787757
1.233787757
1.233787757
1.093967901
1.093967901
1.093967901
1.143959842
1.143959842
1.143959842
1.143959842
1.571286516
1.571286516
1.571286516
1.571286516
1.571286516
1.6306902
1.6306902
0.422616141
0.422616141
0.422616141
1.545330782
0.2605879495
0.2605879495
0.2605879495
1.241424202
1.241424202
1.241424202
1.241424202
1.241424202
1.241424202
1.241424202
0.9659329226
0.9659329226
0.9659329226
0.9659329226
0.9659329226
0.9659329226
0.9659329226
0.9659329226
0.9659329226
0.9659329226
0.9659329226
1.035490172
1.035490172
1.035490172
1.035490172
1.537369662
0.2353774154
0.2353774154
0.2353774154
1.124751742
1.124751742
1.124751742
1.124751742
1.124751742
-0.2062103595
-0.2078501859
-0.07486199116
-0.07486199116
-0.07486199116
-0.07486199116
-0.1593973493
1.011457816
1.011457816
0.279572363
0.279572363
1.3285623
2.209765758
2.209765758
2.209765758
1.790237312
1.790237312
1.790237312
1.790237312
1.790237312
0.6736063511
0.6736063511
0.6736063511
1.259510047
1.259510047
1.032906264
1.032906264
1.032906264
1.032906264
1.032906264
1.032906264
1.032906264
1.032906264
1.032906264
0.07290294345
0.07290294345
0.6537943182
0.6537943182
0.6537943182
0.6537943182
0.6537943182
0.9701718563
0.9701718563
0.9701718563
0.9701718563
0.9701718563
0.9701718563
0.9701718563
0.9701718563
0.9701718563
0.9701718563
0.9701718563
0.9701718563
0.9701718563
0.9701718563
1.299992141
1.299992141
1.299992141
1.299992141
1.299992141
1.299992141
1.299992141
1.299992141
1.299992141
1.599846455
0.4220220478
0.4220220478
0.4220220478
0.4220220478
0.4220220478
1.330950349
1.330950349
1.330950349
1.330950349
0.55213184
0.55213184
0.55213184
0.55213184
0.55213184
0.55213184
0.55213184
0.55213184
0.55213184
0.55213184
0.55213184
0.55213184
0.55213184
0.55213184
0.55213184
1.231388803
1.231388803
1.231388803
1.306417249
1.306417249
1.306417249
1.306417249
1.306417249
1.306417249
1.306417249
1.306417249
1.348404505
1.348404505
1.348404505
1.348404505
1.348404505
1.348404505
1.348404505
1.223371062
1.223371062
1.223371062
1.223371062
1.223371062
1.223371062
1.700809626
1.700809626
1.700809626
1.700809626
1.700809626
1.700809626
1.700809626
1.700809626
1.700809626
1.700809626
1.700809626
1.700809626
1.700809626
1.700809626
1.700809626
0.8461838387
1.138818007
1.138818007
1.308505001
1.308505001
1.165322668
1.165322668
1.165322668
1.165322668
1.165322668
1.165322668
0.2820095167
0.2820095167
0.2820095167
0.2820095167
0.2820095167
1.447687513
1.447687513
1.524297309
1.524297309
1.524297309
0.3056374831
0.2181593784
0.2181593784
0.9615422149
0.8049913166
0.8049913166
0.8049913166
0.8049913166
1.330599701
1.330599701
1.330599701
1.089991698
1.089991698
1.089991698
1.089991698
1.089991698
1.089991698
1.089991698
1.089991698
1.089991698
1.089991698
1.089991698
1.089991698
1.089991698
1.089991698
1.089991698
1.499453854
0.9363879898
0.999270505
0.999270505
0.999270505
0.999270505
0.999270505
0.999270505
0.999270505
0.999270505
0.999270505
0.999270505
1.075101872
1.075101872
1.075101872
1.075101872
1.075101872
1.075101872
1.075101872
1.075101872
1.075101872
1.075101872
0.9628582078
1.187745774
1.187745774
1.187745774
1.067371142
1.199638676
1.199638676
1.199638676
1.199638676
1.199638676
1.199638676
1.540633564
0.4356446261
0.4356446261
0.4356446261
1.211316835
1.211316835
1.211316835
1.211316835
1.211316835
2.030412768
2.000678285
2.000678285
2.399118299
2.399118299
2.399118299
2.399118299
0.8815471972
0.8815471972
0.8815471972
0.8815471972
0.8815471972
0.8815471972
0.8815471972
0.8815471972
0.8815471972
0.8815471972
1.287753032
1.287753032
1.287753032
1.287753032
1.287753032
1.287753032
1.287753032
1.287753032
1.287753032
1.287753032
1.287753032
1.287753032
1.287753032
0.6825147844
0.6825147844
0.6825147844
0.6825147844
0.6825147844
0.6825147844
0.6825147844
0.6103569365
0.6103569365
0.6103569365
0.8513525531
0.8513525531
0.8513525531
0.7268150868
0.7268150868
0.7268150868
0.7268150868
0.7268150868
0.7268150868
0.7268150868
0.7268150868
0.7268150868
0.7268150868
0.7268150868
0.7268150868
0.7268150868
0.7268150868
0.7268150868
1.896573373
1.896573373
1.896573373
1.896573373
0.1082541181
0.1082541181
0.1082541181
0.9677831595
0.9677831595
0.9677831595
0.9677831595
0.9677831595
0.9677831595
0.9677831595
0.9677831595
0.9677831595
0.3188443794
0.3188443794
0.3188443794
0.3188443794
0.6509815428
0.6509815428
0.6509815428
0.3571255085
0.3571255085
0.3571255085
0.3571255085
0.3571255085
0.3571255085
0.3571255085
0.3571255085
0.3571255085
0.2725581558
0.2725581558
0.2725581558
0.2725581558
0.2725581558
0.2725581558
0.2282848128
0.03464430617
0.03464430617
0.03464430617
0.03464430617
0.07404822688
0.07404822688
0.07404822688
1.745643877
0.2774021226
0.2774021226
1.108137044
1.108137044
1.108137044
1.108137044
1.108137044
1.835169777
0.6435218883
0.6435218883
0.6435218883
0.6435218883
1.18179878
1.18179878
1.18179878
1.18179878
1.18179878
1.18179878
1.18179878
1.18179878
1.18179878
1.18179878
1.18179878
1.18179878
1.18179878
1.18179878
1.18179878
1.18179878
1.18179878
1.18179878
1.18179878
1.18179878
1.18179878
1.18179878
1.18179878
1.18179878
1.18179878
1.18179878
0.5907772721
1.328736166
0.01805364594
0.01805364594
0.01805364594
0.1353381194
0.1353381194
0.1353381194
1.771256915
1.771256915
1.632194826
1.632194826
1.554244344
1.554244344
1.554244344
1.554244344
1.554244344
1.554244344
1.554244344
1.713493501
1.713493501
1.713493501
0.5810883164
0.5810883164
0.5810883164
0.5810883164
0.5810883164
1.234124726
1.234124726
1.234124726
1.275484845
1.275484845
1.275484845
1.275484845
1.275484845
1.275484845
1.275484845
1.275484845
0.8151802923
0.8151802923
0.8151802923
0.8151802923
0.8151802923
0.2583024936
0.5387304201
0.5387304201
0.5387304201
0.6538181123
0.6538181123
0.6538181123
0.6538181123
0.6538181123
0.6538181123
0.6538181123
2.514616842
0.8330947111
0.8330947111
0.8330947111
0.8330947111
0.8330947111
0.8330947111
0.8330947111
1.577093893
1.577093893
1.577093893
1.577093893
0.3866709403
0.3866709403
0.3866709403
0.3866709403
0.3866709403
0.3866709403
0.3866709403
0.3866709403
1.086693049
1.086693049
1.086693049
0.4892939492
1.912373933
1.783263135
1.774570708
1.774570708
0.3669438733
0.3669438733
0.1924944628
0.3510172749
0.3510172749
0.3510172749
0.3510172749
0.3510172749
0.3510172749
0.3510172749
0.8568831006
0.8568831006
0.8568831006
0.8568831006
0.8373199129
1.037117081
1.037117081
1.037117081
1.037117081
1.037117081
1.709653669
1.709653669
1.709653669
1.709653669
1.620363161
-4.963772139e-05
0.7037130867
0.7037130867
0.7037130867
0.7037130867
0.7037130867
0.7037130867
0.7037130867
0.7037130867
0.7037130867
0.7037130867
0.7037130867
0.7654974052
1.17665792
1.17665792
1.17665792
1.17665792
1.17665792
1.17665792
1.17665792
1.076833857
1.076833857
0.4306004173
0.4306004173
0.4306004173
0.4306004173
0.4306004173
0.4306004173
0.4306004173
0.6741671847
0.6741671847
0.6741671847
0.6741671847
0.6741671847
0.6741671847
0.8007614944
0.8007614944
0.8007614944
0.8007614944
0.8007614944
0.8007614944
0.8007614944
0.8007614944
1.708822559
1.708822559
0.6559855039
-0.1231044264
1.975383235
1.975383235
1.975383235
1.975383235
1.975383235
1.975383235
1.975383235
1.975383235
1.975383235
1.975383235
0.189679328
0.189679328
0.189679328
1.725826617
1.725826617
1.725826617
2.082001109
2.082001109
2.082001109
0.246183173
0.246183173
0.246183173
0.246183173
0.9844472936
0.9844472936
0.9844472936
0.9844472936
0.9844472936
0.9844472936
0.9844472936
1.165201186
1.313746991
1.313746991
1.313746991
0.8472606275
0.8472606275
0.8472606275
0.8472606275
0.8472606275
0.8472606275
0.8472606275
0.8472606275
0.8472606275
0.8472606275
0.8472606275
0.8472606275
0.8472606275
0.8472606275
1.296906273
1.296906273
0.9815751569
0.9815751569
0.9815751569
1.101299451
1.101299451
1.101299451
1.101299451
1.101299451
1.101299451
1.101299451
1.101299451
1.101299451
1.101299451
1.101299451
1.101299451
1.101299451
1.101299451
1.101299451
1.150807315
1.150807315
0.3716761555
1.440898576
1.440898576
1.440898576
1.440898576
1.440898576
1.147096892
1.147096892
1.147096892
1.147096892
1.147096892
1.147096892
1.147096892
1.147096892
1.147096892
1.147096892
1.147096892
1.147096892
1.147096892
1.147096892
1.612006436
1.612006436
1.612006436
1.612006436
1.612006436
1.612006436
1.612006436
0.7699835436
0.7699835436
0.7699835436
0.7699835436
0.8172443264
0.8172443264
0.8172443264
0.8172443264
1.233913903
1.233913903
1.233913903
1.233913903
1.233913903
1.233913903
-0.1176384518
-0.1176384518
-0.1176384518
-0.1176384518
-0.1176384518
-0.1176384518
1.314806017
1.314806017
1.044930184
1.044930184
0.6166527954
0.6166527954
0.391887639
1.428247118
1.428247118
0.8735602009
0.7074341529
0.4270687993
0.4270687993
0.4270687993
0.4270687993
2.166451523
2.166451523
2.166451523
1.565227132
1.565227132
1.565227132
1.565227132
1.565227132
1.565227132
1.565227132
1.565227132
1.565227132
1.565227132
1.565227132
1.565227132
1.565227132
1.083739226
1.338962317
1.338962317
1.338962317
1.338962317
1.338962317
1.338962317
1.338962317
1.338962317
1.667158506
0.8446065304
0.8446065304
0.8198129123
0.9258070077
1.133087508
1.133087508
0.5429589539
0.5429589539
0.5429589539
0.998828259
0.998828259
0.998828259
0.998828259
0.998828259
0.998828259
0.9494473375
0.9494473375
0.9494473375
0.9494473375
0.9494473375
0.7320651814
0.7320651814
0.7320651814
0.7320651814
0.7320651814
0.7320651814
-0.2457731699
-0.2457731699
-0.2457731699
1.190100811
1.190100811
1.190100811
1.190100811
1.190100811
1.190100811
1.190100811
1.190100811
1.190100811
1.190100811
1.190100811
1.190100811
1.190100811
1.190100811
1.190100811
1.190100811
0.3297506353
0.3297506353
0.3297506353
0.3297506353
0.3297506353
0.3297506353
1.531993185
1.531993185
1.655924289
1.655924289
1.655924289
1.655924289
1.655924289
1.655924289
1.655924289
1.655924289
1.655924289
1.655924289
1.655924289
1.655924289
1.655924289
1.655924289
1.655924289
1.655924289
1.655924289
1.655924289
0.246909113
0.246909113
0.246909113
0.246909113
0.08924775879
0.08924775879
0.08924775879
2.123244396
2.123244396
1.773743532
1.773743532
1.787681286
0.528834045
0.528834045
0.528834045
0.528834045
0.3914923558
0.3914923558
0.3914923558
0.3914923558
0.3914923558
0.3914923558
0.3914923558
0.3133065268
0.3133065268
1.650176332
1.650176332
1.650176332
1.650176332
1.243551259
1.243551259
1.243551259
1.243551259
1.243551259
1.243551259
1.243551259
1.243551259
1.243551259
1.1239492
1.1239492
1.1239492
0.6047477407
0.6047477407
0.6047477407
0.6047477407
0.9247583045
1.443403649
1.443403649
1.539553219
1.539553219
0.882580541
0.882580541
0.882580541
0.882580541
0.882580541
0.882580541
0.882580541
0.882580541
0.882580541
0.882580541
1.264614177
1.264614177
1.264614177
1.264614177
1.256909776
1.829339253
1.829339253
0.6956978605
0.6956978605
1.351815369
1.351815369
1.351815369
1.351815369
1.204125954
1.204125954
1.204125954
1.204125954
1.204125954
1.204125954
1.204125954
0.7589109371
0.7589109371
0.7589109371
0.7589109371
0.7589109371
0.7589109371
0.7589109371
0.7589109371
0.7589109371
0.7589109371
0.7589109371
0.7589109371
0.6673934592
0.6673934592
0.6673934592
1.3123914
1.3123914
0.7232712994
0.7232712994
0.7232712994
1.057313913
1.011611277
1.011611277
1.011611277
1.011611277
1.011611277
1.011611277
0.8218528281
0.913044367
0.913044367
0.913044367
0.913044367
0.913044367
1.907535527
0.3363549365
0.3363549365
0.3363549365
0.3363549365
0.3363549365
0.3363549365
1.179042326
1.347995367
1.347995367
1.347995367
1.347995367
1.045068267
1.045068267
1.045068267
1.045068267
1.045068267
1.681509558
1.681509558
1.681509558
1.681509558
1.268871841
1.268871841
1.268871841
1.268871841
1.268871841
1.492028678
1.152509828
1.152509828
1.152509828
1.152509828
1.025644195
1.025644195
1.025644195
1.025644195
1.025644195
1.025644195
1.025644195
1.025644195
1.025644195
1.025644195
1.025644195
1.025644195
1.025644195
1.025644195
1.028208518
1.028208518
1.028208518
1.028208518
1.028208518
0.5720264714
0.5720264714
1.501199096
0.5205297652
1.173769183
1.173769183
1.173769183
1.173769183
1.173769183
0.9513248567
0.9513248567
0.9513248567
0.9513248567
-0.02126970793
-0.02126970793
1.336150482
1.336150482
0.4509644646
0.4509644646
0.4509644646
0.4509644646
0.4509644646
0.4509644646
0.4509644646
0.4509644646
0.4509644646
0.4509644646
0.4509644646
0.4509644646
0.4509644646
0.4509644646
0.4509644646
1.715376551
1.715376551
1.715376551
1.173065365
1.173065365
1.173065365
1.689214991
0.9309302707
0.9309302707
0.9309302707
0.9309302707
0.9309302707
0.9309302707
0.9309302707
0.9309302707
0.9309302707
0.9309302707
0.9309302707
0.9309302707
0.9106572647
0.9106572647
0.9106572647
0.9106572647
0.9106572647
0.9106572647
0.9106572647
0.9106572647
0.9106572647
0.9106572647
0.9106572647
0.9106572647
0.9106572647
0.9106572647
1.059650472
0.8750416494
0.06861749513
0.06861749513
0.06861749513
1.36398391
1.36398391
1.36398391
0.4875199977
0.4875199977
0.4875199977
0.4875199977
0.6429764145
0.6429764145
0.6429764145
0.6429764145
0.3403166874
0.3403166874
0.3403166874
0.3403166874
0.3403166874
1.581476001
1.581476001
1.581476001
1.670724967
1.670724967
1.670724967
1.156731244
1.156731244
1.156731244
0.8014405924
0.6014788647
1.113444776
1.113444776
1.113444776
1.145602003
1.273579483
1.273579483
1.273579483
1.273579483
1.273579483
0.8385951242
0.8385951242
0.9813300112
0.9813300112
0.9813300112
0.9813300112
0.9813300112
0.9813300112
0.9813300112
0.9813300112
1.036135785
1.036135785
1.036135785
1.036135785
1.036135785
1.036135785
1.036135785
1.036135785
1.036135785
1.036135785
1.036135785
1.036135785
1.036135785
1.036135785
1.036135785
1.036135785
1.036135785
1.036135785
1.036135785
1.036135785
0.9960482521
1.823564151
1.823564151
1.823564151
1.823564151
1.823564151
1.823564151
1.823564151
0.3164609516
0.3164609516
0.3164609516
0.3164609516
0.3164609516
0.3164609516
0.3164609516
-0.03332702576
-0.03332702576
-0.03332702576
-0.03332702576
-0.03332702576
0.9208824497
0.9208824497
0.9208824497
0.9208824497
0.9208824497
0.9208824497
0.9208824497
0.9208824497
1.371860699
1.172147345
1.172147345
1.172147345
1.172147345
1.172147345
1.172147345
1.172147345
0.7788668915
0.7788668915
0.7788668915
0.7788668915
0.7788668915
0.7788668915
0.7788668915
0.7788668915
0.7788668915
1.329708778
1.329708778
1.329708778
1.329708778
1.329708778
1.329708778
0.665522547
0.665522547
0.665522547
0.665522547
0.665522547
0.665522547
0.665522547
0.665522547
0.665522547
0.665522547
0.665522547
0.665522547
0.665522547
0.665522547
0.665522547
0.665522547
0.665522547
0.665522547
0.665522547
0.665522547
0.6815544187
0.6815544187
0.6815544187
0.6815544187
0.6815544187
0.6815544187
0.6815544187
0.6815544187
0.6815544187
0.6815544187
0.6815544187
0.6815544187
2.535981638
1.200683065
1.200683065
1.513428045
1.513428045
1.513428045
1.513428045
1.513428045
1.513428045
1.127098814
1.127098814
1.127098814
1.029977445
1.029977445
1.029977445
1.029977445
1.029977445
1.029977445
1.029977445
1.029977445
1.029977445
0.6979437358
0.6979437358
0.6979437358
0.6979437358
0.6979437358
0.5995959378
0.5995959378
0.5995959378
0.5995959378
0.5995959378
0.5995959378
0.5995959378
0.5995959378
1.381528401
1.381528401
1.381528401
1.277077019
1.277077019
1.277077019
1.277077019
1.277077019
1.277077019
1.277077019
1.277077019
1.40458773
0.5484318036
0.4274090106
0.4274090106
0.4274090106
0.4274090106
1.15006319
1.15006319
1.15006319
0.7030250546
0.7030250546
0.2064398281
0.2064398281
0.4844984726
0.4844984726
0.2338870338
0.2338870338
0.7695144331
1.762649825
1.762649825
1.762649825
0.3360664254
0.3360664254
0.3360664254
0.5680026521
0.5680026521
0.5680026521
0.5680026521
0.5680026521
0.5680026521
0.5680026521
0.5680026521
1.463767365
1.463767365
-0.08760496032
2.172532244
-0.218607354
-0.218607354
1.017004245
1.017004245
1.017004245
1.017004245
1.017004245
1.017004245
1.017004245
1.001785324
1.001785324
0.6518526095
0.6518526095
1.371549758
1.371549758
1.351124725
1.351124725
1.351124725
1.351124725
1.351124725
1.351124725
1.351124725
1.598488898
1.598488898
1.598488898
1.598488898
1.598488898
1.567408215
1.567408215
1.567408215
1.567408215
1.567408215
0.05153090376
0.05153090376
1.208311109
1.208311109
1.208311109
1.601202837
1.601202837
1.601202837
1.601202837
1.601202837
1.601202837
1.601202837
1.024923919
1.024923919
1.024923919
1.024923919
0.7053559133
0.7053559133
0.7053559133
1.598020265
1.598020265
1.598020265
1.598020265
1.598020265
1.598020265
1.442972908
1.442972908
1.442972908
1.34108389
1.34108389
1.34108389
1.225702577
1.225702577
1.225702577
1.061042033
1.061042033
1.061042033
1.061042033
1.061042033
0.8990155316
0.8990155316
0.8990155316
0.8990155316
0.8990155316
0.8990155316
0.8990155316
0.8990155316
0.8990155316
0.8990155316
0.4847250875
1.027298981
1.027298981
1.027298981
1.027298981
1.027298981
1.027298981
1.027298981
1.027298981
1.027298981
1.027298981
1.027298981
1.027298981
1.027298981
1.123220034
0.9654008851
0.9654008851
0.730591619
0.730591619
0.730591619
0.730591619
0.730591619
0.730591619
0.730591619
0.730591619
0.730591619
0.730591619
0.730591619
1.579162712
1.579162712
1.30310779
1.30310779
1.30310779
1.30310779
1.30310779
1.30310779
1.329956701
1.329956701
0.5453723779
0.5453723779
0.9983650452
0.9983650452
0.9983650452
0.9983650452
0.9983650452
0.9983650452
0.9983650452
0.9983650452
0.9983650452
0.9983650452
0.9983650452
0.9983650452
0.9983650452
0.9983650452
0.9983650452
0.9983650452
0.9983650452
0.9983650452
0.9983650452
0.9983650452
0.9983650452
1.443723606
1.443723606
1.443723606
1.443723606
1.443723606
0.3489341452
-0.2694100224
-0.2694100224
1.53658297
1.53658297
1.53658297
1.53658297
1.53658297
0.9617281495
0.9617281495
0.9617281495
0.9617281495
0.9617281495
1.600225013
1.234848504
1.234848504
1.234848504
0.5929562783
0.5929562783
0.5929562783
0.5929562783
0.5929562783
0.7709492274
0.7709492274
0.7709492274
0.7709492274
0.7709492274
-0.3438935738
-0.3438935738
0.9416864981
0.2439865011
0.2439865011
0.6164585865
1.686445844
1.686445844
1.686445844
1.686445844
-0.2775358581
-0.2775358581
-0.2775358581
1.036326351
1.036326351
1.036326351
-0.279150473
-0.279150473
-0.279150473
-0.279150473
-0.279150473
1.63620967
1.63620967
1.671187642
1.671187642
1.671187642
1.671187642
1.671187642
1.671187642
0.8704582483
0.8704582483
0.8704582483
0.8704582483
0.8704582483
0.8704582483
0.8704582483
0.8704582483
0.8704582483
0.8704582483
0.8704582483
0.8704582483
0.8704582483
0.8704582483
0.8704582483
2.147156731
2.147156731
2.542085822
1.510901906
1.510901906
1.510901906
1.510901906
1.510901906
1.510901906
1.510901906
1.510901906
0.7623785781
0.7343132557
1.406542645
1.406542645
1.406542645
1.406542645
1.406542645
1.406542645
1.406542645
1.406542645
1.406542645
1.406542645
1.623184699
1.623184699
1.623184699
1.623184699
2.564813407
2.564813407
0.02489777148
0.5324453244
0.5324453244
0.5324453244
0.5324453244
1.361110845
1.361110845
1.361110845
1.361110845
1.447569133
1.447569133
1.447569133
1.34272975
1.382507504
1.382507504
1.04016182
1.04016182
1.04016182
0.7563166877
0.7563166877
0.7563166877
0.7563166877
0.7563166877
0.7563166877
0.7563166877
0.7563166877
0.7563166877
0.7563166877
0.7563166877
1.175531402
1.175531402
1.198247386
1.198247386
1.198247386
1.744720388
1.821227631
1.821227631
0.4879756583
0.4879756583
0.4183898793
0.4183898793
0.4183898793
0.4183898793
-0.4495363392
1.888639834
1.888639834
1.888639834
1.888639834
1.888639834
1.888639834
0.9574644042
0.9574644042
0.860265374
0.860265374
1.058249589
1.058249589
1.058249589
1.058249589
1.058249589
1.058249589
1.058249589
1.058249589
1.058249589
1.058249589
1.058249589
1.058249589
1.058249589
1.058249589
1.058249589
0.8736895951
1.034312752
1.034312752
1.034312752
1.034312752
1.034312752
1.034312752
1.034312752
1.031260057
0.4121183623
0.4121183623
0.4121183623
0.4121183623
0.3986848482
0.3986848482
0.3986848482
0.5241463824
0.5241463824
0.813215335
0.813215335
1.408552778
1.408552778
1.408552778
1.408552778
1.408552778
1.408552778
1.408552778
1.177800248
1.177800248
1.177800248
1.177800248
1.177800248
0.7701731535
0.7701731535
0.7701731535
0.7701731535
0.7701731535
0.7701731535
0.7701731535
0.7701731535
0.7701731535
0.7701731535
0.7701731535
0.8797045442
0.8797045442
0.8797045442
0.8797045442
0.8797045442
0.8797045442
0.8797045442
0.8797045442
0.8797045442
0.8797045442
0.8184029759
0.8184029759
0.8184029759
0.02376053382
0.02376053382
0.02376053382
0.02376053382
1.775155341
1.775155341
1.775155341
0.475170097
0.475170097
0.475170097
0.475170097
0.475170097
0.475170097
0.475170097
1.774437264
1.774437264
0.4044704837
0.4044704837
0.4044704837
1.141361463
1.141361463
1.141361463
1.141361463
0.9008784847
0.9008784847
0.9008784847
0.9008784847
0.9008784847
0.9008784847
0.9008784847
0.9008784847
0.9008784847
0.9008784847
0.9008784847
1.370326853
1.370326853
1.370326853
1.370326853
2.037367457
0.05595215163
0.05595215163
1.714295792
1.714295792
1.714295792
1.714295792
1.714295792
0.8088908207
0.8088908207
0.8088908207
0.8088908207
0.8088908207
0.8088908207
0.8088908207
0.2304852536
0.2304852536
0.2304852536
0.2304852536
0.2304852536
0.2642710844
1.42301981
1.42301981
1.42301981
1.42301981
0.989876441
0.989876441
0.989876441
0.989876441
0.989876441
0.989876441
1.411233107
1.411233107
1.411233107
1.411233107
1.645437937
0.1438001991
0.1438001991
0.1438001991
0.1438001991
1.666461239
1.666461239
0.9864278546
0.9864278546
0.9864278546
0.9864278546
0.9864278546
0.9864278546
1.175764813
1.175764813
1.175764813
1.175764813
1.175764813
1.175764813
1.725513367
1.725513367
1.725513367
1.725513367
1.725513367
1.725513367
1.598689661
1.794163462
0.9312939477
1.567247213
1.712572361
1.712572361
1.539313154
0.07784224824
0.7643700785
0.7643700785
0.7643700785
0.7643700785
0.7643700785
0.7643700785
1.924128697
1.924128697
1.924128697
1.924128697
1.406600288
1.406600288
1.406600288
1.406600288
1.406600288
1.406600288
1.253390091
1.253390091
1.253390091
1.253390091
1.563182183
1.563182183
1.226239122
1.226239122
1.226239122
1.226239122
1.066608437
1.066608437
1.066608437
1.066608437
1.066608437
1.066608437
1.066608437
1.36593268
1.36593268
1.36593268
1.36593268
1.36593268
1.36593268
1.339231247
1.339231247
1.339231247
1.339231247
1.339231247
1.339231247
1.339231247
1.8353018
1.8353018
1.8353018
1.8353018
1.8353018
1.8353018
1.423024719
1.423024719
1.423024719
1.423024719
1.423024719
1.423024719
-0.08552431695
1.829940303
1.829940303
1.151186516
1.151186516
1.151186516
1.151186516
2.075071061
2.075071061
2.075071061
2.075071061
2.075071061
0.5304212647
0.5304212647
0.5304212647
0.5304212647
0.5304212647
0.5304212647
0.3610274162
0.3610274162
1.852577403
1.852577403
1.852577403
1.852577403
1.852577403
1.852577403
1.852577403
0.4211999008
0.4211999008
0.4211999008
0.4211999008
0.7660643731
0.7660643731
0.7660643731
0.7660643731
0.7660643731
0.7660643731
0.7660643731
0.7660643731
0.7660643731
0.7660643731
0.7660643731
0.7660643731
0.7660643731
0.7660643731
0.7660643731
0.7660643731
0.7660643731
0.899315496
1.630113306
1.630113306
0.2672920026
0.2672920026
1.256255239
0.9817763028
0.9817763028
0.9817763028
0.9817763028
0.9817763028
1.231229004
0.9479645206
0.9479645206
1.160849587
1.160849587
1.160849587
1.160849587
1.160849587
1.160849587
1.160849587
-0.5764550827
-0.5764550827
-0.4200448
1.639291956
1.639291956
1.639291956
0.1652024511
0.1652024511
0.9329819582
0.9329819582
0.9329819582
0.705606453
0.705606453
0.705606453
0.6150307349
1.548527328
1.548527328
1.144074273
1.144074273
1.144074273
1.144074273
1.144074273
1.144074273
0.9425361716
0.9425361716
0.5783054415
0.5783054415
0.3057810258
0.3057810258
0.3057810258
0.3057810258
0.3057810258
0.3057810258
0.3057810258
0.3057810258
0.3057810258
0.3057810258
0.3057810258
0.3057810258
0.3057810258
0.3057810258
1.297141741
1.297141741
1.297141741
1.297141741
1.297141741
1.297141741
1.073039007
1.073039007
1.073039007
1.073039007
1.073039007
1.073039007
1.073039007
1.073039007
1.073039007
0.4932418894
1.634275717
1.634275717
1.634275717
1.596883227
1.596883227
1.369350304
2.014816415
2.014816415
0.6628126031
0.6628126031
0.6628126031
0.6628126031
-0.2695324016
-0.2695324016
-0.2695324016
-0.2695324016
-0.3596191941
0.1606167982
1.112765149
1.112765149
0.8419278511
0.8419278511
0.8419278511
0.8419278511
0.8419278511
0.5769785894
0.6241541617
0.6241541617
0.6241541617
0.6241541617
0.7203904812
0.7203904812
0.7203904812
0.7203904812
0.7203904812
0.7203904812
0.7203904812
0.6279095648
0.6279095648
0.6279095648
0.6649951926
0.6649951926
1.589837234
1.589837234
1.589837234
1.589837234
1.589837234
1.589837234
1.589837234
1.775466002
1.775466002
0.7643487645
0.7643487645
0.7643487645
0.7643487645
1.674354264
1.674354264
2.604825379
2.604825379
2.604825379
2.604825379
1.247967125
1.247967125
1.247967125
1.247967125
1.247967125
1.247967125
1.371704661
1.371704661
1.371704661
0.3604243113
-0.1580202964
1.190263463
1.190263463
1.190263463
0.8610756401
0.8610756401
0.8610756401
0.8286737575
0.8286737575
0.986744545
0.986744545
0.986744545
0.986744545
0.986744545
0.986744545
0.986744545
0.986744545
0.986744545
0.986744545
0.986744545
0.986744545
0.986744545
0.986744545
0.986744545
0.986744545
0.986744545
0.986744545
0.986744545
0.986744545
0.986744545
0.986744545
0.986744545
0.986744545
0.986744545
0.986744545
0.4374122381
0.6546251667
0.6546251667
0.6546251667
1.382753492
1.382753492
1.382753492
1.382753492
0.4844125011
1.490397214
1.490397214
1.490397214
1.223851372
1.223851372
1.223851372
1.223851372
0.4403946868
0.4403946868
0.4403946868
0.4403946868
0.5759223073
0.5759223073
0.5759223073
0.5759223073
0.5759223073
0.4215821308
0.4215821308
0.4215821308
0.4215821308
0.4215821308
0.4215821308
0.4215821308
0.4215821308
0.4215821308
0.4215821308
0.4215821308
0.4215821308
1.626092051
1.626092051
1.626092051
1.626092051
1.129165235
0.8260573024
0.8260573024
0.8260573024
0.8260573024
0.8260573024
0.8260573024
0.8260573024
0.8260573024
0.8260573024
0.8260573024
0.8260573024
1.606602742
1.606602742
1.606602742
1.606602742
0.672905275
0.3332998085
0.3332998085
1.745207621
0.6984597651
0.6984597651
0.6984597651
1.716647727
1.716647727
1.716647727
-0.5184024871
-0.4725511005
-0.4725511005
0.06497570337
0.1660605866
0.1660605866
2.030887253
2.030887253
2.030887253
2.030887253
2.030887253
2.030887253
2.030887253
2.030887253
2.030887253
2.057675655
2.184232175
2.413071758
2.413071758
2.413071758
1.525377245
1.525377245
1.305220618
1.305220618
1.305220618
1.305220618
1.305220618
1.305220618
1.305220618
1.305220618
1.305220618
1.305220618
1.305220618
1.305220618
1.305220618
1.305220618
1.305220618
1.305220618
1.305220618
1.305220618
1.305220618
1.305220618
1.305220618
1.305220618
1.305220618
0.2792446281
0.3470027273
0.3470027273
0.3470027273
0.3470027273
0.3470027273
0.3470027273
0.5053100082
0.5053100082
0.5053100082
0.5532154311
0.5532154311
0.5532154311
0.5532154311
0.5532154311
1.441076838
1.441076838
1.441076838
1.441076838
1.441076838
1.441076838
1.441076838
1.441076838
1.441076838
1.441076838
0.0653147927
0.1023504015
0.6211599012
0.6211599012
0.5194595206
0.5194595206
0.5194595206
0.5194595206
0.5194595206
0.5194595206
0.5194595206
0.5194595206
0.5271028592
0.5271028592
0.5271028592
0.5271028592
0.5271028592
0.5271028592
0.3597093088
0.3597093088
0.3597093088
0.3597093088
0.3597093088
0.3597093088
0.3597093088
1.107712111
1.107712111
1.107712111
1.107712111
0.7810280451
0.7810280451
1.214683107
1.214683107
1.214683107
1.214683107
1.214683107
1.214683107
0.9524427179
0.9524427179
0.9524427179
0.9524427179
0.9524427179
0.9524427179
0.9524427179
0.9524427179
0.9524427179
0.9524427179
0.9524427179
0.9524427179
0.9524427179
0.9524427179
0.9524427179
0.9524427179
0.9524427179
0.9524427179
0.9524427179
0.9524427179
0.9524427179
0.9524427179
0.9524427179
0.9524427179
0.9524427179
0.9524427179
0.9524427179
0.9524427179
0.9524427179
0.9524427179
0.9524427179
0.9524427179
0.9524427179
0.9309020792
0.9309020792
0.9309020792
0.9309020792
0.9309020792
0.9309020792
0.9309020792
0.9309020792
0.9309020792
0.9309020792
0.9309020792
0.9309020792
0.9309020792
1.08577905
1.08577905
0.9757441077
0.9757441077
0.9757441077
0.1949019746
0.7087490308
0.7087490308
0.7087490308
0.7087490308
0.7087490308
1.244152847
1.244152847
1.244152847
1.244152847
1.74484206
1.74484206
1.74484206
1.74484206
1.74484206
1.74484206
1.732718334
0.2288031323
0.9064581434
0.9064581434
0.9064581434
0.763544825
0.763544825
0.763544825
0.5241741611
0.5241741611
0.5241741611
0.5241741611
1.815608673
1.815608673
1.815608673
1.815608673
1.815608673
1.815608673
1.815608673
1.122680074
1.122680074
1.122680074
1.370136513
0.3050843571
0.3050843571
0.3050843571
0.3050843571
0.8337244172
0.8337244172
0.8337244172
1.627705513
1.627705513
1.627705513
1.627705513
1.627705513
1.627705513
1.627705513
1.627705513
1.627705513
1.627705513
1.627705513
1.627705513
1.627705513
1.627705513
1.627705513
1.627705513
1.627705513
1.627705513
1.627705513
1.627705513
1.627705513
1.627705513
1.627705513
1.627705513
0.9913734666
0.3493460434
0.3493460434
0.3493460434
1.538130268
2.206940891
2.206940891
2.206940891
2.206940891
2.206940891
2.206940891
0.3790212013
0.3790212013
0.3790212013
0.3858520223
0.3858520223
0.3858520223
1.574764991
1.574764991
1.574764991
1.574764991
1.574764991
1.574764991
1.574764991
1.574764991
1.574764991
1.574764991
1.574764991
1.574764991
1.574764991
1.574764991
1.574764991
1.574764991
1.574764991
1.574764991
1.574764991
1.574764991
1.506558997
1.506558997
1.506558997
-0.311042669
-0.3434130163
-0.3434130163
-0.4734978759
-0.4734978759
-0.4734978759
-0.3695915483
-0.6408725038
0.7174788278
0.7174788278
0.7174788278
0.7174788278
0.9312650479
0.7593735763
0.7593735763
0.7593735763
0.7593735763
0.7593735763
0.7593735763
0.7593735763
0.7593735763
0.7593735763
1.713922642
0.5565463166
0.5565463166
0.7367458413
0.7367458413
0.7367458413
0.7367458413
0.6297923915
0.6297923915
0.6297923915
0.6297923915
0.6297923915
0.1181472452
0.1181472452
0.9289819223
0.9289819223
0.9289819223
1.373708552
1.373708552
1.373708552
1.373708552
1.373708552
0.8118433209
0.8118433209
1.350255201
1.350255201
1.812774339
1.812774339
0.1935301897
0.1935301897
0.1935301897
0.1935301897
0.1935301897
0.1935301897
1.552358783
1.552358783
1.552358783
1.552358783
1.552358783
1.552358783
1.552358783
1.552358783
1.240555816
1.029585431
1.029585431
1.029585431
1.240181068
1.240181068
1.832266771
1.832266771
1.64667957
1.64667957
0.8997833235
1.585604138
1.585604138
1.585604138
1.585604138
1.585604138
1.585604138
1.585604138
1.585604138
1.585604138
1.585604138
1.585604138
1.653760277
1.653760277
1.653760277
1.653760277
1.653760277
1.653760277
1.653760277
1.653760277
1.653760277
1.653760277
0.4519309287
0.4519309287
0.4519309287
0.4519309287
0.4519309287
1.899910466
1.899910466
1.899910466
1.899910466
1.899910466
1.899910466
1.899910466
1.899910466
-0.1150842112
-0.1150842112
0.7073427868
0.7073427868
0.7073427868
0.7073427868
0.7073427868
0.7073427868
0.7073427868
0.5960540463
0.5960540463
0.04047217076
1.622438217
1.622438217
1.622438217
1.622438217
1.622438217
1.860411999
1.193066481
1.193066481
1.193066481
1.193066481
0.08309652241
0.08309652241
0.08309652241
0.08309652241
0.08309652241
0.08179277026
0.08179277026
0.08179277026
0.08179277026
0.08179277026
0.08179277026
0.08179277026
-0.2107085343
0.4424853998
0.4424853998
0.4424853998
0.4424853998
0.4424853998
0.4424853998
1.028500073
1.028500073
1.028500073
1.296164024
1.296164024
1.296164024
1.296164024
1.296164024
1.296164024
1.296164024
1.296164024
1.296164024
1.296164024
1.296164024
1.296164024
1.296164024
1.296164024
0.7820453653
0.7820453653
0.7820453653
0.7820453653
0.7820453653
0.7820453653
0.7820453653
0.7820453653
1.91681967
1.91681967
1.91681967
1.91681967
1.91681967
1.91681967
1.91681967
1.91681967
1.91681967
1.965176749
1.965176749
1.965176749
1.965176749
0.8623575469
0.8623575469
0.09591450575
1.530233763
0.4302752792
0.4302752792
1.522027678
1.522027678
1.522027678
1.522027678
-0.09931936709
2.249488714
2.249488714
2.249488714
0.1380857404
0.1380857404
0.1380857404
0.1380857404
0.1380857404
0.1380857404
0.1380857404
0.1380857404
0.1380857404
0.1380857404
0.1380857404
0.1380857404
0.1380857404
1.322300528
1.322300528
0.8224236236
0.8224236236
0.8224236236
0.8224236236
0.370589076
0.4503622404
1.466100035
0.9943059487
0.9943059487
0.9943059487
0.9943059487
1.202815903
1.202815903
1.202815903
1.202815903
1.202815903
1.202815903
1.202815903
0.8677841703
0.9994066612
1.048934428
1.048934428
1.048934428
1.048934428
1.048934428
1.048934428
1.048934428
1.048934428
1.048934428
0.8685894679
1.605291967
1.449930406
1.449930406
1.449930406
1.449930406
0.6875686711
0.6875686711
0.002213349641
0.002213349641
0.002213349641
0.002213349641
1.118443784
1.118443784
0.4865303683
0.4865303683
0.4865303683
0.4865303683
0.4865303683
0.4865303683
0.1852171884
0.1852171884
0.1852171884
0.4234092908
0.4234092908
0.4234092908
0.4234092908
0.3880981587
1.474589353
0.8437550123
0.8437550123
0.8437550123
0.8437550123
1.02549229
1.02549229
1.02549229
1.02549229
1.02549229
1.02549229
1.02549229
1.02549229
1.02549229
1.02549229
1.02549229
1.02549229
1.02549229
1.02549229
0.6975731316
0.6975731316
0.6975731316
0.6975731316
0.8363493351
0.8363493351
0.8363493351
0.990085959
0.990085959
0.990085959
0.990085959
0.1710893982
0.1710893982
-0.03313106899
0.3731830665
0.3731830665
0.3731830665
0.3731830665
0.7039651182
0.7039651182
1.361049732
1.128121649
1.128121649
1.128121649
1.128121649
2.045123409
2.045123409
0.6885993977
0.6885993977
0.6885993977
0.6885993977
0.6885993977
0.6885993977
0.6885993977
0.6885993977
0.6885993977
0.6885993977
1.309127491
1.309127491
1.309127491
0.4766143877
0.4766143877
0.4766143877
0.4766143877
0.4766143877
1.224744043
1.224744043
1.224744043
0.7796950629
0.5778476103
0.5778476103
0.5778476103
0.5778476103
0.5778476103
0.5778476103
0.5778476103
1.390658226
1.390658226
1.390658226
1.390658226
1.570366055
1.570366055
1.570366055
0.9544842136
0.9544842136
0.9544842136
0.9544842136
1.991853998
1.991853998
1.534070896
1.534070896
1.534070896
0.777650065
0.777650065
0.2186613415
0.6954099299
0.6954099299
1.452133594
1.452133594
1.452133594
0.8560298938
0.8560298938
0.8560298938
0.8560298938
0.5007091034
0.5007091034
0.5007091034
0.575993338
0.575993338
0.575993338
0.575993338
0.575993338
0.575993338
0.575993338
0.575993338
0.9916214788
0.9916214788
0.9916214788
0.9916214788
0.9916214788
0.9916214788
0.9916214788
0.9916214788
0.9916214788
0.9916214788
0.9916214788
1.410896998
1.410896998
1.410896998
1.410896998
0.8721230791
0.8721230791
0.8721230791
0.8721230791
0.869505334
0.869505334
1.422273041
1.422273041
1.422273041
1.422273041
1.422273041
1.422273041
1.11023061
1.11023061
1.11023061
1.199828223
0.1654871797
1.62755993
1.62755993
1.62755993
1.62755993
1.093570641
1.093570641
1.093570641
0.9122669585
1.688178422
1.688178422
0.4776849123
0.4776849123
1.472383725
1.472383725
1.472383725
1.472383725
1.472383725
1.472383725
0.7552931316
0.7552931316
1.878540921
1.757456403
1.757456403
1.757456403
2.257612813
2.257612813
2.257612813
2.257612813
2.257612813
2.006320715
2.006320715
0.5353898135
0.5353898135
0.5353898135
0.5353898135
0.1302772572
0.1302772572
0.1302772572
1.750300569
1.750300569
1.750300569
1.750300569
1.750300569
0.3730490478
0.3730490478
0.3730490478
0.3730490478
0.3730490478
0.3730490478
0.3730490478
0.3730490478
0.3730490478
0.3730490478
0.9613809029
0.9613809029
0.9613809029
0.9613809029
0.9613809029
1.292353014
0.9039067866
0.9039067866
0.9039067866
0.9039067866
0.9039067866
0.9039067866
0.9039067866
0.9039067866
0.9039067866
0.9039067866
0.9039067866
0.9039067866
0.9039067866
0.9039067866
0.9039067866
1.812082485
1.812082485
1.812082485
0.8499363101
0.8499363101
0.8499363101
0.8499363101
0.8499363101
0.1810801013
0.07853557413
0.07853557413
0.07853557413
0.07853557413
0.07853557413
0.07853557413
1.064475149
1.064475149
-0.6420225036
2.708085725
2.708085725
2.708085725
1.30500217
0.9136187465
0.2177489485
0.2177489485
0.2177489485
0.4918734781
0.4918734781
0.4918734781
0.4918734781
1.900797953
1.900797953
1.900797953
1.900797953
1.900797953
1.900797953
1.017805172
1.017805172
1.017805172
1.268353936
1.268353936
0.8722447111
0.8722447111
0.8722447111
0.8722447111
0.8722447111
0.8722447111
0.8722447111
0.8722447111
0.8722447111
0.8722447111
0.8722447111
0.9982874424
0.9982874424
0.9982874424
0.9982874424
0.9982874424
0.9982874424
0.9982874424
0.9982874424
0.9982874424
0.275017812
0.275017812
0.275017812
0.275017812
0.275017812
1.297683006
1.297683006
1.297683006
1.297683006
1.297683006
1.297683006
1.297683006
1.297683006
1.297683006
1.297683006
0.8529996268
0.8529996268
0.8529996268
0.8529996268
0.8529996268
0.8529996268
0.8529996268
0.8529996268
0.8529996268
0.8529996268
0.8529996268
0.8529996268
1.428831067
1.428831067
1.428831067
1.428831067
1.428831067
1.428831067
1.428831067
1.428831067
1.428831067
1.428831067
0.8632179937
1.457407902
1.457407902
1.457407902
1.457407902
1.457407902
1.457407902
0.4654984617
0.4654984617
1.508314926
1.508314926
1.508314926
1.508314926
1.508314926
1.508314926
1.508314926
1.026303625
1.026303625
1.026303625
1.026303625
0.5075014748
0.634718532
0.634718532
0.634718532
0.634718532
2.001564917
2.001564917
2.001564917
2.001564917
2.001564917
2.001564917
2.001564917
2.312267616
0.8916726484
0.8916726484
0.8916726484
0.8916726484
0.8916726484
0.8916726484
0.8916726484
0.8916726484
0.8916726484
1.286086166
1.286086166
1.286086166
1.286086166
1.286086166
1.292513541
0.3801356545
0.3801356545
0.3801356545
0.3801356545
0.3801356545
0.3801356545
1.445455021
0.9436332839
0.9436332839
0.9436332839
0.9436332839
0.9436332839
0.9436332839
0.9436332839
0.9436332839
0.9436332839
0.9436332839
0.9436332839
0.9436332839
0.9436332839
1.815364137
1.906850199
1.906850199
1.144767768
1.144767768
1.144767768
1.144767768
1.144767768
1.181394547
1.181394547
1.181394547
1.181394547
1.181394547
1.181394547
1.181394547
0.8970826103
0.8970826103
0.8970826103
0.8970826103
0.8970826103
0.8970826103
1.015437892
1.015437892
1.015437892
1.015437892
1.015437892
1.015437892
1.015437892
1.015437892
0.6174034233
0.6174034233
0.6174034233
0.6174034233
0.6174034233
0.6174034233
1.763382396
0.4745305001
0.4745305001
0.4745305001
1.561073598
1.561073598
1.366778319
1.366778319
0.8235416965
0.8235416965
0.8235416965
0.8235416965
0.8235416965
0.8235416965
0.8235416965
0.8235416965
0.8235416965
0.8235416965
0.8235416965
0.8226215913
0.8226215913
1.818311751
1.818311751
1.818311751
1.818311751
1.818311751
0.4296387557
0.4296387557
0.4296387557
0.4296387557
0.4296387557
1.303742623
0.5638988589
0.5638988589
0.5638988589
1.55726515
1.55726515
0.8144189576
1.281604143
1.281604143
1.281604143
1.281604143
1.576582155
1.576582155
1.576582155
1.576582155
1.355758409
1.430771459
1.430771459
1.322742532
1.322742532
1.322742532
1.322742532
1.322742532
1.322742532
1.322742532
1.322742532
1.322742532
1.322742532
1.322742532
1.322742532
1.322742532
1.322742532
1.322742532
1.322742532
1.322742532
1.322742532
1.322742532
1.322742532
1.322742532
1.322742532
1.322742532
1.322742532
1.322742532
1.322742532
1.322742532
1.322742532
1.322742532
1.692174221
1.692174221
1.692174221
1.692174221
1.692174221
1.692174221
1.692174221
1.692174221
1.692174221
1.692174221
1.692174221
0.8382010403
-0.6216500317
-0.6216500317
-0.6216500317
-0.6216500317
-0.6216500317
-0.6216500317
0.2665351607
0.2665351607
0.2665351607
0.2665351607
0.2665351607
0.3232928284
1.256671405
1.256671405
0.5997259283
0.5997259283
0.2057673277
0.1726364579
0.1726364579
0.1726364579
0.1726364579
0.1726364579
0.602675001
1.104711117
1.104711117
0.9103708025
0.9103708025
0.9103708025
0.9103708025
0.9103708025
0.9103708025
0.9103708025
0.9103708025
0.9103708025
1.647248699
1.647248699
1.298357735
1.298357735
1.298357735
0.7747163792
0.7747163792
0.7747163792
0.7747163792
0.7747163792
0.7747163792
0.7747163792
1.38638983
1.211585468
0.8266193807
0.8266193807
1.154447426
1.379559682
1.379559682
1.379559682
1.684971397
1.684971397
1.684971397
1.684971397
1.684971397
1.684971397
0.6698674873
0.6698674873
0.6698674873
0.6698674873
0.6698674873
0.1606785112
0.1606785112
0.1606785112
1.510847308
1.510847308
1.510847308
1.510847308
1.510847308
1.510847308
1.544870838
1.544870838
1.544870838
1.544870838
1.544870838
1.544870838
1.544870838
1.544870838
1.544870838
1.544870838
1.056318068
1.056318068
0.6339113986
0.6759582572
0.6759582572
0.6759582572
0.6759582572
1.74382335
1.807084971
1.807084971
1.179344354
1.179344354
1.179344354
0.6641906013
1.294694527
1.294694527
1.015173683
1.015173683
1.015173683
1.20269214
1.20269214
1.20269214
1.20269214
1.20269214
1.20269214
1.301806944
1.301806944
1.301806944
1.301806944
1.301806944
1.301806944
1.301806944
1.301806944
1.301806944
1.301806944
1.301806944
1.301806944
1.301806944
1.301806944
1.301806944
1.301806944
1.301806944
0.5400631529
0.5400631529
0.5400631529
0.5400631529
0.5400631529
0.5400631529
0.5400631529
0.5400631529
0.5400631529
0.5400631529
0.5400631529
0.5400631529
0.5350473252
0.5350473252
0.5350473252
0.5350473252
2.118315977
2.118315977
2.118315977
1.000962194
1.000962194
1.000962194
0.7728094084
0.7728094084
0.7728094084
0.7728094084
0.7728094084
0.7728094084
0.7728094084
0.7728094084
0.9829486289
0.9829486289
0.9829486289
0.9829486289
0.9829486289
0.9829486289
0.9829486289
0.9829486289
0.9829486289
0.9829486289
0.9829486289
0.9829486289
0.9829486289
0.9829486289
1.011421189
1.011421189
1.011421189
1.011421189
1.011421189
1.011421189
1.011421189
1.011421189
1.011421189
1.011421189
1.011421189
1.011421189
1.011421189
1.011421189
1.011421189
1.492374267
0.8537935048
0.8537935048
0.8537935048
0.8537935048
0.8537935048
0.8537935048
0.8537935048
0.8537935048
0.7423861888
0.7423861888
1.409839033
1.409839033
1.409839033
0.6886810396
1.435256864
1.435256864
1.235977354
1.235977354
1.235977354
1.235977354
1.235977354
1.235977354
1.235977354
-0.5315376087
0.811921546
1.490778143
1.497090719
1.497090719
1.651211154
1.651211154
1.651211154
1.651211154
1.651211154
1.255785778
1.255785778
1.255785778
1.255785778
1.255785778
1.255785778
0.980450737
0.980450737
0.980450737
1.434378129
1.320019806
0.2921787214
0.2921787214
0.2921787214
0.2768982421
0.2768982421
0.3569492097
0.3569492097
0.3569492097
0.3569492097
0.3569492097
1.920344798
1.920344798
1.920344798
0.291778941
0.291778941
0.291778941
0.291778941
1.709275997
1.709275997
0.6648867179
0.6648867179
0.9983400351
0.9983400351
1.931218815
1.931218815
1.183202129
1.183202129
1.183202129
1.183202129
1.183202129
1.183202129
1.183202129
1.183202129
1.183202129
1.183202129
1.183202129
0.7311638076
1.609692759
1.609692759
1.609692759
1.609692759
1.609692759
1.55117322
1.55117322
1.55117322
1.55117322
1.55117322
1.524664088
1.524664088
1.524664088
1.524664088
1.643970612
1.15999993
1.15999993
1.15999993
1.15999993
0.6167690693
0.6167690693
1.106274726
1.106274726
1.106274726
1.106274726
1.30422925
1.30422925
1.30422925
1.30422925
1.30422925
0.8903300162
-0.03865820119
-0.03865820119
-0.03865820119
0.510959999
0.510959999
0.510959999
0.510959999
0.510959999
0.510959999
0.510959999
0.510959999
0.510959999
0.510959999
0.510959999
0.510959999
0.510959999
1.501760088
1.501760088
1.501760088
1.911662989
1.911662989
2.018151937
1.585891855
1.585891855
1.028792259
1.028792259
1.028792259
1.028792259
2.129661858
2.129661858
2.129661858
2.129661858
0.8694764856
0.8694764856
0.8694764856
0.8694764856
0.8694764856
0.8694764856
0.8694764856
0.8694764856
0.8694764856
0.8694764856
0.8694764856
0.8694764856
0.8694764856
1.87289615
0.720500804
0.720500804
1.042673469
1.042673469
1.042673469
1.042673469
1.042673469
1.042673469
1.042673469
1.042673469
1.042673469
1.042673469
0.4559504353
0.4559504353
0.4559504353
0.4559504353
1.627286996
1.627286996
1.627286996
1.627286996
1.627286996
1.627286996
1.627286996
1.627286996
1.627286996
1.627286996
1.627286996
1.627286996
1.627286996
1.627286996
1.627286996
1.627286996
1.627286996
1.627286996
1.627286996
1.627286996
1.627286996
1.627286996
1.627286996
1.627286996
1.627286996
1.627286996
1.627286996
1.627286996
-0.08416981447
-0.08416981447
-0.08416981447
-0.08416981447
0.360690643
0.360690643
1.250739312
1.250739312
1.250739312
1.250739312
1.250739312
1.250739312
0.7764790222
0.7764790222
0.7764790222
0.7764790222
0.7764790222
0.9123554075
0.9123554075
0.9123554075
0.9123554075
0.4352389874
0.8157322637
0.8157322637
0.8157322637
1.110769122
1.110769122
1.110769122
1.110769122
1.110769122
1.110769122
0.6000418844
0.6000418844
0.6000418844
0.6000418844
0.6000418844
0.7852016725
0.7852016725
0.7852016725
0.7852016725
0.7852016725
0.7852016725
0.7852016725
0.7852016725
0.7852016725
0.7852016725
0.7852016725
0.7852016725
0.7852016725
0.7852016725
0.7852016725
0.7852016725
0.7852016725
0.7852016725
0.7852016725
0.7852016725
0.7852016725
0.7852016725
0.7852016725
0.9977718918
0.8292861137
0.8292861137
0.4583208537
0.4583208537
0.4583208537
0.4583208537
0.4583208537
0.4583208537
0.4583208537
0.4583208537
0.4583208537
0.4583208537
0.4583208537
1.274148779
1.274148779
1.274148779
1.046016056
1.046016056
1.046016056
1.046016056
1.046016056
0.519708856
0.05011636358
0.05011636358
1.056793425
1.056793425
1.056793425
1.122459061
1.122459061
1.122459061
1.943923082
1.943923082
1.943923082
0.9074056342
0.9074056342
0.9074056342
0.9074056342
0.9074056342
0.9074056342
0.4392655962
0.4392655962
0.4392655962
1.533819495
1.533819495
1.533819495
1.533819495
1.533819495
1.533819495
0.8616358622
0.8616358622
0.8616358622
1.352001315
0.8095969641
0.8095969641
0.8095969641
0.7873554235
0.1082108444
0.1082108444
1.013977434
1.372291645
1.372291645
1.372291645
1.372291645
1.372291645
1.372291645
1.372291645
1.372291645
1.372291645
1.372291645
1.372291645
1.372291645
1.538295264
1.538295264
1.538295264
1.538295264
1.538295264
1.145098052
1.145098052
1.145098052
1.145098052
1.145098052
1.997937878
1.997937878
1.997937878
1.451670828
1.451670828
1.451670828
1.553203082
1.553203082
1.553203082
1.553203082
0.9567622305
0.9567622305
0.9567622305
0.9567622305
0.9567622305
0.9567622305
0.9567622305
0.9567622305
0.9567622305
0.9567622305
1.375473979
1.375473979
1.375473979
0.4903528886
0.4903528886
1.317332882
1.317332882
1.317332882
2.015409596
2.015409596
1.386603316
1.386603316
0.6538742874
0.6538742874
0.6538742874
1.298630546
1.298630546
1.298630546
1.298630546
1.298630546
0.9396772623
1.480689412
1.480689412
1.480689412
1.480689412
1.480689412
1.480689412
1.480689412
1.480689412
1.480689412
1.524108272
1.524108272
0.9672437221
0.9672437221
0.2038571301
0.7519041438
0.7519041438
0.7519041438
0.7519041438
0.7519041438
1.443495583
1.443495583
1.443495583
1.443495583
1.443495583
1.443495583
1.658348072
1.658348072
1.658348072
1.658348072
1.658348072
1.658348072
1.822791361
1.752765777
1.752765777
1.752765777
1.752765777
1.752765777
1.752765777
1.752765777
1.752765777
1.752765777
1.752765777
1.752765777
1.193763601
1.193763601
1.193763601
0.4850481657
0.4850481657
0.4850481657
0.4850481657
0.4850481657
0.4850481657
0.4850481657
0.4850481657
0.002457112185
0.002457112185
0.002457112185
1.306165972
1.306165972
1.306165972
1.306165972
1.306165972
1.306165972
1.306165972
1.306165972
1.050966573
1.050966573
1.050966573
1.050966573
1.050966573
1.050966573
1.129898277
1.129898277
1.129898277
1.129898277
1.129898277
1.129898277
1.164950436
1.164950436
1.164950436
1.164950436
1.164950436
1.164950436
1.164950436
0.790789118
0.790789118
0.790789118
0.790789118
0.790789118
0.790789118
0.790789118
0.790789118
0.790789118
1.125013453
1.125013453
1.125013453
1.125013453
1.125013453
1.125013453
0.96529685
0.96529685
0.96529685
1.479712244
1.479712244
1.479712244
0.275646661
0.2660192733
0.3671718525
0.3671718525
0.3671718525
0.3671718525
0.3671718525
0.3671718525
0.3671718525
0.246640915
1.365033698
1.365033698
1.027318599
1.027318599
1.027318599
1.027318599
1.027318599
1.027318599
1.027318599
1.027318599
1.027318599
1.027318599
1.139498504
1.139498504
1.139498504
1.139498504
1.775434084
1.775434084
1.626368632
1.626368632
1.626368632
1.251794203
1.251794203
1.251794203
1.251794203
1.251794203
1.251794203
1.251794203
1.251794203
1.251794203
1.251794203
1.251794203
1.251794203
1.251794203
0.5631543145
0.7753488277
0.7753488277
0.7753488277
0.7753488277
0.7753488277
0.7753488277
0.7753488277
0.7753488277
0.7753488277
0.7753488277
0.548372934
0.548372934
0.548372934
0.548372934
0.7243838452
0.7243838452
1.0307525
1.0307525
1.0307525
1.490264741
1.490264741
1.490264741
0.5556494714
0.5556494714
1.625748159
1.889954405
1.889954405
1.889954405
1.889954405
0.4723693928
0.4723693928
0.4723693928
0.4723693928
1.117179613
1.117179613
1.117179613
1.117179613
1.117179613
1.117179613
0.8834364786
0.7689064214
0.7689064214
0.7689064214
0.7689064214
0.9528261095
0.9528261095
0.9528261095
0.820689345
0.820689345
0.6636695588
0.5990986121
0.191980015
0.191980015
0.191980015
0.191980015
0.191980015
0.191980015
0.191980015
0.191980015
0.191980015
2.013387253
0.7487903671
0.7487903671
0.7487903671
0.3551230038
0.3551230038
0.3551230038
0.3551230038
0.7963267217
0.7963267217
0.7963267217
0.7963267217
0.7963267217
0.7963267217
0.7963267217
0.7963267217
1.046499619
1.435707854
1.435707854
1.435707854
1.024757732
1.024757732
1.024757732
1.024757732
1.163508507
1.163508507
1.163508507
1.163508507
1.163508507
1.163508507
1.355112076
1.355112076
1.355112076
1.350144363
1.350144363
1.350144363
1.350144363
1.350144363
1.350144363
1.350144363
1.673946613
1.673946613
1.673946613
1.673946613
1.673946613
1.673946613
1.673946613
1.925928277
1.925928277
1.345108587
1.345108587
1.345108587
1.345108587
0.7402392372
0.7402392372
0.3161282421
0.3161282421
0.3161282421
0.3161282421
0.3161282421
0.3161282421
0.3161282421
0.5463193815
0.5463193815
0.5463193815
0.5463193815
0.5463193815
0.5463193815
0.5463193815
0.5463193815
0.5463193815
0.5463193815
0.5463193815
0.5463193815
0.417817205
0.417817205
0.417817205
0.2313260001
0.2313260001
1.333069387
1.333069387
1.333069387
1.333069387
1.333069387
1.333069387
1.333069387
1.333069387
1.333069387
1.333069387
1.333069387
1.333069387
1.333069387
1.333069387
1.333069387
1.238460095
1.238460095
0.8131706816
0.4171977756
0.4171977756
0.4171977756
0.4171977756
0.4171977756
0.4171977756
0.4171977756
0.4171977756
1.418620342
0.8245840358
0.8245840358
0.8245840358
0.8245840358
0.8245840358
0.8245840358
1.070003335
1.070003335
1.070003335
1.46974366
1.46974366
1.46974366
1.46974366
1.46974366
1.46974366
1.46974366
1.46974366
1.46974366
1.46974366
1.46974366
1.46974366
1.46974366
1.46974366
1.46974366
1.46974366
1.46974366
1.46974366
1.46974366
1.46974366
1.46974366
1.46974366
1.46974366
1.658236315
1.658236315
0.1353320028
0.1353320028
0.1353320028
0.1353320028
2.040176328
2.040176328
2.040176328
1.637954325
1.637954325
1.637954325
1.637954325
1.637954325
1.637954325
1.637954325
0.249229567
0.249229567
0.249229567
0.249229567
0.249229567
0.8848269278
0.8848269278
0.8848269278
0.8848269278
1.400864157
1.400864157
1.400864157
1.400864157
1.400864157
1.400864157
1.822398466
1.290741761
0.0869474405
0.6099537668
0.6099537668
0.6389411384
2.263195516
0.3375740811
1.820417048
1.820417048
0.9097566936
0.9097566936
0.9097566936
0.9097566936
0.9097566936
0.9097566936
0.9097566936
0.9097566936
0.9097566936
0.9097566936
0.9097566936
0.9097566936
0.9097566936
0.9097566936
0.9097566936
0.9097566936
0.9097566936
0.9097566936
0.9097566936
0.9097566936
0.4187241752
0.3655874743
0.3655874743
0.3655874743
0.3655874743
0.3655874743
0.3655874743
0.3655874743
0.3655874743
0.3655874743
0.3655874743
0.3655874743
0.3655874743
0.3655874743
0.3655874743
1.697038679
1.697038679
1.697038679
1.697038679
0.8038167425
0.8038167425
0.8038167425
0.8038167425
0.8038167425
0.8038167425
0.8038167425
0.8038167425
0.01000672878
0.01000672878
0.01000672878
0.2471165862
0.2471165862
0.2471165862
0.2471165862
0.2471165862
0.2471165862
0.8183827275
0.8183827275
0.8183827275
0.8183827275
0.4493072082
0.4493072082
0.4493072082
1.797175402
1.797175402
1.797175402
1.797175402
1.797175402
1.797175402
1.797175402
1.797175402
1.797175402
1.797175402
1.797175402
1.787804865
1.787804865
1.674260507
1.674260507
1.674260507
1.674260507
1.674260507
0.6197882259
0.7170105122
0.7170105122
0.7170105122
0.7170105122
1.947739257
1.947739257
1.947739257
1.947739257
1.947739257
1.947739257
1.947739257
1.947739257
1.947739257
1.947739257
0.994078466
0.994078466
0.994078466
0.994078466
0.994078466
0.5587456212
0.5587456212
0.7733949654
0.7733949654
0.884092433
0.884092433
0.884092433
0.884092433
0.884092433
0.5034080418
0.5034080418
0.5034080418
0.5486419801
1.12836781
1.238486827
1.238486827
0.8733534652
0.8733534652
0.8733534652
0.8733534652
0.8733534652
0.8733534652
0.8733534652
1.252346636
0.3425199121
0.3425199121
0.3425199121
0.3425199121
0.3425199121
0.2873364769
1.089600276
1.089600276
0.6992647156
0.6992647156
0.6992647156
0.8544969887
0.8544969887
0.472250417
0.472250417
0.6112504647
0.6112504647
0.6112504647
0.6985893488
0.6985893488
1.007738357
0.6668427967
0.6668427967
0.6668427967
1.173775158
1.173775158
1.168413599
1.168413599
1.168413599
1.168413599
1.168413599
0.9772531688
0.9772531688
0.9772531688
0.9772531688
0.9772531688
0.9772531688
0.4721387905
0.4721387905
0.4721387905
0.9460488873
0.9460488873
0.9460488873
0.9460488873
0.9460488873
0.9460488873
1.081095643
0.775457192
0.775457192
0.775457192
0.775457192
0.775457192
0.775457192
0.775457192
1.027437538
1.067646702
0.8686639938
0.8686639938
0.8686639938
0.8686639938
1.24528373
0.8021215749
0.8021215749
1.193315861
0.9249199392
0.9249199392
0.9249199392
0.9249199392
1.394225024
1.394225024
1.394225024
1.394225024
1.394225024
1.394225024
1.394225024
1.394225024
1.394225024
1.394225024
1.394225024
0.7786094535
0.7786094535
0.7786094535
0.7786094535
0.7786094535
0.7786094535
0.7786094535
1.254251272
1.254251272
1.254251272
1.022306469
1.022306469
1.022306469
2.006260104
2.006260104
2.006260104
2.006260104
0.387861042
0.387861042
0.387861042
0.387861042
1.010817649
1.010817649
1.010817649
1.010817649
1.010817649
1.010817649
1.010817649
1.263763853
1.263763853
1.263763853
1.263763853
1.263763853
1.263763853
1.263763853
1.263763853
1.263763853
1.263763853
1.263763853
1.263763853
1.349279265
0.6095135659
0.360161421
0.360161421
0.05712186385
0.05712186385
0.4156545206
0.4156545206
0.4156545206
0.4156545206
0.4156545206
1.421369252
1.421369252
1.421369252
0.2057032054
0.5282605572
0.5282605572
0.5282605572
0.5282605572
0.5282605572
0.5282605572
0.5282605572
0.5282605572
0.5282605572
0.5282605572
0.5282605572
0.5282605572
0.5282605572
0.5282605572
-0.02460146461
-0.02460146461
-0.02460146461
0.08691503638
0.08691503638
0.08691503638
0.08691503638
0.08691503638
0.1231327573
0.1231327573
0.1231327573
0.1231327573
-0.1699352647
1.132819127
1.132819127
1.132819127
1.132819127
1.132819127
1.132819127
0.9555280425
0.9555280425
0.9555280425
0.9555280425
0.9555280425
0.9555280425
0.9555280425
0.9555280425
0.9555280425
0.9555280425
0.9555280425
0.9555280425
0.9555280425
0.9555280425
0.9555280425
0.9555280425
1.702973871
1.335874231
1.335874231
1.830379391
1.830379391
0.6695767095
0.8703280144
0.8703280144
0.8703280144
0.3257522441
0.3257522441
0.3257522441
0.3257522441
0.3257522441
0.3257522441
0.3257522441
0.3633785304
0.3633785304
0.3633785304
0.3633785304
0.3633785304
1.644255667
1.644255667
-0.1355716519
-0.1355716519
-0.1355716519
-0.1355716519
-0.1355716519
-0.1355716519
-0.1355716519
0.9668455789
-0.04748168206
1.22810904
1.22810904
1.22810904
1.22810904
1.22810904
1.22810904
0.9785817542
0.9785817542
0.7351027091
0.7351027091
0.7351027091
0.7351027091
0.7498696506
0.7498696506
0.7498696506
0.7498696506
1.002150083
1.002150083
1.002150083
1.002150083
1.002150083
1.002150083
1.002150083
1.002150083
1.002150083
1.002150083
1.002150083
1.002150083
1.002150083
0.8340546228
0.8340546228
0.8340546228
0.8340546228
0.8340546228
0.8340546228
0.8340546228
-0.06811769962
-0.06811769962
1.601981142
1.601981142
1.601981142
1.601981142
1.601981142
1.601981142
1.601981142
-0.1136141223
0.3754588291
0.6472301827
0.01044568236
0.5819370115
0.5819370115
1.988325335
1.988325335
1.988325335
1.652171525
0.2880756171
1.577298007
1.577298007
1.577298007
1.577298007
1.661829166
1.661829166
1.233815345
1.233815345
1.233815345
1.233815345
1.233815345
1.233815345
1.247788894
1.247788894
1.247788894
1.247788894
1.247788894
1.247788894
1.247788894
1.527628914
1.527628914
1.527628914
1.527628914
1.527628914
1.788477
1.788477
1.788477
1.788477
1.788477
1.788477
1.788477
0.3160594561
0.3160594561
0.3160594561
0.3160594561
0.3160594561
0.3160594561
0.3160594561
0.3160594561
0.3160594561
1.321728691
1.321728691
1.321728691
1.321728691
1.321728691
1.321728691
1.321728691
1.321728691
1.321728691
1.321728691
1.321728691
1.31107935
1.31107935
1.31107935
1.31107935
1.31107935
1.31107935
1.375040839
0.4211037259
0.4211037259
0.4211037259
0.4211037259
0.3457886275
0.3457886275
0.3457886275
0.3457886275
0.3457886275
0.3457886275
0.3457886275
0.3457886275
2.189478688
2.189478688
1.034515591
1.034515591
1.034515591
1.034515591
1.034515591
1.034515591
-0.2104267339
-0.2104267339
1.70655285
1.70655285
1.70655285
1.70655285
1.70655285
1.70655285
1.70655285
1.70655285
1.70655285
1.70655285
1.848857902
1.848857902
1.848857902
1.848857902
1.848857902
1.848857902
1.848857902
1.848857902
1.848857902
1.848857902
1.848857902
1.848857902
1.848857902
1.848857902
0.1588868248
0.1588868248
1.043214477
1.043214477
1.043214477
1.043214477
1.043214477
0.7544711685
0.3992745712
0.3992745712
0.3992745712
0.3992745712
0.5104577496
0.5104577496
0.5104577496
0.5104577496
0.5104577496
0.5104577496
0.5104577496
0.5104577496
1.765398066
1.765398066
0.337912319
0.337912319
0.337912319
0.337912319
0.337912319
0.8470018895
0.8470018895
1.817924766
1.817924766
1.706504674
1.706504674
1.706504674
1.706504674
1.706504674
1.058893624
1.058893624
1.058893624
1.07123963
0.3894424428
0.3894424428
0.3894424428
0.3894424428
0.3894424428
0.3894424428
0.3894424428
0.4734854195
0.4734854195
0.4734854195
0.7104281912
0.7104281912
0.7104281912
0.7104281912
0.7104281912
0.7104281912
0.7104281912
0.4373811182
0.4373811182
0.4373811182
0.4373811182
0.5211981695
1.544089383
1.544089383
1.544089383
1.544089383
1.544089383
1.544089383
1.544089383
1.067435271
1.067435271
1.390710203
1.390710203
1.390710203
1.390710203
1.390710203
1.390710203
1.390710203
1.390710203
1.390710203
1.172565288
1.172565288
1.172565288
1.670657267
1.670657267
-0.08599564594
-0.08599564594
-0.08599564594
-0.08599564594
-0.08599564594
-0.08599564594
-0.08599564594
-0.08599564594
-0.08599564594
-0.08599564594
0.112811092
0.112811092
0.112811092
0.112811092
0.112811092
0.112811092
0.112811092
0.112811092
0.3375921027
0.3375921027
0.3375921027
0.3375921027
0.3375921027
1.259934326
0.8244118473
1.539998751
1.655494068
1.655494068
1.655494068
1.655494068
1.655494068
1.655494068
1.799549935
1.799549935
1.086803415
1.086803415
1.086803415
1.086803415
0.7441278466
0.7441278466
0.7441278466
0.7441278466
0.7441278466
0.7441278466
0.7441278466
0.7441278466
0.7441278466
0.7441278466
0.9605365704
0.9605365704
0.9605365704
0.5568965966
1.779389602
1.779389602
1.779389602
1.779389602
1.779389602
1.779389602
1.779389602
1.779389602
1.995848307
1.995848307
1.995848307
1.995848307
1.995848307
1.995848307
1.995848307
2.080516717
2.080516717
2.080516717
0.388092368
0.3757176867
0.3757176867
0.2686528732
0.2686528732
0.2686528732
-0.3179076985
-0.3179076985
1.497584506
1.497584506
0.7629376262
0.7629376262
1.950343275
1.950343275
1.950343275
1.950343275
1.950343275
1.950343275
-0.05009468794
0.3045573061
0.2781530694
0.2781530694
0.2781530694
0.2781530694
0.2781530694
0.2781530694
0.2781530694
0.2781530694
0.2781530694
0.2781530694
0.2781530694
0.2781530694
0.2781530694
0.2781530694
1.28709113
1.28709113
1.28709113
1.180175975
1.180175975
1.180175975
1.180175975
1.033807873
1.033807873
1.033807873
1.033807873
1.033807873
-0.02916845842
-0.02916845842
0.6676386651
0.6676386651
0.6676386651
0.8117461875
0.8117461875
0.8117461875
0.8117461875
0.8117461875
1.013108587
1.013108587
1.013108587
1.013108587
1.013108587
1.013108587
1.013108587
0.9754454033
0.9754454033
0.9754454033
0.9754454033
0.9754454033
0.9754454033
1.466775476
0.5449095162
0.5449095162
0.5449095162
0.5449095162
0.5449095162
0.5449095162
1.894051071
1.894051071
1.894051071
0.4958950663
1.455522785
1.455522785
1.455522785
1.455522785
1.455522785
1.455522785
1.455522785
1.455522785
1.455522785
1.217160053
1.217160053
1.217160053
1.217160053
1.217160053
1.217160053
2.089114382
0.3086370325
0.3086370325
0.3086370325
0.2921736676
0.2921736676
0.2921736676
0.2921736676
0.2921736676
0.2921736676
0.2921736676
0.2921736676
1.583164878
1.583164878
1.583164878
0.3950179467
0.3950179467
1.875213376
1.997090695
1.676190681
1.524791292
1.524791292
1.524791292
1.524791292
1.524791292
1.524791292
1.524791292
1.524791292
1.524791292
0.3641529706
0.3641529706
0.3641529706
0.3641529706
0.3641529706
0.3641529706
0.3641529706
1.103628174
1.324845692
1.667280278
0.3351277267
0.3351277267
0.3351277267
0.3351277267
0.3351277267
0.3351277267
0.3351277267
0.3351277267
0.3351277267
1.536559295
1.536559295
1.849148256
1.849148256
1.849148256
1.849148256
1.849148256
0.7285857735
0.7285857735
0.3001938199
0.3001938199
0.3001938199
0.3001938199
1.971125455
1.971125455
1.971125455
1.55848542
2.08165138
2.08165138
2.08165138
2.08165138
0.528487509
0.528487509
1.387681044
1.387681044
1.387681044
1.387681044
0.5093184629
1.370455298
1.136712849
1.608131716
1.608131716
1.608131716
1.176025391
1.176025391
1.176025391
1.176025391
1.176025391
1.176025391
1.176025391
1.176025391
-0.01967854327
-0.01967854327
2.066843325
2.066843325
0.4516149558
0.4516149558
0.4516149558
0.4516149558
0.2862229726
1.579685255
1.579685255
1.152563215
0.7645188861
0.7645188861
0.3734866195
0.2755671573
0.2755671573
0.2755671573
0.2755671573
0.2755671573
0.2755671573
0.4866207077
0.4866207077
0.4866207077
0.02187375479
0.02187375479
0.02187375479
1.014178042
1.014178042
1.014178042
1.014178042
1.395441462
1.395441462
1.395441462
1.395441462
1.395441462
1.395441462
1.395441462
1.395441462
1.395441462
0.4005297208
1.366631877
1.366631877
1.366631877
1.366631877
1.366631877
1.366631877
1.366631877
1.366631877
1.366631877
1.366631877
1.366631877
1.189458159
1.189458159
1.189458159
1.189458159
1.189458159
1.189458159
1.189458159
1.189458159
1.189458159
1.189458159
1.189458159
1.189458159
1.189458159
1.189458159
1.189458159
1.492782623
1.492782623
1.651991804
1.651991804
1.907343353
0.8427719628
0.8427719628
0.8427719628
-0.003424211326
1.510574575
1.510574575
1.510574575
1.07447159
1.07447159
1.07447159
1.07447159
1.07447159
1.07447159
1.07447159
1.07447159
1.07447159
1.07447159
0.2962426355
0.2962426355
0.2962426355
0.2962426355
0.9715240229
0.16407961
0.16407961
0.16407961
2.180476256
2.180476256
1.01078209
1.01078209
1.01078209
1.01078209
0.3446483718
0.3446483718
0.8030823439
0.8030823439
0.8030823439
0.8030823439
1.060273816
1.060273816
0.1117474411
0.1117474411
0.1117474411
0.1117474411
0.8727990853
0.8727990853
0.8727990853
0.9379705113
0.9379705113
0.9379705113
0.9379705113
0.9379705113
0.9379705113
0.9379705113
0.9379705113
0.9379705113
0.4831606121
0.4831606121
0.4831606121
0.4831606121
0.6376001596
1.336337876
1.336337876
1.336337876
0.6221687217
0.6221687217
0.6221687217
0.6221687217
0.6221687217
0.6221687217
1.280072775
1.280072775
1.804618106
1.804618106
1.804618106
1.804618106
1.804618106
1.804618106
1.804618106
1.804618106
1.804618106
1.804618106
0.1679698638
0.3567916923
0.3567916923
0.3567916923
0.3567916923
0.3567916923
0.3567916923
1.269429321
1.269429321
1.269429321
-0.1094584761
0.8267769822
0.8267769822
0.8267769822
0.8267769822
0.8267769822
0.8267769822
0.8267769822
1.291490056
1.291490056
0.4397554483
1.000878285
1.000878285
1.000878285
1.000878285
1.000878285
1.000878285
1.000878285
1.000878285
1.000878285
1.110855667
1.110855667
1.110855667
0.8764089463
1.106616638
1.106616638
1.106616638
1.106616638
1.106616638
1.106616638
1.106616638
1.106616638
1.106616638
1.106616638
1.106616638
1.106616638
1.106616638
1.106616638
1.106616638
1.106616638
1.106616638
1.106616638
1.106616638
1.106616638
1.106616638
1.106616638
1.106616638
1.106616638
1.106616638
1.106616638
1.106616638
1.090842749
1.090842749
1.090842749
0.9709922424
0.9709922424
0.9709922424
0.9709922424
0.9709922424
0.9709922424
0.9709922424
0.9709922424
0.9709922424
0.9709922424
0.9709922424
0.9709922424
1.113887962
1.113887962
1.113887962
1.113887962
1.113887962
1.113887962
1.113887962
1.113887962
1.113887962
1.113887962
1.113887962
1.113887962
1.113887962
1.113887962
1.113887962
1.113887962
1.113887962
1.113887962
1.113887962
1.113887962
0.4863662348
0.4863662348
0.4863662348
0.4863662348
0.170003085
0.4239363794
0.4239363794
0.4239363794
0.1979764301
0.1979764301
0.1979764301
0.4298851861
0.4298851861
0.4298851861
0.4298851861
0.4298851861
1.383615859
1.383615859
1.383615859
1.935898719
1.006284953
1.006284953
1.006284953
1.006284953
1.006284953
1.006284953
1.006284953
1.006284953
1.006284953
1.006284953
0.4503591451
0.4503591451
0.4503591451
0.8344439191
0.8344439191
0.8344439191
0.8344439191
0.8344439191
0.8344439191
0.8344439191
0.8344439191
0.8344439191
0.8344439191
0.8344439191
0.8344439191
0.8344439191
0.8344439191
0.8344439191
0.8344439191
0.8344439191
0.8344439191
0.8344439191
0.8344439191
0.8344439191
0.8344439191
0.8344439191
0.8344439191
0.8344439191
0.8344439191
0.8344439191
0.8344439191
0.8344439191
0.8344439191
0.8344439191
0.8344439191
1.32588202
1.32588202
1.32588202
1.32588202
0.7940467475
0.7940467475
0.7940467475
0.7940467475
0.7518168453
0.7353089922
1.434610968
1.434610968
1.434610968
1.434610968
1.434610968
1.310041775
1.453511338
1.453511338
1.453511338
1.453511338
-0.129479178
1.388600702
1.388600702
1.388600702
1.388600702
1.388600702
1.388600702
1.388600702
1.388600702
1.703809711
1.703809711
0.2731378286
0.2731378286
0.2731378286
0.7801532435
0.7801532435
1.06777037
1.06777037
1.06777037
1.06777037
1.363693959
1.363693959
1.363693959
1.363693959
0.9349784935
1.119732511
1.119732511
0.2260009292
-0.3714667613
-0.3714667613
-0.9247091167
-0.9247091167
-0.9247091167
-0.9247091167
0.3395220509
0.3395220509
0.3750700228
0.6467659913
0.6467659913
1.389921415
1.389921415
1.389921415
1.504302153
1.261125164
1.261125164
1.261125164
1.261125164
1.261125164
1.261125164
1.261125164
1.221946786
1.221946786
1.221946786
1.221946786
1.221946786
1.221946786
1.221946786
1.221946786
1.221946786
0.1072356049
0.1072356049
1.427077208
1.427077208
1.427077208
1.427077208
1.380604601
1.380604601
1.380604601
1.554391201
1.554391201
1.554391201
1.554391201
1.554391201
1.554391201
-0.1769636215
-0.1769636215
-0.1769636215
-0.1769636215
2.167246253
-0.05306350554
-0.05306350554
0.8300437105
0.8300437105
0.8300437105
0.8300437105
1.178461549
1.313302488
1.313302488
1.313302488
1.313302488
1.313302488
1.313302488
1.313302488
1.313302488
1.313302488
0.6813391737
0.6813391737
1.102579343
1.102579343
1.138891084
1.138891084
1.138891084
0.6474699884
0.6474699884
0.6474699884
0.6474699884
0.9218162585
0.9218162585
0.9218162585
0.9218162585
0.9218162585
0.9218162585
0.9741691043
0.9741691043
0.5304908618
0.5304908618
0.5304908618
0.5304908618
0.5304908618
0.5304908618
0.5304908618
0.5304908618
0.5304908618
0.5304908618
0.5304908618
0.5304908618
0.5304908618
0.5304908618
0.3411770693
0.3411770693
0.7831908079
0.3297438146
0.7393931312
0.7393931312
0.7393931312
0.7393931312
0.7393931312
0.7393931312
0.9310492164
0.9310492164
0.9310492164
0.9310492164
0.9310492164
0.9310492164
0.9310492164
0.9310492164
0.9310492164
0.9310492164
0.9310492164
0.9310492164
0.9310492164
0.9310492164
0.5590667932
0.5590667932
0.5590667932
0.5590667932
1.636005192
1.636005192
1.636005192
1.636005192
1.636005192
1.636005192
1.086625952
1.086625952
1.229054102
1.229054102
1.229054102
0.5049229216
0.5049229216
0.5049229216
0.5049229216
0.5049229216
0.5049229216
0.5049229216
0.5049229216
0.5049229216
0.5049229216
0.5049229216
0.5049229216
0.5049229216
0.5049229216
0.5049229216
0.5049229216
0.5049229216
0.5049229216
0.5049229216
0.7748692348
0.7748692348
0.7748692348
0.7748692348
0.7748692348
0.7748692348
0.7748692348
0.7748692348
0.7748692348
0.7748692348
0.7748692348
0.7748692348
0.7748692348
0.7748692348
0.7748692348
0.7748692348
0.7748692348
1.515331003
1.515331003
1.515331003
1.515331003
1.515331003
1.515331003
1.515331003
1.515331003
1.515331003
1.515331003
1.515331003
1.515331003
1.515331003
1.515331003
1.515331003
1.19520315
1.19520315
1.19520315
1.19520315
1.19520315
1.19520315
-0.05692169555
1.306487875
1.479577383
1.479577383
1.479577383
1.112718016
1.112718016
0.8331189977
1.341662743
1.341662743
1.341662743
1.056913158
1.056913158
0.652563612
0.652563612
0.652563612
0.652563612
0.652563612
0.652563612
1.562962234
1.562962234
1.562962234
1.562962234
1.562962234
1.30681865
1.30681865
1.30681865
1.30681865
1.30681865
1.30681865
1.367149858
1.367149858
1.367149858
1.367149858
1.367149858
1.367149858
1.496821154
1.635471299
1.635471299
1.635471299
1.635471299
1.635471299
0.4170733073
0.1778972525
0.1472739096
0.1472739096
1.124480238
1.124480238
1.124480238
1.124480238
1.124480238
1.124480238
1.124480238
1.124480238
0.1723494267
0.1723494267
-0.4586687254
-0.4586687254
-0.4586687254
1.204542728
1.204542728
1.204542728
1.204542728
1.117141215
1.117141215
0.2993563868
1.624301302
1.624301302
1.624301302
1.462110682
-0.5247218472
1.709893792
1.709893792
0.246783295
0.246783295
0.246783295
-0.03330292622
2.154339756
1.481953515
1.036626983
1.036626983
1.036626983
1.036626983
0.7563876088
0.7563876088
0.7563876088
0.7563876088
0.7563876088
0.7563876088
0.7563876088
0.7563876088
0.7563876088
1.479942638
1.479942638
1.479942638
1.479942638
1.479942638
1.479942638
1.479942638
1.479942638
1.479942638
1.479942638
1.479942638
1.479942638
1.479942638
1.479942638
0.837191105
0.6373352781
0.6373352781
0.6373352781
0.6373352781
0.6373352781
0.6373352781
0.9568929345
0.3875331873
1.440651274
0.7720156178
0.7720156178
0.6586440313
0.915880708
1.682462467
1.682462467
0.4256584921
0.1428903403
0.1428903403
0.1428903403
0.1428903403
0.1428903403
0.1428903403
0.1428903403
0.1428903403
0.1428903403
0.1428903403
0.1241514581
0.1241514581
0.1241514581
0.1241514581
1.04837817
1.04837817
1.04837817
1.6127878
1.6127878
1.6127878
1.6127878
1.6127878
1.6127878
1.6127878
1.671147551
1.743281444
1.743281444
1.743281444
1.743281444
1.743281444
1.136160194
1.136160194
1.136160194
1.136160194
1.136160194
1.136160194
1.136160194
1.136160194
1.136160194
1.136160194
1.882333384
1.202308233
1.202308233
1.202308233
1.202308233
1.202308233
1.202308233
1.202308233
1.202308233
1.401909888
1.401909888
1.401909888
1.401909888
1.401909888
1.401909888
1.401909888
1.401909888
1.401909888
0.1352778809
0.1352778809
0.1352778809
0.1352778809
0.1352778809
0.1352778809
0.1352778809
0.1352778809
0.6553095624
0.6553095624
1.118765806
1.118765806
1.118765806
1.118765806
1.118765806
1.118765806
1.118765806
1.118765806
1.118765806
1.118765806
1.118765806
0.7487290082
0.7487290082
0.7487290082
1.553288291
1.553288291
1.553288291
0.6268982343
0.6268982343
0.6268982343
0.6268982343
0.6268982343
0.6268982343
0.6268982343
0.6268982343
0.6268982343
0.6268982343
0.6268982343
0.6268982343
0.6268982343
0.6268982343
0.6268982343
0.6268982343
0.6268982343
0.9930746602
0.9930746602
0.9930746602
0.9930746602
1.488209152
1.488209152
1.488209152
0.2814400034
0.4888255651
0.8251877154
0.8251877154
0.8251877154
1.103055543
1.103055543
1.246354229
1.246354229
1.246354229
1.246354229
1.246354229
1.246354229
1.246354229
0.7494296667
0.6820623494
0.6820623494
1.245552157
1.245552157
1.245552157
2.204888145
2.204888145
1.615447507
1.615447507
1.296786145
0.9697877007
0.9697877007
0.2721944905
0.4007931509
0.4007931509
0.4007931509
0.4007931509
0.4007931509
0.4007931509
0.4007931509
0.3832446339
0.3832446339
0.3832446339
1.381040547
1.381040547
1.381040547
1.381040547
1.381040547
0.4905230542
0.4905230542
0.4905230542
0.4905230542
0.4905230542
0.4905230542
1.344103214
1.344103214
1.344103214
1.344103214
1.344103214
1.344103214
1.344103214
1.344103214
1.344103214
1.344103214
1.344103214
1.344103214
1.344103214
1.344103214
0.5095441793
0.5095441793
2.080953631
2.080953631
0.3805483776
0.7095992232
0.7095992232
0.7095992232
0.7095992232
0.7095992232
0.7095992232
0.7095992232
0.7095992232
0.7095992232
0.7095992232
0.7095992232
0.7095992232
0.7095992232
0.395436663
0.395436663
0.395436663
0.395436663
0.395436663
0.395436663
0.395436663
1.234803192
1.234803192
1.234803192
1.789099067
1.192171414
1.119404459
0.9651777222
0.9900841541
0.9900841541
1.431064736
1.431064736
1.108202435
1.108202435
1.474648029
1.474648029
1.474648029
1.278451676
1.278451676
1.278451676
1.278451676
1.278451676
1.278451676
1.278451676
1.452012925
1.511470618
1.511470618
1.251639697
1.251639697
1.251639697
1.251639697
0.4247091473
1.534345803
1.534345803
1.534345803
1.534345803
2.167501659
2.167501659
2.167501659
0.9522817661
0.9522817661
0.9522817661
0.9522817661
1.011286903
1.011286903
1.011286903
1.011286903
1.011286903
1.011286903
1.011286903
1.50546849
1.50546849
1.306621815
1.39158639
1.39158639
1.643067973
1.643067973
1.643067973
1.643067973
1.643067973
1.643067973
1.643067973
1.643067973
0.7166384307
0.7166384307
0.7166384307
1.710044437
1.710044437
0.3854479072
1.367687377
1.367687377
1.367687377
1.367687377
1.367687377
1.393493247
0.9185582248
0.9185582248
0.2055452279
1.46283214
0.5338697531
1.399628437
1.399628437
1.399628437
0.5328264755
0.5328264755
0.5328264755
0.5328264755
1.613154637
1.769791384
1.769791384
1.769791384
1.769791384
1.769791384
2.22086397
0.9585574281
0.9585574281
0.9585574281
0.9585574281
0.9585574281
0.9585574281
0.9585574281
0.9585574281
0.4479905946
0.4479905946
0.4479905946
0.969958119
0.969958119
0.969958119
0.969958119
0.8364033936
0.8364033936
0.8364033936
0.8364033936
1.174543545
1.174543545
1.174543545
0.8171875551
0.8171875551
0.8171875551
1.128468165
1.128468165
1.128468165
1.128468165
1.128468165
1.128468165
1.128468165
1.128468165
1.128468165
0.9826704604
0.9826704604
0.9826704604
0.9826704604
0.9826704604
0.7169039874
1.207455994
1.207455994
1.294029485
1.114946856
1.114946856
1.620967648
1.620967648
1.056231341
1.056231341
1.056231341
0.3827134152
0.3827134152
0.3827134152
0.3827134152
0.3827134152
-0.1691198267
1.878133094
-0.02153491985
-0.02153491985
0.2325791679
0.2325791679
0.2325791679
0.2325791679
0.2325791679
0.2325791679
0.2325791679
1.832432626
1.832432626
1.832432626
0.9422270694
0.9422270694
0.9422270694
0.9422270694
0.9422270694
0.9422270694
0.9422270694
0.9422270694
0.9422270694
0.9422270694
0.9422270694
0.9422270694
0.9422270694
1.201727178
1.201727178
1.201727178
1.201727178
1.201727178
1.201727178
1.201727178
1.201727178
1.201727178
1.201727178
1.201727178
1.455783511
1.455783511
1.455783511
1.455783511
1.028647445
1.028647445
1.028647445
0.5827077162
1.695146001
1.695146001
1.695146001
1.695146001
1.695146001
1.08950394
0.8624576817
0.8624576817
1.40281226
1.40281226
1.40281226
0.9095165171
0.9095165171
1.256082242
1.256082242
1.339627304
1.339627304
1.339627304
1.121362626
1.344811317
1.344811317
1.344811317
1.344811317
1.344811317
1.344811317
1.344811317
1.344811317
0.1646276852
0.1646276852
1.426918228
1.426918228
1.426918228
0.8872393895
0.8872393895
0.8872393895
0.8872393895
0.8872393895
0.8872393895
0.8872393895
0.8872393895
1.198946328
1.198946328
1.198946328
1.198946328
1.198946328
1.528900675
0.9882768843
0.9882768843
0.6049677649
0.4409649813
0.4409649813
0.4409649813
0.4409649813
0.4409649813
0.3551074149
0.3551074149
0.5945818201
0.5945818201
0.5945818201
0.5945818201
0.5945818201
0.5945818201
0.5945818201
0.5945818201
0.5945818201
0.6294274795
0.6294274795
0.6294274795
0.6294274795
0.7459047664
0.4701388059
0.4701388059
0.4701388059
0.4701388059
0.4701388059
0.4701388059
0.4701388059
0.4701388059
0.4701388059
0.4701388059
1.223148823
1.223148823
1.223148823
0.9692228468
0.9692228468
0.6075094344
1.151436663
1.151436663
1.151436663
1.151436663
1.151436663
1.151436663
1.151436663
1.151436663
1.151436663
1.151436663
1.151436663
1.151436663
1.151436663
1.151436663
1.353239116
1.353239116
1.198303409
1.198303409
1.198303409
1.198303409
1.198303409
1.198303409
1.198303409
1.198303409
1.456497052
1.456497052
1.456497052
1.456497052
1.456497052
0.6957953765
0.6957953765
0.6957953765
0.6957953765
0.6957953765
0.6957953765
0.6957953765
0.6957953765
0.6957953765
0.6957953765
1.231573792
1.231573792
1.231573792
1.231573792
1.231573792
0.6597974584
0.6597974584
0.6597974584
0.6597974584
0.6597974584
0.6597974584
0.6597974584
0.6597974584
0.6597974584
0.6597974584
0.8909592281
1.241143063
1.364768394
1.364768394
1.386470832
0.03986398535
0.4863269059
0.4863269059
0.4863269059
1.29441445
1.29441445
1.29441445
1.29441445
1.29441445
1.102349345
1.102349345
1.102349345
1.102349345
0.6987287317
0.6987287317
0.6987287317
0.6987287317
1.304719026
1.204876158
1.204876158
1.223785207
1.223785207
1.223785207
1.494461803
1.494461803
1.494461803
1.494461803
1.494461803
1.494461803
1.494461803
1.494461803
1.494461803
1.494461803
1.494461803
1.494461803
1.494461803
1.494461803
2.248497624
-0.01097171141
-0.01097171141
-0.01097171141
-0.01097171141
-0.01097171141
1.631900333
1.631900333
1.631900333
1.631900333
1.631900333
1.112848825
1.112848825
1.112848825
0.2418623978
0.2418623978
0.2418623978
0.2418623978
1.094634882
1.094634882
1.094634882
1.094634882
1.094634882
1.094634882
1.094634882
1.094634882
1.428644272
1.428644272
1.428644272
1.428644272
1.428644272
1.428644272
1.428644272
1.082157947
1.082157947
1.082157947
1.082157947
1.082157947
1.082157947
1.082157947
1.082157947
1.189763768
1.189763768
1.189763768
1.189763768
1.189763768
0.9205295624
0.9205295624
0.9205295624
0.9205295624
0.7344508642
0.7344508642
0.7344508642
1.180030341
1.606379813
0.5417133224
0.5417133224
0.5417133224
0.5417133224
0.5417133224
0.5417133224
0.5417133224
0.5417133224
0.5417133224
1.736232241
1.736232241
1.736232241
1.736232241
1.736232241
1.736232241
1.736232241
1.977037941
-0.1956503426
-0.2295251335
-0.2295251335
-0.2295251335
-0.2295251335
-0.2295251335
-0.2295251335
2.033453441
2.033453441
2.033453441
2.033453441
1.712640074
1.516821703
1.516821703
1.315785378
1.315785378
1.315785378
1.315785378
1.315785378
1.315785378
0.7631825672
0.7631825672
0.7631825672
0.3608861697
1.171554658
1.171554658
1.171554658
1.171554658
0.5081236246
1.322722431
1.196136674
1.196136674
1.196136674
1.196136674
1.196136674
1.196136674
1.701780501
1.701780501
1.701780501
1.701780501
0.6140497026
0.6140497026
0.6140497026
0.6140497026
0.6140497026
0.6140497026
0.6140497026
0.6140497026
1.868739698
1.868739698
1.340649557
1.340649557
1.340649557
1.340649557
1.340649557
1.340649557
1.340649557
1.340649557
1.340649557
0.8435091389
0.8435091389
0.8435091389
0.8435091389
0.8435091389
0.8435091389
1.845435592
1.854811557
1.854811557
1.854811557
2.10021563
2.10021563
1.65168991
0.3986787624
0.3986787624
0.3986787624
0.3986787624
0.3986787624
0.3986787624
0.3986787624
0.3986787624
0.3986787624
0.5875157917
0.5875157917
0.5875157917
0.5875157917
0.5875157917
0.5875157917
0.5875157917
0.5875157917
0.5875157917
1.273234358
1.273234358
1.273234358
1.273234358
1.273234358
1.273234358
1.273234358
1.273234358
1.273234358
1.273234358
1.273234358
1.273234358
1.273234358
1.273234358
1.649475691
1.649475691
1.649475691
0.1284903107
0.1284903107
0.1284903107
0.1284903107
0.1284903107
0.1284903107
1.474005814
1.474005814
1.310870889
1.310870889
1.310870889
1.310870889
1.310870889
1.310870889
1.310870889
1.310870889
1.310870889
1.310870889
1.310870889
1.310870889
1.310870889
1.310870889
1.310870889
1.276433527
0.1375955488
0.06205626997
0.06205626997
2.04751101
0.2734361684
0.2734361684
0.2734361684
0.2734361684
0.2734361684
1.28934452
1.28934452
1.28934452
1.28934452
1.28934452
1.28934452
1.28934452
0.9351430625
0.9351430625
1.235158089
1.235158089
1.235158089
-0.02947958666
-0.02947958666
-0.02947958666
-0.02947958666
-0.02947958666
-0.02947958666
2.002301804
2.002301804
1.667111223
1.146816482
1.255375052
1.255375052
1.255375052
1.255375052
1.255375052
1.255375052
0.7048608599
0.7048608599
0.7048608599
0.7048608599
0.967883137
0.967883137
0.967883137
0.967883137
0.967883137
0.967883137
0.967883137
0.967883137
0.967883137
0.967883137
0.967883137
1.162706331
0.8622900853
0.8622900853
0.8622900853
1.053901207
1.053901207
1.053901207
1.053901207
1.053901207
1.053901207
1.053901207
1.053901207
1.053901207
1.053901207
1.053901207
0.6552330376
0.6552330376
0.6552330376
0.6552330376
0.6552330376
0.6552330376
0.6552330376
0.6552330376
0.6552330376
0.6552330376
0.6552330376
0.6552330376
0.6552330376
1.438001571
1.438001571
1.438001571
-0.003715084853
-0.003715084853
-0.04177788435
0.1358654213
0.1358654213
0.1358654213
0.1358654213
0.8164227392
0.8164227392
0.8164227392
0.8164227392
0.8164227392
1.941420067
1.941420067
1.941420067
1.941420067
1.941420067
1.941420067
1.941420067
1.941420067
1.941420067
1.941420067
1.941420067
1.941420067
1.941420067
1.941420067
1.941420067
1.620244612
1.620244612
1.620244612
1.620244612
1.620244612
1.71165657
1.71165657
0.5474401499
0.5474401499
0.908132157
0.908132157
0.908132157
0.908132157
0.908132157
0.908132157
0.908132157
0.908132157
0.908132157
0.908132157
0.908132157
0.908132157
0.908132157
0.908132157
0.908132157
0.908132157
0.908132157
0.908132157
0.908132157
0.908132157
0.908132157
0.908132157
1.711768114
1.711768114
1.711768114
1.711768114
0.5498805907
0.5498805907
0.991341171
0.991341171
0.991341171
0.991341171
0.991341171
0.5465418891
0.5465418891
0.5465418891
0.5465418891
0.5465418891
0.5465418891
0.5465418891
0.9528286017
1.469395571
1.469395571
1.469395571
1.469395571
1.469395571
1.118442743
1.118442743
1.118442743
1.118442743
1.118442743
1.118442743
1.118442743
1.118442743
0.8717101705
0.8717101705
0.8717101705
0.8717101705
0.8717101705
0.8717101705
0.8717101705
0.8717101705
0.8717101705
1.653623365
0.4048091058
0.1945844012
0.1945844012
0.1945844012
0.1945844012
0.1945844012
0.1945844012
0.1449244334
0.2086187177
0.2086187177
0.2086187177
0.465114479
0.465114479
0.465114479
0.465114479
1.560182691
1.560182691
1.2236453
1.228007469
1.228007469
1.228007469
0.5393410946
0.5393410946
0.5393410946
0.5393410946
0.3871117231
0.1705801286
0.1705801286
0.1705801286
0.1705801286
0.6919261589
0.6919261589
0.6919261589
0.823222559
0.823222559
0.823222559
0.823222559
0.823222559
0.823222559
0.823222559
0.823222559
0.823222559
0.823222559
1.276639307
0.7803182008
0.7803182008
0.7803182008
0.7803182008
0.7803182008
0.7803182008
0.2891727464
0.2891727464
0.2891727464
0.2293396729
0.6990498597
0.6990498597
1.285518936
1.285518936
1.285518936
1.285518936
1.285518936
1.285518936
1.285518936
1.285518936
1.285518936
1.285518936
1.285518936
1.285518936
1.285518936
1.285518936
1.285518936
0.9287983169
0.9287983169
0.9287983169
0.9287983169
1.044622917
1.044622917
1.044622917
1.044622917
1.044622917
1.044622917
1.044622917
1.044622917
1.044622917
0.9498085814
0.9498085814
0.7226437437
1.1215922
1.1215922
1.1215922
0.5462281263
0.5462281263
0.5462281263
0.5462281263
0.5462281263
0.5462281263
0.5462281263
0.5738079342
0.9973337286
0.5424282479
0.2615752812
0.2615752812
0.2615752812
0.2615752812
0.2615752812
0.2666926458
0.02339116238
0.02339116238
0.02339116238
0.7267149024
0.7267149024
0.156302273
0.156302273
0.6392931349
0.6392931349
0.6392931349
0.6457676745
0.6457676745
0.6457676745
0.6457676745
0.6457676745
0.6457676745
0.6457676745
0.6457676745
0.6457676745
0.6457676745
0.6457676745
0.5103977563
0.6433284462
0.6433284462
0.5716125645
1.22507651
1.22507651
1.22507651
1.22507651
1.119551117
1.119551117
1.119551117
1.119551117
1.119551117
1.119551117
1.119551117
1.119551117
1.119551117
1.119551117
1.119551117
1.119551117
1.119551117
0.7039330117
0.7039330117
0.7039330117
0.7039330117
0.7039330117
0.7039330117
0.3636670554
0.3636670554
0.3636670554
0.3636670554
0.3636670554
0.3636670554
0.3636670554
0.3636670554
0.3636670554
0.3636670554
0.3636670554
0.3636670554
0.3636670554
0.913253721
0.913253721
0.913253721
0.4968892009
0.3897176224
0.3897176224
0.3897176224
0.3897176224
0.3897176224
0.3897176224
0.3897176224
0.3897176224
0.3897176224
0.3897176224
0.3897176224
0.3897176224
0.3897176224
0.3897176224
0.3897176224
0.3897176224
0.3897176224
0.1336801754
0.3644046211
1.599098102
1.152151537
1.152151537
1.152151537
1.152151537
1.152151537
1.152151537
1.152151537
1.152151537
1.152151537
1.152151537
1.152151537
1.152151537
1.152151537
1.152151537
1.152151537
1.335108056
1.335108056
1.335108056
1.335108056
1.335108056
1.343298309
1.343298309
1.343298309
1.343298309
1.343298309
1.343298309
1.343298309
1.343298309
1.343298309
1.343298309
1.343298309
0.8118269333
0.9389760045
0.9389760045
0.9389760045
0.9389760045
0.9389760045
0.9389760045
1.034620728
2.176248106
2.176248106
2.176248106
-0.03071104325
-0.03071104325
1.675294688
2.102451927
2.102451927
0.009825110253
1.206539009
1.206539009
1.15812191
1.15812191
1.15812191
1.15812191
1.15812191
1.15812191
1.15812191
1.15812191
1.15812191
1.15812191
1.770269588
2.094337055
2.094337055
2.094337055
0.7944435224
0.7944435224
0.7944435224
0.7944435224
0.7944435224
0.7944435224
0.7944435224
0.7944435224
0.7944435224
0.7944435224
0.7944435224
0.7248957272
0.9186225499
0.9186225499
0.9186225499
0.9186225499
0.9186225499
0.9186225499
0.9186225499
0.9186225499
0.9186225499
0.9186225499
0.9186225499
0.9186225499
0.9186225499
0.9186225499
0.9186225499
0.9186225499
0.9186225499
0.9186225499
0.2910723662
0.2910723662
0.2910723662
0.2910723662
0.2910723662
0.2910723662
0.2910723662
1.15405651
1.15405651
1.15405651
1.15405651
1.15405651
1.15405651
1.15405651
1.073204654
1.073204654
1.073204654
1.073204654
1.073204654
1.073204654
1.073204654
1.073204654
1.073204654
1.073204654
1.073204654
1.073204654
1.335617789
1.335617789
1.335617789
1.335617789
1.335617789
1.335617789
0.5770122453
0.5770122453
1.919835795
1.919835795
1.919835795
1.919835795
1.919835795
1.919835795
1.919835795
1.919835795
1.919835795
1.919835795
2.115747717
2.115747717
2.115747717
0.08597171843
0.5613572927
0.5613572927
0.5613572927
1.595608438
1.595608438
1.595608438
1.595608438
1.595608438
1.595608438
1.595608438
1.595608438
1.595608438
0.613297774
0.613297774
0.613297774
0.613297774
0.07499943015
0.07499943015
0.07499943015
0.07499943015
0.07499943015
1.439899346
1.439899346
1.439899346
0.6032695665
0.9743488943
0.9743488943
0.9743488943
1.171419568
1.171419568
1.171419568
1.171419568
1.295031933
1.295031933
1.508355737
1.508355737
1.508355737
1.508355737
1.508355737
1.508355737
1.508355737
1.508355737
1.508355737
1.508355737
0.9127370084
0.9127370084
0.9127370084
0.9127370084
0.9127370084
0.9127370084
0.9127370084
0.9127370084
0.9127370084
0.9127370084
0.9127370084
0.9127370084
0.9127370084
0.9127370084
0.9127370084
0.9127370084
0.9127370084
0.9127370084
0.9127370084
0.9127370084
0.9127370084
0.9127370084
0.8414873562
0.8414873562
0.8414873562
0.8414873562
0.8414873562
0.4604737751
0.4604737751
1.739919793
1.739919793
1.739919793
1.739919793
1.739919793
0.74842977
0.74842977
1.226895519
1.226895519
1.010049622
1.010049622
1.010049622
1.010049622
1.010049622
1.010049622
1.126254731
1.126254731
1.614816802
1.614816802
1.300881191
1.300881191
1.300881191
1.300881191
1.300881191
1.300881191
1.300881191
0.4484019485
0.6898982608
0.6898982608
0.6898982608
1.033644624
1.480601847
1.480601847
1.480601847
1.480601847
1.480601847
1.24982519
1.24982519
1.24982519
1.24982519
1.24982519
1.24982519
1.24982519
1.24982519
1.24982519
1.24982519
1.24982519
1.24982519
1.24982519
1.24982519
1.628667255
1.628667255
1.628667255
0.3339216716
0.2265454722
0.2265454722
1.435221354
1.435221354
0.835066748
0.835066748
0.835066748
0.835066748
0.835066748
0.835066748
0.835066748
0.835066748
0.835066748
0.835066748
0.835066748
1.432006622
1.432006622
1.432006622
1.432006622
1.432006622
1.432006622
1.432006622
1.432006622
1.432006622
1.432006622
1.432006622
1.351263794
1.351263794
1.351263794
1.351263794
1.351263794
1.351263794
1.616813492
1.616813492
1.616813492
1.616813492
1.616813492
0.6169058118
0.6169058118
0.6169058118
0.6169058118
0.6169058118
0.6169058118
0.6169058118
0.6169058118
0.6562782875
0.6562782875
0.6562782875
0.6562782875
0.6562782875
0.6562782875
0.6562782875
0.6562782875
0.6562782875
0.6562782875
0.6562782875
0.6562782875
0.6562782875
0.6562782875
0.6562782875
0.6562782875
0.6562782875
0.6562782875
0.6562782875
0.6562782875
0.6562782875
0.7783047157
1.246150499
1.246150499
1.246150499
1.246150499
1.246150499
0.6158040217
0.1806162335
1.304249699
1.304249699
1.304249699
1.304249699
1.304249699
1.304249699
1.304249699
1.304249699
1.304249699
1.304249699
1.304249699
1.66697925
1.66697925
1.66697925
2.01779386
2.13508056
2.13508056
2.13508056
2.079050963
1.437511912
1.437511912
1.650058584
1.650058584
1.531488154
1.531488154
1.531488154
1.531488154
1.531488154
1.500614033
0.7030048966
0.7030048966
0.7030048966
0.7030048966
0.7030048966
0.7030048966
0.7030048966
0.7030048966
0.07297799803
0.07297799803
1.236100968
1.236100968
1.236100968
1.236100968
1.236100968
1.236100968
1.236100968
1.236100968
1.236100968
0.582645884
0.582645884
0.582645884
0.582645884
0.582645884
0.582645884
0.582645884
0.582645884
0.582645884
0.582645884
0.582645884
0.582645884
1.48092299
1.47006937
1.47006937
1.552602421
1.552602421
1.552602421
1.552602421
1.552602421
1.552602421
1.552602421
0.1380843809
0.1380843809
1.64295923
1.64295923
0.6805231404
0.6805231404
0.6805231404
1.119472802
1.119472802
1.119472802
1.119472802
1.119472802
1.119472802
1.119472802
1.229649043
1.229649043
1.379707561
1.379707561
0.2683995413
1.460615372
1.552513957
1.552513957
1.932867253
1.932867253
1.932867253
0.4066466901
0.4066466901
1.41359834
1.41359834
1.41359834
1.41359834
1.41359834
1.41359834
1.41359834
1.641357961
1.641357961
1.641357961
1.641357961
1.641357961
1.109720965
1.109720965
1.109720965
1.109720965
1.109720965
1.109720965
1.109720965
1.109720965
1.109720965
1.109720965
1.109720965
1.606284213
1.606284213
1.160925485
0.6758594849
0.6758594849
0.1922591092
0.1922591092
0.1922591092
0.1922591092
0.1922591092
0.4851089544
0.4851089544
0.4851089544
0.4851089544
0.4851089544
0.4851089544
0.4851089544
0.4851089544
0.4851089544
0.4851089544
0.4543466101
0.4543466101
0.4543466101
0.4543466101
0.4543466101
0.4543466101
0.3647370307
0.3647370307
0.3647370307
0.3647370307
0.3647370307
0.3647370307
1.147604572
1.147604572
1.147604572
1.147604572
1.147604572
1.147604572
0.9460536911
0.9460536911
0.9460536911
0.9460536911
0.9460536911
0.9460536911
1.23177278
1.23177278
1.23177278
1.23177278
1.23177278
0.6971993389
1.088367155
0.6175981721
1.089782136
1.089782136
1.089782136
1.089782136
1.481489597
1.481489597
1.481489597
1.481489597
0.9570408542
0.9570408542
0.9570408542
0.9570408542
0.9570408542
0.9570408542
0.9570408542
0.9570408542
0.9570408542
0.9570408542
1.017402857
1.017402857
1.017402857
1.017402857
1.432634294
1.432634294
1.432634294
1.432634294
1.432634294
1.432634294
1.432634294
1.432634294
1.432634294
1.432634294
1.432634294
1.432634294
0.220197366
0.220197366
0.220197366
-0.1191204195
-0.1191204195
1.137974209
1.137974209
1.137974209
1.137974209
1.137974209
1.288087113
1.288087113
1.288087113
1.334703665
1.334703665
1.334703665
1.277635861
1.277635861
1.277635861
0.02699527105
0.2802208811
0.2802208811
0.3965232563
0.3965232563
0.9785456106
1.478219752
1.739426868
1.739426868
1.133099617
1.133099617
1.133099617
1.133099617
1.709110964
1.069096536
1.069096536
0.7500051898
0.7500051898
0.7500051898
0.7500051898
0.7500051898
0.7500051898
0.7500051898
0.7500051898
0.7500051898
0.7500051898
0.7500051898
0.7500051898
0.7500051898
0.7500051898
2.095326117
1.881181528
1.881181528
1.881181528
1.881181528
1.881181528
1.881181528
1.195123414
1.195123414
0.5799657177
0.5799657177
1.794676854
1.794676854
1.315823522
1.315823522
1.315823522
1.315823522
1.315823522
1.480315786
1.480315786
1.480315786
1.480315786
1.480315786
1.480315786
1.480315786
1.480315786
1.480315786
1.480315786
1.480315786
0.9629656164
0.9629656164
0.9629656164
0.9629656164
0.9629656164
0.9629656164
0.9629656164
0.9347450017
1.139660448
1.345381274
1.345381274
1.345381274
1.345381274
1.345381274
1.345381274
1.345381274
2.002111596
2.002111596
2.002111596
1.248936989
1.248936989
1.248936989
1.248936989
1.248936989
1.248936989
1.248936989
1.248936989
1.890028354
1.365860328
1.365860328
1.365860328
1.697859995
1.697859995
1.697859995
1.697859995
1.697859995
1.697859995
1.697859995
1.697859995
1.697859995
1.697859995
1.697859995
1.526930719
1.526930719
0.7906183405
2.124422169
1.567436778
1.567436778
1.567436778
0.2454263762
0.9817139331
0.9817139331
0.9817139331
0.9817139331
0.9817139331
1.070988105
1.070988105
1.070988105
1.070988105
1.070988105
1.070988105
1.070988105
1.053842791
1.053842791
1.053842791
1.053842791
1.053842791
1.283392313
2.228891822
2.228891822
2.228891822
1.916871727
1.916871727
1.688021602
1.688021602
1.688021602
1.688021602
1.688021602
1.688021602
1.688021602
0.52513543
0.52513543
0.52513543
0.52513543
0.52513543
1.14254672
1.14254672
1.14254672
1.14254672
1.14254672
1.14254672
1.14254672
1.14254672
1.554742416
1.554742416
1.554742416
1.554742416
1.554742416
1.554742416
1.554742416
1.594208587
1.594208587
1.594208587
0.968487121
0.968487121
0.968487121
0.7147932004
1.031002395
1.031002395
1.031002395
1.031002395
1.031002395
1.031002395
1.031002395
1.031002395
1.993269818
2.216665875
2.295523141
2.295523141
2.295523141
0.1276474517
0.9248511911
0.9248511911
0.9248511911
0.9248511911
0.9248511911
0.9248511911
0.9248511911
0.9248511911
0.9248511911
0.9248511911
0.9248511911
1.364179471
1.364179471
1.364179471
1.364179471
1.364179471
1.364179471
1.364179471
1.364179471
1.364179471
1.364179471
1.364179471
1.364179471
1.364179471
1.364179471
1.364179471
1.364179471
1.364179471
1.364179471
1.364179471
1.364179471
1.364179471
1.364179471
1.364179471
1.364179471
1.364179471
1.364179471
1.364179471
1.364179471
1.364179471
1.364179471
1.364179471
1.364179471
0.8259581014
0.8259581014
0.8259581014
0.8259581014
0.8259581014
0.8259581014
0.8259581014
0.8259581014
0.8259581014
2.629107454
0.989080043
0.989080043
0.989080043
0.9334373163
0.9334373163
0.9334373163
0.9334373163
0.9334373163
0.9334373163
0.9334373163
0.9334373163
0.7387736159
0.7387736159
0.7387736159
0.7387736159
0.7387736159
1.978223794
1.978223794
1.978223794
1.978223794
1.978223794
1.978223794
1.978223794
1.978223794
0.5338065821
0.5338065821
0.6840695448
0.6840695448
0.6840695448
0.6840695448
0.6840695448
0.6840695448
0.6840695448
0.4541423251
0.4541423251
0.4541423251
0.4541423251
0.4541423251
2.146185359
2.146185359
1.902103899
1.902103899
1.902103899
1.902103899
1.902103899
1.902103899
1.902103899
1.387820965
1.387820965
1.387820965
1.027612053
1.027612053
1.027612053
1.027612053
1.027612053
1.027612053
0.9914082377
0.9914082377
0.9914082377
0.9303094165
0.988609255
0.988609255
0.988609255
0.988609255
0.988609255
1.540715488
0.8518416455
0.8518416455
1.340667555
1.340667555
1.340667555
1.607773916
0.6098946422
0.6098946422
0.6098946422
0.6098946422
2.02815184
2.02815184
2.02815184
2.02815184
2.02815184
2.02815184
2.02815184
2.02815184
2.02815184
2.02815184
1.708712414
1.708712414
1.708712414
1.708712414
1.708712414
0.7261163535
0.7261163535
0.7261163535
0.7261163535
0.8313184272
0.8313184272
1.657383562
1.657383562
0.9364740713
0.9364740713
0.9364740713
1.135238913
1.135238913
1.135238913
1.135238913
1.135238913
1.135238913
1.331753351
1.331753351
1.331753351
1.331753351
1.331753351
1.331753351
1.331753351
1.331753351
1.331753351
1.331753351
1.331753351
1.331753351
0.4616348416
0.4616348416
0.4616348416
0.4616348416
0.4616348416
0.4616348416
0.4616348416
0.4616348416
0.9185365682
0.9185365682
0.9185365682
0.9185365682
0.9185365682
0.9378108085
0.9378108085
0.9378108085
0.9378108085
0.9378108085
0.9378108085
0.9378108085
0.9378108085
1.268491636
1.268491636
1.268491636
0.9883438446
0.9883438446
0.9883438446
0.9883438446
0.9883438446
0.9883438446
0.9883438446
0.9883438446
0.9883438446
1.130762362
0.732494213
0.732494213
0.732494213
1.230221552
1.230221552
1.230221552
1.230221552
1.230221552
1.230221552
1.230221552
1.230221552
1.230221552
1.230221552
1.230221552
1.220093067
1.220093067
1.151089245
1.151089245
1.151089245
1.151089245
1.151089245
1.151089245
1.151089245
1.151089245
1.151089245
1.151089245
1.151089245
1.151089245
1.151089245
1.151089245
1.151089245
1.151089245
1.151089245
1.151089245
1.151089245
1.151089245
1.151089245
1.151089245
1.151089245
1.150796429
1.150796429
1.150796429
1.150796429
1.144489752
1.144489752
0.7287668039
0.7287668039
0.7287668039
1.966365589
1.966365589
1.966365589
0.9280470132
0.9280470132
0.7378156528
0.7378156528
0.7378156528
0.7378156528
0.7378156528
0.7378156528
0.7378156528
0.7378156528
0.7378156528
0.7378156528
1.105773107
1.105773107
1.105773107
1.105773107
1.105773107
1.105773107
1.105773107
1.105773107
1.105773107
1.105773107
1.105773107
0.1234911198
0.1234911198
0.7584865076
0.7584865076
0.7584865076
0.7584865076
0.7584865076
0.7584865076
0.7584865076
0.7584865076
0.7584865076
0.7584865076
0.7584865076
1.106767085
1.106767085
0.3440199564
0.3440199564
0.3440199564
-0.4276511965
-0.4276511965
-0.4276511965
0.2330324535
0.00393271186
0.00393271186
1.023630219
1.023630219
1.023630219
1.023630219
1.023630219
1.296806121
0.3951709376
0.3951709376
0.3951709376
1.396194923
1.560382503
1.560382503
2.156607837
2.156607837
2.156607837
-0.001830710344
0.9594535015
0.9594535015
0.9594535015
0.9594535015
0.9594535015
0.9594535015
0.9594535015
0.8123013858
0.8123013858
0.8123013858
0.8123013858
0.8123013858
0.8123013858
0.8123013858
0.8123013858
0.8347521028
0.8347521028
0.8347521028
0.8347521028
0.5246970029
0.5246970029
0.5246970029
0.5246970029
-0.1377177692
0.6564792341
0.6564792341
1.149348817
0.7788737878
0.7788737878
0.7788737878
0.7788737878
1.295163394
1.295163394
0.5797865814
0.5797865814
1.265683695
1.265683695
1.265683695
1.265683695
1.265683695
1.265683695
1.265683695
1.265683695
1.265683695
1.265683695
1.241589194
1.241589194
1.241589194
1.241589194
1.241589194
1.241589194
1.241589194
1.241589194
1.241589194
0.4392340958
1.369164697
1.369164697
1.369164697
1.369164697
1.369164697
1.369164697
1.369164697
1.369164697
1.369164697
1.369164697
1.369164697
1.898996386
1.898996386
0.9275086821
0.9275086821
0.9275086821
0.9275086821
0.6605529931
1.517890754
1.517890754
1.161012806
1.161012806
1.161012806
1.161012806
1.161012806
1.161012806
1.161012806
1.161012806
1.161012806
1.161012806
1.161012806
2.181081585
2.181081585
2.189463066
2.15921589
2.15921589
2.15921589
2.15921589
2.094300621
-0.02997674853
2.41422233
2.260823368
0.4203098409
0.4203098409
0.4203098409
0.4203098409
0.2910898347
0.2910898347
0.2910898347
0.2910898347
0.2910898347
0.2910898347
0.2910898347
0.2910898347
0.2910898347
0.2910898347
0.2910898347
0.2910898347
0.2910898347
0.2910898347
0.2910898347
0.2910898347
0.02304076743
1.480596495
0.6058508612
0.6058508612
0.6058508612
0.9578191726
0.9578191726
0.1530042942
0.1530042942
1.14192592
1.041794012
1.041794012
1.042863786
1.042863786
1.040439151
1.040439151
1.040439151
1.040439151
1.040439151
1.040439151
1.040439151
1.040439151
1.040439151
1.040439151
1.040439151
1.040439151
1.040439151
1.040439151
1.040439151
1.040439151
1.040439151
1.040439151
1.040439151
1.040439151
1.040439151
1.040439151
1.040439151
1.040439151
1.040439151
1.040439151
1.040439151
1.040439151
1.040439151
1.040439151
1.040439151
0.8629129222
1.160424202
1.160424202
0.3819905091
0.3819905091
0.3819905091
0.3819905091
0.5570575942
0.5570575942
0.5570575942
0.9178765411
0.9178765411
0.9178765411
0.9178765411
0.7167522941
0.5413524986
0.5413524986
0.5413524986
0.5413524986
0.5413524986
0.5413524986
0.5413524986
0.5413524986
0.5413524986
1.370209192
1.370209192
1.370209192
1.370209192
1.370209192
1.370209192
1.352765793
1.352765793
1.678935438
1.678935438
1.126711086
1.126711086
1.126711086
0.4710556463
0.4710556463
1.505390214
1.623587986
1.623587986
1.623587986
1.623587986
1.623587986
1.623587986
1.623587986
1.652865984
2.238997403
2.238997403
2.238997403
2.238997403
2.238997403
0.3737113706
0.3737113706
0.3737113706
1.395050807
1.574782409
0.3880721899
0.766213604
0.766213604
0.766213604
0.766213604
0.766213604
0.766213604
0.766213604
0.766213604
0.766213604
0.766213604
0.766213604
1.339219886
0.9839457102
0.9818858461
0.9818858461
0.9818858461
0.9818858461
0.9818858461
0.9818858461
0.9818858461
0.5151965924
0.5151965924
0.5151965924
0.4774302509
0.4774302509
1.164050599
1.164050599
1.164050599
1.164050599
2.137299271
2.137299271
2.014577836
2.014577836
-0.02945964
-0.02945964
1.859978842
1.859978842
1.786719856
1.786719856
0.9956553467
0.9956553467
0.9956553467
0.9956553467
1.010923075
1.010923075
0.1138004233
0.1138004233
2.025018237
2.025018237
0.06800050324
0.06800050324
0.8218711601
1.381677941
1.381677941
1.381677941
1.381677941
1.381677941
1.381677941
1.381677941
1.381677941
1.381677941
1.381677941
1.381677941
1.381677941
1.381677941
1.381677941
1.151167047
1.151167047
1.151167047
1.151167047
1.00323549
1.00323549
1.00323549
1.00323549
1.00323549
1.00323549
1.00323549
1.00323549
1.00323549
1.00323549
1.00323549
1.00323549
1.00323549
1.00323549
0.5788953573
0.5788953573
0.5788953573
0.5788953573
1.973595407
1.973595407
1.973595407
1.973595407
0.1639091002
0.8884256669
0.8884256669
0.8886938327
0.8886938327
0.8886938327
0.8886938327
1.572149181
0.1296475557
0.1296475557
0.1296475557
0.1296475557
0.1296475557
1.311386687
1.311386687
1.311386687
1.475169563
1.475169563
1.475169563
1.475169563
1.475169563
1.475169563
1.475169563
1.475169563
1.475169563
1.475169563
1.475169563
0.1883712215
0.1883712215
-0.1339927892
-0.06012795543
-2.468092892e-05
-2.468092892e-05
-2.468092892e-05
-2.468092892e-05
-2.468092892e-05
-2.468092892e-05
-2.468092892e-05
-2.468092892e-05
2.525687196
1.913504264
1.913504264
0.7972324204
0.7972324204
0.7972324204
0.7972324204
0.7972324204
0.7972324204
0.5182354135
0.5182354135
0.5182354135
0.5182354135
0.5182354135
0.5182354135
0.5182354135
0.5182354135
0.5182354135
0.5182354135
0.5182354135
1.380937672
1.380937672
0.6778163846
