-0.7257913526
-0.7257913526
-0.7257913526
-0.2472035933
-0.2472035933
-0.2472035933
-0.2472035933
-0.2472035933
-0.2472035933
-0.2472035933
-3.487092307
-0.4293218308
-0.5499864281
-0.5499864281
-0.5499864281
-0.5499864281
-0.2267207942
-0.2267207942
-0.2267207942
-0.2267207942
-0.2729429661
-0.2729429661
-0.2729429661
-0.2729429661
-0.2729429661
-0.2729429661
-0.2729429661
-0.2729429661
-0.2729429661
-0.2729429661
-0.2729429661
-0.2729429661
-0.2729429661
-0.2729429661
-0.2729429661
-0.2729429661
-0.2729429661
-0.3326971075
-0.3326971075
-0.3326971075
-0.3326971075
-0.3326971075
-0.3326971075
-0.3326971075
-0.3326971075
-0.3326971075
-0.3326971075
-0.3326971075
-0.3326971075
-0.3326971075
-0.3326971075
-0.3326971075
-1.833233821
-1.833233821
-1.833233821
-0.2502413027
-0.2502413027
-0.2502413027
-0.4207044666
-0.274381506
-0.274381506
-0.274381506
-0.274381506
-0.274381506
-0.274381506
-0.274381506
-0.274381506
-0.274381506
-0.274381506
-0.274381506
-0.274381506
-0.274381506
-0.274381506
-0.274381506
-0.8978901494
-1.557256671
-1.557256671
-1.557256671
-0.2286870399
-0.2286870399
-0.8567669425
-0.8567669425
-0.8567669425
-0.8567669425
-0.4950037201
-0.4950037201
-0.4950037201
-0.4950037201
-0.4950037201
-0.4950037201
-0.4950037201
-0.2293236078
-0.2293236078
-1.377177673
-1.377177673
-1.377177673
-1.377177673
-1.377177673
-0.3145498774
-2.245231391
-2.245231391
-0.2261355463
-3.493185011
-3.493185011
-3.493185011
-0.530636826
-0.530636826
-0.530636826
-0.530636826
-0.9578035874
-0.9578035874
-0.7340390357
-0.7340390357
-0.7340390357
-0.7340390357
-0.7822717857
-0.7822717857
-0.7822717857
-1.856171824
-2.04162894
-2.04162894
-2.04162894
-2.04162894
-2.04162894
-2.04162894
-2.04162894
-2.04162894
-2.04162894
-2.04162894
-2.04162894
-2.04162894
-2.04162894
-0.2265566601
-0.2265566601
-0.2265566601
-0.2265566601
-1.209928048
-1.209928048
-1.209928048
-1.209928048
-1.209928048
-1.204231333
-1.204231333
-0.252588485
-0.252588485
-0.252588485
-0.252588485
-0.3489340699
-0.3489340699
-0.3489340699
-0.3489340699
-0.3489340699
-0.3489340699
-0.3489340699
-0.3489340699
-0.3489340699
-0.7701533186
-0.7701533186
-0.7718766998
-0.7718766998
-0.7718766998
-0.7718766998
-0.5641480026
-0.5641480026
-0.5641480026
-0.5641480026
-0.5641480026
-0.5641480026
-0.5641480026
-0.5641480026
-0.5641480026
-1.02627642
-1.02627642
-0.277842912
-0.277842912
-0.277842912
-0.277842912
-0.277842912
-0.277842912
-0.277842912
-0.277842912
-0.277842912
-0.5079828212
-0.5079828212
-0.5079828212
-0.5079828212
-0.7528076519
-0.7528076519
-0.7528076519
-0.7528076519
-0.7528076519
-0.7528076519
-0.7528076519
-0.7528076519
-0.24992062
-2.694968514
-0.6065617758
-0.6065617758
-0.6065617758
-1.827354425
-1.827354425
-1.114490974
-1.114490974
-1.114490974
-1.114490974
-1.114490974
-1.114490974
-1.598275766
-1.598275766
-1.598275766
-1.598275766
-1.598275766
-0.6876370479
-0.6876370479
-0.3025242171
-0.3025242171
-0.3025242171
-0.3025242171
-0.3025242171
-0.3025242171
-0.231737167
-0.231737167
-0.231737167
-0.231737167
-0.330365125
-0.330365125
-0.330365125
-0.330365125
-0.330365125
-1.708366615
-0.2267893907
-0.2331918154
-0.2331918154
-0.2331918154
-0.2331918154
-0.2331918154
-0.2331918154
-0.2331918154
-0.2331918154
-0.2331918154
-0.2331918154
-0.4858449794
-0.4858449794
-0.4858449794
-0.4858449794
-0.4858449794
-0.4858449794
-0.4858449794
-0.4858449794
-0.4858449794
-0.4858449794
-0.4858449794
-0.631200568
-0.631200568
-0.631200568
-0.631200568
-0.5188759048
-0.5188759048
-0.2494904824
-0.2494904824
-0.2494904824
-0.2494904824
-0.2494904824
-0.2494904824
-0.2494904824
-0.2494904824
-1.432002888
-1.432002888
-1.012574974
-1.012574974
-1.012574974
-1.012574974
-1.012574974
-1.012574974
-1.012574974
-0.2346547338
-0.2346547338
-0.2346547338
-0.2346547338
-0.2346547338
-0.2346547338
-0.2346547338
-0.2346547338
-0.2346547338
-0.2346547338
-0.2346547338
-0.2346547338
-0.2346547338
-0.5996901174
-0.5996901174
-0.5996901174
-0.5996901174
-0.5996901174
-2.281098656
-2.281098656
-0.2833510959
-0.6366587289
-0.6366587289
-0.6366587289
-0.6366587289
-0.3633800871
-0.3633800871
-0.3633800871
-0.2715227752
-0.2715227752
-0.2715227752
-0.2301424696
-0.2301424696
-0.2301424696
-0.2301424696
-0.2301424696
-0.2301424696
-0.2301424696
-0.2301424696
-0.2301424696
-0.2301424696
-0.2301424696
-0.2301424696
-0.2301424696
-0.2301424696
-0.2301424696
-0.2301424696
-0.2301424696
-0.2301424696
-3.861743738
-3.861743738
-3.861743738
-1.271223563
-1.320377341
-1.320377341
-1.320377341
-1.320377341
-1.320377341
-1.320377341
-1.320377341
-1.320377341
-1.320377341
-0.2516417611
-0.2516417611
-0.8199913692
-0.8199913692
-0.3327175903
-0.6000193662
-0.6793338776
-1.067073827
-1.358366093
-0.2289754793
-0.2289754793
-0.2289754793
-0.2289754793
-0.2289754793
-0.2289754793
-0.2289754793
-0.2289754793
-0.2289754793
-0.2289754793
-0.2289754793
-0.2289754793
-0.5269158257
-0.2864159799
-0.2864159799
-0.2864159799
-0.2864159799
-0.2864159799
-0.2864159799
-0.2864159799
-0.2864159799
-0.2864159799
-0.2864159799
-0.2864159799
-0.2864159799
-0.2864159799
-0.2864159799
-0.2267726787
-0.9372575707
-1.66671343
-0.2338452978
-0.2338452978
-0.2338452978
-0.2338452978
-0.2338452978
-0.2338452978
-0.2338452978
-0.2338452978
-0.2338452978
-0.2338452978
-0.2338452978
-0.2338452978
-0.2329379111
-0.2329379111
-0.2329379111
-0.2329379111
-0.2329379111
-0.2329379111
-0.2329379111
-0.2329379111
-0.2329379111
-0.2329379111
-0.2329379111
-0.2329379111
-0.2329379111
-0.2329379111
-0.2329379111
-0.4115044032
-0.4115044032
-0.4115044032
-0.4115044032
-0.4115044032
-0.4115044032
-0.4115044032
-0.4115044032
-2.05733619
-2.05733619
-0.3351779504
-0.3351779504
-0.3351779504
-0.3351779504
-0.3351779504
-0.3351779504
-0.3351779504
-0.3351779504
-0.2498334057
-0.2498334057
-0.3053048878
-0.3053048878
-0.382827141
-0.382827141
-0.7653504205
-0.679531764
-0.679531764
-0.679531764
-0.679531764
-0.679531764
-0.679531764
-0.3205369085
-0.3205369085
-0.7124460978
-3.759783638
-2.806234007
-0.2683637877
-0.2683637877
-0.2683637877
-0.2683637877
-0.2683637877
-0.2683637877
-1.346207831
-1.346207831
-0.2469643093
-0.2469643093
-0.2469643093
-1.840613044
-1.42624699
-1.42624699
-1.42624699
-1.42624699
-0.23025789
-0.23025789
-0.23025789
-0.5348242763
-0.5348242763
-0.45748455
-0.45748455
-0.45748455
-0.45748455
-0.2480855525
-0.2480855525
-0.2480855525
-0.9227817421
-0.9227817421
-0.851394635
-0.2458623073
-0.6976083352
-0.6976083352
-0.6976083352
-0.6976083352
-0.6976083352
-0.6976083352
-0.6976083352
-0.2838131865
-0.2838131865
-0.2838131865
-0.2838131865
-0.2838131865
-0.2838131865
-0.2838131865
-0.2838131865
-0.2838131865
-0.2838131865
-0.2838131865
-0.2838131865
-0.2838131865
-0.2838131865
-0.2838131865
-0.2838131865
-0.2838131865
-0.2838131865
-0.2838131865
-0.2838131865
-0.2838131865
-0.2838131865
-0.2838131865
-0.2838131865
-0.2838131865
-0.2838131865
-0.2838131865
-0.2838131865
-0.2838131865
-0.2838131865
-0.4211950041
-0.4211950041
-0.4211950041
-0.4211950041
-0.4211950041
-0.4211950041
-0.4211950041
-0.4211950041
-0.4211950041
-0.4211950041
-0.4211950041
-0.4211950041
-1.090587507
-1.115775141
-2.732558775
-2.732558775
-2.732558775
-2.732558775
-2.372008301
-0.7293160273
-0.7293160273
-0.7293160273
-0.7293160273
-0.7293160273
-0.7293160273
-0.7293160273
-0.7293160273
-0.7293160273
-0.7002773738
-2.136916337
-1.021313037
-1.021313037
-1.021313037
-0.4119683339
-0.4119683339
-0.4119683339
-0.2507226723
-0.2507226723
-0.2507226723
-0.2510261384
-0.2510261384
-0.2510261384
-0.2510261384
-0.2510261384
-0.3337340223
-0.3337340223
-0.3337340223
-0.3337340223
-0.3337340223
-0.3337340223
-0.3337340223
-0.2273997274
-0.2273997274
-0.2645891679
-0.2645891679
-0.2288556768
-0.2288556768
-0.2288556768
-0.9981866134
-0.9981866134
-0.9981866134
-0.9981866134
-0.7437912445
-0.7437912445
-0.7437912445
-1.184238461
-1.184238461
-1.184238461
-0.9666000485
-0.9146697457
-0.9146697457
-0.4651630905
-0.3872637238
-0.3872637238
-0.3872637238
-0.3872637238
-0.3872637238
-0.3872637238
-0.3872637238
-0.3872637238
-0.2474104064
-0.2474104064
-0.576775393
-0.514904758
-0.514904758
-0.514904758
-0.514904758
-0.514904758
-0.514904758
-0.514904758
-0.514904758
-0.514904758
-0.514904758
-0.514904758
-0.514904758
-0.514904758
-0.514904758
-0.514904758
-0.514904758
-0.514904758
-0.514904758
-0.514904758
-0.514904758
-0.514904758
-0.4575971663
-0.2615035614
-0.2615035614
-0.2615035614
-2.061454642
-0.821543655
-0.821543655
-0.821543655
-0.821543655
-0.821543655
-0.821543655
-0.821543655
-0.821543655
-0.821543655
-0.821543655
-0.821543655
-0.821543655
-0.821543655
-0.821543655
-1.763849189
-1.763849189
-4.157114781
-4.157114781
-3.551109929
-3.551109929
-3.551109929
-2.674145133
-2.674145133
-0.4236160213
-0.4236160213
-0.4236160213
-0.4236160213
-0.4236160213
-0.4236160213
-0.5489040682
-0.4494742242
-0.2622947921
-0.2622947921
-0.2622947921
-0.2622947921
-1.370665548
-1.370665548
-1.370665548
-1.370665548
-1.370665548
-0.2299438122
-0.2713611289
-0.2713611289
-0.2713611289
-0.2713611289
-0.2713611289
-0.2713611289
-0.2713611289
-0.2713611289
-0.2713611289
-0.2713611289
-0.2713611289
-0.2713611289
-0.2713611289
-0.2713611289
-0.2713611289
-0.2713611289
-0.2396672276
-0.2970288393
-0.2970288393
-0.3397749478
-0.3397749478
-0.3397749478
-0.2782888819
-0.2782888819
-0.2782888819
-0.2782888819
-0.2782888819
-0.2782888819
-0.2782888819
-0.2782888819
-0.9885682227
-0.9406189597
-0.5873928459
-0.5873928459
-0.5873928459
-0.5873928459
-0.5873928459
-0.5873928459
-0.9488403198
-0.9488403198
-0.9488403198
-0.6962248145
-0.6962248145
-3.135649263
-3.135649263
-0.3381055589
-0.3381055589
-0.3381055589
-0.3381055589
-0.3381055589
-0.4512421046
-0.4512421046
-0.4512421046
-0.3269990008
-0.3269990008
-0.6550617163
-0.6550617163
-0.2344869177
-0.2344869177
-0.849493176
-0.849493176
-0.849493176
-0.849493176
-0.849493176
-0.849493176
-0.849493176
-0.4293835454
-0.4293835454
-0.4293835454
-0.2259766442
-0.2259766442
-0.2259766442
-0.628567435
-0.628567435
-0.628567435
-0.628567435
-0.628567435
-0.628567435
-0.628567435
-0.628567435
-0.628567435
-0.628567435
-0.628567435
-0.628567435
-0.687947918
-0.687947918
-0.687947918
-0.687947918
-0.2451802028
-0.2451802028
-0.2451802028
-0.2451802028
-0.4428837146
-0.4428837146
-0.2258444327
-0.2258444327
-0.2258444327
-0.2258444327
-0.2258444327
-0.4533467178
-0.2398013413
-0.2398013413
-0.2398013413
-0.7005264351
-0.7005264351
-0.7005264351
-0.7005264351
-1.365584902
-1.365584902
-1.365584902
-1.365584902
-1.365584902
-1.663426428
-1.663426428
-1.663426428
-0.945855745
-0.945855745
-0.945855745
-0.5984747388
-0.5984747388
-0.5984747388
-0.5984747388
-0.5984747388
-0.5984747388
-0.7245475028
-0.2687240593
-1.060158086
-0.4970235505
-0.289871146
-0.289871146
-1.007992016
-1.007992016
-1.007992016
-0.2983899138
-0.2983899138
-0.2616325229
-0.2306898915
-0.2306898915
-0.2306898915
-0.2306898915
-0.2306898915
-0.2265305806
-0.2265305806
-0.2265305806
-0.2265305806
-0.2265305806
-0.2265305806
-0.8437749733
-0.8437749733
-0.8437749733
-0.8437749733
-0.8437749733
-0.8437749733
-0.499243276
-0.499243276
-0.499243276
-0.499243276
-0.499243276
-0.7521972494
-0.7521972494
-0.7521972494
-0.7521972494
-0.7521972494
-0.7521972494
-0.7521972494
-0.7521972494
-0.7521972494
-0.7521972494
-0.7521972494
-0.7521972494
-0.7521972494
-0.7521972494
-0.2483354215
-0.2483354215
-0.2483354215
-0.2483354215
-0.2483354215
-0.2483354215
-0.2483354215
-0.2483354215
-0.2483354215
-0.870089513
-0.870089513
-0.8350063906
-0.8350063906
-0.8350063906
-0.8350063906
-0.8350063906
-0.8350063906
-0.8350063906
-0.8350063906
-0.8350063906
-0.8350063906
-0.8350063906
-0.8350063906
-1.050948381
-1.050948381
-0.3161908383
-0.3161908383
-0.3161908383
-0.3161908383
-0.3161908383
-0.792019623
-0.792019623
-1.014255476
-1.014255476
-1.014255476
-1.014255476
-1.014255476
-1.014255476
-1.014255476
-0.624661328
-0.624661328
-0.624661328
-0.6381328841
-0.6381328841
-0.6381328841
-0.6381328841
-0.6381328841
-0.6381328841
-1.37457816
-1.37457816
-1.37457816
-0.6562500624
-0.6562500624
-0.6562500624
-0.6562500624
-0.6562500624
-0.6562500624
-0.3929035335
-0.3929035335
-0.3929035335
-0.3929035335
-0.3929035335
-0.3929035335
-0.3929035335
-0.3929035335
-0.3929035335
-0.3929035335
-0.2648131292
-0.2648131292
-0.2648131292
-0.2648131292
-0.2648131292
-0.2648131292
-0.2648131292
-0.7009379716
-1.779251031
-0.3196242629
-0.3196242629
-0.3196242629
-0.3196242629
-0.3196242629
-0.3196242629
-0.3196242629
-0.2301343446
-0.2301343446
-0.2301343446
-0.2301343446
-0.2301343446
-0.2301343446
-0.2301343446
-0.2301343446
-0.3295313159
-1.816375458
-1.816375458
-0.2291662818
-1.171911116
-1.171911116
-1.171911116
-0.3947483487
-0.3947483487
-0.5573876749
-0.5573876749
-0.5573876749
-0.5404347682
-0.8424619488
-0.8424619488
-0.2874705762
-0.2874705762
-0.2874705762
-0.2874705762
-0.2874705762
-0.3304860231
-0.3304860231
-0.7735104811
-0.7735104811
-0.2287302566
-0.2287302566
-0.2287302566
-0.2287302566
-0.2287302566
-0.4040658523
-0.9030752095
-0.9030752095
-0.2883644155
-0.2883644155
-0.2883644155
-0.2676262076
-0.2676262076
-0.2676262076
-0.2676262076
-0.2676262076
-0.2676262076
-0.2676262076
-0.2676262076
-0.2676262076
-0.2676262076
-0.6016583871
-0.6016583871
-0.6016583871
-0.6016583871
-0.6016583871
-0.9104991039
-0.9104991039
-0.9104991039
-0.9104991039
-0.7400756913
-0.7400756913
-0.7400756913
-0.4167366981
-0.4167366981
-0.4167366981
-0.4167366981
-0.4167366981
-0.4167366981
-0.4167366981
-3.257205328
-3.425342284
-3.425342284
-3.425342284
-3.425342284
-2.091507432
-0.3518634815
-0.3518634815
-1.024068326
-1.024068326
-1.024068326
-1.024068326
-1.024068326
-0.4718764574
-0.4718764574
-0.4718764574
-0.9731968605
-0.9731968605
-1.036807189
-1.036807189
-1.036807189
-1.036807189
-1.036807189
-1.036807189
-1.4017417
-1.4017417
-1.4017417
-1.4017417
-1.4017417
-1.4017417
-1.4017417
-1.4017417
-0.6777518684
-0.6777518684
-0.6777518684
-0.6777518684
-0.6777518684
-0.4468308505
-3.207438846
-3.207438846
-3.207438846
-3.207438846
-1.722046799
-2.073228181
-2.073228181
-2.073228181
-2.073228181
-2.073228181
-2.073228181
-2.073228181
-1.138960215
-1.138960215
-1.138960215
-1.138960215
-1.138960215
-1.138960215
-1.715879326
-0.3137190631
-0.3137190631
-0.3137190631
-0.3137190631
-0.5803025687
-0.5803025687
-0.5803025687
-0.5803025687
-0.5033447127
-0.5033447127
-0.5033447127
-0.5033447127
-0.5033447127
-0.5033447127
-0.2389992288
-0.6838781989
-0.346300816
-0.346300816
-0.346300816
-0.346300816
-0.346300816
-0.346300816
-0.346300816
-0.3092246889
-0.3092246889
-0.3092246889
-0.3092246889
-0.3092246889
-0.2927560514
-0.2927560514
-0.2927560514
-0.2927560514
-0.2927560514
-0.3334075829
-0.3334075829
-0.3334075829
-0.3334075829
-0.3334075829
-0.3334075829
-0.3334075829
-0.3334075829
-0.5832394537
-0.5832394537
-0.5832394537
-0.5832394537
-0.5832394537
-0.5832394537
-0.5832394537
-2.036295864
-2.036295864
-0.4818790872
-0.5155673262
-0.5155673262
-0.5155673262
-0.3101815796
-0.3101815796
-0.3101815796
-0.3101815796
-0.3101815796
-0.5080515529
-0.5080515529
-0.5080515529
-1.387471521
-1.387471521
-1.387471521
-0.2477503346
-1.681533725
-1.681533725
-1.681533725
-1.681533725
-1.681533725
-0.2698534577
-0.2698534577
-0.3180770023
-0.3180770023
-0.3180770023
-0.3180770023
-0.3180770023
-0.3180770023
-0.3180770023
-0.3180770023
-0.3180770023
-0.2667424574
-0.2302093614
-0.2302093614
-0.2302093614
-0.2302093614
-0.2302093614
-0.2302093614
-0.2302093614
-0.2302093614
-0.2302093614
-2.362922644
-1.967081014
-1.967081014
-0.7907690795
-0.7907690795
-0.7907690795
-0.7907690795
-0.7907690795
-0.2295139472
-0.5193352288
-0.2703538274
-0.2703538274
-0.2703538274
-0.2703538274
-0.2703538274
-0.2703538274
-0.2272966081
-0.2272966081
-0.2272966081
-0.2272966081
-0.2853917061
-0.2261874606
-0.2261874606
-0.2261874606
-0.2826325692
-0.2826325692
-0.3589193518
-0.3589193518
-0.6297152778
-0.4315357141
-0.366093961
-0.366093961
-0.366093961
-0.366093961
-0.4470191777
-0.4470191777
-0.4470191777
-0.33973684
-0.33973684
-2.273531529
-0.2510748587
-0.2510748587
-0.2262047183
-0.2550914929
-0.2550914929
-1.419127314
-1.419127314
-0.2910333114
-0.2910333114
-0.2910333114
-0.3388086869
-0.2757340584
-0.2757340584
-0.2757340584
-0.2757340584
-0.2757340584
-0.2757340584
-0.2757340584
-0.2757340584
-0.2757340584
-0.2757340584
-0.2679641158
-0.2679641158
-0.4827743498
-1.539948542
-1.539948542
-1.539948542
-1.539948542
-1.539948542
-0.2383070088
-0.2383070088
-0.2383070088
-0.2546949534
-0.2546949534
-0.3287168472
-0.3287168472
-0.7885812837
-0.7885812837
-0.7885812837
-0.7885812837
-0.7885812837
-0.4001227502
-0.4001227502
-0.4001227502
-0.4001227502
-0.2260766297
-0.2260766297
-0.2260766297
-1.780750876
-1.780750876
-1.780750876
-1.780750876
-1.780750876
-1.780750876
-0.2454719957
-0.2454719957
-0.2267666417
-0.2267666417
-0.2267666417
-0.2267666417
-0.2267666417
-0.2267666417
-0.2267666417
-0.2267666417
-0.2654774653
-0.2654774653
-0.2654774653
-0.2654774653
-0.2654774653
-0.2654774653
-0.2654774653
-0.2654774653
-0.2654774653
-0.8696385502
-0.8696385502
-0.7994788541
-0.7994788541
-0.7994788541
-0.7994788541
-0.7994788541
-0.7994788541
-0.9467233835
-0.9467233835
-1.655311148
-2.188082184
-2.188082184
-6.652829753
-6.652829753
-6.652829753
-6.652829753
-0.2323941589
-0.2323941589
-0.2323941589
-0.5158099733
-0.5158099733
-0.3269075379
-0.3269075379
-0.3269075379
-0.3269075379
-0.3371652191
-0.3736759306
-0.3736759306
-0.3736759306
-1.143420665
-1.143420665
-1.143420665
-1.143420665
-1.265953259
-1.265953259
-1.265953259
-1.265953259
-1.249325374
-1.249325374
-1.249325374
-1.249325374
-1.249325374
-1.249325374
-1.249325374
-0.5718046332
-0.5718046332
-0.5718046332
-0.5718046332
-0.5718046332
-0.5718046332
-0.5718046332
-0.5718046332
-0.5718046332
-0.5718046332
-0.5718046332
-0.5718046332
-0.4358534211
-0.7700004011
-0.3924468833
-0.3924468833
-0.3924468833
-0.3924468833
-0.3924468833
-0.5505517514
-0.5505517514
-0.5505517514
-0.5505517514
-0.5505517514
-0.5505517514
-0.5505517514
-0.5505517514
-0.3492708726
-1.002404686
-0.2292880603
-0.2292880603
-0.2292880603
-0.2292880603
-0.2292880603
-0.2292880603
-0.2292880603
-0.2292880603
-0.2292880603
-0.2258412213
-0.3038121602
-0.3038121602
-0.3544497181
-0.3544497181
-0.3544497181
-0.3544497181
-0.3544497181
-0.536472835
-0.536472835
-0.536472835
-0.8547541441
-0.5439083179
-0.5439083179
-0.5439083179
-0.5439083179
-0.5439083179
-4.496121748
-3.391338586
-3.391338586
-3.391338586
-3.391338586
-3.391338586
-1.339120988
-1.339120988
-1.339120988
-1.339120988
-0.699534558
-0.2351690574
-0.2351690574
-0.2351690574
-0.5987743985
-5.142698156
-0.9369486896
-0.9369486896
-0.9369486896
-0.9369486896
-0.9369486896
-0.9369486896
-0.9369486896
-0.9369486896
-0.9369486896
-0.9369486896
-0.9369486896
-0.9369486896
-0.9369486896
-0.9369486896
-0.9369486896
-1.305789241
-1.305789241
-1.305789241
-0.4346727906
-0.4346727906
-1.65418786
-0.6929422549
-0.2316283913
-0.2733142349
-0.2733142349
-0.2733142349
-0.2733142349
-0.2733142349
-0.2733142349
-0.2733142349
-0.2733142349
-0.2733142349
-0.2733142349
-0.2733142349
-0.2733142349
-0.2733142349
-0.2733142349
-0.2733142349
-0.2733142349
-0.2733142349
-0.2733142349
-0.2733142349
-0.2733142349
-0.2733142349
-0.7452981533
-0.7452981533
-1.221489366
-1.221489366
-1.221489366
-1.221489366
-1.221489366
-1.221489366
-1.577943053
-1.577943053
-1.577943053
-2.083528747
-0.375976325
-0.375976325
-0.2370999891
-0.2370999891
-0.5673314611
-0.5673314611
-0.5673314611
-0.5673314611
-0.5673314611
-0.5673314611
-0.5673314611
-0.5673314611
-0.5673314611
-0.5673314611
-0.5673314611
-0.5673314611
-0.5673314611
-0.5673314611
-0.5673314611
-0.5673314611
-0.5673314611
-0.8476404984
-0.4970302268
-0.3583084771
-1.049910442
-0.4865590908
-0.4865590908
-0.4865590908
-0.4865590908
-1.489624664
-1.489624664
-1.489624664
-1.489624664
-0.5428313669
-0.5428313669
-0.5028309739
-0.5028309739
-0.5028309739
-0.5028309739
-0.5028309739
-0.5028309739
-0.5028309739
-0.5028309739
-0.5028309739
-0.6052533723
-0.6052533723
-0.6052533723
-0.6052533723
-0.6052533723
-0.6052533723
-0.4057692015
-0.4057692015
-0.2311411522
-0.2311411522
-0.2311411522
-0.3680016172
-0.3680016172
-0.3680016172
-0.2283783195
-0.2283783195
-0.2283783195
-0.2283783195
-0.2283783195
-0.2283783195
-0.2283783195
-0.2283783195
-0.3036471326
-0.3036471326
-0.3036471326
-0.3036471326
-0.3036471326
-0.3036471326
-0.3036471326
-0.3036471326
-0.3036471326
-0.3036471326
-0.3036471326
-0.3036471326
-0.8287843082
-0.8287843082
-0.8287843082
-0.8287843082
-0.8287843082
-0.8287843082
-0.8287843082
-0.8287843082
-0.5762535939
-0.5762535939
-0.255475916
-0.9962963871
-0.9962963871
-0.4328526607
-0.4328526607
-0.4328526607
-1.134848645
-1.134848645
-1.134848645
-1.134848645
-1.134848645
-1.134848645
-1.134848645
-0.599441108
-0.2352378057
-0.2352378057
-0.2352378057
-0.2352378057
-0.5229926645
-0.5229926645
-0.5229926645
-0.5229926645
-0.5229926645
-0.5229926645
-0.5229926645
-0.5229926645
-0.5229926645
-0.5229926645
-0.5229926645
-0.5229926645
-0.5229926645
-0.5229926645
-0.2281441995
-0.2299851547
-0.2329485656
-0.2338103027
-0.2338103027
-0.2338103027
-0.2338103027
-0.2338103027
-0.2338103027
-1.317142542
-0.2387962243
-0.2387962243
-0.2387962243
-0.2387962243
-0.2387962243
-0.2387962243
-0.2387962243
-0.2387962243
-0.3855508091
-0.3855508091
-0.3855508091
-0.656059449
-0.656059449
-0.656059449
-0.656059449
-0.654882745
-0.654882745
-0.654882745
-0.3820884635
-0.3820884635
-0.3820884635
-0.3820884635
-0.3820884635
-0.3820884635
-0.3820884635
-0.2260164649
-0.5626590171
-0.5626590171
-0.5626590171
-0.5626590171
-0.5626590171
-0.7060018991
-0.7060018991
-0.7060018991
-0.7060018991
-0.7060018991
-0.7060018991
-0.7060018991
-0.3266901433
-0.3266901433
-0.3266901433
-0.3266901433
-0.3266901433
-0.3266901433
-0.3266901433
-0.3266901433
-0.3266901433
-1.075016476
-1.075016476
-1.075016476
-1.829385177
-0.2897299373
-0.2897299373
-0.2897299373
-0.2897299373
-0.228212993
-0.228212993
-0.228212993
-0.228212993
-0.226660283
-0.226660283
-0.226660283
-0.226660283
-0.2891530995
-0.2891530995
-0.2891530995
-0.2891530995
-0.2891530995
-0.2891530995
-0.2891530995
-0.2891530995
-0.2891530995
-0.2891530995
-0.2891530995
-0.2891530995
-0.2891530995
-0.2891530995
-1.546643893
-1.546643893
-1.546643893
-1.546643893
-1.003096415
-1.003096415
-1.003096415
-1.003096415
-1.003096415
-0.5808489178
-0.5025751015
-0.5025751015
-0.5025751015
-0.5025751015
-1.706900431
-1.806419543
-2.096503543
-2.096503543
-2.096503543
-0.5755625472
-1.138018475
-1.138018475
-1.138018475
-1.138018475
-1.138018475
-1.138018475
-1.104824778
-1.104824778
-1.104824778
-1.104824778
-1.104824778
-1.104824778
-1.104824778
-1.035547323
-1.035547323
-1.035547323
-1.035547323
-0.3604404806
-0.3604404806
-0.3604404806
-0.3604404806
-0.3604404806
-0.4835908086
-0.4835908086
-0.4835908086
-0.4835908086
-0.2777444804
-0.2777444804
-0.2777444804
-0.2777444804
-0.2777444804
-0.2777444804
-0.2777444804
-0.2777444804
-0.3897107458
-0.3897107458
-0.5979528836
-0.5979528836
-0.5979528836
-0.3246576109
-0.3246576109
-0.3246576109
-0.3965001918
-0.6366928052
-0.6366928052
-0.6366928052
-0.6366928052
-0.6366928052
-0.6366928052
-0.6366928052
-0.6366928052
-0.6366928052
-0.9341624937
-1.570654836
-2.02573685
-2.02573685
-3.139677768
-3.139677768
-1.919552085
-0.4783527211
-0.2462449468
-0.495976141
-0.495976141
-0.495976141
-0.2838201252
-0.2838201252
-0.2838201252
-0.2838201252
-0.2838201252
-0.3691758276
-0.3691758276
-0.3691758276
-0.3603034161
-0.3603034161
-0.3603034161
-0.3603034161
-0.3603034161
-0.7363585667
-0.7363585667
-2.933645632
-2.933645632
-2.933645632
-2.933645632
-2.285355725
-2.285355725
-2.285355725
-0.7370408878
-0.7370408878
-0.7370408878
-0.7370408878
-0.7370408878
-0.5503977122
-0.5503977122
-0.3038129008
-0.2266736239
-0.3354874053
-0.3354874053
-0.3354874053
-0.3354874053
-0.3354874053
-0.3354874053
-0.3354874053
-0.3354874053
-0.574145543
-0.574145543
-0.574145543
-0.574145543
-0.574145543
-0.574145543
-0.574145543
-0.574145543
-0.574145543
-0.574145543
-0.574145543
-0.574145543
-0.574145543
-0.574145543
-0.574145543
-0.574145543
-1.415106072
-1.415106072
-1.415106072
-1.415106072
-1.415106072
-1.415106072
-1.415106072
-1.415106072
-1.415106072
-1.415106072
-1.415106072
-1.415106072
-1.083556985
-1.20918798
-1.20918798
-1.20918798
-1.20918798
-1.20918798
-0.2618797624
-0.2618797624
-0.2325752393
-0.3828105749
-0.3828105749
-0.3828105749
-0.3828105749
-0.3561734504
-0.3561734504
-0.3561734504
-0.3561734504
-0.3561734504
-0.3561734504
-0.3561734504
-0.3561734504
-0.2354656524
-0.2354656524
-0.2354656524
-0.2354656524
-0.2354656524
-0.2354656524
-0.2354656524
-0.6777348163
-0.6777348163
-0.6777348163
-0.2709932195
-0.2709932195
-0.2709932195
-0.2709932195
-0.2709932195
-0.2709932195
-0.2709932195
-1.070056028
-0.6936860676
-0.6936860676
-0.6936860676
-0.6936860676
-0.6936860676
-2.113166574
-2.113166574
-2.113166574
-2.113166574
-2.113166574
-2.113166574
-2.631069248
-2.802105973
-0.3579841308
-0.3579841308
-0.3579841308
-0.3579841308
-0.3579841308
-0.3579841308
-0.3579841308
-0.278905927
-0.278905927
-0.278905927
-0.278905927
-0.278905927
-1.466881897
-0.3483627883
-0.3483627883
-0.3483627883
-0.3483627883
-1.458970345
-1.458970345
-1.458970345
-1.458970345
-1.458970345
-1.458970345
-1.458970345
-1.458970345
-1.458970345
-2.90774464
-2.90774464
-2.90774464
-0.6290439598
-0.6290439598
-1.030864041
-1.030864041
-1.030864041
-0.2888988009
-0.2888988009
-0.2888988009
-0.2888988009
-0.2888988009
-0.2888988009
-0.2888988009
-0.2888988009
-0.2888988009
-0.2888988009
-0.2888988009
-0.6910438122
-0.6910438122
-0.2748713962
-0.2748713962
-1.551991333
-1.551991333
-1.551991333
-1.551991333
-1.551991333
-1.551991333
-1.551991333
-2.953784044
-2.953784044
-0.4772184518
-0.4772184518
-0.2816397155
-0.2816397155
-1.100643912
-1.100643912
-1.100643912
-0.2889370553
-0.2889370553
-0.2889370553
-0.2889370553
-0.2889370553
-1.313556556
-1.313556556
-0.2904279733
-0.3417030735
-1.082484595
-0.3395886984
-0.3395886984
-0.3395886984
-0.3395886984
-0.3395886984
-0.3395886984
-0.3395886984
-0.3395886984
-0.3395886984
-0.3395886984
-0.3395886984
-0.3395886984
-0.3395886984
-0.3395886984
-0.3395886984
-0.3395886984
-0.3395886984
-0.3395886984
-0.3395886984
-0.3395886984
-0.3395886984
-0.3395886984
-0.3395886984
-0.3395886984
-0.3395886984
-0.3395886984
-0.3395886984
-0.3395886984
-0.3395886984
-0.2781556394
-0.9048981951
-0.9048981951
-0.2294106822
-0.2294106822
-0.2294106822
-0.2294106822
-0.2294106822
-0.2294106822
-0.2294106822
-0.2294106822
-0.5311919836
-0.5311919836
-0.5311919836
-0.5311919836
-0.644843193
-0.644843193
-0.7275295928
-0.7275295928
-0.2268637036
-0.2268637036
-0.2268637036
-0.2268637036
-0.2268637036
-0.2268637036
-0.2268637036
-0.2268637036
-0.4627553974
-0.6392192573
-0.6392192573
-0.6392192573
-0.6392192573
-0.6392192573
-0.6392192573
-0.4041719316
-0.4041719316
-0.4041719316
-0.2327117269
-0.2327117269
-0.2327117269
-0.2327117269
-0.3817536118
-0.3817536118
-0.3817536118
-0.3817536118
-0.4681029336
-0.4681029336
-0.4681029336
-0.2326766925
-0.2326766925
-0.3920633036
-0.3920633036
-0.3920633036
-0.3920633036
-0.3920633036
-0.2383637353
-0.2383637353
-0.2383637353
-0.2383637353
-0.2383637353
-0.2383637353
-0.2383637353
-1.101649636
-0.2358889091
-0.2358889091
-0.2358889091
-0.3394259317
-0.3394259317
-0.3394259317
-0.3394259317
-0.3394259317
-0.3394259317
-0.3394259317
-0.3448449175
-0.3448449175
-0.3448449175
-0.3448449175
-0.3448449175
-0.3448449175
-0.3448449175
-0.3448449175
-0.3448449175
-0.3448449175
-0.3448449175
-0.3448449175
-0.3448449175
-0.3448449175
-0.3448449175
-0.3448449175
-0.3448449175
-0.3448449175
-0.3448449175
-0.3448449175
-0.2592071431
-0.2592071431
-0.2592071431
-0.2592071431
-0.2592071431
-0.4827568109
-0.4827568109
-0.4827568109
-0.4827568109
-0.4827568109
-0.6719084003
-0.6719084003
-0.2797309737
-0.2797309737
-0.2797309737
-0.2797309737
-0.7004502448
-0.7004502448
-0.7004502448
-0.7004502448
-0.7004502448
-0.7004502448
-1.950452286
-1.950452286
-2.408968209
-2.408968209
-2.408968209
-2.408968209
-2.408968209
-2.231665216
-2.231665216
-6.71729359
-6.71729359
-6.71729359
-7.955130685
-6.173521426
-6.173521426
-6.173521426
-0.6043197458
-0.6043197458
-0.6043197458
-0.6043197458
-0.4838920433
-0.4838920433
-0.4838920433
-0.4838920433
-0.9112668674
-0.9112668674
-0.9112668674
-0.9112668674
-0.9112668674
-0.9112668674
-0.9112668674
-0.9112668674
-0.9112668674
-0.9112668674
-0.9112668674
-0.9112668674
-2.001562559
-1.87638171
-1.87638171
-1.87638171
-1.87638171
-0.3200157054
-0.3200157054
-0.3200157054
-0.3200157054
-0.3200157054
-0.6506564809
-0.6506564809
-0.6506564809
-0.6506564809
-0.6506564809
-0.6506564809
-0.6506564809
-0.6506564809
-0.6506564809
-0.6506564809
-0.6506564809
-1.968203163
-2.496359636
-2.496359636
-0.5262829935
-0.5262829935
-0.2949184257
-0.2949184257
-0.2949184257
-0.2949184257
-0.2949184257
-0.5700224938
-0.5700224938
-0.5700224938
-0.2259430707
-0.2259430707
-0.2259430707
-0.2259430707
-0.2259430707
-0.2259430707
-0.2259430707
-0.2259430707
-0.2259430707
-0.2259430707
-0.2259430707
-0.2259430707
-0.5608126159
-0.6549750983
-0.6549750983
-0.6549750983
-0.6549750983
-0.6549750983
-0.6549750983
-0.6549750983
-0.6549750983
-0.6549750983
-0.6549750983
-0.8254624317
-0.8254624317
-0.2392201767
-0.2392201767
-0.2392201767
-0.2451930311
-0.2451930311
-0.2451930311
-0.2451930311
-0.502664817
-0.502664817
-1.318375087
-0.9818634618
-0.9818634618
-0.9818634618
-1.438564067
-1.723893518
-1.723893518
-0.3908025112
-0.3908025112
-0.3908025112
-0.3908025112
-0.3908025112
-0.3908025112
-0.3908025112
-0.3908025112
-0.3908025112
-0.2281048736
-0.2281048736
-0.417901269
-0.417901269
-0.3103271111
-0.3103271111
-0.2551155861
-0.2551155861
-0.2551155861
-0.2551155861
-0.2551155861
-0.2551155861
-0.2483114402
-2.831594031
-0.8600149718
-0.8600149718
-0.8600149718
-0.8600149718
-0.8600149718
-0.8600149718
-0.8600149718
-0.8600149718
-0.8600149718
-0.8600149718
-0.8600149718
-0.8600149718
-0.8600149718
-0.8600149718
-4.58187805
-0.7523788706
-0.4271372921
-0.4271372921
-0.4271372921
-1.52041215
-0.2556799292
-0.2556799292
-0.5046451996
-0.2306969152
-0.2306969152
-0.2306969152
-0.2306969152
-0.2306969152
-0.2306969152
-0.3024024144
-0.2446789391
-0.2446789391
-0.2446789391
-0.2446789391
-0.2446789391
-0.2446789391
-0.2446789391
-1.647443113
-1.647443113
-1.647443113
-1.647443113
-3.203622846
-3.349310403
-0.3263052511
-0.5908896339
-0.528205317
-0.528205317
-0.528205317
-0.528205317
-0.3256961442
-0.3256961442
-0.3256961442
-0.9421404791
-0.9421404791
-0.9421404791
-0.3929957925
-0.4260791383
-0.4260791383
-1.472273526
-1.472273526
-1.472273526
-1.472273526
-1.472273526
-1.472273526
-0.2858227057
-0.2858227057
-0.2858227057
-0.2858227057
-0.2858227057
-0.2858227057
-0.2278067989
-0.2526441275
-0.2526441275
-0.2526441275
-0.2526441275
-0.2526441275
-0.2526441275
-0.2526441275
-0.2526441275
-0.3256407469
-0.4974991499
-0.4974991499
-1.852869492
-2.249986521
-2.028820357
-0.2416593562
-0.2416593562
-0.2416593562
-0.2416593562
-0.2416593562
-0.7041531464
-0.7041531464
-0.7041531464
-0.7041531464
-0.7041531464
-0.7041531464
-0.7041531464
-0.7041531464
-0.7041531464
-0.7041531464
-0.7041531464
-0.7041531464
-0.7041531464
-0.7041531464
-0.6688475751
-0.5072703934
-0.5072703934
-0.5072703934
-0.3589956159
-0.3589956159
-0.3589956159
-0.3589956159
-0.3589956159
-0.2419659255
-0.2419659255
-0.2419659255
-0.2419659255
-0.2419659255
-0.2419659255
-0.2419659255
-0.2419659255
-0.2419659255
-0.2419659255
-0.2419659255
-0.2419659255
-0.2419659255
-0.2419659255
-0.2419659255
-0.2419659255
-0.2419659255
-0.2419659255
-0.2419659255
-0.3421226129
-1.318963326
-0.2265907851
-0.2265907851
-0.2265907851
-0.2265907851
-0.2265907851
-0.2265907851
-0.2265907851
-0.2265907851
-0.2497241303
-1.15306479
-1.15306479
-0.8844766158
-0.8844766158
-0.8844766158
-0.4765238765
-0.4621722406
-0.5566868666
-0.5566868666
-0.894138699
-0.894138699
-0.894138699
-0.894138699
-0.894138699
-0.2942415853
-0.2942415853
-0.3349219537
-0.3349219537
-1.396664566
-1.396664566
-1.396664566
-0.36773706
-0.36773706
-0.36773706
-0.36773706
-0.3656017304
-0.3656017304
-0.3656017304
-0.3656017304
-0.3656017304
-0.2467149823
-0.2467149823
-0.2467149823
-0.2467149823
-0.2467149823
-0.2467149823
-0.2467149823
-0.2467149823
-0.2467149823
-0.2467149823
-0.2467149823
-0.2467149823
-0.2467149823
-0.2467149823
-0.2467149823
-0.2467149823
-0.3201762608
-0.3201762608
-0.2309349388
-0.2309349388
-1.249630676
-0.4877017782
-0.4877017782
-1.700108842
-1.700108842
-1.700108842
-1.266886284
-0.6719849201
-0.6719849201
-0.6719849201
-0.6719849201
-0.6719849201
-0.6719849201
-0.6719849201
-0.6719849201
-0.6362455987
-0.4385372196
-0.4385372196
-0.4385372196
-0.4385372196
-0.4385372196
-0.4385372196
-0.4385372196
-0.4385372196
-0.4385372196
-0.4389712354
-0.6566112035
-0.6566112035
-0.50302778
-0.50302778
-0.50302778
-0.50302778
-1.485954494
-1.485954494
-1.485954494
-1.485954494
-1.485954494
-0.6456642488
-0.6456642488
-0.6456642488
-0.5729179786
-0.6753373934
-0.6753373934
-0.9410935638
-0.9410935638
-0.9410935638
-0.9410935638
-0.9410935638
-1.326586086
-1.359542991
-1.359542991
-1.359542991
-1.359542991
-1.359542991
-1.359542991
-3.051444069
-3.051444069
-3.051444069
-1.314048065
-1.314048065
-1.314048065
-1.314048065
-3.512788179
-3.512788179
-3.512788179
-3.512788179
-4.36018035
-4.36018035
-0.6361001098
-0.6361001098
-0.6361001098
-0.5391671957
-0.5391671957
-0.5391671957
-0.5391671957
-0.3254516043
-0.3254516043
-0.3254516043
-0.3254516043
-0.3254516043
-0.3254516043
-0.3254516043
-0.3254516043
-0.2379390297
-0.2379390297
-0.2379390297
-0.2379390297
-0.2379390297
-0.2379390297
-0.2379390297
-0.2379390297
-0.2379390297
-0.2379390297
-0.2379390297
-0.5046259001
-0.5046259001
-0.5046259001
-0.5046259001
-0.5046259001
-0.6296360596
-0.6296360596
-0.2527012717
-0.2527012717
-0.343063767
-0.343063767
-0.343063767
-0.343063767
-0.343063767
-0.343063767
-0.343063767
-0.343063767
-0.343063767
-0.343063767
-0.343063767
-0.3809228273
-0.3809228273
-0.3809228273
-0.4425267245
-0.4425267245
-0.4425267245
-0.4425267245
-0.4425267245
-0.4425267245
-0.4425267245
-0.4425267245
-0.4425267245
-0.4425267245
-0.4425267245
-0.4425267245
-0.4425267245
-0.2258154488
-0.2258154488
-0.2258154488
-0.2258154488
-0.2258154488
-0.5359969367
-0.5359969367
-0.5359969367
-0.5359969367
-0.5359969367
-0.5359969367
-1.049037263
-1.049037263
-1.049037263
-0.2979614818
-0.2979614818
-0.2979614818
-0.2979614818
-0.2979614818
-0.2979614818
-0.2979614818
-0.2979614818
-0.2979614818
-0.5169638519
-0.5169638519
-0.4791903703
-1.244584319
-1.044605674
-1.044605674
-1.044605674
-1.204536397
-1.204536397
-1.204536397
-1.204536397
-1.204536397
-1.204536397
-1.204536397
-1.204536397
-1.204536397
-1.204536397
-0.2414155679
-0.2414155679
-0.2414155679
-0.2414155679
-0.2414155679
-0.2414155679
-0.2414155679
-0.2414155679
-0.2414155679
-0.2414155679
-0.2414155679
-0.2414155679
-0.2414155679
-0.2414155679
-0.2414155679
-0.2414155679
-0.2414155679
-0.2414155679
-0.2414155679
-0.2414155679
-0.2414155679
-0.2414155679
-0.2414155679
-0.5000582066
-0.5000582066
-0.5000582066
-0.5000582066
-0.5000582066
-0.5000582066
-0.5000582066
-0.5000582066
-0.5000582066
-1.570140573
-3.124804277
-3.124804277
-3.124804277
-2.028759677
-2.028759677
-1.258241751
-1.258241751
-0.43057178
-0.43057178
-1.053232081
-1.053232081
-1.053232081
-1.053232081
-1.053232081
-0.2258055796
-0.2258055796
-0.2258055796
-0.2258055796
-0.2258055796
-0.2258055796
-0.2258055796
-0.2258055796
-0.2258055796
-0.2258055796
-0.2258055796
-0.2258055796
-0.2258055796
-0.2258055796
-0.2258055796
-0.2259756523
-0.2259756523
-0.2259756523
-0.2259756523
-0.2259756523
-0.2259756523
-0.2259756523
-0.2259756523
-0.2259756523
-0.2259756523
-0.2259756523
-0.2259756523
-0.9379892981
-0.9379892981
-0.9662818386
-0.9662818386
-1.268065607
-1.268065607
-1.268065607
-0.2581850151
-1.539981239
-0.9755791118
-0.9755791118
-0.9755791118
-0.8020714231
-0.8020714231
-0.8020714231
-0.8020714231
-0.8020714231
-0.8020714231
-0.8020714231
-0.8020714231
-0.8020714231
-0.8020714231
-0.8020714231
-0.8020714231
-0.8020714231
-0.8020714231
-0.8020714231
-0.4971857103
-0.4971857103
-1.283071856
-1.283071856
-0.3870512868
-0.3870512868
-0.3870512868
-0.3870512868
-0.2657901393
-0.2657901393
-0.2657901393
-0.2657901393
-0.2657901393
-0.2657901393
-0.2657901393
-0.2657901393
-0.2657901393
-0.2657901393
-0.2657901393
-0.2657901393
-0.2657901393
-0.2657901393
-0.2657901393
-0.2695067837
-0.2695067837
-0.6772948814
-1.052364762
-1.052364762
-1.052364762
-1.052364762
-1.052364762
-1.052364762
-1.052364762
-1.052364762
-1.052364762
-1.061697234
-1.061697234
-1.061697234
-1.061697234
-2.87483353
-2.87483353
-2.87483353
-1.380847661
-1.380847661
-1.380847661
-1.380847661
-1.380847661
-1.380847661
-0.4650490929
-0.4650490929
-0.4650490929
-0.4650490929
-0.4650490929
-0.4650490929
-0.2276051471
-0.2276051471
-0.2276051471
-0.5092443564
-0.5092443564
-0.7168408261
-0.7168408261
-0.7168408261
-0.4892876029
-0.4892876029
-0.4892876029
-0.4892876029
-0.4892876029
-0.4892876029
-0.2910503007
-0.2910503007
-0.2910503007
-0.2910503007
-0.2910503007
-0.2294576242
-0.8153304392
-0.8153304392
-0.8153304392
-0.8153304392
-0.2266558655
-0.2266558655
-0.3045425659
-0.3045425659
-0.3593111553
-0.3211195492
-0.3211195492
-0.3211195492
-0.3211195492
-0.3211195492
-0.3211195492
-0.3211195492
-0.3211195492
-0.3211195492
-0.3211195492
-0.3211195492
-0.3211195492
-0.9464679772
-0.6069074942
-0.6069074942
-0.4959831242
-0.4959831242
-0.4959831242
-0.7198367095
-0.7198367095
-0.2264541704
-0.2264541704
-0.2264541704
-0.2264541704
-0.2264541704
-0.2264541704
-0.2264541704
-0.2264541704
-0.2264541704
-0.2264541704
-0.2264541704
-0.2264541704
-0.6182317623
-0.6182317623
-0.6182317623
-0.6182317623
-0.6182317623
-0.6182317623
-1.19637674
-1.19637674
-3.784162131
-1.649114246
-1.649114246
-1.649114246
-2.374627703
-2.374627703
-2.374627703
-2.374627703
-3.599806396
-3.599806396
-2.580069816
-0.5351485212
-0.5351485212
-0.5351485212
-0.5351485212
-0.2258181457
-0.2258181457
-0.2258181457
-0.2258181457
-0.2258181457
-1.979523942
-1.254751773
-1.254751773
-1.254751773
-0.3498671832
-0.3498671832
-0.3498671832
-0.3498671832
-0.3498671832
-0.3498671832
-0.3498671832
-0.3498671832
-0.3498671832
-0.3498671832
-0.3498671832
-0.5356290079
-0.5356290079
-0.5356290079
-0.5356290079
-1.363928051
-1.363928051
-0.2540623589
-0.2540623589
-0.2540623589
-0.2540623589
-0.2540623589
-0.2540623589
-0.2540623589
-0.2540623589
-1.048375592
-0.8023253567
-0.9214544119
-0.9214544119
-0.9214544119
-2.548182403
-1.73887321
-0.7858622289
-0.7858622289
-0.7858622289
-0.7858622289
-0.839739405
-0.839739405
-0.839739405
-0.839739405
-0.839739405
-0.839739405
-0.839739405
-0.839739405
-0.839739405
-0.839739405
-0.839739405
-0.839739405
-0.839739405
-0.839739405
-0.839739405
-0.839739405
-0.716457701
-0.716457701
-0.5045389652
-0.5045389652
-0.5045389652
-0.5045389652
-0.5045389652
-0.5045389652
-0.5045389652
-0.5045389652
-0.2303556785
-0.2303556785
-0.2845101308
-0.2845101308
-0.2845101308
-0.2845101308
-0.2845101308
-0.2845101308
-0.2845101308
-0.2845101308
-0.5740587989
-2.255887449
-2.621413821
-2.621413821
-2.621413821
-2.621413821
-2.621413821
-0.3095256242
-0.3095256242
-0.3095256242
-0.2290579373
-0.6086661332
-0.4018923289
-0.4018923289
-0.2344544063
-0.2344544063
-0.2344544063
-0.2320030793
-0.2320030793
-0.2320030793
-0.2320030793
-0.2320030793
-0.2320030793
-1.111672349
-0.2266885414
-0.2266885414
-0.3800030176
-1.124656063
-1.124656063
-0.8917339929
-0.2525310205
-0.2525310205
-0.2525310205
-0.2903531527
-0.2903531527
-0.2903531527
-0.2903531527
-0.2903531527
-0.2903531527
-0.2903531527
-0.2903531527
-0.2903531527
-0.4165121234
-0.4165121234
-0.4165121234
-0.4165121234
-0.4165121234
-0.4165121234
-0.4165121234
-0.4165121234
-0.4165121234
-0.4165121234
-1.009642516
-1.009642516
-0.433133064
-3.869004018
-0.2344090747
-0.2344090747
-0.2344090747
-0.2344090747
-0.2264216985
-0.2264216985
-0.2619577802
-0.2619577802
-0.9577710872
-0.9577710872
-0.9577710872
-0.9577710872
-0.9577710872
-0.9577710872
-0.9577710872
-0.9577710872
-0.9577710872
-0.9577710872
-0.9577710872
-0.9577710872
-0.8716017741
-0.8716017741
-0.8716017741
-0.8716017741
-0.8716017741
-0.8716017741
-0.8716017741
-0.8716017741
-0.8716017741
-0.8716017741
-0.8716017741
-0.3977265066
-0.3977265066
-0.3977265066
-0.3977265066
-0.3977265066
-0.2330652254
-0.2330652254
-0.2330652254
-0.3972575901
-0.3972575901
-0.3972575901
-0.3872806474
-0.3872806474
-0.3872806474
-0.3872806474
-0.6586432372
-0.6586432372
-0.6586432372
-0.6586432372
-0.6586432372
-1.845476602
-1.845476602
-1.845476602
-1.845476602
-0.4771356971
-3.769466581
-0.6326620476
-0.2352899945
-0.2352899945
-0.2352899945
-0.2352899945
-0.2290175406
-0.2290175406
-0.2290175406
-0.2290175406
-0.2290175406
-0.2626448521
-0.2626448521
-0.2626448521
-0.2626448521
-0.2626448521
-0.2626448521
-0.2626448521
-0.2626448521
-0.2626448521
-0.2626448521
-0.2626448521
-0.2626448521
-0.2626448521
-0.2626448521
-0.2626448521
-0.2626448521
-0.2626448521
-0.2626448521
-0.2626448521
-0.2626448521
-0.2626448521
-0.2626448521
-0.2626448521
-0.2626448521
-0.2863695159
-0.2863695159
-0.2863695159
-0.2863695159
-0.2863695159
-0.2863695159
-0.2863695159
-0.2863695159
-0.2863695159
-0.2863695159
-0.2863695159
-0.2863695159
-0.2863695159
-0.5399780579
-0.5399780579
-0.5399780579
-0.5399780579
-0.5399780579
-0.3988810619
-0.3988810619
-0.3988810619
-0.3988810619
-0.3988810619
-0.3988810619
-1.517177839
-1.196229838
-1.196229838
-1.196229838
-1.196229838
-1.689709717
-1.689709717
-0.2980534168
-0.2980534168
-0.2980534168
-0.241432223
-0.241432223
-0.241432223
-0.241432223
-0.241432223
-0.241432223
-0.2896614087
-0.2896614087
-0.2896614087
-0.560777295
-1.035268238
-1.035268238
-1.035268238
-1.035268238
-1.035268238
-0.3089549602
-0.3089549602
-0.3328152964
-0.3328152964
-0.3328152964
-0.3328152964
-0.7312335873
-0.7312335873
-0.2403268747
-0.2403268747
-0.2403268747
-0.6255717562
-0.2895798638
-0.2895798638
-0.2895798638
-0.2895798638
-0.2895798638
-0.2895798638
-0.2895798638
-0.2895798638
-0.2895798638
-0.9114522822
-0.9114522822
-0.9114522822
-0.9114522822
-0.9114522822
-0.9114522822
-0.9114522822
-0.9114522822
-0.8000831314
-0.8000831314
-0.8000831314
-0.2300502234
-0.2300502234
-0.2300502234
-0.2300502234
-0.243525382
-0.243525382
-0.243525382
-0.243525382
-1.671791223
-1.31466547
-1.31466547
-0.5639306507
-0.5639306507
-0.5639306507
-0.5639306507
-0.5639306507
-0.5639306507
-0.5639306507
-0.5639306507
-0.5639306507
-0.5639306507
-0.5639306507
-0.5639306507
-0.5639306507
-0.4736522565
-0.4736522565
-0.4736522565
-0.4736522565
-0.4736522565
-0.4736522565
-0.4736522565
-2.035067893
-2.035067893
-0.7774403048
-0.7774403048
-2.976565789
-2.976565789
-2.976565789
-2.976565789
-2.976565789
-3.412411731
-3.412411731
-3.412411731
-3.412411731
-3.412411731
-3.412411731
-3.412411731
-3.412411731
-0.5639576476
-0.5639576476
-0.5639576476
-0.5639576476
-0.5639576476
-0.5639576476
-0.5639576476
-0.5639576476
-0.5639576476
-0.5639576476
-0.5639576476
-0.5639576476
-0.5639576476
-0.5639576476
-0.3786940127
-0.3786940127
-0.3786940127
-0.3786940127
-0.3786940127
-0.3786940127
-0.3786940127
-0.2369871211
-2.130046306
-2.130046306
-2.130046306
-2.130046306
-2.130046306
-0.5362297535
-0.5362297535
-0.5362297535
-0.5362297535
-0.5362297535
-0.5362297535
-0.5362297535
-0.5464364359
-0.5464364359
-0.5464364359
-0.5464364359
-0.5464364359
-0.6646698974
-0.8626734267
-0.8626734267
-0.3482011095
-0.3482011095
-0.3482011095
-0.3482011095
-0.3482011095
-0.3482011095
-1.307707487
-1.307707487
-1.307707487
-1.307707487
-1.307707487
-1.307707487
-1.307707487
-1.307707487
-1.418813202
-1.107416043
-2.690547539
-2.690547539
-1.056049893
-1.056049893
-1.056049893
-1.124127055
-0.5128859171
-0.5128859171
-0.5128859171
-0.2410843458
-0.3338602483
-0.3338602483
-0.3338602483
-0.3338602483
-0.3338602483
-1.446686797
-0.2562434626
-1.01038376
-1.01038376
-1.01038376
-1.01038376
-1.01038376
-1.01038376
-1.01038376
-1.01038376
-1.01038376
-1.01038376
-1.01038376
-3.10280288
-1.440524199
-1.440524199
-1.440524199
-1.440524199
-1.440524199
-1.440524199
-1.440524199
-0.9340236074
-0.9340236074
-0.9340236074
-0.9340236074
-0.9340236074
-0.9340236074
-0.9340236074
-0.9340236074
-0.9340236074
-0.8236177369
-0.8236177369
-0.8236177369
-1.300648639
-0.3951984077
-0.3951984077
-0.3951984077
-0.3951984077
-0.3951984077
-0.3951984077
-0.3951984077
-0.3951984077
-0.3951984077
-0.3951984077
-0.3951984077
-0.3951984077
-0.3951984077
-0.3951984077
-0.3951984077
-0.3951984077
-0.3951984077
-0.3951984077
-0.3951984077
-0.3951984077
-0.3951984077
-0.3951984077
-0.3951984077
-1.434612701
-1.434612701
-1.434612701
-1.434612701
-1.434612701
-1.840400923
-1.840400923
-1.840400923
-1.840400923
-1.840400923
-0.2262299097
-0.2262299097
-0.2262299097
-0.2262299097
-1.900309956
-1.900309956
-0.8307483587
-0.8307483587
-0.8307483587
-0.8307483587
-0.8307483587
-0.8307483587
-0.8307483587
-0.8307483587
-0.8307483587
-0.8307483587
-0.8307483587
-0.8307483587
-0.8307483587
-0.8307483587
-0.8307483587
-1.810992645
-1.810992645
-1.810992645
-1.810992645
-0.6360235691
-0.653332613
-0.653332613
-0.2677488309
-0.2677488309
-0.2677488309
-0.2360522721
-0.2360522721
-0.366673493
-0.366673493
-0.366673493
-0.366673493
-0.366673493
-0.366673493
-0.366673493
-0.4010188639
-0.4010188639
-0.4010188639
-0.4010188639
-0.4010188639
-0.5103210994
-0.5103210994
-0.3511073285
-0.3511073285
-0.3511073285
-0.3511073285
-0.3511073285
-0.3511073285
-0.3511073285
-0.3511073285
-0.3511073285
-0.3511073285
-0.3511073285
-0.3511073285
-0.3511073285
-0.3511073285
-0.5187472721
-0.5187472721
-0.5187472721
-0.5187472721
-0.5187472721
-0.5187472721
-0.5187472721
-0.5187472721
-0.5187472721
-0.5187472721
-0.5187472721
-1.248129374
-1.248129374
-1.248129374
-1.376606787
-0.4744621781
-0.4744621781
-0.4744621781
-0.512147666
-0.512147666
-0.512147666
-0.512147666
-0.512147666
-5.618644374
-5.618644374
-5.618644374
-5.664762647
-6.358784851
-6.358784851
-6.358784851
-6.358784851
-0.3816090387
-0.2644015361
-0.2644015361
-0.2644015361
-0.236799732
-0.236799732
-0.236799732
-0.236799732
-0.236799732
-0.236799732
-0.236799732
-0.236799732
-0.236799732
-0.236799732
-0.236799732
-0.236799732
-0.236799732
-0.236799732
-0.236799732
-0.4407028794
-0.4407028794
-0.4407028794
-0.4407028794
-0.4407028794
-0.4407028794
-2.171802024
-2.171802024
-2.171802024
-2.171802024
-2.171802024
-2.171802024
-2.171802024
-2.935163415
-2.935163415
-2.935163415
-2.935163415
-2.935163415
-2.935163415
-2.935163415
-2.935163415
-1.358742088
-2.454431078
-2.454431078
-0.5729984426
-0.4074172322
-0.5915677455
-0.6105811559
-0.6105811559
-0.6105811559
-0.2685180901
-0.2685180901
-0.2685180901
-0.2685180901
-0.2685180901
-0.2685180901
-0.2685180901
-0.2685180901
-0.2685180901
-0.2685180901
-0.2685180901
-0.2685180901
-0.2685180901
-0.2288655632
-0.2288655632
-0.2288655632
-0.2288655632
-0.2288655632
-0.2288655632
-0.2293824874
-0.455408681
-0.227846996
-0.227846996
-0.9814235711
-1.058755747
-1.058755747
-1.058755747
-1.058755747
-0.4207218343
-0.2322802719
-0.2322802719
-0.2322802719
-0.2322802719
-0.2322802719
-0.2322802719
-0.2322802719
-0.2322802719
-0.2322802719
-0.2322802719
-0.2322802719
-0.2322802719
-0.2322802719
-0.2322802719
-0.2322802719
-0.2322802719
-0.2322802719
-0.2322802719
-0.989474964
-0.989474964
-0.989474964
-0.4646587639
-0.2517359982
-0.2517359982
-0.2517359982
-0.2517359982
-0.3606837852
-0.3606837852
-0.3606837852
-0.3606837852
-0.3606837852
-1.291088065
-0.4550678779
-0.2545034931
-0.2545034931
-0.2545034931
-0.2545034931
-0.2545034931
-0.2545034931
-0.2545034931
-0.2545034931
-0.2545034931
-0.3589476876
-0.3589476876
-0.3589476876
-0.3589476876
-0.3589476876
-0.3589476876
-0.3589476876
-0.2443958709
-0.2443958709
-0.2443958709
-0.2443958709
-0.2443958709
-0.2443958709
-0.2267975906
-0.2267975906
-0.2295627338
-0.2295627338
-0.2295627338
-0.2295627338
-0.2295627338
-0.595299402
-0.595299402
-0.595299402
-0.595299402
-0.595299402
-0.2712078452
-0.5680213603
-0.673960254
-0.673960254
-0.7269524362
-0.7269524362
-0.3848848988
-0.3848848988
-0.3848848988
-0.3848848988
-0.2258905446
-0.2553580023
-1.675366389
-1.675366389
-0.596340407
-0.596340407
-0.2275420274
-0.2275420274
-0.2275420274
-0.2275420274
-0.2275420274
-0.9235838499
-0.9235838499
-0.9235838499
-0.9235838499
-0.9235838499
-0.9235838499
-0.9235838499
-0.9685312037
-0.7375530959
-0.3520494449
-0.3520494449
-0.3520494449
-0.3520494449
-0.7500186689
-0.7500186689
-0.7500186689
-0.7500186689
-0.7500186689
-2.178469489
-0.9043959913
-2.52001792
-2.52001792
-2.52001792
-1.311885852
-1.311885852
-1.311885852
-0.2537162244
-0.2537162244
-0.2537162244
-0.2537162244
-0.3479634739
-0.3479634739
-0.3479634739
-0.3479634739
-0.3479634739
-0.3479634739
-0.3479634739
-0.3479634739
-0.3479634739
-0.3479634739
-0.3479634739
-0.3479634739
-0.3479634739
-0.3479634739
-0.3479634739
-0.3479634739
-4.754922506
-0.4623552816
-0.4623552816
-0.4623552816
-0.4623552816
-0.8435479674
-0.8435479674
-0.8435479674
-0.8435479674
-0.8404761038
-0.3245945802
-0.3245945802
-0.3245945802
-0.3245945802
-0.3245945802
-0.3245945802
-0.2258120419
-0.2258120419
-0.2258120419
-0.2258120419
-0.2258120419
-0.2258120419
-0.44826352
-0.44826352
-0.44826352
-0.44826352
-0.44826352
-0.44826352
-0.44826352
-0.44826352
-0.44826352
-0.4171238411
-0.4171238411
-0.517424155
-0.2262844694
-0.2262844694
-0.2262844694
-0.2945568171
-0.2945568171
-0.2945568171
-0.2945568171
-0.2945568171
-0.4211594477
-0.4211594477
-0.4211594477
-0.2833774048
-0.2833774048
-0.2833774048
-0.2833774048
-0.2833774048
-0.2833774048
-0.2833774048
-0.3466624252
-0.3466624252
-0.3466624252
-0.3466624252
-0.3466624252
-0.3466624252
-0.3466624252
-0.3466624252
-0.9935902172
-0.9935902172
-0.9935902172
-0.9935902172
-0.9935902172
-0.9935902172
-0.9935902172
-0.9935902172
-0.9935902172
-1.472756324
-1.472756324
-1.472756324
-1.472756324
-0.2506590908
-0.2506590908
-0.2506590908
-0.3411324866
-0.3411324866
-0.3838691731
-0.2753495446
-0.2753495446
-0.2753495446
-0.2753495446
-0.2753495446
-0.2753495446
-0.2753495446
-0.2753495446
-0.2753495446
-0.2753495446
-2.663835416
-0.8613111826
-0.8613111826
-0.8613111826
-0.8613111826
-0.8613111826
-0.8613111826
-0.8613111826
-0.8613111826
-1.656969627
-1.656969627
-3.464764381
-0.3712899234
-0.4550336971
-0.4550336971
-0.4550336971
-0.4550336971
-1.60093966
-1.60093966
-1.60093966
-1.60093966
-3.908960728
-3.908960728
-3.908960728
-2.052334309
-2.052334309
-2.052334309
-0.4124344333
-0.4124344333
-0.2646677626
-0.2646677626
-0.28682684
-0.28682684
-0.28682684
-0.28682684
-0.2480439153
-0.2480439153
-0.2480439153
-0.4903753059
-0.4903753059
-0.4903753059
-0.4903753059
-0.4903753059
-0.6388089584
-0.6388089584
-0.592652224
-0.592652224
-0.592652224
-0.592652224
-0.2271937981
-0.2271937981
-0.6036984136
-0.6036984136
-0.6036984136
-0.6036984136
-0.6036984136
-0.8331516289
-0.8331516289
-0.8331516289
-0.2795430762
-0.2795430762
-0.2795430762
-0.2795430762
-1.054841523
-1.054841523
-1.054841523
-3.043524579
-3.043524579
-0.5785179854
-0.5785179854
-0.8397912366
-0.8397912366
-0.8397912366
-0.8397912366
-0.8997003932
-0.3190355743
-0.3190355743
-0.226768954
-0.226768954
-0.226768954
-0.3581654866
-0.3581654866
-0.3581654866
-0.3581654866
-0.3581654866
-0.3581654866
-0.3581654866
-0.3581654866
-0.3581654866
-0.7009580966
-0.7009580966
-1.305797252
-1.305797252
-1.305797252
-1.305797252
-1.305797252
-1.305797252
-1.305797252
-1.305797252
-1.305797252
-1.305797252
-0.4401664217
-0.2431417788
-1.114813848
-0.9874315415
-0.7851840748
-0.3127285797
-0.3127285797
-0.3127285797
-0.3127285797
-0.3127285797
-0.3127285797
-0.3127285797
-0.2340912732
-0.2340912732
-0.6860393398
-0.6860393398
-0.6860393398
-0.7395454343
-0.5370513189
-0.5370513189
-1.455847538
-1.455847538
-1.455847538
-1.455847538
-0.3309685252
-0.3309685252
-0.3309685252
-0.3309685252
-0.2288145291
-0.2288145291
-0.2288145291
-0.2288145291
-0.2288145291
-0.2288145291
-0.2288145291
-1.587515831
-1.587515831
-1.587515831
-1.587515831
-3.101534732
-2.540854533
-1.289739414
-1.289739414
-1.083473155
-1.073070021
-1.073070021
-0.8355385139
-0.8355385139
-0.8355385139
-0.8355385139
-0.8355385139
-0.8355385139
-0.8355385139
-0.8355385139
-0.8355385139
-0.8355385139
-0.366083751
-0.366083751
-0.3046583856
-0.3106939427
-0.3106939427
-0.3106939427
-0.3106939427
-0.3106939427
-1.319489352
-1.319489352
-0.8274463026
-0.8274463026
-0.8274463026
-0.8274463026
-0.8274463026
-0.8274463026
-0.8274463026
-0.8274463026
-0.8274463026
-1.766147232
-1.766147232
-1.766147232
-1.766147232
-1.229410674
-1.229410674
-1.229410674
-1.229410674
-1.229410674
-0.2574821901
-0.2823721824
-0.2823721824
-0.2823721824
-0.2823721824
-0.2823721824
-0.2823721824
-0.2257940249
-0.2257940249
-0.2257940249
-0.2257940249
-0.2257940249
-0.2257940249
-0.2257940249
-0.2257940249
-0.2257940249
-0.2257940249
-0.2257940249
-0.2257940249
-0.2257940249
-0.2257940249
-0.2257940249
-0.2257940249
-0.4260606751
-0.4260606751
-0.4260606751
-0.4260606751
-0.4260606751
-0.9292409279
-0.2502880913
-0.2502880913
-0.2502880913
-0.2502880913
-0.2502880913
-0.2502880913
-0.2502880913
-0.2502880913
-0.2502880913
-0.2502880913
-0.2502880913
-0.2502880913
-0.2502880913
-0.2502880913
-0.2502880913
-0.2502880913
-0.2502880913
-0.2502880913
-0.2502880913
-0.7498960463
-0.7498960463
-0.7498960463
-0.2293724395
-0.2293724395
-0.5492980674
-0.2331266643
-0.2331266643
-0.5410371362
-0.5410371362
-0.5410371362
-0.5410371362
-0.5410371362
-0.5410371362
-0.5410371362
-0.5410371362
-0.5410371362
-0.5410371362
-0.5410371362
-0.5410371362
-0.5410371362
-0.5410371362
-0.5410371362
-0.5410371362
-0.5410371362
-0.5410371362
-0.5410371362
-1.177489919
-1.177489919
-1.177489919
-1.177489919
-1.177489919
-1.177489919
-1.177489919
-1.177489919
-1.177489919
-1.177489919
-0.9691529299
-0.9691529299
-1.450059726
-0.2259775062
-0.4629528535
-0.4629528535
-0.4629528535
-0.4629528535
-0.4629528535
-0.813184565
-0.813184565
-0.813184565
-1.23396482
-1.23396482
-1.23396482
-1.23396482
-1.23396482
-0.962588094
-0.962588094
-0.962588094
-0.962588094
-1.05839655
-1.05839655
-1.907629202
-1.907629202
-1.907629202
-1.907629202
-1.907629202
-1.907629202
-0.4793495586
-0.4793495586
-0.250879504
-0.250879504
-0.250879504
-0.250879504
-2.476458635
-2.476458635
-2.476458635
-2.476458635
-2.476458635
-0.4948232422
-0.4948232422
-0.5134993372
-0.5134993372
-0.5134993372
-0.585562549
-0.367277614
-0.367277614
-0.367277614
-0.367277614
-0.367277614
-0.367277614
-0.7971242156
-0.7971242156
-0.7971242156
-0.7971242156
-0.2408306058
-0.2408306058
-0.2408306058
-0.2408306058
-0.2408306058
-0.9137907964
-0.9137907964
-0.3501931279
-0.4086114637
-0.4086114637
-0.4086114637
-0.3214437547
-0.3214437547
-0.3214437547
-0.3214437547
-0.3214437547
-0.3214437547
-0.3214437547
-0.3214437547
-0.3214437547
-0.3214437547
-0.3214437547
-0.3214437547
-0.3214437547
-0.3214437547
-0.3214437547
-0.3214437547
-0.3214437547
-0.3214437547
-0.3214437547
-0.3214437547
-0.3214437547
-0.3214437547
-0.3214437547
-0.3214437547
-0.2434587605
-0.2434587605
-0.2434587605
-0.2434587605
-0.8084469144
-0.6295680577
-0.6295680577
-0.6295680577
-0.2328377974
-0.2328377974
-0.2328377974
-0.2328377974
-0.2328377974
-0.2328377974
-0.2328377974
-0.2328377974
-1.120608572
-2.886042543
-2.886042543
-2.886042543
-2.886042543
-2.886042543
-2.886042543
-2.886042543
-2.458022092
-2.458022092
-2.458022092
-2.458022092
-2.544582222
-2.544582222
-2.544582222
-2.447978636
-0.226951944
-0.226951944
-0.352557304
-0.352557304
-1.88967384
-1.88967384
-1.88967384
-1.140680926
-1.140680926
-1.140680926
-1.140680926
-1.140680926
-1.140680926
-1.140680926
-1.140680926
-1.140680926
-1.140680926
-0.3887618926
-0.3887618926
-0.3887618926
-0.2987937584
-0.2987937584
-0.2987937584
-0.2987937584
-0.2987937584
-0.7087331482
-0.7087331482
-0.7087331482
-0.7087331482
-0.7087331482
-0.7087331482
-0.7087331482
-0.6725344817
-0.6725344817
-0.6725344817
-0.6725344817
-0.6725344817
-0.8076427193
-0.8076427193
-0.2366386728
-0.2366386728
-0.2366386728
-0.2366386728
-0.2366386728
-0.2366386728
-0.3954310123
-1.829013626
-1.829013626
-0.928420879
-0.928420879
-1.314645207
-1.314645207
-1.314645207
-1.314645207
-1.314645207
-1.314645207
-1.314645207
-1.314645207
-1.314645207
-1.314645207
-0.2313596837
-0.3087604592
-0.3087604592
-0.4539600814
-0.7043093799
-0.7043093799
-0.7043093799
-0.7043093799
-0.7043093799
-0.7043093799
-1.749245594
-1.749245594
-1.749245594
-1.749245594
-1.749245594
-0.7490151124
-0.7490151124
-0.7490151124
-0.4026301566
-0.4026301566
-0.4026301566
-1.695530861
-1.695530861
-1.695530861
-1.695530861
-1.695530861
-1.695530861
-1.695530861
-1.695530861
-1.695530861
-1.695530861
-1.695530861
-1.695530861
-1.695530861
-0.9377424723
-0.65156295
-0.65156295
-0.65156295
-1.18181578
-0.3100944701
-0.3763643327
-0.3763643327
-0.2425805374
-0.2425805374
-0.2425805374
-0.2425805374
-0.2425805374
-0.4983716341
-0.4983716341
-0.4983716341
-0.4983716341
-0.4983716341
-0.6749730585
-0.6749730585
-0.6749730585
-0.6749730585
-0.6749730585
-0.6749730585
-0.6749730585
-0.5690673556
-0.5690673556
-0.5690673556
-0.5690673556
-0.5690673556
-0.537803696
-0.537803696
-0.537803696
-0.537803696
-0.537803696
-0.2396492117
-0.3051844136
-0.3051844136
-0.3051844136
-0.3051844136
-0.3051844136
-1.68050625
-1.083823368
-0.3257496497
-0.3257496497
-0.3257496497
-0.3257496497
-0.467209684
-0.467209684
-0.467209684
-0.81277757
-0.81277757
-0.4510111328
-0.4510111328
-0.4510111328
-0.4510111328
-0.4777141778
-0.4777141778
-0.4777141778
-0.423210367
-0.423210367
-0.423210367
-0.423210367
-0.423210367
-0.423210367
-0.423210367
-0.423210367
-0.423210367
-0.423210367
-0.423210367
-0.423210367
-0.423210367
-0.423210367
-0.423210367
-0.2258214545
-0.2258214545
-0.2258214545
-0.2258214545
-0.2258214545
-1.899328519
-1.899328519
-0.2263105734
-0.2263105734
-0.2263105734
-0.2263105734
-0.2263105734
-0.2263105734
-0.2263105734
-0.2263105734
-0.2263105734
-0.2263105734
-0.2263105734
-0.2263105734
-0.2263105734
-0.2263105734
-0.2263105734
-0.2263105734
-0.2263105734
-0.2263105734
-0.7931909872
-0.7931909872
-0.7931909872
-0.7931909872
-0.7931909872
-0.7931909872
-0.7931909872
-0.7931909872
-0.3021446349
-0.3021446349
-0.3021446349
-0.3021446349
-0.3021446349
-0.2561559331
-0.2561559331
-0.2561559331
-0.2561559331
-0.5506511339
-0.6729130886
-1.891408423
-2.245332003
-2.245332003
-0.3628591386
-0.3628591386
-0.3628591386
-0.3628591386
-0.3628591386
-0.3628591386
-0.3628591386
-0.3628591386
-2.205963851
-2.912270311
-2.912270311
-2.535984341
-2.535984341
-2.535984341
-0.7561105057
-0.7561105057
-0.6869340816
-0.6869340816
-0.6869340816
-0.9046741376
-0.9046741376
-0.9046741376
-0.9046741376
-0.9046741376
-0.9046741376
-0.9046741376
-0.9046741376
-0.9046741376
-0.2969650922
-0.4006362185
-0.3194252404
-0.3194252404
-0.3194252404
-0.3194252404
-0.3194252404
-0.3194252404
-0.3194252404
-0.3194252404
-0.3194252404
-0.3194252404
-0.3194252404
-0.3371933758
-0.3371933758
-0.3371933758
-0.3765896514
-1.285677739
-1.285677739
-1.285677739
-1.285677739
-1.285677739
-0.8445673863
-1.511387732
-2.577719598
-2.577719598
-0.6443392211
-0.6443392211
-0.6443392211
-0.6443392211
-0.2752952582
-0.2752952582
-0.2752952582
-0.2752952582
-0.2752952582
-0.2752952582
-0.2752952582
-0.2752952582
-0.306395365
-0.306395365
-0.5206858688
-0.5206858688
-0.5206858688
-0.5206858688
-0.5206858688
-0.5206858688
-0.5206858688
-0.5206858688
-0.5206858688
-0.5206858688
-0.5206858688
-0.5206858688
-0.5206858688
-0.5206858688
-0.7272884267
-0.7272884267
-0.7272884267
-0.7272884267
-0.7272884267
-0.7272884267
-0.4417829943
-0.4417829943
-0.4417829943
-0.4417829943
-0.4417829943
-0.2339303674
-0.2339303674
-0.245930191
-0.245930191
-0.245930191
-0.245930191
-0.245930191
-0.245930191
-0.245930191
-0.245930191
-0.245930191
-0.2730699837
-0.2730699837
-0.2730699837
-0.2730699837
-0.2730699837
-2.913599897
-2.913599897
-4.045372967
-4.045372967
-4.045372967
-4.045372967
-4.045372967
-4.045372967
-4.045372967
-0.4626841394
-0.7072336376
-0.7072336376
-0.7072336376
-0.7072336376
-0.5266584877
-0.5266584877
-0.5266584877
-0.5266584877
-0.5266584877
-0.5266584877
-0.6913348043
-0.6913348043
-0.6913348043
-6.135198258
-2.212362953
-2.212362953
-2.212362953
-0.647788607
-0.647788607
-0.647788607
-0.647788607
-0.647788607
-0.2309688262
-0.2309688262
-0.2309688262
-0.2309688262
-0.2309688262
-0.3000519549
-0.3000519549
-0.3000519549
-0.3000519549
-0.3000519549
-0.3000519549
-0.3000519549
-0.3000519549
-0.3000519549
-0.3000519549
-0.3000519549
-0.2340450556
-0.2340450556
-0.2340450556
-0.2340450556
-0.2340450556
-0.2340450556
-0.2340450556
-0.2340450556
-0.2340450556
-0.2340450556
-0.2340450556
-0.2340450556
-0.2340450556
-0.2340450556
-1.023888674
-1.023888674
-2.268226909
-2.268226909
-2.268226909
-0.4950770763
-0.4950770763
-0.4950770763
-0.4950770763
-0.4950770763
-0.4950770763
-0.4950770763
-0.4950770763
-0.4950770763
-0.4950770763
-0.4950770763
-0.7869887531
-1.035421068
-1.035421068
-1.035421068
-0.2331103124
-0.2331103124
-0.2331103124
-0.6048340302
-0.6048340302
-0.6048340302
-0.6048340302
-0.6048340302
-0.6048340302
-0.4008935551
-0.4008935551
-4.198368159
-4.198368159
-4.198368159
-4.198368159
-4.198368159
-1.059530271
-1.059530271
-1.059530271
-0.866280733
-0.866280733
-0.866280733
-0.2359195802
-0.3774285518
-0.3774285518
-0.3233963787
-0.3233963787
-0.3233963787
-0.3233963787
-0.3233963787
-0.3233963787
-0.2945911611
-0.2275195672
-4.253576295
-4.253576295
-4.253576295
-4.253576295
-2.336140288
-2.336140288
-2.336140288
-0.9676711029
-0.9676711029
-0.9676711029
-0.9676711029
-0.9676711029
-0.9741197104
-0.9741197104
-3.04588984
-0.2269592713
-0.2269592713
-0.2269592713
-0.2269592713
-1.369738638
-1.369738638
-1.369738638
-1.369738638
-1.369738638
-1.015443739
-1.015443739
-0.9218591108
-0.9218591108
-0.7700153762
-0.7700153762
-0.7700153762
-0.3183171144
-0.3183171144
-0.3183171144
-0.3183171144
-0.3183171144
-0.3183171144
-0.3183171144
-0.4986682559
-0.4986682559
-0.4986682559
-0.4986682559
-0.4986682559
-0.4986682559
-0.2434540614
-0.2434540614
-0.2434540614
-0.2434540614
-0.2434540614
-0.2434540614
-0.2434540614
-0.2434540614
-0.2434540614
-0.3422690788
-0.3422690788
-0.3422690788
-1.823149844
-1.823149844
-1.823149844
-2.020000342
-2.020000342
-0.2380439393
-0.2380439393
-0.2380439393
-0.2380439393
-0.2380439393
-0.2380439393
-0.2380439393
-0.2380439393
-0.3695533545
-0.3695533545
-0.3695533545
-0.3695533545
-0.3695533545
-0.3695533545
-0.3695533545
-0.3695533545
-0.3695533545
-0.3695533545
-0.3695533545
-0.3695533545
-0.3695533545
-0.3695533545
-0.2266120765
-0.2266120765
-0.2266120765
-0.2266120765
-0.2266120765
-0.3270328574
-0.3270328574
-0.3270328574
-0.3270328574
-0.5015098183
-0.5015098183
-0.5015098183
-0.5015098183
-0.8358132015
-0.8358132015
-1.248623034
-0.2851722332
-0.2851722332
-0.2851722332
-0.2851722332
-0.2851722332
-0.2851722332
-0.2851722332
-0.2851722332
-0.2851722332
-0.4173815773
-0.4173815773
-2.152159089
-2.152159089
-0.2413574298
-0.3059648201
-2.199768058
-2.199768058
-2.199768058
-2.199768058
-2.199768058
-2.199768058
-2.199768058
-2.199768058
-2.199768058
-2.199768058
-2.199768058
-2.199768058
-2.016638888
-1.652604045
-1.652604045
-1.652604045
-1.652604045
-1.652604045
-0.2912367862
-0.2912367862
-0.2912367862
-1.10760932
-1.10760932
-1.10760932
-1.10760932
-1.10760932
-0.5554632673
-0.5554632673
-0.5554632673
-0.5554632673
-0.5554632673
-1.297868714
-1.297868714
-1.297868714
-1.297868714
-1.297868714
-1.297868714
-1.297868714
-1.297868714
-1.297868714
-1.297868714
-1.297868714
-1.297868714
-1.297868714
-1.297868714
-1.297868714
-1.297868714
-1.297868714
-1.297868714
-1.297868714
-1.297868714
-1.297868714
-0.3338154353
-0.3338154353
-0.3338154353
-0.3338154353
-0.3338154353
-0.3338154353
-0.3338154353
-0.2709009328
-3.186923727
-3.186923727
-0.4877525552
-0.4877525552
-0.2716331367
-0.2716331367
-0.2716331367
-0.2716331367
-0.2716331367
-0.2716331367
-0.2716331367
-0.2716331367
-0.3231551971
-0.2703859996
-0.2703859996
-0.2703859996
-0.6889693204
-0.6889693204
-0.6889693204
-0.6889693204
-0.6889693204
-0.6889693204
-0.6889693204
-0.6889693204
-0.6889693204
-0.2436681879
-0.5410368415
-0.5410368415
-0.897123829
-0.897123829
-0.897123829
-0.4949200968
-0.4949200968
-0.4949200968
-0.4949200968
-0.4461534716
-0.2499503016
-0.2697084472
-0.2725704541
-0.2725704541
-1.191450648
-1.191450648
-1.191450648
-1.081861332
-0.3035730828
-0.2270863572
-0.2270863572
-0.2270863572
-0.2270863572
-0.2270863572
-0.2270863572
-0.2270863572
-1.021880825
-1.021880825
-1.021880825
-1.021880825
-1.021880825
-1.021880825
-1.021880825
-1.021880825
-0.6953244494
-0.232548818
-0.2945039326
-0.2945039326
-0.2945039326
-0.2945039326
-0.4174450716
-0.4174450716
-0.4174450716
-0.4174450716
-0.3395617762
-0.3395617762
-0.2341165115
-0.2341165115
-0.2341165115
-0.2341165115
-0.2375612968
-0.2375612968
-0.2375612968
-0.2375612968
-0.2375612968
-0.2375612968
-0.5701522479
-0.5701522479
-0.2641064076
-0.2641064076
-0.320774865
-0.320774865
-0.320774865
-0.985652696
-0.985652696
-0.985652696
-0.985652696
-0.985652696
-0.985652696
-0.985652696
-0.985652696
-0.985652696
-0.985652696
-0.9444466506
-0.9444466506
-0.9444466506
-0.9444466506
-0.9444466506
-2.756002578
-2.756002578
-2.756002578
-2.613259293
-2.613259293
-0.2506191678
-0.2392704175
-0.2392704175
-0.2392704175
-0.2392704175
-0.6259773886
-0.6259773886
-0.6259773886
-0.6259773886
-0.6259773886
-0.2540901467
-0.7043384216
-0.7043384216
-0.5917020086
-0.5917020086
-0.5917020086
-0.5917020086
-0.7810643372
-0.7810643372
-0.7810643372
-0.7810643372
-0.7810643372
-0.7810643372
-2.066703663
-2.066703663
-2.066703663
-2.066703663
-2.066703663
-2.066703663
-2.066703663
-2.066703663
-0.3068250827
-0.3068250827
-0.3068250827
-0.3068250827
-0.3068250827
-0.3068250827
-0.3068250827
-0.3068250827
-0.8096060838
-0.8096060838
-0.4951697082
-0.4951697082
-0.5690239798
-0.9254455016
-1.59825523
-1.47731945
-1.47731945
-1.699072038
-1.699072038
-1.699072038
-1.699072038
-1.699072038
-1.699072038
-0.2476916752
-0.2476916752
-1.122770976
-1.122770976
-1.122770976
-1.122770976
-1.122770976
-2.535741764
-2.535741764
-2.535741764
-2.634284202
-2.634284202
-2.634284202
-2.634284202
-0.7762933894
-0.7762933894
-0.7762933894
-0.7762933894
-0.8114858357
-0.8114858357
-0.8114858357
-0.6220850297
-0.6220850297
-0.6220850297
-0.6220850297
-0.6220850297
-0.6220850297
-0.6220850297
-0.6220850297
-0.4602889307
-0.4602889307
-0.4602889307
-0.4602889307
-0.4602889307
-0.4602889307
-0.226207907
-0.226207907
-0.226207907
-0.226207907
-0.226207907
-0.226207907
-0.226207907
-0.226207907
-0.226207907
-0.3143350363
-0.9509887783
-0.9509887783
-0.9509887783
-0.9509887783
-0.9509887783
-0.9509887783
-0.9509887783
-0.9509887783
-0.9509887783
-0.9509887783
-0.9509887783
-0.9509887783
-0.9509887783
-0.5639335369
-0.5639335369
-0.5639335369
-0.5639335369
-0.9980601353
-0.9980601353
-0.9980601353
-2.177581935
-2.177581935
-2.177581935
-2.361273206
-2.361273206
-2.361273206
-1.070135832
-1.070135832
-0.7699748364
-0.2630285267
-0.2630285267
-0.2630285267
-0.2630285267
-0.2630285267
-0.2630285267
-0.2630285267
-0.225874496
-0.629225515
-0.629225515
-0.629225515
-0.629225515
-0.629225515
-0.3956436299
-0.3240742105
-0.2271018703
-0.2271018703
-0.2271018703
-0.4066971268
-0.4038562092
-0.4038562092
-0.4038562092
-0.4038562092
-0.4038562092
-0.4038562092
-0.4038562092
-0.4038562092
-0.9784199476
-0.9784199476
-0.9765681914
-0.9765681914
-0.9765681914
-2.267502643
-2.267502643
-2.575077723
-2.575077723
-2.575077723
-1.04443376
-1.04443376
-1.04443376
-1.04443376
-2.562301662
-0.9852475783
-0.9852475783
-0.9852475783
-0.9852475783
-0.9852475783
-0.9852475783
-0.9852475783
-0.9852475783
-1.868493677
-1.868493677
-0.9859935981
-0.229183838
-0.229183838
-0.229183838
-0.2268182147
-0.2268182147
-0.2268182147
-0.2268182147
-0.2268182147
-0.2268182147
-0.4732699953
-0.4732699953
-0.4732699953
-0.4732699953
-0.4732699953
-0.2600895232
-0.2600895232
-0.2600895232
-0.2812546201
-0.2812546201
-0.2812546201
-0.2812546201
-0.2812546201
-0.2812546201
-0.2812546201
-0.2812546201
-0.2812546201
-0.2812546201
-0.2812546201
-0.2812546201
-0.2812546201
-0.2812546201
-0.2812546201
-0.2812546201
-0.2812546201
-1.125054538
-0.2281193947
-0.2281193947
-0.2281193947
-0.2281193947
-0.2428541233
-0.7730487134
-0.7730487134
-0.6199769314
-0.6199769314
-0.7053066602
-0.7053066602
-0.7053066602
-0.7053066602
-0.3554822252
-0.3554822252
-0.3554822252
-0.3554822252
-2.309130068
-2.309130068
-2.142403252
-2.142403252
-2.142403252
-2.142403252
-2.142403252
-2.142403252
-1.565043532
-1.565043532
-1.565043532
-1.565043532
-1.565043532
-1.565043532
-1.56187571
-1.013704488
-1.013704488
-1.370220213
-1.370220213
-1.370220213
-1.370220213
-1.370220213
-1.370220213
-0.5322043891
-0.5322043891
-0.5322043891
-0.8141251307
-0.8141251307
-0.228347881
-0.256502497
-0.256502497
-0.256502497
-0.256502497
-0.256502497
-0.256502497
-0.256502497
-0.256502497
-0.256502497
-0.256502497
-0.256502497
-0.256502497
-0.256502497
-0.256502497
-0.256502497
-2.348956642
-2.348956642
-2.348956642
-0.9769716997
-0.7109360295
-0.7109360295
-0.7109360295
-0.7109360295
-0.7109360295
-0.5384374579
-0.245166225
-2.065132767
-2.065132767
-0.2456345001
-0.2456345001
-0.4003718563
-0.9347481913
-0.9347481913
-0.2817814864
-0.2817814864
-0.2817814864
-0.2817814864
-0.3564221539
-0.3564221539
-1.668544936
-1.668544936
-1.668544936
-1.668544936
-1.878005817
-1.878005817
-0.7430171936
-0.6926033534
-3.361287957
-3.361287957
-3.361287957
-3.361287957
-0.8317975139
-0.3866471595
-1.475215286
-1.475215286
-1.475215286
-1.475215286
-1.475215286
-1.475215286
-0.5496124024
-0.5496124024
-0.5496124024
-0.5496124024
-0.5908240638
-0.2318163846
-0.2318163846
-0.2318163846
-0.4064042668
-0.6730359807
-0.6730359807
-0.6730359807
-0.2454936309
-0.2454936309
-0.2454936309
-0.36830522
-0.36830522
-0.36830522
-0.36830522
-2.498845866
-2.498845866
-0.2258302669
-0.2258302669
-0.2258302669
-0.2258302669
-0.5171970235
-0.5171970235
-0.2936134373
-1.054340382
-1.054340382
-0.2281791518
-0.2281791518
-0.2281791518
-0.2281791518
-0.7419579321
-0.7419579321
-0.7419579321
-0.7419579321
-0.7419579321
-0.7419579321
-0.7419579321
-0.7419579321
-0.7419579321
-0.7419579321
-0.225800734
-0.225800734
-0.225800734
-0.225800734
-0.225800734
-0.225800734
-0.6516703841
-0.6516703841
-0.5768611333
-0.5768611333
-0.5768611333
-0.5768611333
-0.7200417831
-0.7200417831
-0.7200417831
-0.7200417831
-1.031360941
-1.031360941
-1.031360941
-1.031360941
-1.031360941
-2.14541056
-2.14541056
-2.14541056
-2.14541056
-2.14541056
-2.14541056
-0.343151501
-0.343151501
-0.3849608998
-0.3849608998
-2.311103031
-0.858956164
-0.858956164
-0.858956164
-0.858956164
-0.858956164
-0.858956164
-0.858956164
-0.858956164
-0.858956164
-0.858956164
-1.187155273
-0.8554285477
-0.8554285477
-0.8554285477
-2.891055865
-2.891055865
-2.891055865
-1.243879486
-1.243879486
-0.4107213824
-0.4107213824
-0.4107213824
-0.3034116864
-0.3034116864
-0.3034116864
-0.3034116864
-0.2340645393
-0.2340645393
-0.2340645393
-0.4796604085
-0.4796604085
-0.4796604085
-0.4796604085
-0.7030098689
-0.7030098689
-0.7030098689
-0.7030098689
-0.7030098689
-0.7030098689
-0.7030098689
-0.7030098689
-0.7030098689
-1.028789193
-4.277048842
-0.6018033386
-0.6018033386
-0.6018033386
-0.6018033386
-0.6018033386
-0.4403461613
-0.2778175176
-0.2778175176
-0.2778175176
-0.2778175176
-0.2778175176
-0.2778175176
-0.2778175176
-0.2778175176
-0.2778175176
-0.2778175176
-0.2778175176
-0.3168503487
-0.3168503487
-0.3168503487
-0.2258660938
-0.2258660938
-2.575851788
-0.3895321116
-0.2258146261
-0.2258146261
-0.2258146261
-0.2258146261
-0.5585564199
-0.5585564199
-0.5585564199
-0.5585564199
-0.5585564199
-0.5585564199
-0.5585564199
-0.5585564199
-0.5585564199
-0.5585564199
-0.5585564199
-0.5585564199
-0.5585564199
-0.5585564199
-0.5585564199
-0.5585564199
-0.5585564199
-0.5585564199
-0.5585564199
-0.5585564199
-0.5585564199
-0.4049468371
-0.4049468371
-0.4049468371
-0.4049468371
-0.4049468371
-0.4049468371
-0.4049468371
-0.4049468371
-0.5307959904
-0.5307959904
-0.5307959904
-0.5307959904
-0.5307959904
-0.5307959904
-0.5307959904
-0.6668551252
-1.059389238
-1.059389238
-1.059389238
-0.2557001568
-0.2557001568
-0.2557001568
-0.2557001568
-0.2557001568
-0.2557001568
-0.2557001568
-1.001844832
-0.336812184
-0.336812184
-0.336812184
-0.336812184
-0.399536004
-0.399536004
-2.434660827
-2.434660827
-2.434660827
-0.6981016323
-0.4747627218
-0.2965362337
-0.2965362337
-0.2965362337
-0.2965362337
-0.2965362337
-0.2965362337
-0.2965362337
-0.2965362337
-0.2965362337
-0.2965362337
-0.2965362337
-0.2965362337
-0.2965362337
-0.2283637132
-0.2283637132
-0.2283637132
-0.2283637132
-0.2283637132
-0.2283637132
-0.2283637132
-0.428096792
-0.428096792
-0.474899604
-0.474899604
-0.474899604
-0.3902970689
-0.7115118035
-0.7115118035
-0.7115118035
-0.7115118035
-0.7115118035
-1.708119619
-1.708119619
-1.708119619
-1.708119619
-0.5832108714
-0.5832108714
-0.5832108714
-1.53371115
-0.6161178467
-0.6161178467
-0.8678432126
-0.8678432126
-0.8678432126
-0.8678432126
-0.8678432126
-0.4799485061
-0.4799485061
-0.4799485061
-0.4799485061
-0.4799485061
-0.4799485061
-0.5859810045
-0.5859810045
-0.5859810045
-0.5859810045
-0.5859810045
-0.5859810045
-0.6608745635
-0.6608745635
-0.6608745635
-0.6608745635
-0.3518848498
-0.5667049762
-0.5667049762
-0.2821561908
-0.2821561908
-0.2821561908
-0.2821561908
-0.2821561908
-0.2821561908
-0.2821561908
-0.2821561908
-0.433506912
-0.433506912
-0.433506912
-0.5553166604
-0.8054644548
-0.8054644548
-0.5719637592
-5.29997433
-2.229901375
-0.2735457596
-0.2735457596
-0.2735457596
-0.5118348463
-0.5118348463
-0.5118348463
-0.2258068275
-0.2258068275
-0.8456211492
-0.8456211492
-0.8456211492
-0.8456211492
-0.8456211492
-0.8456211492
-0.8456211492
-0.8456211492
-0.8456211492
-0.5279600547
-0.5279600547
-1.134562547
-0.8988170659
-0.8988170659
-0.8988170659
-0.8988170659
-0.8988170659
-0.8988170659
-0.8988170659
-0.8988170659
-0.8988170659
-0.8988170659
-0.8988170659
-0.8988170659
-0.8988170659
-0.8988170659
-0.3142227222
-0.3142227222
-0.3142227222
-0.3142227222
-0.3142227222
-0.3142227222
-0.3142227222
-0.3142227222
-0.3142227222
-0.3023009045
-0.3023009045
-0.3023009045
-0.3023009045
-0.2699784971
-0.2752555257
-0.406239655
-0.406239655
-0.406239655
-0.406239655
-0.406239655
-0.406239655
-0.406239655
-0.27988219
-0.2836012454
-0.2836012454
-0.2836012454
-0.7550194563
-0.2279770575
-0.2279770575
-0.728609603
-0.728609603
-0.728609603
-1.60048537
-0.9734365606
-0.9734365606
-0.9734365606
-0.9734365606
-0.9734365606
-1.79586143
-0.9816890509
-0.2258878316
-0.2258878316
-0.2258878316
-0.2258878316
-0.2258878316
-1.354746764
-1.354746764
-1.354746764
-1.354746764
-1.354746764
-1.354746764
-1.925378606
-1.925378606
-0.3911249844
-0.3911249844
-1.476991119
-1.476991119
-0.2784303684
-0.2784303684
-2.139020816
-0.233663097
-0.2485435512
-0.2485435512
-0.2485435512
-1.233374393
-1.29706129
-0.2901122047
-0.2901122047
-0.2901122047
-0.2901122047
-0.2901122047
-0.2901122047
-0.2901122047
-0.2901122047
-0.2901122047
-0.2901122047
-0.2901122047
-0.2901122047
-0.2901122047
-0.2901122047
-0.2901122047
-0.2901122047
-0.2901122047
-1.012296048
-1.012296048
-1.012296048
-0.247004749
-0.247004749
-0.247004749
-0.229673047
-0.25705241
-0.25705241
-0.25705241
-0.3190340842
-0.3190340842
-0.3190340842
-0.3190340842
-0.3190340842
-0.3190340842
-0.3190340842
-0.8649042133
-0.8649042133
-0.2276976177
-0.2276976177
-0.2276976177
-0.2276976177
-0.2276976177
-0.2276976177
-0.2276976177
-0.2276976177
-0.2276976177
-0.2276976177
-0.2276976177
-0.2276976177
-0.2276976177
-0.2276976177
-0.320298816
-0.320298816
-0.320298816
-0.320298816
-0.320298816
-0.320298816
-0.320298816
-0.320298816
-0.320298816
-0.2351914108
-0.2351914108
-0.2351914108
-0.2351914108
-0.2351914108
-1.415646227
-1.415646227
-1.415646227
-1.415646227
-1.415646227
-1.415646227
-1.415646227
-0.3636396012
-0.3636396012
-0.3636396012
-0.3636396012
-0.3636396012
-0.3636396012
-0.3636396012
-0.3636396012
-0.3636396012
-0.3636396012
-0.3636396012
-0.3636396012
-0.3636396012
-1.064742928
-1.064742928
-1.064742928
-1.064742928
-1.064742928
-1.064742928
-0.3815763822
-1.175995616
-1.175995616
-1.175995616
-1.175995616
-1.077140601
-1.077140601
-1.077140601
-1.077140601
-1.077140601
-1.077140601
-1.077140601
-1.077140601
-1.352663526
-0.3499899598
-0.3499899598
-0.3499899598
-0.3499899598
-0.3499899598
-0.3499899598
-0.3499899598
-0.3499899598
-1.669326024
-1.669326024
-1.669326024
-1.241304007
-1.241304007
-0.2268146183
-0.2268146183
-0.2268146183
-0.2268146183
-0.2592953104
-0.2592953104
-0.6090796196
-0.6090796196
-0.6090796196
-0.6090796196
-0.6090796196
-0.6090796196
-0.6090796196
-0.6090796196
-0.6090796196
-0.3151209251
-0.3151209251
-0.3151209251
-0.3151209251
-0.4667875495
-0.4667875495
-0.4667875495
-0.4667875495
-0.4667875495
-0.4667875495
-0.4667875495
-0.4667875495
-0.4667875495
-0.4667875495
-0.7317537787
-0.7317537787
-0.7317537787
-0.2680696872
-0.2680696872
-0.2680696872
-4.809400628
-1.61131102
-3.512510385
-3.512510385
-1.048895291
-0.2307367384
-0.2307367384
-0.8926101003
-0.8926101003
-0.8926101003
-0.8926101003
-0.8926101003
-0.8926101003
-0.6132969837
-0.6132969837
-0.5596285208
-0.5596285208
-0.5596285208
-0.5596285208
-0.25152221
-0.25152221
-0.25152221
-0.25152221
-0.25152221
-0.25152221
-0.25152221
-0.25152221
-0.25152221
-0.25152221
-0.39839256
-0.39839256
-0.3014721612
-0.3014721612
-0.3014721612
-0.3014721612
-0.3014721612
-0.3014721612
-0.3014721612
-0.4157827281
-0.4157827281
-0.4157827281
-0.4157827281
-0.4157827281
-0.8025078925
-0.8025078925
-0.8025078925
-0.8025078925
-0.8025078925
-0.8025078925
-0.8025078925
-0.8025078925
-0.8025078925
-0.8025078925
-0.2295750688
-0.2295750688
-0.2295750688
-0.7410702505
-0.7410702505
-0.7410702505
-0.7657664009
-0.7657664009
-0.7657664009
-0.7657664009
-1.782866575
-2.883012612
-2.883012612
-1.774079425
-1.774079425
-1.774079425
-1.774079425
-1.774079425
-0.7259157316
-0.7259157316
-0.7259157316
-0.7259157316
-0.7259157316
-0.5130099902
-0.5130099902
-0.5130099902
-0.5130099902
-0.5130099902
-0.9429807027
-1.221661042
-1.221661042
-1.221661042
-0.5244429126
-0.2953433508
-0.2953433508
-0.474753654
-0.474753654
-0.3920952064
-0.3920952064
-0.3920952064
-0.3920952064
-0.3920952064
-0.3920952064
-0.3920952064
-0.3920952064
-0.3920952064
-0.3920952064
-0.3920952064
-0.3920952064
-0.2299159025
-0.2299159025
-0.2299159025
-0.2299159025
-0.2299159025
-0.2299159025
-0.2299159025
-0.2299159025
-0.2299159025
-0.2299159025
-0.2299159025
-0.2299159025
-1.006045318
-1.006045318
-1.006045318
-0.4157002686
-1.117888282
-1.117888282
-1.117888282
-0.7488145945
-0.7488145945
-0.6046977143
-0.6046977143
-0.6046977143
-0.6046977143
-0.6046977143
-0.6046977143
-0.6046977143
-0.6046977143
-0.6046977143
-0.6046977143
-1.600247196
-1.600247196
-1.709315897
-0.2913059929
-0.2913059929
-1.44046762
-1.44046762
-1.458292391
-2.78113956
-2.78113956
-2.78113956
-2.78113956
-2.78113956
-2.78113956
-2.78113956
-1.955494884
-1.798567622
-1.798567622
-1.798567622
-0.2271564667
-0.375401702
-0.375401702
-0.375401702
-0.375401702
-0.375401702
-0.2258453207
-0.2258453207
-0.2258453207
-0.2258453207
-0.2258453207
-0.4109363818
-0.4109363818
-0.4109363818
-0.4109363818
-0.4109363818
-0.838307909
-0.838307909
-0.838307909
-0.2618821974
-0.2618821974
-0.2618821974
-0.2618821974
-0.2618821974
-1.027047388
-1.027047388
-1.027047388
-1.027047388
-1.027047388
-1.928472635
-1.928472635
-3.59962511
-3.59962511
-5.058708987
-0.3622526376
-0.3622526376
-0.3622526376
-0.3622526376
-0.2357840282
-0.2357840282
-0.2357840282
-0.2357840282
-0.2357840282
-0.2357840282
-0.23074972
-0.23074972
-0.23074972
-0.23074972
-0.2714518462
-0.5247945242
-0.5247945242
-0.5247945242
-0.5247945242
-0.5247945242
-0.5247945242
-0.5247945242
-0.5247945242
-0.5247945242
-0.5247945242
-0.5247945242
-0.5247945242
-0.9149337991
-0.9149337991
-0.9022027459
-0.9022027459
-0.9022027459
-0.9022027459
-0.9022027459
-0.9022027459
-0.9022027459
-0.9022027459
-0.9022027459
-0.3405428273
-0.3405428273
-0.3405428273
-0.3405428273
-0.2300410248
-0.2300410248
-0.2300410248
-0.2300410248
-0.2300410248
-0.2300410248
-0.2300410248
-0.755422111
-0.755422111
-0.8568860998
-0.8341598745
-1.920205451
-1.920205451
-1.920205451
-1.927601509
-1.927601509
-1.927601509
-1.927601509
-1.927601509
-1.927601509
-1.927601509
-1.927601509
-0.3953840127
-0.2940082044
-0.2940082044
-0.2940082044
-0.2940082044
-0.2940082044
-0.2940082044
-0.2940082044
-0.2940082044
-0.2940082044
-0.2940082044
-0.2940082044
-0.2669245352
-0.2669245352
-0.2669245352
-0.2669245352
-0.2669245352
-0.2669245352
-0.2669245352
-0.2669245352
-3.950158905
-3.950158905
-3.950158905
-3.950158905
-3.950158905
-1.788986828
-1.788986828
-1.788986828
-1.788986828
-1.146300692
-1.146300692
-0.529938285
-0.529938285
-0.529938285
-0.529938285
-1.203604531
-0.2528118861
-0.2528118861
-0.2528118861
-1.002983637
-0.3188133978
-0.3188133978
-0.3188133978
-0.3188133978
-0.3188133978
-0.3188133978
-2.074485011
-2.074485011
-2.074485011
-2.074485011
-2.074485011
-2.927610146
-3.07931888
-3.07931888
-3.07931888
-0.3111927608
-0.3111927608
-0.3111927608
-0.3111927608
-0.3111927608
-1.525555897
-1.525555897
-1.525555897
-1.525555897
-1.075807619
-0.3455301928
-0.3455301928
-0.3455301928
-0.3455301928
-0.3455301928
-0.3455301928
-1.33913788
-1.33913788
-0.940867445
-0.940867445
-0.940867445
-0.940867445
-0.940867445
-0.940867445
-0.940867445
-0.7803549936
-0.7803549936
-0.7803549936
-0.7803549936
-2.474023742
-3.714982456
-2.158221223
-2.158221223
-2.158221223
-2.158221223
-1.113052584
-0.3606912858
-0.2389604758
-0.3500763455
-0.3500763455
-0.3500763455
-0.3500763455
-0.3500763455
-0.3500763455
-0.3500763455
-0.3500763455
-1.416929184
-0.4181193102
-0.4181193102
-0.4181193102
-0.4181193102
-0.4181193102
-0.4181193102
-0.4685617345
-0.4685617345
-0.3225362523
-0.4532249338
-0.2924695364
-0.2924695364
-0.2924695364
-0.2924695364
-0.2924695364
-0.2924695364
-0.2924695364
-0.2924695364
-0.2924695364
-1.34420525
-1.65552039
-1.65552039
-1.65552039
-1.65552039
-1.65552039
-1.65552039
-1.65552039
-0.4980042237
-0.4980042237
-0.4980042237
-0.4980042237
-0.4980042237
-0.4980042237
-0.6507239175
-1.167792929
-1.167792929
-1.167792929
-1.167792929
-1.167792929
-1.530879933
-1.530879933
-1.226796622
-1.226796622
-1.226796622
-1.226796622
-1.226796622
-1.226796622
-1.377523088
-1.377523088
-0.559437974
-0.559437974
-0.2888688401
-0.2888688401
-0.3601707699
-0.6754435528
-0.2902520303
-0.2902520303
-0.3602975942
-0.4321653078
-0.4321653078
-0.4321653078
-0.4321653078
-0.4321653078
-2.218055366
-2.218055366
-2.218055366
-1.973629539
-1.973629539
-1.973629539
-1.973629539
-1.180809236
-1.180809236
-1.180809236
-0.2806596314
-0.2806596314
-0.2415550166
-0.2415550166
-1.972436959
-1.972436959
-1.972436959
-1.972436959
-0.3920768673
-0.3920768673
-0.3137528005
-0.277375248
-0.277375248
-0.277375248
-0.277375248
-0.277375248
-0.277375248
-0.277375248
-0.277375248
-0.277375248
-0.5239434795
-0.5239434795
-0.5239434795
-0.5239434795
-0.5239434795
-0.5239434795
-0.5239434795
-0.5239434795
-0.5239434795
-0.5239434795
-0.5239434795
-0.5239434795
-0.5239434795
-0.5239434795
-0.5239434795
-0.5239434795
-0.5239434795
-0.5239434795
-0.5239434795
-0.5239434795
-0.5239434795
-0.5239434795
-0.5239434795
-0.5239434795
-0.5239434795
-0.2930834783
-0.2930834783
-0.2930834783
-0.4985458145
-0.4985458145
-0.4985458145
-0.4985458145
-0.4985458145
-0.4985458145
-0.4985458145
-2.209721064
-0.2436613444
-0.2436613444
-0.2436613444
-0.2436613444
-1.756173173
-1.756173173
-1.886577364
-3.014449573
-0.3014763963
-0.3014763963
-0.7815421203
-0.7815421203
-0.2654045036
-0.2654045036
-0.2654045036
-0.2654045036
-0.2654045036
-2.300495619
-0.2453286178
-0.2453286178
-0.2453286178
-0.2453286178
-0.2287080279
-0.2287080279
-0.2287080279
-0.2287080279
-0.2287080279
-0.2287080279
-0.2287080279
-0.2287080279
-0.2765771392
-0.2765771392
-0.2765771392
-0.2765771392
-0.2765771392
-0.2825412906
-0.2825412906
-0.2825412906
-0.2825412906
-0.2825412906
-0.2825412906
-0.239116934
-0.239116934
-0.239116934
-0.239116934
-0.239116934
-0.239116934
-0.239116934
-0.2404343329
-0.2404343329
-0.2404343329
-0.2404343329
-0.2404343329
-0.2404343329
-0.2404343329
-0.2404343329
-0.2404343329
-0.3971346771
-0.3971346771
-0.3971346771
-0.2271054377
-0.2271054377
-0.2271054377
-0.2271054377
-0.2271054377
-0.2271054377
-0.2271054377
-0.2271054377
-0.2271054377
-0.2271054377
-0.2271054377
-0.2271054377
-0.2271054377
-0.2699983927
-0.2699983927
-0.5366263772
-0.5366263772
-0.2393696614
-0.2393696614
-0.2393696614
-0.2393696614
-0.6932104938
-0.6932104938
-0.6932104938
-0.6932104938
-0.6932104938
-0.6932104938
-0.6932104938
-0.6932104938
-0.6932104938
-0.6932104938
-0.6932104938
-0.6932104938
-2.64021613
-2.64021613
-2.64021613
-2.64021613
-2.64021613
-2.64021613
-2.64021613
-2.64021613
-2.64021613
-2.64021613
-2.64021613
-2.64021613
-1.347478723
-1.347478723
-1.347478723
-1.347478723
-1.347478723
-1.536477337
-1.536477337
-1.536477337
-1.536477337
-1.536477337
-2.036002921
-2.036002921
-2.036002921
-2.036002921
-2.771936353
-2.521404064
-0.2751725547
-0.2751725547
-0.2751725547
-0.2751725547
-0.2751725547
-0.2751725547
-0.2751725547
-0.2751725547
-0.2751725547
-1.528453149
-0.2727627705
-0.2727627705
-0.2727627705
-1.24854761
-1.24854761
-1.24854761
-1.24854761
-0.3343365689
-0.3343365689
-0.2413917885
-0.2413917885
-0.2413917885
-0.2413917885
-0.2413917885
-0.819592358
-0.3521220546
-0.2300926901
-0.2300926901
-0.2300926901
-0.2300926901
-0.2300926901
-0.2300926901
-0.2300926901
-0.2300926901
-0.2300926901
-0.2300926901
-0.2300926901
-0.2300926901
-0.2300926901
-0.2300926901
-0.6874227378
-0.6874227378
-0.6874227378
-0.6874227378
-0.6874227378
-0.6874227378
-0.6874227378
-0.6874227378
-0.6874227378
-0.6874227378
-0.6874227378
-0.6726495306
-0.6726495306
-0.6726495306
-0.6726495306
-0.6726495306
-0.6726495306
-0.6726495306
-0.6726495306
-0.8810866987
-0.3900042916
-0.3900042916
-0.3900042916
-0.3900042916
-0.3900042916
-0.3900042916
-0.3900042916
-0.3900042916
-0.3900042916
-0.3900042916
-0.240472126
-0.240472126
-0.240472126
-0.240472126
-0.240472126
-0.240472126
-0.240472126
-0.240472126
-0.240472126
-1.283988168
-1.283988168
-1.283988168
-0.2478935882
-0.2478935882
-0.4198600955
-0.4198600955
-0.4198600955
-0.4198600955
-0.5198519337
-3.293203788
-3.293203788
-3.293203788
-2.785742976
-1.038578409
-0.2618672994
-0.2618672994
-0.2618672994
-0.2618672994
-0.2618672994
-0.2618672994
-0.2618672994
-0.2618672994
-0.7933566438
-0.7933566438
-0.7933566438
-0.7933566438
-1.113957836
-1.113957836
-1.113957836
-1.113957836
-1.113957836
-2.890127923
-2.890127923
-2.890127923
-2.890127923
-2.890127923
-2.890127923
-0.7938809827
-0.7938809827
-0.7938809827
-0.7938809827
-0.7938809827
-0.3322846676
-0.3322846676
-0.3322846676
-0.3322846676
-0.3322846676
-0.3322846676
-0.3322846676
-0.3322846676
-1.347204731
-1.347204731
-4.776265565
-4.776265565
-4.776265565
-4.776265565
-4.30603427
-3.66614828
-3.66614828
-3.66614828
-0.226326051
-0.2373053945
-0.2373053945
-1.092444754
-1.092444754
-1.092444754
-1.092444754
-1.092444754
-1.092444754
-1.092444754
-0.2575786154
-0.2575786154
-0.2575786154
-0.2606662137
-0.9120456379
-0.9120456379
-0.9120456379
-0.3002386441
-0.8115704741
-0.8115704741
-0.2582753533
-0.2582753533
-0.2582753533
-0.2582753533
-0.2582753533
-0.2262533307
-0.5749765795
-0.6842971809
-0.6842971809
-0.6842971809
-0.8976931272
-0.8976931272
-0.8963970357
-0.8963970357
-0.8963970357
-0.8963970357
-0.8963970357
-0.8963970357
-0.6382468315
-0.6382468315
-0.6382468315
-0.6382468315
-1.896048859
-1.896048859
-1.896048859
-2.726171304
-2.115813333
-0.4909870705
-0.4909870705
-1.778421128
-1.778421128
-0.2327997714
-0.2327997714
-0.2327997714
-0.2755292174
-0.2755292174
-0.2755292174
-0.2755292174
-0.2755292174
-0.2755292174
-0.2755292174
-0.2755292174
-0.2755292174
-0.2755292174
-0.2755292174
-0.2755292174
-0.2755292174
-0.2755292174
-0.2755292174
-0.2755292174
-0.2755292174
-0.2515305111
-0.353062364
-0.353062364
-0.353062364
-0.353062364
-0.353062364
-0.353062364
-0.353062364
-0.2271298852
-0.2271298852
-0.2271298852
-0.2271298852
-0.2271298852
-0.2271298852
-0.428753262
-0.428753262
-0.428753262
-0.428753262
-0.428753262
-0.428753262
-0.428753262
-0.428753262
-0.428753262
-1.026964114
-1.026964114
-1.026964114
-0.5790172509
-1.033010415
-1.597153292
-1.597153292
-2.880103358
-1.411977753
-1.411977753
-1.411977753
-1.411977753
-0.2327652022
-0.2327652022
-0.4526964577
-0.4526964577
-0.4526964577
-0.4526964577
-0.4526964577
-0.4526964577
-0.4526964577
-0.4526964577
-0.4526964577
-0.4526964577
-0.4526964577
-0.4526964577
-0.4526964577
-0.4526964577
-0.4526964577
-1.89247899
-4.217751667
-4.217751667
-2.421591108
-2.421591108
-1.373546421
-0.329188248
-0.329188248
-0.8798400799
-0.8798400799
-0.8798400799
-0.8798400799
-0.2950487479
-0.2835431251
-0.2835431251
-0.2835431251
-0.2835431251
-0.2835431251
-0.2835431251
-0.2835431251
-0.2835431251
-0.2835431251
-0.2835431251
-0.2835431251
-0.2835431251
-0.2835431251
-0.2835431251
-0.9153853741
-0.9153853741
-0.9153853741
-2.06209636
-2.06209636
-2.06209636
-2.06209636
-2.06209636
-1.896122366
-1.222258682
-1.222258682
-0.2474895109
-0.2474895109
-0.2474895109
-0.2474895109
-0.2474895109
-0.5334247021
-0.5334247021
-0.5334247021
-0.5334247021
-0.5334247021
-0.5334247021
-0.5334247021
-0.5334247021
-0.5334247021
-0.5334247021
-0.5334247021
-0.5334247021
-0.5334247021
-0.5334247021
-0.5334247021
-0.5334247021
-0.5334247021
-0.5334247021
-0.5334247021
-0.4716420743
-0.4716420743
-0.5672800787
-0.5672800787
-0.5672800787
-0.5672800787
-0.5672800787
-0.5672800787
-0.5672800787
-0.5672800787
-0.5672800787
-0.5672800787
-0.5672800787
-0.6528662294
-0.3466323584
-0.3466323584
-0.3466323584
-0.3466323584
-0.33902834
-0.33902834
-0.33902834
-0.33902834
-0.33902834
-0.33902834
-0.33902834
-0.33902834
-0.33902834
-0.3322395561
-0.3209702761
-0.3209702761
-0.3209702761
-0.3209702761
-1.22559711
-0.8732736291
-0.8732736291
-0.8732736291
-0.8732736291
-0.8732736291
-0.8732736291
-0.8732736291
-1.609397556
-0.4753770033
-0.4753770033
-0.4753770033
-0.6326822527
-0.6326822527
-0.6326822527
-0.3158489809
-0.42402751
-0.42402751
-1.128572881
-1.128572881
-1.128572881
-1.128572881
-1.128572881
-1.128572881
-0.3710560228
-0.3710560228
-1.072068247
-1.072068247
-1.414265596
-1.414265596
-1.414265596
-1.433623821
-2.553974106
-1.380104774
-1.380104774
-1.380104774
-1.380104774
-1.147134738
-1.147134738
-1.147134738
-1.147134738
-1.147134738
-1.116020347
-1.116020347
-0.5099695071
-0.5099695071
-0.8279973443
-0.8279973443
-0.8279973443
-0.8279973443
-0.8279973443
-0.8279973443
-0.8279973443
-0.5184282308
-0.5184282308
-0.5184282308
-1.760840529
-1.760840529
-1.760840529
-1.760840529
-1.760840529
-0.8999819651
-0.8999819651
-0.8999819651
-0.8999819651
-0.8999819651
-0.8999819651
-0.8195198063
-0.8195198063
-0.8195198063
-0.8195198063
-1.107906026
-1.107906026
-0.803157245
-0.803157245
-0.803157245
-0.8833973073
-0.6017455468
-0.6017455468
-0.6017455468
-0.3872253519
-0.3872253519
-0.326478089
-0.326478089
-0.326478089
-1.833055245
-0.4967104518
-0.4967104518
-0.4967104518
-1.468244173
-0.2263590153
-0.2263590153
-0.2263590153
-0.4446012808
-0.4446012808
-0.4446012808
-0.7081768209
-0.7081768209
-0.2519160298
-0.2519160298
-0.2519160298
-0.2519160298
-0.2519160298
-0.2519160298
-0.2519160298
-0.2519160298
-0.2519160298
-0.5579903564
-0.8747899151
-0.8747899151
-0.8747899151
-0.3003313014
-0.2645798804
-0.2645798804
-0.290521171
-0.290521171
-0.290521171
-0.5530979479
-0.4167594793
-0.4167594793
-0.4167594793
-0.2953584774
-0.2953584774
-0.2953584774
-0.2953584774
-0.2953584774
-0.2953584774
-0.2953584774
-0.2953584774
-0.2953584774
-0.2953584774
-0.2953584774
-0.2953584774
-0.2953584774
-0.2344912173
-0.2344912173
-0.2344912173
-0.2344912173
-0.2344912173
-0.2344912173
-0.2344912173
-0.2280042036
-0.2280042036
-0.2280042036
-0.5828259356
-0.5828259356
-0.5828259356
-0.5828259356
-0.5828259356
-0.5828259356
-0.3031591052
-0.3031591052
-0.3031591052
-0.2258040804
-0.2258040804
-0.2258040804
-0.2258040804
-0.2258040804
-0.2258040804
-0.2408191806
-0.2408191806
-0.2408191806
-0.2408191806
-1.402606488
-0.2962210976
-0.2962210976
-0.2962210976
-0.2962210976
-0.2962210976
-0.2962210976
-0.2962210976
-0.2962210976
-0.2962210976
-0.2962210976
-0.2962210976
-0.4608254712
-0.4608254712
-0.2721003613
-0.2721003613
-0.2721003613
-0.2721003613
-0.2721003613
-0.2721003613
-0.2721003613
-0.2721003613
-0.2721003613
-0.2721003613
-0.7035550518
-0.4611712135
-0.4611712135
-0.5542973679
-0.3388093641
-0.3388093641
-0.3388093641
-0.3388093641
-0.3388093641
-0.3388093641
-0.3388093641
-0.3388093641
-0.3388093641
-0.3388093641
-0.3388093641
-0.3388093641
-0.3388093641
-0.3168463519
-0.3168463519
-0.3168463519
-0.3168463519
-0.3168463519
-0.3168463519
-0.3168463519
-0.3168463519
-0.3168463519
-0.3168463519
-0.3168463519
-0.3168463519
-0.3168463519
-0.3168463519
-0.3168463519
-0.3168463519
-0.3168463519
-0.3168463519
-0.3168463519
-0.3168463519
-0.3168463519
-0.3168463519
-0.3168463519
-0.3168463519
-0.3168463519
-0.3168463519
-0.3168463519
-0.3168463519
-0.2536885294
-0.2536885294
-0.2536885294
-0.2536885294
-0.2536885294
-0.2536885294
-0.2536885294
-0.2536885294
-0.2536885294
-0.2536885294
-0.2536885294
-0.2536885294
-1.14403304
-0.8597721929
-0.8597721929
-0.8597721929
-0.8597721929
-1.768187559
-1.768187559
-2.772835823
-0.2313407074
-0.2313407074
-0.5096517815
-0.5096517815
-0.5096517815
-0.5096517815
-0.5096517815
-0.5096517815
-0.5096517815
-0.5096517815
-0.5096517815
-0.5096517815
-0.5096517815
-0.2796187071
-0.2796187071
-0.2796187071
-0.2796187071
-0.358212562
-0.358212562
-0.3264487673
-0.3264487673
-0.3264487673
-0.2300929343
-0.2300929343
-0.3901019277
-0.3901019277
-0.3901019277
-0.3901019277
-1.359198185
-2.300339245
-2.300339245
-2.300339245
-2.300339245
-0.2319866502
-0.2319866502
-0.2319866502
-0.2578945777
-0.2578945777
-0.2578945777
-0.2578945777
-0.2578945777
-0.4247109211
-0.4247109211
-0.4247109211
-0.2727134261
-0.2484553114
-0.2484553114
-0.7590097524
-0.7590097524
-0.7590097524
-0.7590097524
-0.7590097524
-0.7590097524
-0.7590097524
-0.7590097524
-0.7590097524
-0.7590097524
-0.2285053847
-0.2285053847
-0.2285053847
-0.2285053847
-0.2285053847
-0.2285053847
-0.3848806697
-1.222277353
-1.222277353
-1.222277353
-1.222277353
-1.222277353
-1.222277353
-1.222277353
-1.222277353
-1.222277353
-1.222277353
-0.6490667666
-1.548482909
-1.548482909
-1.152688442
-0.2681291752
-0.2681291752
-1.154282018
-1.154282018
-1.154282018
-1.154282018
-1.154282018
-1.154282018
-1.154282018
-0.8545645077
-0.8545645077
-0.8545645077
-0.2386220766
-0.2386220766
-0.2386220766
-0.2386220766
-0.2386220766
-0.2386220766
-0.2386220766
-0.2386220766
-0.2386220766
-0.2386220766
-0.3294465373
-0.3715212821
-0.590034812
-0.590034812
-0.590034812
-0.230872134
-0.230872134
-0.230872134
-0.230872134
-0.230872134
-0.230872134
-0.230872134
-0.230872134
-0.230872134
-2.261623343
-2.261623343
-0.2372157912
-0.2372157912
-0.2372157912
-0.3588826098
-0.3588826098
-0.3588826098
-0.3588826098
-0.3588826098
-1.913262469
-1.009105154
-0.4199910572
-0.4199910572
-0.469724604
-0.9072169896
-0.9072169896
-0.9072169896
-0.2290255225
-0.2290255225
-1.398872636
-1.398872636
-1.398872636
-0.4109592854
-0.4109592854
-0.4109592854
-0.4109592854
-0.4109592854
-0.4109592854
-0.4109592854
-0.4109592854
-0.4109592854
-0.2365911795
-0.2365911795
-0.2365911795
-0.2365911795
-0.2365911795
-0.2365911795
-0.3312004954
-1.972727411
-1.972727411
-1.972727411
-0.323083313
-0.323083313
-0.323083313
-0.323083313
-1.952918383
-1.952918383
-1.952918383
-1.952918383
-1.952918383
-1.952918383
-1.952918383
-0.632451849
-0.632451849
-0.632451849
-1.952253086
-1.952253086
-1.952253086
-1.598686587
-0.2475182401
-0.2475182401
-0.5307764958
-0.5307764958
-0.5307764958
-0.5307764958
-0.5307764958
-0.3082565026
-0.8943924749
-1.581864855
-1.581864855
-1.773024271
-1.773024271
-1.773024271
-1.773024271
-1.773024271
-1.773024271
-1.773024271
-1.773024271
-0.381625727
-0.381625727
-0.381625727
-0.235923813
-0.235923813
-0.235923813
-0.235923813
-0.235923813
-0.235923813
-0.2393764213
-0.2393764213
-0.2272614266
-1.277372807
-1.277372807
-1.277372807
-1.277372807
-1.277372807
-1.277372807
-1.277372807
-0.2885195615
-0.2885195615
-0.2885195615
-0.2885195615
-0.2885195615
-0.2885195615
-0.2885195615
-0.2826537572
-0.2826537572
-0.2826537572
-0.4704913165
-0.4704913165
-0.4704913165
-0.4704913165
-0.6508006052
-0.6508006052
-0.6508006052
-0.2263504935
-0.2263504935
-0.2263504935
-0.2263504935
-0.2263504935
-0.2263504935
-0.2263504935
-0.2263504935
-0.2263504935
-0.2263504935
-0.2263504935
-0.2263504935
-0.2263504935
-0.2263504935
-0.6929442324
-0.6929442324
-0.6929442324
-0.6929442324
-0.6929442324
-0.6929442324
-0.6929442324
-0.6929442324
-0.2291363074
-0.2291363074
-0.326689007
-0.326689007
-0.326689007
-0.326689007
-0.326689007
-0.326689007
-0.326689007
-0.326689007
-0.326689007
-0.326689007
-0.326689007
-0.326689007
-0.326689007
-0.326689007
-0.326689007
-0.326689007
-0.4340525241
-0.4340525241
-0.4340525241
-0.4340525241
-0.4340525241
-0.4340525241
-0.906329213
-0.906329213
-1.210109636
-0.2313883103
-0.2313883103
-0.2313883103
-0.2313883103
-0.2313883103
-0.2313883103
-0.2313883103
-0.2313883103
-0.2313883103
-0.2313883103
-0.2313883103
-0.2984817461
-0.2984817461
-0.2984817461
-0.2984817461
-0.2984817461
-0.2984817461
-0.2984817461
-0.2984817461
-0.7419559926
-0.7419559926
-0.8712064065
-0.8712064065
-0.8712064065
-0.8712064065
-0.8712064065
-0.4078679769
-0.4078679769
-0.4083699052
-0.4083699052
-0.4083699052
-0.4083699052
-0.4083699052
-0.4083699052
-0.4083699052
-0.4083699052
-0.4083699052
-0.4083699052
-0.4083699052
-0.4083699052
-0.2309842617
-0.2309842617
-0.2309842617
-0.2309842617
-0.2309842617
-0.2309842617
-0.2309842617
-0.2309842617
-0.2309842617
-0.2309842617
-0.2309842617
-0.2309842617
-0.5551180786
-0.5551180786
-0.5551180786
-0.5551180786
-0.5551180786
-0.560939844
-0.560939844
-0.560939844
-0.560939844
-0.3019995787
-0.3019995787
-0.5797544468
-0.5797544468
-0.5386646306
-0.5386646306
-2.732363124
-2.212322139
-0.2360642237
-0.2360642237
-0.2417969423
-0.8517633869
-0.8517633869
-0.8517633869
-0.8517633869
-0.8517633869
-0.2749072174
-0.2749072174
-1.727963402
-1.727963402
-0.6059549426
-0.6059549426
-0.6059549426
-0.4248139947
-0.4248139947
-0.4248139947
-0.4248139947
-0.4248139947
-0.4248139947
-0.4248139947
-0.4248139947
-0.5552996993
-0.5552996993
-0.5552996993
-0.5552996993
-0.5552996993
-0.5552996993
-0.490485976
-0.490485976
-0.490485976
-0.490485976
-0.490485976
-0.490485976
-0.490485976
-0.2576624655
-0.2576624655
-0.2576624655
-0.2298146822
-0.2298146822
-0.2990426487
-1.442927692
-0.6518505546
-0.6518505546
-0.6518505546
-0.6518505546
-0.6518505546
-0.6518505546
-0.6518505546
-0.6518505546
-0.3084915692
-0.3084915692
-0.3084915692
-0.3084915692
-0.3084915692
-0.3084915692
-0.3084915692
-0.3084915692
-0.3084915692
-0.9613537272
-0.9613537272
-2.164380952
-2.164380952
-2.164380952
-2.164380952
-2.164380952
-2.164380952
-2.164380952
-4.038882174
-3.632205641
-0.2711087247
-0.2711087247
-1.019961706
-1.113410086
-0.3815473884
-0.3815473884
-0.3815473884
-0.3815473884
-0.3815473884
-0.3815473884
-0.3815473884
-0.3815473884
-0.3815473884
-0.3815473884
-0.3815473884
-0.3867934559
-0.3867934559
-0.3562279362
-0.3562279362
-0.3269827294
-0.3269827294
-0.3269827294
-0.3269827294
-0.3269827294
-0.3269827294
-0.3269827294
-0.3269827294
-0.2331717217
-0.2331717217
-0.2331717217
-0.2331717217
-0.2331717217
-0.2331717217
-1.24989705
-0.5939742219
-0.5939742219
-0.3096637349
-0.2980513186
-0.2980513186
-0.2980513186
-0.2980513186
-0.2645015805
-0.2645015805
-0.2645015805
-0.2645015805
-1.289817936
-1.289817936
-1.289817936
-1.289817936
-1.289817936
-1.289817936
-0.4736086789
-0.4736086789
-0.4736086789
-0.4736086789
-0.4736086789
-0.4736086789
-0.4736086789
-2.118036048
-0.6738749243
-0.6738749243
-0.6738749243
-0.2332976069
-0.9535824697
-1.127951244
-1.127951244
-1.127951244
-0.6054455295
-0.6054455295
-0.937798784
-0.937798784
-0.937798784
-0.937798784
-0.937798784
-0.937798784
-1.111876417
-1.111876417
-1.111876417
-1.111876417
-1.111876417
-0.5784403306
-0.5784403306
-0.2484077077
-0.2484077077
-0.2484077077
-0.2484077077
-0.2484077077
-0.2484077077
-0.2484077077
-0.2484077077
-0.84908368
-0.84908368
-0.84908368
-0.84908368
-0.2275996427
-1.412500255
-2.458435477
-2.458435477
-1.750853383
-1.750853383
-0.2258000892
-0.9759967411
-0.4088952122
-0.2560784331
-0.2560784331
-0.2560784331
-0.2560784331
-0.2560784331
-0.2481548422
-0.3340941305
-0.3340941305
-0.3340941305
-0.3340941305
-0.3340941305
-0.3340941305
-0.3340941305
-0.6317915997
-0.2316401726
-0.2947119474
-0.2947119474
-4.316769325
-3.150808061
-3.150808061
-3.150808061
-3.150808061
-0.2883118026
-0.2883118026
-0.2883118026
-0.2883118026
-0.2883118026
-0.2883118026
-0.2580157665
-0.2580157665
-0.2580157665
-0.2580157665
-0.2580157665
-0.2580157665
-0.2580157665
-0.2580157665
-0.2580157665
-0.2580157665
-0.2580157665
-0.2580157665
-0.2580157665
-0.2580157665
-1.073192746
-1.073192746
-1.073192746
-1.073192746
-0.3067237752
-0.3067237752
-0.3067237752
-0.3067237752
-0.3067237752
-2.138738941
-2.837317671
-4.750114439
-4.750114439
-0.4166965968
-0.4166965968
-0.4166965968
-0.4166965968
-0.4166965968
-0.4624398236
-0.4624398236
-0.9970424512
-0.9970424512
-0.9970424512
-0.9970424512
-0.9970424512
-0.9283752677
-0.9283752677
-0.5291873654
-0.3792935597
-0.3792935597
-0.3792935597
-0.3792935597
-0.3792935597
-0.3792935597
-0.2710522505
-0.2276181366
-0.2276181366
-0.2276181366
-0.2276181366
-0.2276181366
-0.2276181366
-0.6343837033
-0.6343837033
-0.6343837033
-0.6343837033
-0.6343837033
-0.2324751107
-0.2324751107
-0.2324751107
-0.2515133573
-0.2515133573
-0.2515133573
-0.2515133573
-0.2515133573
-0.2515133573
-0.3556446587
-0.9670950155
-1.448452865
-2.55363174
-0.319020104
-0.319020104
-0.319020104
-1.05861999
-1.05861999
-1.05861999
-1.05861999
-1.05861999
-1.05861999
-0.4628935133
-0.4628935133
-0.4628935133
-0.4628935133
-0.4628935133
-0.5616770065
-0.5616770065
-0.5616770065
-0.5616770065
-0.2335985961
-0.893335478
-0.893335478
-0.893335478
-0.893335478
-0.5846282768
-0.554572424
-0.554572424
-0.554572424
-0.554572424
-0.3152183531
-0.3152183531
-0.3152183531
-0.7636473103
-0.9874798115
-0.2798754448
-0.2798754448
-0.2798754448
-0.2798754448
-0.2798754448
-0.2798754448
-0.2798754448
-0.2798754448
-0.2798754448
-0.2798754448
-0.2798754448
-0.2798754448
-0.5887877429
-0.5887877429
-0.5887877429
-0.5887877429
-0.5887877429
-0.5887877429
-0.2387038291
-0.2387038291
-0.2387038291
-0.2387038291
-0.2387038291
-0.4772480822
-0.4772480822
-0.2312200448
-0.4216146587
-0.2431498669
-0.2431498669
-0.2431498669
-0.2431498669
-0.2431498669
-2.122828828
-2.122828828
-2.122828828
-0.2259780496
-0.2259780496
-0.2902344176
-0.2902344176
-0.2902344176
-0.2902344176
-0.2902344176
-0.2902344176
-0.2902344176
-0.2902344176
-0.2902344176
-0.2902344176
-0.2902344176
-0.2902344176
-0.2902344176
-0.2902344176
-0.2902344176
-0.2902344176
-0.2902344176
-0.757768329
-1.403497672
-1.403497672
-1.403497672
-1.403497672
-1.403497672
-1.425991585
-1.425991585
-0.4636296683
-0.2510727058
-0.2510727058
-0.3798514222
-0.3798514222
-0.3798514222
-0.3413175283
-0.3413175283
-1.242011768
-1.242011768
-1.242011768
-1.242011768
-1.242011768
-2.538128268
-2.538128268
-0.6134955684
-0.6134955684
-0.8466408084
-0.8466408084
-0.7497296343
-0.7497296343
-0.7497296343
-0.7497296343
-0.7497296343
-1.475338154
-1.475338154
-1.07351426
-0.2341979524
-0.2341979524
-0.2341979524
-0.2341979524
-0.2341979524
-0.2341979524
-0.4460606216
-1.010659785
-1.010659785
-1.010659785
-0.4145827067
-0.4145827067
-1.037314431
-1.037314431
-1.037314431
-1.037314431
-1.037314431
-0.2935273406
-0.2935273406
-0.2935273406
-0.592942944
-0.592942944
-0.592942944
-0.592942944
-0.592942944
-0.592942944
-0.592942944
-0.2912289334
-0.2912289334
-0.2831829306
-0.2831829306
-0.2831829306
-0.2318099592
-0.2318099592
-4.145153337
-4.433199207
-4.433199207
-3.924752403
-3.924752403
-1.539425925
-1.539425925
-1.539425925
-1.539425925
-0.2428573442
-0.2428573442
-0.2428573442
-0.2428573442
-0.2428573442
-0.2428573442
-0.2428573442
-0.2428573442
-0.2428573442
-0.2862768669
-0.2862768669
-0.2862768669
-0.2862768669
-0.2862768669
-0.2862768669
-0.2862768669
-0.6913558861
-0.6913558861
-0.6913558861
-4.852261211
-4.852261211
-1.985702416
-1.985702416
-1.985702416
-0.3908451101
-0.3908451101
-0.3908451101
-0.3908451101
-0.3908451101
-0.3908451101
-0.3908451101
-0.3908451101
-0.3908451101
-0.3908451101
-0.3908451101
-0.3908451101
-0.5926264023
-0.7913834658
-0.7913834658
-0.7913834658
-2.712633295
-2.144291267
-2.144291267
-2.144291267
-2.144291267
-1.328948017
-1.891382421
-1.891382421
-1.891382421
-1.891382421
-1.891382421
-1.992370953
-1.992370953
-1.992370953
-1.992370953
-1.992370953
-0.419100939
-0.419100939
-0.419100939
-0.419100939
-0.419100939
-0.419100939
-0.7484722435
-0.7484722435
-0.7484722435
-0.7484722435
-0.7484722435
-0.7484722435
-0.7484722435
-0.7484722435
-0.7484722435
-0.7484722435
-0.7484722435
-0.7484722435
-0.7484722435
-0.2299126998
-0.2299126998
-0.3276140854
-0.3276140854
-0.3276140854
-0.3276140854
-0.4411019219
-0.4411019219
-0.4411019219
-0.4411019219
-1.43833371
-1.43833371
-1.43833371
-1.43833371
-0.2573497825
-0.7566078349
-0.7566078349
-0.2740957295
-2.548363929
-2.548363929
-2.548363929
-2.548363929
-0.5747324174
-0.5747324174
-0.5747324174
-0.2704587476
-0.2704587476
-0.2704587476
-0.2704587476
-0.3959711753
-0.3959711753
-0.3959711753
-0.8192430818
-0.8192430818
-0.8192430818
-0.8192430818
-0.8192430818
-0.8192430818
-0.8192430818
-1.704467386
-0.4371005833
-0.9272300874
-0.9272300874
-0.9272300874
-0.4046505301
-0.7681176275
-0.7681176275
-0.7681176275
-0.5591552959
-0.5591552959
-0.5591552959
-0.3617262479
-0.3617262479
-0.3617262479
-0.3617262479
-0.3617262479
-0.2893651842
-0.2893651842
-0.2893651842
-0.2893651842
-0.2893651842
-0.2893651842
-0.2893651842
-0.4426332943
-0.8147945499
-0.8147945499
-0.8147945499
-0.8147945499
-0.8147945499
-0.8147945499
-0.8147945499
-0.8147945499
-0.8147945499
-0.2309585157
-0.2309585157
-0.2309585157
-0.3634057413
-0.3634057413
-0.3634057413
-0.3634057413
-0.3634057413
-0.3634057413
-0.3634057413
-0.3634057413
-0.3634057413
-0.2629678859
-0.2459769496
-0.417966214
-0.417966214
-0.417966214
-0.417966214
-0.417966214
-0.417966214
-0.417966214
-0.417966214
-0.417966214
-0.417966214
-0.8509406793
-0.8509406793
-1.588112606
-1.588112606
-1.588112606
-1.588112606
-0.7456969114
-0.7456969114
-0.7456969114
-0.7456969114
-0.7456969114
-1.145716768
-1.145716768
-1.145716768
-1.145716768
-4.735248693
-4.735248693
-4.735248693
-4.735248693
-4.735248693
-4.735248693
-4.735248693
-0.2536585384
-0.2536585384
-0.2536585384
-0.5008036808
-0.5008036808
-1.421039284
-1.421039284
-1.421039284
-1.421039284
-0.2998772655
-0.2998772655
-0.2629611555
-1.093325837
-1.093325837
-1.146513202
-0.2456917076
-0.2755449494
-0.2755449494
-0.2483912258
-0.2483912258
-0.2483912258
-0.2483912258
-0.2483912258
-0.2483912258
-0.2483912258
-0.285763328
-0.285763328
-0.285763328
-0.285763328
-0.285763328
-0.285763328
-1.238254003
-1.238254003
-1.238254003
-1.238254003
-3.518930676
-0.6388666576
-0.6388666576
-0.6388666576
-0.6388666576
-0.2520192321
-0.2520192321
-0.2520192321
-0.2520192321
-0.2520192321
-0.2520192321
-0.2520192321
-0.2284158718
-0.2284158718
-0.2284158718
-0.2284158718
-0.2284158718
-0.2284158718
-0.2284158718
-0.2284158718
-0.2284158718
-0.2284158718
-0.2284158718
-0.2284158718
-0.2284158718
-0.2284158718
-0.2284158718
-0.2284158718
-0.2284158718
-0.2284158718
-0.2284158718
-0.2284158718
-0.2284158718
-0.2284158718
-0.2284158718
-0.2284158718
-0.2284158718
-0.2284158718
-0.3188344237
-0.3188344237
-0.3188344237
-0.3188344237
-0.3188344237
-0.3188344237
-0.3188344237
-2.530990092
-0.7290696887
-0.7290696887
-0.9125859515
-0.2407643881
-0.2407643881
-0.2407643881
-0.2407643881
-0.401282846
-0.401282846
-0.401282846
-0.401282846
-0.401282846
-0.401282846
-0.5832611738
-0.5832611738
-1.714499615
-1.714499615
-0.8054359627
-0.8054359627
-0.8054359627
-0.8054359627
-0.8054359627
-0.8054359627
-1.861677329
-1.861677329
-0.2258128593
-0.2258128593
-0.2258128593
-0.2258128593
-0.2258128593
-1.250602644
-1.216375667
-0.3404132641
-0.3404132641
-0.3404132641
-0.2806796645
-0.6921614653
-0.3451088071
-0.3451088071
-0.3451088071
-0.3451088071
-0.3451088071
-0.3451088071
-0.2571902672
-0.5457945523
-0.5457945523
-0.5457945523
-0.5457945523
-0.5457945523
-0.5457945523
-0.5457945523
-0.5457945523
-0.4672678156
-0.4672678156
-0.4672678156
-0.3449030879
-0.3449030879
-1.694387668
-1.694387668
-0.9553083007
-0.2271673878
-0.2271673878
-0.2271673878
-0.2271673878
-0.2269295373
-0.2269295373
-0.2269295373
-0.2269295373
-0.4166752153
-0.4166752153
-0.4166752153
-0.4166752153
-0.4166752153
-0.5328431037
-0.5328431037
-0.5328431037
-0.5328431037
-0.2337259888
-0.2337259888
-0.2337259888
-0.2337259888
-0.2337259888
-0.2337259888
-0.2337259888
-0.5931618691
-0.5931618691
-0.5931618691
-0.5931618691
-0.2631164557
-0.2631164557
-0.2631164557
-0.2631164557
-0.2631164557
-0.2631164557
-0.2631164557
-0.2711056613
-0.2711056613
-0.2711056613
-0.2711056613
-0.2265110978
-0.2265110978
-0.2265110978
-0.2265110978
-0.2265110978
-0.2265110978
-0.6225779095
-0.4327056003
-0.4327056003
-0.4327056003
-0.4327056003
-0.4327056003
-0.3647203663
-0.3647203663
-0.3647203663
-0.3647203663
-1.655568836
-1.655568836
-0.4975888027
-0.26926666
-0.26926666
-0.26926666
-0.26926666
-0.26926666
-0.2275196167
-0.2275196167
-0.2275196167
-0.2275196167
-0.2275196167
-0.2275196167
-0.2275196167
-0.2275196167
-0.2275196167
-0.2275196167
-0.2275196167
-0.2275196167
-0.2275196167
-0.2275196167
-0.2275196167
-0.2275196167
-0.2275196167
-0.2275196167
-0.2275196167
-0.2275196167
-0.2275196167
-0.2275196167
-0.2275196167
-0.2275196167
-0.3493201435
-0.4792933094
-0.4792933094
-0.4792933094
-0.4792933094
-0.4792933094
-0.4792933094
-0.4792933094
-0.4792933094
-0.4792933094
-0.4792933094
-0.4792933094
-0.5122047664
-0.5122047664
-0.5122047664
-0.5122047664
-0.5122047664
-0.8107622429
-0.8107622429
-0.8107622429
-0.8107622429
-0.258240501
-0.3763620751
-0.3763620751
-0.8024609884
-0.8024609884
-0.2314665739
-0.2314665739
-0.2314665739
-0.2314665739
-0.2314665739
-0.2314665739
-0.249773931
-0.2303843199
-0.323143071
-0.323143071
-0.323143071
-0.323143071
-0.4798902504
-0.4798902504
-0.4798902504
-0.4798902504
-0.4798902504
-2.671938957
-2.671938957
-2.74977054
-2.74977054
-0.8886731805
-1.284971585
-1.284971585
-0.8016513142
-0.8016513142
-0.8016513142
-1.254294299
-1.254294299
-1.254294299
-1.254294299
-1.254294299
-0.4428140226
-0.6096240757
-0.6096240757
-2.570597962
-0.7254266066
-0.7254266066
-0.7254266066
-0.7254266066
-0.7254266066
-0.7254266066
-0.7254266066
-0.7254266066
-1.371382622
-0.3361928257
-0.3361928257
-0.3361928257
-0.8276047633
-0.8276047633
-0.4635707001
-0.4635707001
-0.4635707001
-0.4635707001
-0.4635707001
-0.4635707001
-0.4635707001
-0.4635707001
-0.4635707001
-0.4635707001
-0.6198816115
-0.6198816115
-0.6198816115
-0.6198816115
-0.6198816115
-0.6198816115
-0.6198816115
-0.6198816115
-0.6198816115
-0.6198816115
-0.6198816115
-0.6198816115
-0.6198816115
-0.6198816115
-0.6198816115
-0.6198816115
-0.6198816115
-0.6198816115
-1.013187021
-1.013187021
-0.2663378625
-0.2663378625
-0.2663378625
-0.2663378625
-0.2663378625
-0.2275998377
-0.2275998377
-1.213849393
-1.213849393
-1.213849393
-0.3748180196
-0.3748180196
-2.803368471
-2.32077522
-0.2295671585
-0.2295671585
-0.2295671585
-1.874497665
-1.874497665
-1.733337056
-1.733337056
-1.733337056
-1.733337056
-1.010918053
-1.010918053
-1.010918053
-1.010918053
-0.9801067227
-0.9801067227
-0.9801067227
-0.9801067227
-0.3405915548
-0.3405915548
-0.3405915548
-0.3453996124
-0.3453996124
-0.3453996124
-0.3453996124
-0.3453996124
-0.2835457896
-0.2835457896
-0.3375390741
-0.3375390741
-0.3375390741
-0.3375390741
-0.3375390741
-0.3375390741
-0.3375390741
-0.3375390741
-0.3375390741
-2.713793976
-2.713793976
-2.713793976
-2.713793976
-0.9141323829
-0.9141323829
-0.9141323829
-0.9141323829
-0.6736376227
-0.3264623565
-0.3264623565
-0.3264623565
-0.3046043257
-0.3046043257
-0.2551402313
-0.2551402313
-0.2551402313
-0.2551402313
-0.2551402313
-0.2551402313
-0.3784656523
-0.3784656523
-0.3784656523
-0.3784656523
-0.3784656523
-0.3784656523
-0.3784656523
-0.3784656523
-0.3784656523
-0.3784656523
-0.3784656523
-0.4007714757
-0.4007714757
-0.9561619262
-0.9561619262
-0.9561619262
-0.9561619262
-0.9561619262
-0.9561619262
-0.9561619262
-0.9561619262
-0.6178417395
-0.4088969529
-0.4088969529
-0.4088969529
-0.4088969529
-0.9346759975
-0.2912878711
-0.2730760466
-0.2730760466
-0.2730760466
-0.2730760466
-0.2730760466
-0.2730760466
-0.2730760466
-0.2730760466
-0.2730760466
-0.4677139992
-0.2460188745
-0.2460188745
-0.2460188745
-0.2460188745
-0.2460188745
-0.2460188745
-0.2460188745
-0.2460188745
-0.2460188745
-0.2460188745
-0.2460188745
-0.2460188745
-0.2277378313
-0.2277378313
-0.3500119832
-0.2407144772
-0.2365256503
-0.2365256503
-0.2365256503
-0.2258521366
-0.2258521366
-0.2258521366
-0.2258521366
-0.2258521366
-0.2258521366
-0.2258521366
-0.2258521366
-0.2258521366
-1.100516251
-1.100516251
-1.100516251
-1.100516251
-1.100516251
-1.100516251
-0.7953355012
-0.7953355012
-1.98835162
-0.5282996609
-0.5282996609
-0.5282996609
-0.5282996609
-0.5282996609
-0.5282996609
-0.5282996609
-1.436464575
-1.436464575
-1.436464575
-0.5632757476
-0.2429171649
-1.35283118
-1.35283118
-1.35283118
-1.35283118
-0.3226332329
-0.2814618856
-0.2814618856
-0.2814618856
-0.2814618856
-0.2814618856
-0.2814618856
-0.2814618856
-0.2814618856
-0.2814618856
-0.2814618856
-0.2814618856
-0.2814618856
-0.2814618856
-0.9774811911
-0.981205311
-0.2390388808
-0.2514923874
-0.2514923874
-0.2514923874
-0.3804850785
-0.3804850785
-0.3804850785
-0.3804850785
-0.3804850785
-0.3804850785
-0.3804850785
-0.5279256363
-0.5822383436
-0.5822383436
-0.3477683241
-0.3477683241
-0.3477683241
-0.3477683241
-0.3477683241
-0.3639551037
-0.3639551037
-1.085374514
-1.085374514
-0.9505995831
-0.9505995831
-0.8166799805
-0.8166799805
-0.5974429722
-0.5974429722
-0.5974429722
-0.5974429722
-0.5974429722
-0.4128944516
-0.4128944516
-1.831879136
-1.831879136
-1.831879136
-1.382806454
-1.382806454
-1.382806454
-1.382806454
-1.382806454
-0.5108870657
-0.5697240837
-0.5697240837
-0.5697240837
-0.5697240837
-0.5697240837
-0.5697240837
-0.5697240837
-0.5697240837
-0.5697240837
-0.5697240837
-0.6642758339
-0.6642758339
-0.6642758339
-0.9277359236
-0.9277359236
-0.9277359236
-0.9277359236
-0.2976887561
-0.2976887561
-0.2976887561
-0.2976887561
-0.2976887561
-0.2976887561
-0.2976887561
-0.2976887561
-0.2976887561
-0.2976887561
-0.2976887561
-0.2976887561
-0.2976887561
-0.2976887561
-0.2976887561
-0.2976887561
-0.2976887561
-0.2976887561
-0.2976887561
-0.2976887561
-0.2976887561
-0.2976887561
-0.2976887561
-0.2976887561
-0.2976887561
-0.2976887561
-0.2976887561
-0.2976887561
-0.2976887561
-0.2976887561
-0.2976887561
-0.956817209
-2.175682669
-2.199163723
-2.199163723
-2.199163723
-2.199163723
-1.708896013
-1.708896013
-1.708896013
-1.708896013
-2.127566401
-2.127566401
-2.127566401
-2.127566401
-2.127566401
-2.127566401
-2.127566401
-2.127566401
-2.127566401
-2.127566401
-2.127566401
-2.127566401
-2.127566401
-2.127566401
-2.127566401
-2.127566401
-0.3932196834
-0.3932196834
-1.111021552
-1.111021552
-0.3404638537
-0.3061011995
-0.3061011995
-0.3061011995
-1.030460906
-1.030460906
-1.030460906
-1.030460906
-1.030460906
-1.030460906
-1.030460906
-1.030460906
-1.030460906
-0.3083839011
-0.3083839011
-0.3083839011
-0.3083839011
-0.5503497412
-0.5503497412
-2.093550171
-0.2293501421
-0.2293501421
-1.403170069
-1.403170069
-1.403170069
-1.403170069
-0.4927255695
-0.3657801524
-0.3129560323
-0.7163279465
-0.7163279465
-1.349237211
-1.349237211
-0.2642542964
-0.2642542964
-0.2642542964
-0.2642542964
-0.2258368828
-0.4112627029
-0.4112627029
-0.225791692
-0.225791692
-0.225791692
-0.6058180103
-0.6058180103
-0.6058180103
-0.6058180103
-0.6058180103
-0.6058180103
-0.7239674376
-0.7239674376
-0.3267896653
-0.3267896653
-0.3267896653
-1.96580867
-1.96580867
-1.96580867
-1.96580867
-0.8720442523
-0.4695901805
-0.4695901805
-3.821441339
-3.821441339
-1.835831725
-0.3958740768
-0.3958740768
-0.3958740768
-0.3958740768
-0.5221382173
-0.5221382173
-0.5221382173
-0.6471583997
-0.6471583997
-0.6471583997
-0.6471583997
-0.6471583997
-0.6471583997
-0.361958097
-0.361958097
-0.361958097
-0.2259812198
-0.2259812198
-0.2259812198
-0.2259812198
-0.2259812198
-0.2259812198
-0.2259812198
-0.2259812198
-0.2259812198
-0.666499808
-0.666499808
-0.666499808
-0.666499808
-0.666499808
-0.666499808
-0.666499808
-0.666499808
-0.666499808
-0.666499808
-0.666499808
-0.666499808
-0.666499808
-0.666499808
-0.666499808
-0.666499808
-0.666499808
-0.7641332585
-0.3581902617
-0.3581902617
-0.3581902617
-0.3581902617
-0.9245576211
-0.9245576211
-0.9245576211
-1.961825818
-1.961825818
-1.961825818
-1.156475385
-1.156475385
-1.156475385
-1.156475385
-1.156475385
-1.156475385
-1.156475385
-1.156475385
-1.156475385
-1.156475385
-1.156475385
-1.156475385
-1.156475385
-1.156475385
-1.156475385
-1.156475385
-1.156475385
-1.156475385
-1.156475385
-1.338571056
-1.338571056
-1.338571056
-0.2783388805
-0.2783388805
-0.2783388805
-0.2783388805
-0.2783388805
-0.2783388805
-0.2783388805
-0.2783388805
-0.2783388805
-0.2783388805
-0.2783388805
-1.727543537
-1.727543537
-1.727543537
-1.727543537
-0.9296309866
-0.9296309866
-0.9296309866
-0.9296309866
-0.9296309866
-0.9296309866
-0.9296309866
-0.9683353665
-0.9683353665
-0.9683353665
-0.9683353665
-0.9683353665
-0.9683353665
-0.9683353665
-0.9683353665
-0.9683353665
-0.9683353665
-0.9683353665
-0.9683353665
-2.33156032
-2.33156032
-2.33156032
-2.248268681
-2.280906812
-2.611271095
-2.611271095
-5.066290562
-5.066290562
-5.066290562
-5.066290562
-5.066290562
-2.15900451
-2.15900451
-1.492944172
-1.492944172
-1.492944172
-0.354507735
-0.354507735
-0.354507735
-0.354507735
-0.354507735
-0.6504786717
-1.01797003
-1.01797003
-0.4609266155
-0.4609266155
-0.4609266155
-0.4609266155
-0.4609266155
-0.4086674892
-0.4086674892
-0.4086674892
-0.4086674892
-0.4086674892
-0.4086674892
-0.4086674892
-0.4086674892
-0.4086674892
-0.4086674892
-0.3429080807
-0.3429080807
-0.3429080807
-0.3429080807
-0.3429080807
-0.3429080807
-0.3429080807
-0.3429080807
-0.3429080807
-0.3429080807
-0.3429080807
-0.3429080807
-0.3429080807
-0.3429080807
-0.3429080807
-0.3429080807
-0.3429080807
-0.3429080807
-0.3429080807
-0.2507609478
-0.7918836586
-0.5305596224
-0.4016543401
-0.4016543401
-0.4016543401
-0.4016543401
-0.4016543401
-0.2375102313
-0.2375102313
-0.2375102313
-0.2375102313
-0.2375102313
-0.2375102313
-0.2375102313
-0.2375102313
-0.2375102313
-0.2995005308
-0.4514347786
-0.4514347786
-0.4514347786
-0.4514347786
-0.4514347786
-0.2444072366
-0.2444072366
-0.2444072366
-0.2444072366
-0.2258043188
-0.2258043188
-0.2258043188
-0.2258043188
-1.292017874
-1.292017874
-1.292017874
-1.292017874
-0.2287244543
-0.2287244543
-0.2287244543
-0.2287244543
-0.2287244543
-0.2287244543
-0.2287244543
-0.2287244543
-0.2287244543
-0.2287244543
-0.3416422648
-0.3416422648
-0.3881518785
-0.5263748996
-0.5263748996
-0.4925337535
-0.4925337535
-0.4925337535
-0.4925337535
-0.5326507375
-0.5326507375
-0.5326507375
-0.5326507375
-0.5326507375
-0.3732353525
-0.3732353525
-0.4614383744
-0.9211560965
-0.9211560965
-0.9211560965
-0.9211560965
-0.9211560965
-0.9211560965
-0.9211560965
-0.26330341
-0.26330341
-0.26330341
-0.26330341
-0.2281569051
-0.2281569051
-0.2281569051
-0.2281569051
-0.3804453252
-0.3804453252
-0.3804453252
-0.3804453252
-0.2268078607
-0.2268078607
-0.2268078607
-0.2268078607
-0.2268078607
-0.2268078607
-0.2268078607
-0.2268078607
-0.2268078607
-0.2268078607
-0.2268078607
-0.2517106848
-0.2517106848
-0.2517106848
-0.2431763642
-0.353916334
-0.353916334
-0.353916334
-0.353916334
-0.353916334
-0.353916334
-0.353916334
-0.353916334
-0.353916334
-0.353916334
-0.353916334
-0.353916334
-0.353916334
-0.353916334
-0.353916334
-0.353916334
-0.353916334
-0.353916334
-0.353916334
-0.4580323058
-0.4580323058
-0.4580323058
-0.6813391131
-0.8694032541
-0.8694032541
-0.8694032541
-0.417372493
-0.417372493
-0.7677430649
-0.7677430649
-0.7677430649
-0.7677430649
-0.3626142513
-0.3626142513
-0.3626142513
-0.4105142299
-0.3745661969
-0.3745661969
-0.3745661969
-0.3745661969
-0.3745661969
-0.3745661969
-0.3745661969
-0.3745661969
-0.3745661969
-0.3745661969
-0.3745661969
-0.3745661969
-0.3745661969
-0.3745661969
-2.23201964
-2.23201964
-2.23201964
-2.061163862
-2.061163862
-0.7227322021
-1.97948034
-1.882637323
-1.882637323
-1.882637323
-1.882637323
-0.2571683056
-0.2571683056
-0.2571683056
-0.2571683056
-0.2571683056
-0.2571683056
-0.2571683056
-0.2571683056
-0.2571683056
-0.2571683056
-0.2571683056
-0.2571683056
-0.2571683056
-0.2571683056
-0.5236631097
-0.5236631097
-0.5236631097
-0.5236631097
-0.5236631097
-0.5236631097
-0.6931739454
-0.6931739454
-0.6931739454
-0.6931739454
-0.6931739454
-0.536018126
-0.7866047027
-0.7866047027
-0.7866047027
-0.4434600848
-0.4434600848
-0.4434600848
-0.4434600848
-0.4434600848
-0.4434600848
-0.4434600848
-0.4434600848
-1.33697334
-1.33697334
-1.33697334
-1.33697334
-1.33697334
-0.7003965016
-0.7003965016
-0.2824684739
-0.8668569973
-0.3328516627
-0.3328516627
-0.3328516627
-0.3328516627
-0.3328516627
-0.3328516627
-0.3328516627
-0.3328516627
-0.3328516627
-0.3328516627
-0.3328516627
-0.3328516627
-0.3328516627
-0.8862200345
-0.8862200345
-0.8862200345
-0.8862200345
-0.8862200345
-0.8862200345
-0.8862200345
-0.8862200345
-0.8862200345
-0.7261976203
-0.7261976203
-0.7261976203
-0.7261976203
-0.7261976203
-0.7261976203
-0.7261976203
-0.7261976203
-0.7261976203
-0.7261976203
-0.7261976203
-0.7261976203
-0.4986719185
-4.138953465
-4.138953465
-4.138953465
-4.141770009
-0.5069071099
-0.9032906164
-0.9032906164
-0.7746051665
-1.192618784
-1.192618784
-1.192618784
-1.192618784
-1.192618784
-0.4482090429
-0.6753385932
-0.6753385932
-0.6753385932
-0.6753385932
-0.6753385932
-0.5232376266
-0.5232376266
-0.3300821683
-0.3300821683
-1.588149916
-0.2653428318
-0.2653428318
-0.2653428318
-0.2653428318
-0.2653428318
-0.2653428318
-0.2653428318
-0.3676916351
-0.3676916351
-0.3676916351
-0.3676916351
-0.3676916351
-0.3676916351
-0.3676916351
-0.968944601
-0.968944601
-0.968944601
-0.968944601
-0.968944601
-0.9215556791
-0.8059014991
-0.868599137
-1.642195435
-0.2446556582
-0.313665164
-0.313665164
-0.313665164
-0.313665164
-0.313665164
-0.313665164
-0.313665164
-0.313665164
-0.313665164
-0.313665164
-0.313665164
-0.4213485936
-0.4213485936
-0.4540344425
-1.773578959
-1.773578959
-1.773578959
-1.773578959
-1.773578959
-1.773578959
-1.773578959
-1.773578959
-1.91175371
-1.91175371
-1.91175371
-0.9213558412
-0.9213558412
-1.036702712
-1.835670499
-1.835670499
-1.835670499
-1.835670499
-2.089066077
-1.592749907
-1.414790231
-1.414790231
-1.414790231
-0.3736446746
-0.3736446746
-0.3736446746
-0.3736446746
-0.3736446746
-0.3736446746
-0.3736446746
-0.385064138
-0.385064138
-0.385064138
-0.385064138
-0.385064138
-0.385064138
-0.385064138
-0.385064138
-0.385064138
-0.385064138
-0.385064138
-0.385064138
-0.385064138
-0.385064138
-0.385064138
-0.267119587
-0.5903162822
-0.5903162822
-0.5903162822
-0.8540971008
-0.8540971008
-0.8540971008
-0.8540971008
-0.8540971008
-0.8540971008
-0.759592903
-0.759592903
-0.5116106574
-0.5116106574
-0.5043385334
-0.5043385334
-0.5043385334
-0.5043385334
-0.5043385334
-0.5043385334
-0.5043385334
-0.9652332673
-0.4348681316
-0.4348681316
-0.4348681316
-0.3716511935
-1.53331983
-1.53331983
-1.53331983
-1.53331983
-1.53331983
-1.53331983
-1.652957647
-1.652957647
-0.462064095
-0.2801255715
-0.2801255715
-0.2818622228
-0.2617066352
-0.2617066352
-0.2617066352
-0.2617066352
-0.2617066352
-0.2617066352
-0.2617066352
-0.2617066352
-0.2617066352
-1.11376155
-1.11376155
-0.8175021876
-0.8175021876
-0.8175021876
-0.6240887245
-0.7515770117
-0.7515770117
-0.2792852469
-0.2792852469
-0.2792852469
-0.2792852469
-0.2598233183
-0.2598233183
-0.2598233183
-0.2598233183
-0.2598233183
-0.2598233183
-0.9186612171
-0.9186612171
-0.9186612171
-0.2620687555
-0.2620687555
-0.2620687555
-0.2620687555
-0.2620687555
-0.2620687555
-0.2620687555
-0.2620687555
-0.2620687555
-0.2620687555
-0.2620687555
-0.2620687555
-0.2620687555
-0.2620687555
-0.2620687555
-0.2620687555
-0.2620687555
-0.2620687555
-0.2620687555
-0.2620687555
-0.2410772903
-0.2410772903
-0.2410772903
-0.2410772903
-0.2410772903
-0.2410772903
-0.2410772903
-0.2410772903
-1.187362459
-0.7145526499
-0.7145526499
-0.7145526499
-0.2482954304
-0.2482954304
-0.2482954304
-0.2482954304
-1.13881588
-1.13881588
-1.13881588
-0.8884081013
-0.8884081013
-0.4342863408
-0.4342863408
-0.4342863408
-0.3005769855
-0.2523163659
-0.2523163659
-0.2523163659
-0.2523163659
-0.2523163659
-0.2523163659
-0.2523163659
-0.2523163659
-0.2523163659
-1.247760543
-1.247760543
-1.92701531
-1.92701531
-1.92701531
-1.92701531
-1.92701531
-0.4207245125
-0.5407917903
-0.5407917903
-0.5407917903
-0.5407917903
-0.5407917903
-0.5407917903
-0.5407917903
-0.5407917903
-2.675375031
-2.675375031
-2.675375031
-1.744531453
-1.744531453
-0.5137663441
-0.5137663441
-0.5137663441
-0.5137663441
-0.5137663441
-0.5137663441
-0.5137663441
-0.5137663441
-0.5137663441
-0.5137663441
-0.5137663441
-0.5137663441
-0.5137663441
-0.5137663441
-0.5158547477
-0.5158547477
-1.062575682
-1.062575682
-1.062575682
-1.062575682
-0.7890489171
-0.7890489171
-0.4295277123
-0.2880922034
-1.017932325
-1.017932325
-1.017932325
-1.017932325
-1.017932325
-1.017932325
-1.017932325
-0.247444301
-0.7648379855
-0.7648379855
-0.7648379855
-0.7648379855
-0.7648379855
-0.7648379855
-0.7648379855
-0.7648379855
-0.7648379855
-0.2807579927
-0.2807579927
-0.2807579927
-0.2807579927
-0.2807579927
-0.2807579927
-0.2807579927
-0.2807579927
-0.2807579927
-0.2807579927
-0.9210043136
-0.9210043136
-0.9210043136
-0.9210043136
-0.9210043136
-0.9210043136
-0.9210043136
-0.9210043136
-0.9210043136
-0.8254047107
-0.6183608339
-0.6183608339
-1.262853916
-0.7387854835
-0.7387854835
-0.7387854835
-0.6462073837
-0.6462073837
-0.2773738421
-0.2773738421
-0.7266692831
-0.7266692831
-0.7266692831
-0.4878414467
-0.4878414467
-0.4878414467
-2.294494991
-0.597313844
-0.3283414944
-0.4141676845
-0.4141676845
-0.4141676845
-0.4141676845
-0.9567166031
-0.7561499579
-0.7561499579
-0.3255033841
-0.5239537825
-0.5239537825
-0.5239537825
-0.5239537825
-0.5239537825
-0.5239537825
-0.2267278189
-0.2267278189
-0.2267278189
-0.2267278189
-0.2267278189
-0.2267278189
-0.2267278189
-0.2267278189
-0.2267278189
-0.2267278189
-0.2267278189
-0.2267278189
-0.2267278189
-0.2267278189
-0.2471634376
-0.2258677327
-0.2258677327
-0.2258677327
-0.2258677327
-0.2348139737
-0.2348139737
-0.2348139737
-0.2348139737
-0.2348139737
-0.3693782827
-0.3693782827
-0.3693782827
-0.3693782827
-0.3693782827
-0.3693782827
-0.3693782827
-0.3693782827
-0.3693782827
-0.427533276
-0.427533276
-0.427533276
-1.169918202
-1.169918202
-1.169918202
-1.169918202
-1.169918202
-1.237832218
-1.237832218
-1.237832218
-1.237832218
-1.237832218
-1.237832218
-1.237832218
-1.237832218
-1.237832218
-1.237832218
-1.237832218
-1.237832218
-1.237832218
-1.237832218
-1.237832218
-0.4691670976
-0.2683151875
-0.2683151875
-0.2683151875
-0.2683151875
-0.2683151875
-0.2683151875
-0.2683151875
-0.2683151875
-0.2683151875
-0.2683151875
-0.2683151875
-0.2683151875
-0.2683151875
-0.2683151875
-0.2683151875
-0.2683151875
-0.2683151875
-0.2683151875
-0.2683151875
-0.2257915616
-0.2257915616
-0.2257915616
-0.2257915616
-0.2257915616
-0.2257915616
-0.2257915616
-0.2257915616
-0.2257915616
-0.2257915616
-0.2257915616
-0.2257915616
-0.2257915616
-0.3369099379
-0.3369099379
-0.5228086267
-0.5228086267
-0.5228086267
-0.2270021348
-0.2789954826
-0.5174136878
-0.5174136878
-1.520257416
-1.520257416
-0.5811725208
-0.5811725208
-0.5811725208
-0.5811725208
-0.5811725208
-0.5811725208
-0.5811725208
-1.580878745
-1.580878745
-3.569727017
-1.099041362
-0.5243165683
-0.5243165683
-0.5243165683
-0.236304696
-0.236304696
-0.9284837515
-0.4067236926
-0.4067236926
-0.4067236926
-0.7861906723
-0.7861906723
-0.8282847336
-0.8282847336
-0.8282847336
-0.6441385427
-0.6441385427
-0.6441385427
-0.6441385427
-0.6441385427
-2.359615061
-2.238599183
-2.238599183
-2.238599183
-2.238599183
-2.238599183
-2.238599183
-2.238599183
-0.2490960216
-0.2490960216
-0.2490960216
-0.2490960216
-0.2490960216
-0.2490960216
-0.2490960216
-0.2490960216
-0.2490960216
-0.2490960216
-0.4840351363
-0.4912442442
-0.4912442442
-0.4912442442
-0.4912442442
-0.4912442442
-0.4912442442
-0.4912442442
-0.7316579377
-0.7316579377
-0.7316579377
-0.7316579377
-0.5262968425
-0.5262968425
-1.962608908
-0.3057596174
-1.193414833
-1.193414833
-1.535070701
-0.7084026479
-0.7084026479
-0.7084026479
-0.7084026479
-0.7084026479
-0.7084026479
-0.7084026479
-1.054825969
-0.3576700211
-0.3576700211
-0.3576700211
-0.883826144
-0.883826144
-0.883826144
-1.379179877
-1.163637098
-1.163637098
-1.163637098
-1.163637098
-1.163637098
-1.163637098
-0.3211407952
-0.3211407952
-0.3211407952
-0.3211407952
-0.3211407952
-0.3211407952
-0.3211407952
-0.3211407952
-0.3211407952
-0.3211407952
-0.453262784
-0.453262784
-0.4795019459
-0.4795019459
-0.4795019459
-0.4795019459
-0.4795019459
-0.4795019459
-0.4795019459
-0.4795019459
-0.4795019459
-0.6403612002
-0.6403612002
-0.6403612002
-0.6403612002
-0.2514655663
-0.2514655663
-0.2514655663
-0.2514655663
-0.2514655663
-0.3697866768
-0.3697866768
-0.2358013991
-0.2358013991
-0.2358013991
-0.2358013991
-0.2358013991
-0.2358013991
-0.2358013991
-0.2358013991
-0.7064191473
-0.2257994457
-0.2257994457
-0.2272837054
-0.2272837054
-1.294063848
-1.294063848
-1.294063848
-1.294063848
-1.518588796
-0.2940751959
-0.2940751959
-0.2940751959
-0.2940751959
-0.2940751959
-0.2294559142
-0.9592950275
-0.9592950275
-0.3358397445
-0.3358397445
-0.3358397445
-0.3358397445
-0.3358397445
-0.5135995982
-0.5135995982
-0.5135995982
-0.5135995982
-0.5135995982
-0.5135995982
-0.5135995982
-0.5135995982
-0.5135995982
-0.5135995982
-0.5135995982
-0.5135995982
-0.5135995982
-0.5135995982
-0.5135995982
-0.9241717687
-0.3577798753
-0.4148341426
-0.4148341426
-0.4148341426
-0.3963794669
-0.3963794669
-0.832069947
-0.6637764829
-0.6637764829
-2.044157093
-2.044157093
-2.044157093
-2.044157093
-2.044157093
-2.044157093
-2.044157093
-2.044157093
-2.044157093
-2.044157093
-2.044157093
-1.301385304
-0.3045817466
-0.3045817466
-0.3045817466
-0.3045817466
-0.3045817466
-0.3045817466
-0.3045817466
-0.3045817466
-0.3045817466
-0.3045817466
-0.5210934068
-0.5210934068
-0.5210934068
-0.5210934068
-0.5210934068
-0.5210934068
-0.7328559473
-0.6525588587
-0.3729022327
-0.3729022327
-0.3729022327
-0.3729022327
-0.3729022327
-0.3729022327
-0.3729022327
-0.3729022327
-0.3729022327
-0.3729022327
-0.6341482423
-0.6341482423
-0.6341482423
-0.6341482423
-0.6341482423
-0.6341482423
-1.618774562
-1.618774562
-1.618774562
-1.618774562
-0.2530817518
-1.223502691
-0.3675073035
-0.2931088647
-0.2931088647
-0.2931088647
-0.2931088647
-0.4591152591
-0.4591152591
-0.4591152591
-0.6875792643
-1.02561408
-0.4688751734
-0.4662666407
-0.4662666407
-0.4662666407
-0.4662666407
-0.5358972998
-0.5358972998
-0.5358972998
-0.5358972998
-0.4331666218
-0.4331666218
-0.8518312354
-0.8518312354
-0.3013400792
-0.3013400792
-0.3013400792
-5.035691953
-5.035691953
-4.534962145
-4.534962145
-2.023144858
-2.023144858
-2.023144858
-0.3070825219
-0.3070825219
-0.5479441045
-0.3689566561
-0.3689566561
-0.2258123142
-0.7181764292
-0.7181764292
-0.7181764292
-0.7181764292
-0.9188458429
-0.3828433228
-0.3828433228
-1.044100639
-1.044100639
-1.044100639
-1.044100639
-1.044100639
-1.044100639
-1.613130004
-1.613130004
-1.613130004
-1.613130004
-2.32831427
-2.32831427
-2.32831427
-2.32831427
-2.32831427
-0.3318575758
-0.6244162818
-0.6244162818
-0.6244162818
-0.2287717872
-0.4978481036
-0.4978481036
-0.4978481036
-1.911531485
-0.2259783499
-0.2259783499
-0.2259783499
-0.2259783499
-0.2299458248
-0.2299458248
-0.2299458248
-0.2299458248
-0.2299458248
-0.2299458248
-0.2299458248
-0.2299458248
-0.7922399724
-0.3867543553
-0.3867543553
-0.3867543553
-0.3867543553
-0.3867543553
-0.3867543553
-0.3867543553
-1.187152293
-1.187152293
-2.437755856
-2.437755856
-2.437755856
-2.437755856
-1.171548161
-1.171548161
-1.008259279
-1.008259279
-1.008259279
-1.008259279
-1.008259279
-0.2449912268
-0.2449912268
-0.8617431231
-0.5101606263
-0.5101606263
-0.5101606263
-0.5101606263
-0.5101606263
-0.5101606263
-0.7395515169
-1.125879984
-1.624954413
-0.4449026642
-0.4449026642
-0.4449026642
-3.921806885
-3.921806885
-3.921806885
-3.921806885
-0.4811989678
-0.4811989678
-0.4811989678
-0.3675401941
-0.3675401941
-0.3675401941
-0.3675401941
-0.3675401941
-0.3675401941
-0.3675401941
-0.3675401941
-0.3675401941
-2.190916808
-2.190916808
-0.3201138218
-0.2776875972
-0.2776875972
-0.2776875972
-0.2776875972
-0.2776875972
-0.2776875972
-0.2776875972
-0.2776875972
-0.5561808096
-0.5561808096
-0.5561808096
-0.5561808096
-0.4315716366
-0.4315716366
-0.4315716366
-0.4315716366
-0.2348909971
-2.093620421
-2.093620421
-2.093620421
-2.093620421
-2.093620421
-0.4743880403
-0.4743880403
-0.4743880403
-0.4743880403
-0.5162877933
-0.5162877933
-0.2383590351
-0.2383590351
-0.2383590351
-0.2383590351
-0.424980855
-1.10402716
-0.9341283329
-0.9341283329
-0.9341283329
-0.4384182386
-1.563965596
-0.3447700979
-0.3447700979
-0.3447700979
-0.3447700979
-0.3447700979
-0.6741359043
-0.6741359043
-0.6741359043
-0.6741359043
-0.6741359043
-0.905271278
-0.5488777242
-0.5488777242
-0.5488777242
-0.5488777242
-0.5488777242
-1.00593892
-0.2281488362
-0.2281488362
-0.2281488362
-0.2281488362
-0.2281488362
-0.2281488362
-0.2281488362
-0.2305326961
-0.2305326961
-1.099067365
-1.099067365
-0.580958004
-0.580958004
-0.580958004
-0.2393331648
-0.2393331648
-0.2909345688
-0.2909345688
-0.2909345688
-0.2909345688
-0.2909345688
-0.2909345688
-0.2909345688
-0.2909345688
-0.2909345688
-0.2967014974
-0.2967014974
-0.4148990423
-0.4148990423
-0.3282616512
-0.3282616512
-0.3282616512
-0.3282616512
-0.3282616512
-0.3282616512
-0.3282616512
-0.313013089
-0.313013089
-0.313013089
-0.313013089
-1.302988707
-0.4477641086
-0.4477641086
-0.4477641086
-0.4477641086
-0.4477641086
-0.4361794367
-0.2529614959
-0.2529614959
-0.2529614959
-0.2529614959
-0.2529614959
-0.2529614959
-0.7166915312
-0.7166915312
-0.5307733098
-0.5307733098
-0.5307733098
-0.791683005
-0.791683005
-0.791683005
-0.791683005
-0.791683005
-0.791683005
-0.791683005
-0.791683005
-0.791683005
-0.791683005
-0.791683005
-0.791683005
-0.791683005
-0.2429031434
-0.2429031434
-0.2429031434
-0.2429031434
-0.2429031434
-0.2429031434
-0.7792399602
-0.7792399602
-0.8839899134
-0.8839899134
-0.8839899134
-0.8839899134
-0.8839899134
-0.8839899134
-0.8839899134
-0.8839899134
-2.170567383
-0.3837289583
-0.2861267861
-0.2861267861
-0.2861267861
-0.2861267861
-0.2861267861
-0.2861267861
-0.2861267861
-0.2861267861
-0.5471907561
-0.3954037251
-0.3954037251
-0.3954037251
-0.3954037251
-0.3954037251
-0.5067013787
-0.5067013787
-0.5067013787
-0.5260708063
-0.3249162103
-0.7557345354
-0.7557345354
-0.7557345354
-1.651721556
-1.651721556
-1.662497248
-0.2354436277
-0.2354436277
-0.3057536793
-1.173068394
-1.173068394
-1.173068394
-1.173068394
-0.7134074166
-0.7134074166
-0.7134074166
-0.7134074166
-0.7134074166
-1.699341339
-1.866724055
-1.866724055
-0.7036971606
-0.7036971606
-0.7036971606
-0.7036971606
-0.5744246313
-0.5744246313
-0.5744246313
-0.3424616347
-0.2262148551
-0.2262148551
-0.2262148551
-0.2361791163
-0.2361791163
-0.2361791163
-0.2361791163
-0.6654271708
-0.6654271708
-0.6654271708
-0.6654271708
-0.6654271708
-0.6654271708
-0.6654271708
-0.6654271708
-0.6654271708
-0.6654271708
-0.9479434457
-0.9479434457
-0.9479434457
-0.2688086282
-0.2688086282
-0.2688086282
-0.2688086282
-0.2688086282
-0.2688086282
-0.2688086282
-0.2688086282
-0.2688086282
-0.2688086282
-0.4091701485
-0.4091701485
-2.385355561
-1.439703599
-1.439703599
-0.7345284117
-0.7345284117
-0.7345284117
-0.7345284117
-0.6780277672
-0.5059325638
-0.5196616798
-0.9508855574
-0.2820047406
-0.2820047406
-0.2820047406
-0.5148549297
-0.5148549297
-0.5148549297
-0.5148549297
-0.5148549297
-0.5148549297
-0.5148549297
-0.5148549297
-0.232418429
-0.232418429
-0.232418429
-0.232418429
-0.232418429
-0.888778463
-0.888778463
-0.888778463
-0.888778463
-0.888778463
-0.888778463
-0.888778463
-0.888778463
-0.5303853984
-0.5303853984
-0.5303853984
-0.5303853984
-0.5303853984
-0.5303853984
-0.5303853984
-0.5303853984
-0.5303853984
-0.8622025177
-0.8622025177
-0.8622025177
-0.8622025177
-0.8622025177
-0.8622025177
-0.8622025177
-0.5592714165
-0.7554675556
-0.7554675556
-0.7554675556
-0.7554675556
-0.7554675556
-0.7554675556
-1.555470709
-1.555470709
-1.555470709
-1.178810686
-1.178810686
-1.178810686
-1.178810686
-1.178810686
-1.178810686
-1.178810686
-0.8034362773
-0.8034362773
-0.8034362773
-0.8034362773
-0.8034362773
-0.8034362773
-0.8034362773
-0.8034362773
-0.8034362773
-0.8034362773
-0.8034362773
-0.8034362773
-0.6884042129
-0.6884042129
-0.6884042129
-0.6884042129
-0.6884042129
-0.6884042129
-0.6884042129
-2.42124331
-2.42124331
-2.42124331
-2.42124331
-0.231660948
-0.231660948
-1.884752132
-1.884752132
-0.9311293598
-1.042618455
-0.2296812547
-0.2296812547
-0.2296812547
-0.2296812547
-0.4469763025
-0.4469763025
-0.4469763025
-0.4469763025
-0.4469763025
-0.4469763025
-0.712129298
-0.712129298
-0.712129298
-0.7532900307
-0.7532900307
-1.617145029
-1.617145029
-1.617145029
-0.4277257834
-0.4277257834
-0.2591250338
-0.2591250338
-1.088896689
-1.088896689
-1.088896689
-1.088896689
-3.108038163
-1.665985681
-1.685607054
-1.685607054
-1.685607054
-1.685607054
-1.685607054
-1.685607054
-1.685607054
-1.685607054
-1.685607054
-1.685607054
-1.685607054
-1.685607054
-1.685607054
-0.2500494596
-0.2500494596
-0.2500494596
-0.2500494596
-0.2500494596
-0.2500494596
-0.2500494596
-0.2500494596
-0.2500494596
-0.2500494596
-0.2500494596
-0.2500494596
-0.2500494596
-0.2500494596
-0.2500494596
-0.2500494596
-0.2500494596
-0.2500494596
-0.2500494596
-0.5009909537
-0.5009909537
-0.5009909537
-0.5009909537
-0.5009909537
-0.5009909537
-0.5009909537
-0.5009909537
-0.5009909537
-0.5009909537
-0.5009909537
-0.5009909537
-1.273988393
-1.441220551
-0.6321755199
-0.6321755199
-0.2297339077
-0.2297339077
-0.2297339077
-0.2297339077
-0.2297339077
-0.2297339077
-1.15015126
-0.3881835351
-0.3242883873
-0.3242883873
-0.725052874
-0.6076586006
-0.6076586006
-0.6076586006
-0.6076586006
-0.6076586006
-0.6076586006
-1.139236317
-1.139236317
-1.139236317
-1.139236317
-1.139236317
-1.139236317
-1.139236317
-1.139236317
-0.6378195766
-0.6378195766
-0.6378195766
-0.6378195766
-0.6378195766
-0.6378195766
-0.6378195766
-0.6378195766
-0.6199675548
-0.6199675548
-0.6199675548
-0.6199675548
-0.6199675548
-0.6199675548
-0.6199675548
-0.598693859
-0.598693859
-0.598693859
-0.598693859
-0.598693859
-0.3969443839
-0.3969443839
-0.3969443839
-0.3969443839
-1.279168614
-1.279168614
-1.279168614
-1.279168614
-1.279168614
-1.279168614
-1.279168614
-1.962945011
-0.6976142526
-0.6976142526
-0.6976142526
-1.188960382
-1.188960382
-1.188960382
-1.188960382
-2.279623022
-2.279623022
-2.279623022
-2.279623022
-2.279623022
-0.8121384553
-0.3106962865
-0.3106962865
-0.3106962865
-0.3106962865
-0.3106962865
-0.3106962865
-0.3106962865
-0.3106962865
-0.3106962865
-0.3106962865
-0.3106962865
-0.3106962865
-0.3106962865
-0.3106962865
-0.3106962865
-0.3106962865
-0.3106962865
-0.3106962865
-0.2278808366
-0.2278808366
-0.2278808366
-0.2278808366
-0.2278808366
-0.2278808366
-0.2263394918
-0.2263394918
-0.2263394918
-0.4151452832
-0.4151452832
-0.4151452832
-0.4151452832
-0.4503659615
-0.4891175705
-0.4891175705
-0.4891175705
-0.4891175705
-0.4891175705
-0.4891175705
-0.4891175705
-0.4891175705
-0.4891175705
-0.4891175705
-0.4891175705
-0.4891175705
-0.4891175705
-0.4891175705
-0.4891175705
-0.4891175705
-0.4891175705
-0.4891175705
-0.4891175705
-0.4891175705
-0.4891175705
-0.4633912097
-0.4633912097
-0.4633912097
-0.4633912097
-0.4633912097
-0.2671669056
-0.2671669056
-0.2671669056
-1.107773672
-0.3227824958
-0.3227824958
-0.5957221657
-0.2688571582
-0.2688571582
-0.2688571582
-0.2688571582
-0.2688571582
-0.2688571582
-0.2688571582
-0.9839855324
-0.9839855324
-0.9839855324
-0.3631478293
-0.3631478293
-0.3631478293
-0.3631478293
-0.2445476849
-0.269409453
-0.269409453
-0.2521114836
-0.660748544
-0.660748544
-0.660748544
-0.660748544
-0.660748544
-0.660748544
-0.660748544
-1.432321835
-1.432321835
-1.432321835
-1.432321835
-1.432321835
-1.432321835
-0.7054465936
-0.7054465936
-0.7054465936
-0.7054465936
-0.7054465936
-0.7054465936
-0.7054465936
-1.571372757
-1.571372757
-1.293529546
-0.6415828792
-0.6415828792
-0.6415828792
-0.6415828792
-0.6415828792
-0.6415828792
-0.2673442121
-0.2673442121
-0.2673442121
-0.2673442121
-0.2673442121
-0.2673442121
-0.2673442121
-0.2673442121
-0.2673442121
-0.2673442121
-0.2673442121
-0.2673442121
-0.2673442121
-0.2673442121
-1.409210476
-0.3753164342
-0.3753164342
-0.3753164342
-0.3753164342
-0.3753164342
-0.3753164342
-0.3753164342
-0.3753164342
-0.9096222019
-0.9096222019
-0.9096222019
-0.9545883104
-0.9545883104
-0.9545883104
-0.9545883104
-0.9545883104
-0.9545883104
-0.7584519631
-0.7584519631
-0.7584519631
-0.2968476705
-0.2968476705
-0.2968476705
-0.2343433378
-0.2343433378
-0.32569564
-0.32569564
-0.32569564
-0.2521683173
-0.2521683173
-0.2521683173
-0.2521683173
-0.2521683173
-0.2521683173
-0.2521683173
-0.2521683173
-0.3313634896
-0.3313634896
-0.3117659885
-0.2428190402
-0.298273223
-0.258730572
-0.336897547
-0.9450088256
-0.9450088256
-0.9450088256
-0.9450088256
-0.9450088256
-0.9450088256
-0.9450088256
-0.9450088256
-0.5884837632
-0.5884837632
-0.5884837632
-0.5884837632
-0.5884837632
-0.5884837632
-0.5884837632
-0.253430397
-0.253430397
-0.253430397
-0.253430397
-0.38403671
-0.38403671
-0.38403671
-0.2495590063
-1.190810349
-1.190810349
-1.190810349
-1.190810349
-0.8947943626
-0.8947943626
-0.8947943626
-0.8947943626
-0.8947943626
-0.8947943626
-1.159225955
-1.159225955
-1.159225955
-1.159225955
-1.159225955
-0.362014636
-0.362014636
-0.7313954979
-0.7313954979
-1.831370142
-1.831370142
-0.3091042508
-0.3091042508
-0.3091042508
-0.3091042508
-0.3091042508
-0.3091042508
-0.6802376529
-0.6802376529
-1.005860117
-1.005860117
-1.005860117
-1.005860117
-0.3149561061
-0.3149561061
-0.3149561061
-0.3149561061
-0.3149561061
-0.3172111299
-0.3172111299
-0.3172111299
-0.3172111299
-0.3172111299
-0.3172111299
-0.3172111299
-0.3172111299
-0.3172111299
-0.3172111299
-0.3172111299
-0.3172111299
-0.3172111299
-0.3172111299
-0.3172111299
-0.4416051999
-0.4416051999
-0.4416051999
-0.7467459394
-1.336315028
-1.336315028
-1.336315028
-0.825957769
-0.825957769
-0.825957769
-0.825957769
-0.825957769
-1.452269825
-1.452269825
-1.452269825
-1.452269825
-1.452269825
-1.452269825
-1.552538502
-1.552538502
-1.552538502
-1.552538502
-0.2447024895
-0.2447024895
-0.2447024895
-0.2447024895
-0.4779137056
-0.4779137056
-0.6139512498
-0.6139512498
-0.6139512498
-0.3907040022
-0.3907040022
-0.3907040022
-0.3907040022
-0.3907040022
-0.3907040022
-0.3907040022
-0.5825912176
-0.5825912176
-0.5825912176
-0.5825912176
-0.5825912176
-0.5825912176
-0.226907484
-0.226907484
-0.226907484
-0.226907484
-0.226907484
-0.226907484
-0.226907484
-0.226907484
-0.226907484
-0.226907484
-0.226907484
-0.226907484
-0.226907484
-0.226907484
-0.4728956109
-0.4728956109
-0.2414582281
-0.2414582281
-0.2414582281
-0.2414582281
-0.2414582281
-0.2414582281
-0.3575472004
-0.3575472004
-0.3575472004
-0.3575472004
-0.3575472004
-0.3575472004
-0.3575472004
-0.3575472004
-0.3218499159
-0.8226361276
-2.361596385
-1.473145478
-1.473145478
-1.473145478
-1.473145478
-0.3108955785
-0.3108955785
-0.3108955785
-0.3108955785
-0.3387993889
-0.3387993889
-0.3387993889
-0.3387993889
-0.3387993889
-0.3387993889
-0.3387993889
-0.3387993889
-0.3387993889
-0.3387993889
-0.3387993889
-0.3387993889
-0.3387993889
-0.3387993889
-0.3387993889
-0.7904990388
-0.7904990388
-0.7904990388
-0.5633709934
-0.5633709934
-0.5633709934
-0.2343202515
-1.020236685
-0.293338494
-0.293338494
-0.293338494
-0.293338494
-0.293338494
-0.4878491861
-0.284277479
-0.284277479
-0.5053099761
-0.5053099761
-0.5053099761
-0.5053099761
-0.5053099761
-0.5053099761
-0.5053099761
-0.3209636556
-0.3209636556
-0.3209636556
-1.258004213
-1.258004213
-0.2907912232
-0.2465800238
-0.2465800238
-0.2465800238
-0.2465800238
-0.2465800238
-0.2465800238
-0.2465800238
-0.2465800238
-0.2465800238
-0.2465800238
-0.2465800238
-0.2465800238
-0.2465800238
-0.2465800238
-0.2465800238
-0.2465800238
-0.2465800238
-0.2465800238
-0.2674633043
-0.2674633043
-0.2674633043
-0.2674633043
-0.2674633043
-0.2674633043
-0.4839145475
-0.4839145475
-0.4839145475
-0.4839145475
-0.4839145475
-0.2369550698
-0.2369550698
-0.2369550698
-0.2369550698
-0.2369550698
-0.2369550698
-0.2369550698
-0.2369550698
-1.175848424
-1.175848424
-0.3046185997
-0.3046185997
-0.3046185997
-0.3046185997
-0.3046185997
-0.3046185997
-0.3046185997
-0.3046185997
-0.3046185997
-0.3046185997
-0.3046185997
-0.3046185997
-0.3046185997
-0.3046185997
-0.3046185997
-0.3046185997
-0.3046185997
-0.3046185997
-0.3046185997
-0.6759071416
-0.6759071416
-1.210494378
-1.210494378
-0.2615466154
-0.230131412
-0.230131412
-0.6155695118
-0.6155695118
-0.3697208457
-0.3697208457
-0.3697208457
-0.3697208457
-0.3697208457
-0.2576330877
-0.2576330877
-0.2576330877
-0.2576330877
-0.2576330877
-0.2576330877
-0.2576330877
-0.2576330877
-0.2576330877
-0.2576330877
-0.2576330877
-0.2576330877
-0.2576330877
-0.2576330877
-0.2576330877
-0.282140491
-0.282140491
-0.282140491
-0.282140491
-0.282140491
-1.071458112
-1.071458112
-1.071458112
-3.062490596
-3.062490596
-3.062490596
-3.062490596
-1.773386725
-1.773386725
-1.127804416
-0.3400005466
-0.3400005466
-0.3400005466
-0.3400005466
-0.3400005466
-0.3400005466
-0.845161493
-0.845161493
-0.845161493
-0.2779838918
-0.2779838918
-0.2779838918
-0.2779838918
-0.2779838918
-0.2779838918
-0.4870259025
-0.2410733884
-0.2410733884
-0.2410733884
-0.2410733884
-0.2410733884
-0.2410733884
-0.2410733884
-0.2410733884
-0.2410733884
-1.040268407
-0.6623059181
-0.6623059181
-0.6623059181
-1.2353566
-1.674963141
-1.526363497
-1.526363497
-1.526363497
-0.2424592879
-0.2424592879
-0.412535706
-0.2504985807
-1.357924423
-1.357924423
-0.4403398646
-0.4403398646
-0.4403398646
-0.4403398646
-0.4403398646
-0.4403398646
-0.4403398646
-0.2405282979
-0.3371687691
-0.3371687691
-0.3371687691
-0.3371687691
-0.3371687691
-0.3371687691
-0.3371687691
-0.3371687691
-0.3371687691
-0.3371687691
-0.3371687691
-0.2359938015
-0.2359938015
-0.2359938015
-0.2359938015
-0.2359938015
-0.2359938015
-0.2359938015
-0.2359938015
-0.2359938015
-0.25043285
-0.25043285
-2.2925624
-2.2925624
-2.2925624
-2.2925624
-2.2925624
-2.160798134
-2.160798134
-2.160798134
-2.160798134
-2.160798134
-0.2555340758
-0.2555340758
-0.2555340758
-0.2555340758
-0.2555340758
-0.2555340758
-0.2555340758
-0.2283390065
-0.2283390065
-2.132870476
-2.132870476
-2.132870476
-2.132870476
-2.132870476
-2.132870476
-0.5239845634
-0.5239845634
-0.5239845634
-0.3090241719
-0.3090241719
-0.3090241719
-0.3090241719
-0.4006235979
-0.4006235979
-0.4006235979
-0.4006235979
-0.4006235979
-0.4006235979
-0.4006235979
-1.199608182
-1.199608182
-1.199608182
-1.199608182
-1.199608182
-0.4761069845
-0.4761069845
-0.4761069845
-0.4761069845
-1.568602876
-1.568602876
-0.2666085936
-0.2666085936
-0.2340674584
-0.6101560214
-1.778128513
-1.778128513
-0.7724048061
-0.7724048061
-0.7724048061
-0.7724048061
-0.7724048061
-0.7724048061
-1.35635764
-0.6308789752
-0.6308789752
-0.6308789752
-0.6308789752
-1.794676947
-1.794676947
-1.794676947
-1.794676947
-0.6499021014
-0.6499021014
-0.6499021014
-0.6499021014
-0.6499021014
-0.3208922497
-0.3208922497
-0.3208922497
-0.3208922497
-0.3100048856
-0.3100048856
-0.3100178926
-0.3100178926
-0.2583495517
-0.2583495517
-0.2583495517
-0.2583495517
-0.6121792278
-0.6121792278
-1.079174357
-1.079174357
-1.079174357
-1.079174357
-1.079174357
-1.079174357
-1.079174357
-1.079174357
-1.079174357
-1.079174357
-1.079174357
-1.079174357
-1.079174357
-1.079174357
-1.079174357
-1.079174357
-1.079174357
-0.4332155198
-0.4332155198
-0.2641027727
-0.2641027727
-0.2641027727
-0.2641027727
-0.2641027727
-0.8259334988
-0.8259334988
-0.8259334988
-0.7906049135
-0.7906049135
-0.7906049135
-1.334693348
-1.425510281
-1.425510281
-1.425510281
-0.2824262332
-0.2824262332
-0.2824262332
-0.2375465431
-0.2375465431
-0.2375465431
-0.2375465431
-0.2375465431
-0.2375465431
-0.2658044223
-0.2658044223
-2.106708366
-0.3038438164
-0.3038438164
-0.3038438164
-0.3038438164
-0.3038438164
-0.3038438164
-0.3472010797
-0.5750909445
-0.3615450749
-0.3615450749
-0.3615450749
-0.3615450749
-0.3615450749
-0.3615450749
-0.3615450749
-0.3615450749
-0.3615450749
-0.3615450749
-0.3615450749
-0.3615450749
-0.3615450749
-0.3615450749
-0.3615450749
-0.7743888633
-0.9188111207
-0.9188111207
-0.9188111207
-0.5580504712
-0.5580504712
-0.5580504712
-0.5580504712
-0.7437946979
-0.7437946979
-1.612440026
-2.275870574
-2.206582059
-2.206582059
-2.206582059
-2.206582059
-2.206582059
-2.206582059
-2.206582059
-2.206582059
-2.206582059
-0.4022152376
-0.4022152376
-0.4022152376
-0.4022152376
-0.4022152376
-0.4022152376
-0.4022152376
-0.4022152376
-1.165833589
-0.229385315
-0.229385315
-0.2674422238
-0.2674422238
-0.2674422238
-0.2674422238
-0.2674422238
-0.2674422238
-0.2674422238
-0.2674422238
-0.2674422238
-0.2674422238
-0.2674422238
-0.2674422238
-0.2674422238
-0.2490168082
-0.2490168082
-0.2490168082
-0.2574592615
-0.8133201289
-0.2290307464
-0.2290307464
-0.2290307464
-0.2290307464
-0.2290307464
-0.2290307464
-0.2290307464
-0.2290307464
-0.3656943509
-0.3656943509
-0.565824528
-0.565824528
-0.5007563556
-0.4717594512
-0.4717594512
-0.4717594512
-0.4717594512
-0.4717594512
-0.4717594512
-0.4717594512
-0.4717594512
-0.3476199666
-0.3476199666
-0.3476199666
-0.3476199666
-0.3476199666
-0.3476199666
-0.3476199666
-0.2410154561
-1.614486327
-1.614486327
-1.614486327
-1.614486327
-1.614486327
-3.146628299
-0.2488430188
-0.3273946407
-0.3273946407
-0.3273946407
-0.3273946407
-0.2605750599
-0.2605750599
-0.2605750599
-0.2605750599
-0.2392559705
-0.2392559705
-0.2266095809
-0.2655358851
-1.231521423
-1.231521423
-1.231521423
-1.231521423
-1.231521423
-1.231521423
-0.2673714709
-0.2673714709
-0.2265217899
-0.2265217899
-0.2265217899
-0.4968556934
-0.4968556934
-0.4968556934
-0.4968556934
-0.4968556934
-0.4968556934
-0.4968556934
-0.6198180075
-0.6198180075
-0.6198180075
-0.6198180075
-0.6198180075
-0.6198180075
-0.6198180075
-0.6151899482
-1.327376553
-1.515025135
-1.515025135
-0.5611086342
-0.5611086342
-0.5611086342
-0.4639605868
-0.4639605868
-0.4639605868
-0.4639605868
-0.244751074
-0.244751074
-0.244751074
-0.244751074
-0.4791881434
-0.4791881434
-0.4791881434
-0.4791881434
-0.4791881434
-0.4791881434
-0.4791881434
-0.4791881434
-0.4791881434
-0.4791881434
-1.024541992
-1.024541992
-1.024541992
-1.232284411
-1.937029925
-1.937029925
-1.937029925
-0.4646961542
-0.4646961542
-0.4646961542
-0.4646961542
-0.4646961542
-0.4646961542
-0.4646961542
-0.4646961542
-0.4646961542
-0.4646961542
-0.4646961542
-0.4646961542
-0.4646961542
-0.4646961542
-0.4646961542
-0.4646961542
-0.4646961542
-0.4646961542
-1.213493931
-1.213493931
-1.213493931
-1.213493931
-1.213493931
-1.118583645
-1.118583645
-1.118583645
-1.118583645
-1.118583645
-1.118583645
-1.118583645
-0.2640310547
-0.2640310547
-0.2640310547
-0.2640310547
-0.2640310547
-0.2640310547
-2.153586587
-2.153586587
-0.2722766058
-0.2722766058
-0.2722766058
-0.659383473
-0.659383473
-0.659383473
-0.659383473
-0.659383473
-0.3768424611
-0.6633755117
-0.2654735113
-0.2654735113
-0.2654735113
-0.2654735113
-0.2654735113
-0.2654735113
-0.2654735113
-0.2654735113
-1.079431798
-1.079431798
-1.079431798
-1.079431798
-1.079431798
-1.079431798
-1.079431798
-1.079431798
-1.470204185
-1.470204185
-2.041567035
-0.3618780358
-0.3618780358
-0.3618780358
-0.3618780358
-0.3618780358
-0.3618780358
-0.3618780358
-0.3618780358
-0.3618780358
-0.3618780358
-0.3618780358
-0.3618780358
-0.3618780358
-0.3618780358
-0.3618780358
-0.3618780358
-0.9740952251
-0.9740952251
-0.9740952251
-0.9740952251
-0.9740952251
-0.6097050501
-0.6097050501
-0.6097050501
-0.6097050501
-0.6097050501
-0.6097050501
-0.752121062
-2.132149805
-2.132149805
-0.666176651
-0.666176651
-0.7587697216
-0.7587697216
-0.244347142
-0.244347142
-0.244347142
-0.2325552394
-0.2325552394
-0.5675882518
-0.6101884806
-0.6101884806
-0.6101884806
-0.6101884806
-0.6101884806
-0.6430146843
-0.637421809
-0.637421809
-0.8135990899
-0.8135990899
-0.8135990899
-0.8135990899
-0.8135990899
-0.8135990899
-0.8135990899
-0.8135990899
-0.750640209
-0.750640209
-0.750640209
-0.750640209
-0.9065515508
-0.9381297692
-0.2432600411
-0.2432600411
-0.2432600411
-0.2432600411
-0.2432600411
-0.2432600411
-0.2432600411
-0.2432600411
-0.2432600411
-0.2432600411
-0.2432600411
-0.2432600411
-0.2432600411
-0.2432600411
-0.2432600411
-0.2432600411
-0.2432600411
-1.130016659
-1.130016659
-1.130016659
-1.130016659
-1.130016659
-1.130016659
-1.130016659
-1.130016659
-1.130016659
-1.130016659
-0.2258314756
-0.2258314756
-0.2258314756
-0.2258314756
-0.2576263265
-0.2576263265
-0.8170156082
-0.227204922
-2.090185009
-2.090185009
-2.090185009
-2.090185009
-2.090185009
-2.090185009
-2.090185009
-0.2491554704
-0.2491554704
-0.2491554704
-0.2491554704
-0.2491554704
-0.2491554704
-0.2491554704
-0.2491554704
-0.6190051512
-0.6190051512
-2.681119641
-1.314267343
-1.314267343
-1.314267343
-1.314267343
-1.314267343
-1.314267343
-1.083747796
-0.2919166114
-0.2919166114
-0.2919166114
-0.2919166114
-0.2919166114
-0.358054289
-0.358054289
-0.358054289
-0.358054289
-0.358054289
-0.358054289
-0.358054289
-0.3206909168
-0.3206909168
-0.2563815097
-0.2563815097
-0.2563815097
-0.2563815097
-0.2563815097
-0.2563815097
-0.2563815097
-0.2563815097
-0.2291698395
-0.2291698395
-0.2291698395
-0.2291698395
-0.2291698395
-0.2291698395
-0.2291698395
-0.2291698395
-0.2291698395
-0.4916500292
-0.4916500292
-0.4916500292
-0.4916500292
-0.4916500292
-0.3150039357
-0.3150039357
-0.3150039357
-0.3150039357
-0.2829929882
-0.2829929882
-0.2936729212
-0.4340071757
-0.4340071757
-0.4340071757
-0.4340071757
-0.4340071757
-0.3868167662
-0.3868167662
-0.3868167662
-0.3868167662
-0.3868167662
-1.179417785
-1.934130356
-1.934130356
-0.2279600973
-0.2279600973
-0.2279600973
-0.2999097627
-0.2999097627
-0.2999097627
-0.2999097627
-0.2999097627
-0.2999097627
-0.2999097627
-0.2999097627
-0.2999097627
-1.529602738
-0.784094434
-0.4376662314
-0.4376662314
-0.4376662314
-0.4376662314
-0.4376662314
-0.4376662314
-0.4376662314
-0.4376662314
-0.4376662314
-0.413236009
-0.413236009
-0.413236009
-0.6022938784
-0.6022938784
-1.341871853
-1.341871853
-0.2718474256
-0.2718474256
-0.2718474256
-0.2718474256
-0.2718474256
-2.358525513
-0.6667992528
-0.6667992528
-0.3042184235
-0.3042184235
-0.3042184235
-0.3042184235
-0.3042184235
-0.3042184235
-0.226503108
-0.5382871338
-0.5382871338
-0.2360569757
-0.5291382349
-0.5291382349
-0.5291382349
-0.5611532552
-0.5611532552
-0.5611532552
-0.5611532552
-0.5611532552
-0.5611532552
-0.2724569962
-0.2724569962
-1.41086335
-1.41086335
-1.41086335
-0.8082836641
-0.8082836641
-0.8082836641
-0.8082836641
-0.8082836641
-0.8082836641
-0.8082836641
-0.8082836641
-0.8082836641
-0.8082836641
-0.8082836641
-0.4519323502
-0.4519323502
-0.4519323502
-0.4519323502
-0.4519323502
-0.4519323502
-0.4519323502
-0.4519323502
-0.2281094315
-0.2281094315
-0.2281094315
-0.2281094315
-0.2281094315
-0.2281094315
-0.2281094315
-0.2281094315
-0.2281094315
-0.2281094315
-2.444604577
-0.2262055318
-0.2262055318
-0.2262055318
-0.2262055318
-0.4249610268
-0.4249610268
-0.4249610268
-0.4249610268
-0.2339078974
-0.2339078974
-0.2339078974
-0.2339078974
-0.2339078974
-0.3043196694
-0.3043196694
-0.2476867411
-0.2260630146
-0.2260630146
-0.2260630146
-0.2260630146
-0.2260630146
-0.2260630146
-0.2260630146
-0.2260630146
-0.2260630146
-0.2260630146
-0.2260630146
-0.2260630146
-0.2260630146
-0.2260630146
-0.2260630146
-0.2260630146
-0.2260630146
-0.2260630146
-0.2260630146
-0.2260630146
-0.2260630146
-0.2260630146
-0.3769372097
-0.3769372097
-0.3769372097
-0.3769372097
-0.3769372097
-0.3769372097
-0.3769372097
-0.3769372097
-0.3769372097
-0.3769372097
-0.3769372097
-0.3769372097
-0.3769372097
-0.3878156637
-0.3878156637
-0.3878156637
-0.3878156637
-0.3878156637
-0.3878156637
-0.3878156637
-0.3878156637
-0.3878156637
-0.3878156637
-0.3878156637
-0.3878156637
-0.3878156637
-0.2851008382
-0.2851008382
-0.2851008382
-0.2851008382
-0.2851008382
-0.2851008382
-0.3044550677
-0.3044550677
-0.3044550677
-0.3044550677
-0.3044550677
-0.2479715183
-0.2479715183
-0.2479715183
-0.2479715183
-1.697147504
-1.697147504
-0.248976556
-0.248976556
-0.248976556
-0.248976556
-0.248976556
-0.248976556
-0.248976556
-0.248976556
-0.248976556
-0.248976556
-0.248976556
-0.248976556
-0.248976556
-0.248976556
-0.4899587742
-0.4899587742
-0.4899587742
-0.4899587742
-0.4899587742
-0.6066168912
-0.7731963796
-0.7175666611
-1.067470284
-1.067470284
-0.8740710851
-1.045607143
-1.084446089
-1.084446089
-1.084446089
-1.084446089
-1.084446089
-0.2461362747
-0.2461362747
-0.2461362747
-0.3698173468
-0.3698173468
-0.3698173468
-0.3698173468
-0.3698173468
-0.3698173468
-0.2789302775
-2.349899088
-2.349899088
-2.349899088
-2.349899088
-2.349899088
-2.349899088
-2.349899088
-2.349899088
-0.9128501419
-0.4812520155
-0.4812520155
-0.4812520155
-0.4812520155
-0.4812520155
-0.2967825101
-0.2967825101
-0.2967825101
-0.2967825101
-0.402471117
-0.402471117
-0.402471117
-0.2561713274
-0.2561713274
-1.14738912
-0.2378892727
-0.2378892727
-0.2378892727
-0.2378892727
-0.242161504
-0.242161504
-0.242161504
-0.242161504
-0.242161504
-0.242161504
-0.242161504
-0.242161504
-0.242161504
-0.242161504
-0.242161504
-0.242161504
-0.3731395537
-0.3731395537
-0.3731395537
-0.3731395537
-1.34128606
-0.2310910917
-0.2310910917
-0.2478651767
-0.2478651767
-0.2478651767
-0.2828390009
-0.2828390009
-0.2828390009
-1.274756172
-1.274756172
-0.3581595483
-0.3581595483
-0.3581595483
-0.3581595483
-0.3581595483
-0.3581595483
-0.3581595483
-0.3581595483
-0.3581595483
-0.3581595483
-0.3581595483
-0.3581595483
-0.3581595483
-0.3581595483
-0.3581595483
-1.439574663
-1.439574663
-1.414795184
-1.414795184
-1.414795184
-1.595265977
-1.595265977
-1.595265977
-1.595265977
-1.595265977
-2.160815009
-2.160815009
-2.160815009
-2.160815009
-0.4351099415
-0.3235811714
-0.3235811714
-0.3235811714
-1.440802451
-1.440802451
-0.7538179157
-0.7538179157
-0.7538179157
-0.7538179157
-0.7538179157
-0.7538179157
-0.7538179157
-0.7538179157
-0.7538179157
-0.7538179157
-0.7538179157
-0.7538179157
-0.7538179157
-0.7538179157
-0.6488714632
-0.6488714632
-0.359631066
-0.359631066
-0.8374258313
-0.8374258313
-0.8374258313
-0.5355865553
-0.2328726227
-0.2328726227
-0.2328726227
-0.2328726227
-0.2328726227
-0.2328726227
-0.2328726227
-0.2328726227
-0.444960081
-0.444960081
-0.444960081
-0.444960081
-0.444960081
-0.444960081
-0.444960081
-0.444960081
-0.444960081
-0.444960081
-0.9147467032
-0.9147467032
-0.9147467032
-0.9147467032
-0.9147467032
-0.9147467032
-0.9147467032
-0.9147467032
-0.9147467032
-0.9147467032
-0.9147467032
-0.3032641037
-0.3032641037
-0.6871259143
-0.3506957263
-0.3506957263
-0.3506957263
-0.3506957263
-0.3506957263
-0.3506957263
-0.3506957263
-0.3506957263
-0.3506957263
-0.6909909666
-1.121118123
-0.5332717768
-0.5332717768
-0.5332717768
-0.5332717768
-0.5332717768
-0.5332717768
-0.5332717768
-0.2395256417
-0.2395256417
-0.2395256417
-0.2589852423
-0.2589852423
-0.2589852423
-0.2589852423
-0.4807988408
-0.4044615685
-0.4044615685
-0.4044615685
-0.389782468
-0.389782468
-0.389782468
-0.389782468
-0.6952689738
-2.32094433
-2.32094433
-2.32094433
-2.32094433
-2.32094433
-0.8400273252
-0.8400273252
-0.8400273252
-0.8078165655
-0.8078165655
-0.8078165655
-0.8078165655
-0.8078165655
-0.8078165655
-0.8078165655
-0.8078165655
-1.887600223
-0.441262352
-0.2269501278
-0.2269501278
-0.2269501278
-0.2474270479
-0.2474270479
-0.2609346947
-0.2609346947
-1.417323391
-1.417323391
-1.418959081
-1.418959081
-0.5639420981
-0.5639420981
-0.5639420981
-0.5639420981
-0.5639420981
-0.5639420981
-0.5540879042
-0.5540879042
-0.5540879042
-0.5540879042
-0.8914882986
-0.8914882986
-0.8914882986
-0.8914882986
-0.8914882986
-0.4003789625
-0.4003789625
-0.4003789625
-0.4003789625
-0.9343035223
-2.145327565
-2.145327565
-2.145327565
-2.145327565
-1.889417005
-0.4682692095
-0.3859096521
-0.3859096521
-0.3859096521
-1.228248701
-0.6224388875
-0.2410428004
-0.2410428004
-0.2420954609
-0.2420954609
-0.2420954609
-0.2420954609
-0.2420954609
-0.2420954609
-0.2420954609
-0.8815436046
-0.8815436046
-0.2863024856
-0.3004072522
-1.445171405
-1.445171405
-1.445171405
-0.2859078277
-0.2859078277
-0.3734222823
-0.3734222823
-0.3734222823
-0.3734222823
-1.562371127
-2.26463892
-2.26463892
-2.26463892
-1.992613676
-1.971891905
-1.971891905
-1.185393925
-1.185393925
-1.185393925
-0.8388719897
-0.8388719897
-0.8388719897
-1.061824424
-0.4537372676
-0.4537372676
-0.4537372676
-0.4537372676
-0.4537372676
-0.4537372676
-0.4537372676
-0.4537372676
-0.4537372676
-0.4537372676
-0.4537372676
-0.2259051892
-0.2335161089
-0.260531476
-0.260531476
-0.8352672417
-0.8352672417
-0.8352672417
-0.8352672417
-0.8352672417
-0.5357063406
-0.5357063406
-1.346661528
-1.346661528
-1.346661528
-1.346661528
-1.346661528
-1.346661528
-1.346661528
-0.2260079863
-0.2305595846
-0.2305595846
-0.2305595846
-2.203290137
-0.5456011737
-0.5456011737
-0.5456011737
-0.5456011737
-0.5456011737
-1.118733312
-0.8067163308
-0.2350498829
-0.2350498829
-0.2350498829
-0.2350498829
-0.2350498829
-0.2350498829
-0.2350498829
-0.2350498829
-0.6136339761
-0.6136339761
-0.6136339761
-0.6136339761
-0.6136339761
-0.6136339761
-0.6136339761
-0.2402182459
-0.2402182459
-0.2402182459
-0.2402182459
-0.2402182459
-0.2402182459
-0.2402182459
-0.2402182459
-0.2402182459
-0.2402182459
-0.2402182459
-0.2402182459
-0.2402182459
-0.2402182459
-0.2910863096
-0.2910863096
-2.146590984
-2.146590984
-2.146590984
-0.3919996721
-0.3919996721
-0.3919996721
-0.3919996721
-0.6756355703
-0.6756355703
-0.6756355703
-0.6756355703
-0.6756355703
-0.6964472034
-0.6964472034
-0.6964472034
-0.6964472034
-0.6964472034
-0.6964472034
-0.6964472034
-0.6964472034
-0.6068691919
-0.6068691919
-0.6068691919
-0.6068691919
-0.6068691919
-0.6068691919
-0.6068691919
-0.5194884623
-0.5194884623
-0.5194884623
-0.2437080803
-0.2437080803
-0.2437080803
-0.2437080803
-0.2437080803
-0.4279962592
-0.4279962592
-0.4279962592
-0.4279962592
-0.4279962592
-0.4279962592
-0.4279962592
-0.4279962592
-1.795035348
-1.795035348
-1.795035348
-1.795035348
-1.795035348
-1.795035348
-1.795035348
-1.795035348
-1.795035348
-1.795035348
-1.795035348
-1.795035348
-1.795035348
-1.795035348
-1.795035348
-1.795035348
-1.940465146
-0.2356550144
-0.2356550144
-0.3239869748
-0.3239869748
-0.5704647418
-0.5704647418
-0.5704647418
-0.5704647418
-0.5704647418
-0.5704647418
-0.5704647418
-0.5704647418
-0.8781507937
-0.8781507937
-1.110451493
-1.032586215
-1.032586215
-1.032586215
-1.032586215
-1.032586215
-1.032586215
-1.032586215
-1.032586215
-1.032586215
-1.032586215
-1.032586215
-1.032586215
-1.032586215
-1.032586215
-1.032586215
-1.032586215
-1.032586215
-1.032586215
-1.032586215
-1.032586215
-1.032586215
-1.032586215
-1.548412574
-1.548412574
-1.322266721
-1.322266721
-1.322266721
-0.2929836835
-0.2929836835
-0.3165322301
-0.3165322301
-0.3165322301
-0.3165322301
-0.3165322301
-0.2306023453
-0.2306023453
-0.2270501204
-0.2270501204
-0.2270501204
-0.8276651864
-0.8276651864
-0.8276651864
-0.8276651864
-0.8276651864
-0.8276651864
-0.8276651864
-0.8276651864
-0.8276651864
-0.8276651864
-0.8276651864
-0.5657139163
-0.5657139163
-0.5657139163
-0.5657139163
-0.5657139163
-0.5657139163
-0.5657139163
-0.8208696044
-0.7694212261
-0.7694212261
-0.7694212261
-0.7694212261
-0.7694212261
-0.3019135283
-0.3019135283
-0.3019135283
-0.3019135283
-0.3019135283
-0.3019135283
-0.3019135283
-0.3019135283
-0.3019135283
-0.7488536085
-0.7488536085
-0.7488536085
-0.7488536085
-0.7488536085
-0.7488536085
-0.7488536085
-0.7488536085
-0.7488536085
-1.24874748
-0.3163637376
-0.3163637376
-0.3163637376
-0.3163637376
-0.3163637376
-0.3163637376
-0.3163637376
-0.3163637376
-1.968826174
-0.2317357783
-0.2317357783
-0.2317357783
-0.6070186393
-0.6070186393
-0.2501051994
-0.255489217
-0.255489217
-0.255489217
-0.255489217
-0.2258722656
-0.2258722656
-0.5477931418
-0.5477931418
-0.5477931418
-0.5477931418
-0.5477931418
-0.8763717754
-0.8763717754
-0.8763717754
-0.8763717754
-2.364970456
-1.845035666
-1.845035666
-0.2442793797
-0.2442793797
-0.300969715
-0.300969715
-0.300969715
-0.300969715
-0.300969715
-0.300969715
-0.300969715
-0.300969715
-1.787732105
-1.787732105
-0.4625034986
-1.221618653
-1.221618653
-1.221618653
-1.221618653
-1.221618653
-0.4171883583
-0.4171883583
-0.2967888877
-0.2967888877
-0.2967888877
-0.2967888877
-0.8958930954
-0.8958930954
-0.8958930954
-0.8958930954
-0.8958930954
-0.8958930954
-0.8958930954
-0.3204097218
-0.6286146023
-0.6286146023
-0.7252471213
-0.7252471213
-0.7252471213
-0.7252471213
-0.7252471213
-0.7252471213
-0.3518947705
-0.3518947705
-0.3518947705
-0.3518947705
-1.765358076
-1.765358076
-0.6759651018
-0.2701139458
-0.2701139458
-0.2701139458
-0.2701139458
-0.2701139458
-0.2554198525
-0.2554198525
-0.2554198525
-0.2554198525
-0.2554198525
-0.2554198525
-0.2554198525
-0.2554198525
-0.2554198525
-0.3965913862
-0.3965913862
-0.3965913862
-0.3965913862
-0.3965913862
-0.587934534
-0.587934534
-0.587934534
-0.587934534
-0.4436707212
-1.952063108
-1.952063108
-2.091047522
-2.091047522
-2.091047522
-2.091047522
-2.091047522
-2.091047522
-2.091047522
-2.091047522
-2.091047522
-0.5052388829
-0.5052388829
-0.5052388829
-0.5052388829
-0.5052388829
-0.5163138841
-0.2493785819
-0.2493785819
-0.2493785819
-0.2493785819
-0.2493785819
-0.2493785819
-0.2493785819
-0.2493785819
-0.5704569405
-0.5704569405
-0.5704569405
-0.5704569405
-0.5704569405
-0.5704569405
-1.49551978
-1.49551978
-1.214552021
-1.09679387
-1.09679387
-1.09679387
-0.4470079762
-0.4470079762
-0.4470079762
-0.4470079762
-0.4470079762
-0.4470079762
-0.4470079762
-0.4470079762
-0.4470079762
-0.4470079762
-0.4470079762
-0.4470079762
-0.4470079762
-0.6880752313
-0.6880752313
-0.6880752313
-0.6880752313
-0.6880752313
-0.6880752313
-0.4741696832
-0.4741696832
-0.4741696832
-0.4741696832
-0.4741696832
-0.4741696832
-0.2456825755
-0.2456825755
-0.8188147977
-0.8188147977
-0.8188147977
-0.8188147977
-0.8188147977
-0.8188147977
-0.2667927532
-0.2667927532
-0.2667927532
-0.3460930412
-0.3460930412
-0.3460930412
-0.3460930412
-0.3460930412
-0.3460930412
-0.3460930412
-1.542560882
-1.40846499
-1.40846499
-0.3405742209
-0.3405742209
-0.3405742209
-0.3405742209
-0.3405742209
-0.3405742209
-0.5082275243
-0.5082275243
-0.5082275243
-0.5082275243
-0.5082275243
-0.5082275243
-0.5082275243
-0.5082275243
-0.5830155816
-0.5830155816
-0.5830155816
-0.5830155816
-0.5830155816
-0.5830155816
-0.5830155816
-0.3494207173
-0.3494207173
-0.2457804987
-0.2457804987
-1.425049756
-0.2810285121
-0.2810285121
-0.4881656476
-0.4881656476
-0.4881656476
-0.4881656476
-0.347181913
-0.347181913
-0.347181913
-0.347181913
-0.347181913
-0.347181913
-0.347181913
-0.347181913
-0.347181913
-0.347181913
-0.347181913
-0.347181913
-0.347181913
-0.347181913
-0.2289181844
-0.2289181844
-0.2289181844
-0.2289181844
-0.2289181844
-0.2289181844
-0.2289181844
-0.225965938
-0.225965938
-0.225965938
-0.2811222161
-0.7330436798
-0.2819778359
-0.2819778359
-0.2819778359
-0.2819778359
-0.2819778359
-0.2819778359
-0.2819778359
-0.2819778359
-0.2819778359
-0.2819778359
-0.277690274
-0.277690274
-0.277690274
-0.5712266083
-0.5712266083
-0.2607751937
-0.2607751937
-0.2607751937
-0.2607751937
-0.2607751937
-0.2607751937
-0.2607751937
-0.2607751937
-0.2607751937
-0.2607751937
-0.2607751937
-0.2607751937
-0.2607751937
-0.2910553006
-0.2910553006
-0.2910553006
-0.2910553006
-0.2910553006
-1.195968813
-1.195968813
-1.195968813
-1.195968813
-1.195968813
-0.9787638751
-0.9787638751
-0.9787638751
-0.9787638751
-0.9787638751
-0.9787638751
-0.9787638751
-0.7995577256
-0.7995577256
-0.7995577256
-0.7995577256
-0.7995577256
-0.7995577256
-0.7995577256
-0.7995577256
-0.7995577256
-0.7995577256
-0.7995577256
-0.7995577256
-0.316616306
-0.701064103
-0.701064103
-0.701064103
-0.701064103
-0.701064103
-0.701064103
-0.701064103
-0.701064103
-0.2323664415
-0.2323664415
-0.2323664415
-0.2323664415
-0.2323664415
-0.2323664415
-0.2323664415
-0.2323664415
-0.2323664415
-0.2323664415
-0.2323664415
-0.2323664415
-0.2323664415
-0.2323664415
-0.2323664415
-0.2323664415
-0.8743628126
-0.8743628126
-0.8743628126
-0.8743628126
-0.8743628126
-0.8743628126
-0.8743628126
-0.8743628126
-0.2257942606
-0.4881589187
-0.4881589187
-0.4881589187
-0.4881589187
-0.4881589187
-0.4881589187
-0.4881589187
-0.4881589187
-2.114236659
-2.114236659
-2.114236659
-2.114236659
-2.114236659
-2.114236659
-2.114236659
-2.114236659
-2.114236659
-2.114236659
-2.114236659
-2.114236659
-2.114236659
-2.114236659
-2.242427902
-2.242427902
-2.242427902
-2.242427902
-2.242427902
-0.6314562212
-0.5418722751
-0.3659286538
-0.2484851397
-1.23321567
-2.626054821
-0.3360335787
-0.3360335787
-0.3209184248
-0.3209184248
-0.3209184248
-1.336510264
-1.336510264
-1.267699126
-0.4065845219
-0.4065845219
-0.4065845219
-0.2704067036
-0.2704067036
-0.2704067036
-0.2522194535
-0.2522194535
-0.2522194535
-0.2301034653
-0.2301034653
-0.2301034653
-0.2301034653
-0.2301034653
-0.2301034653
-0.2301034653
-0.2301034653
-0.2301034653
-0.2301034653
-0.2301034653
-0.5863122872
-0.5863122872
-0.5863122872
-0.4220313992
-0.4220313992
-0.4220313992
-1.153528426
-0.2494718875
-0.2494718875
-0.2494718875
-0.2494718875
-0.2494718875
-0.2494718875
-0.2494718875
-0.2319193941
-0.2319193941
-0.2319193941
-0.2319193941
-0.2319193941
-0.2319193941
-0.2319193941
-0.2319193941
-0.2319193941
-0.2319193941
-0.2319193941
-0.3392384891
-0.3392384891
-0.3392384891
-0.3392384891
-0.2520880563
-3.542437152
-3.542437152
-0.2338469699
-0.2338469699
-0.2338469699
-0.2338469699
-0.2338469699
-0.2338469699
-0.2338469699
-3.628409497
-2.618204165
-0.5275575937
-0.5275575937
-0.5275575937
-0.8620479174
-0.8620479174
-0.8620479174
-0.8620479174
-0.8620479174
-0.8620479174
-0.2299858317
-0.2299858317
-0.2857906673
-0.2857906673
-0.2857906673
-0.2857906673
-0.2857906673
-0.2857906673
-0.2857906673
-0.2857906673
-0.2258414711
-0.2258414711
-0.3302780042
-0.3302780042
-0.3302780042
-0.5272518234
-0.5272518234
-0.5272518234
-0.3184798237
-0.3184798237
-0.2841562344
-0.6227949884
-0.6227949884
-0.6227949884
-0.6227949884
-0.6227949884
-0.6227949884
-0.4347925899
-0.4347925899
-0.2267425853
-0.2267425853
-0.2267425853
-0.2267425853
-1.307673553
-1.307673553
-1.307673553
-1.629764847
-1.629764847
-1.629764847
-0.825502372
-0.825502372
-0.825502372
-0.825502372
-2.574233543
-2.574233543
-2.574233543
-0.8080840135
-0.2954608116
-0.2954608116
-0.2954608116
-0.2954608116
-0.2954608116
-0.2954608116
-0.3082283873
-0.3082283873
-0.3082283873
-0.3082283873
-0.3082283873
-0.3082283873
-1.025258088
-1.025258088
-1.025258088
-1.025258088
-1.025258088
-0.6058993293
-0.6058993293
-0.6058993293
-0.6058993293
-0.6058993293
-0.6058993293
-0.6058993293
-0.6058993293
-0.6058993293
-0.6058993293
-0.6058993293
-0.6058993293
-0.6058993293
-0.6058993293
-0.9340980657
-0.9340980657
-0.9340980657
-0.9340980657
-0.9340980657
-0.9340980657
-0.9340980657
-0.9340980657
-0.9340980657
-0.9340980657
-0.9340980657
-0.9340980657
-0.9340980657
-0.9340980657
-0.9340980657
-0.9340980657
-0.9340980657
-0.9340980657
-0.9340980657
-0.9340980657
-0.9340980657
-0.9340980657
-0.9340980657
-0.5436108932
-1.235976655
-1.235976655
-1.235976655
-1.235976655
-1.235976655
-1.235976655
-1.235976655
-0.236597204
-0.236597204
-0.236597204
-0.236597204
-0.236597204
-0.236597204
-0.236597204
-0.236597204
-0.236597204
-0.236597204
-0.236597204
-0.236597204
-0.236597204
-0.3241142365
-0.3241142365
-0.3241142365
-0.2887396615
-0.2887396615
-0.2887396615
-0.2887396615
-0.2887396615
-0.2887396615
-0.2887396615
-0.2887396615
-0.2887396615
-0.2887396615
-0.2887396615
-0.2887396615
-1.41403122
-1.41403122
-1.41403122
-0.5577027738
-0.5577027738
-1.925166506
-1.925166506
-1.925166506
-1.925166506
-1.218310462
-1.218310462
-1.218310462
-1.218310462
-0.3225230156
-0.3225230156
-0.3225230156
-0.3225230156
-0.3225230156
-0.2415614372
-0.2415614372
-0.2415614372
-0.2365354565
-0.2365354565
-0.2365354565
-0.5424472358
-0.5424472358
-2.607094327
-2.607094327
-2.607094327
-2.607094327
-2.607094327
-2.607094327
-2.607094327
-2.607094327
-2.607094327
-2.607094327
-2.607094327
-2.607094327
-2.607094327
-2.607094327
-2.607094327
-2.607094327
-1.777048819
-1.405753032
-1.405753032
-1.405753032
-1.405753032
-1.405753032
-0.3330217053
-3.612093994
-3.612093994
-5.377786912
-5.377786912
-5.377786912
-0.228598985
-0.228598985
-0.8911534
-0.8911534
-0.3998774082
-0.3998774082
-0.3998774082
-0.3998774082
-0.3998774082
-0.3998774082
-0.3998774082
-0.3998774082
-0.2487641327
-0.2487641327
-0.2487641327
-0.2487641327
-1.273959489
-1.065173841
-1.065173841
-3.810513655
-3.810513655
-3.810513655
-3.810513655
-3.810513655
-3.810513655
-3.810513655
-3.810513655
-3.810513655
-3.810513655
-3.810513655
-3.810513655
-4.454872804
-4.454872804
-4.454872804
-4.454872804
-4.454872804
-2.861911178
-3.848048725
-0.7697234072
-0.7697234072
-1.548159189
-1.548159189
-0.6964802527
-0.6964802527
-0.6964802527
-0.4217665812
-0.4217665812
-0.7836995705
-0.7836995705
-0.7836995705
-1.464830058
-1.464830058
-1.335831736
-1.335831736
-1.335831736
-2.983269621
-0.9039728669
-0.9039728669
-0.9039728669
-0.9039728669
-0.9039728669
-0.8538096486
-1.097154538
-1.097154538
-1.097154538
-1.097154538
-0.8273370424
-0.8273370424
-0.8273370424
-0.8273370424
-0.8273370424
-0.8119273016
-0.8119273016
-0.8119273016
-0.8119273016
-0.8119273016
-0.2263217694
-0.2263217694
-0.2263217694
-0.2263217694
-0.2263217694
-0.2263217694
-0.2263217694
-0.2263217694
-0.2263217694
-0.2263217694
-0.2263217694
-0.2263217694
-0.2263217694
-0.2263217694
-0.3237391336
-0.3716951021
-0.3716951021
-0.3716951021
-0.3716951021
-0.5151188652
-0.5151188652
-0.6508345375
-0.6508345375
-0.2417623777
-0.2417623777
-0.2417623777
-0.4613469157
-0.4613469157
-0.5308708913
-0.5308708913
-0.5028777877
-0.5028777877
-0.5028777877
-0.5028777877
-0.5028777877
-0.5028777877
-0.30640989
-0.2516846478
-0.2516846478
-0.2516846478
-0.2516846478
-0.3344363527
-0.3344363527
-0.3344363527
-0.3344363527
-1.072733862
-0.7914879604
-0.7914879604
-0.3911005198
-0.3911005198
-0.3911005198
-0.2830863773
-0.2830863773
-1.273358623
-1.273358623
-1.273358623
-0.233564086
-0.233564086
-0.233564086
-0.233564086
-0.233564086
-0.233564086
-0.233564086
-0.233564086
-0.233564086
-0.233564086
-0.2503818276
-0.2503818276
-0.2503818276
-0.2503818276
-0.695264518
-0.695264518
-0.695264518
-0.695264518
-2.761366839
-0.777042326
-0.777042326
-0.777042326
-0.777042326
-0.2309437029
-0.2309437029
-0.2309437029
-0.2309437029
-0.2309437029
-1.677264031
-1.178017035
-1.178017035
-1.178017035
-0.2860953865
-1.98516364
-1.98516364
-1.98516364
-1.98516364
-1.98516364
-1.98516364
-0.23479681
-0.23479681
-0.7819961714
-0.7819961714
-0.7819961714
-0.7819961714
-0.7819961714
-1.535631703
-1.535631703
-1.535631703
-1.535631703
-1.535631703
-1.535631703
-1.535631703
-1.535631703
-1.535631703
-1.535631703
-1.535631703
-1.535631703
-1.535631703
-1.535631703
-1.535631703
-1.535631703
-0.4030147098
-0.4030147098
-0.4030147098
-0.4030147098
-0.4030147098
-0.2783074666
-0.2783074666
-0.5587731993
-3.507819689
-2.722720572
-2.722720572
-2.722720572
-2.715576982
-2.715576982
-2.715576982
-2.715576982
-2.715576982
-1.886842408
-0.710937565
-0.2283531692
-0.2283531692
-1.09546798
-1.046713126
-1.046713126
-2.744291418
-0.8853316093
-0.8853316093
-0.8853316093
-0.8853316093
-0.8853316093
-0.2820837458
-0.2820837458
-0.2820837458
-0.2820837458
-0.2820837458
-0.2820837458
-0.2820837458
-0.2820837458
-0.3208554512
-0.3208554512
-0.381573659
-0.381573659
-2.289951815
-2.289951815
-0.2258031252
-0.2258031252
-0.2258031252
-0.2258031252
-2.103981451
-2.103981451
-2.103981451
-2.103981451
-2.103981451
-2.103981451
-2.103981451
-2.103981451
-2.103981451
-1.926516903
-0.8103987633
-0.8103987633
-0.8103987633
-0.8103987633
-0.8103987633
-0.8103987633
-0.8103987633
-0.8103987633
-0.8103987633
-0.8103987633
-1.641193931
-1.641193931
-1.119913789
-1.119913789
-2.307215294
-2.307215294
-0.9161371867
-0.9161371867
-0.9161371867
-0.9161371867
-1.204486016
-0.4524078952
-0.4524078952
-0.7883089471
-0.7883089471
-0.7883089471
-0.7883089471
-0.7883089471
-0.7883089471
-0.7883089471
-0.7883089471
-0.7883089471
-0.7883089471
-3.362872891
-3.362872891
-3.169490176
-3.169490176
-3.169490176
-3.169490176
-3.169490176
-3.169490176
-2.437393521
-2.437393521
-2.437393521
-2.437393521
-2.437393521
-2.437393521
-2.355536384
-1.089347701
-1.089347701
-1.089347701
-1.089347701
-0.6264308553
-0.6264308553
-0.6264308553
-0.6264308553
-0.4351535618
-0.4351535618
-0.4351535618
-0.4351535618
-0.4351535618
-0.4351535618
-0.4351535618
-0.4351535618
-0.4351535618
-0.4351535618
-0.4351535618
-0.4351535618
-0.4351535618
-0.4351535618
-0.2286621611
-0.2286621611
-0.2286621611
-2.91425129
-0.9528687779
-0.9528687779
-0.3698250417
-0.3698250417
-0.3698250417
-2.416046179
-2.416046179
-2.416046179
-2.416046179
-2.416046179
-2.416046179
-2.416046179
-0.3176275407
-0.3176275407
-0.9372777263
-0.9372777263
-0.9372777263
-0.9372777263
-0.9295030476
-0.502312694
-0.502312694
-0.502312694
-0.502312694
-0.502312694
-0.502312694
-0.502312694
-0.502312694
-0.502312694
-0.502312694
-0.502312694
-0.502312694
-0.6795807822
-0.6795807822
-0.6795807822
-0.6795807822
-0.6795807822
-0.6795807822
-0.6795807822
-0.6795807822
-0.6795807822
-0.6795807822
-0.6795807822
-0.6795807822
-0.4788765671
-0.2441864307
-0.2441864307
-0.2441864307
-0.2441864307
-2.022548481
-2.022548481
-0.3255490739
-0.3255490739
-0.3255490739
-0.2616743566
-0.2616743566
-0.2616743566
-0.2616743566
-0.2616743566
-0.2616743566
-0.2616743566
-0.2616743566
-0.9388596471
-0.9388596471
-1.436565872
-1.436565872
-1.436565872
-1.436565872
-1.119934893
-1.119934893
-1.119934893
-1.119934893
-1.184536139
-1.184536139
-1.184536139
-1.184536139
-1.184536139
-1.184536139
-0.9432840318
-0.9432840318
-0.9432840318
-0.4668220718
-0.4668220718
-0.3801022934
-0.4779814492
-0.4779814492
-0.4779814492
-0.2608102182
-0.2608102182
-0.2608102182
-1.212521576
-1.212521576
-1.212521576
-0.4253735706
-0.2266777603
-0.2266777603
-0.9002865951
-0.9002865951
-1.415225896
-1.415225896
-1.415225896
-0.5585874319
-0.5585874319
-0.5585874319
-1.164198096
-1.164198096
-1.164198096
-0.2274097564
-0.2274097564
-2.417190235
-1.79929219
-1.79929219
-1.79929219
-0.2778569476
-0.2469693953
-0.2469693953
-0.2469693953
-0.7640158404
-0.7640158404
-0.7640158404
-0.3212409907
-0.3212409907
-0.3212409907
-0.3212409907
-0.3212409907
-0.3212409907
-0.3212409907
-0.3212409907
-1.893989186
-1.107621786
-1.107621786
-1.107621786
-0.2267065823
-0.2279423037
-0.2279423037
-0.2279423037
-0.3139538633
-2.241125992
-2.241125992
-1.295003495
-0.3933786742
-0.3933786742
-0.3933786742
-0.3933786742
-0.3933786742
-0.3933786742
-0.3933786742
-0.3933786742
-0.3933786742
-0.3933786742
-0.3933786742
-0.3933786742
-0.3933786742
-0.3933786742
-0.3933786742
-0.3933786742
-0.3933786742
-0.2259807554
-0.2259807554
-2.363119015
-2.363119015
-2.363119015
-2.778002044
-2.778002044
-2.778002044
-2.778002044
-1.888081484
-1.888081484
-1.888081484
-1.888081484
-1.888081484
-1.888081484
-1.888081484
-1.888081484
-1.888081484
-1.595111356
-1.595111356
-1.595111356
-1.595111356
-1.595111356
-0.3334326986
-0.3334326986
-0.3334326986
-0.3334326986
-0.3334326986
-0.3334326986
-0.3334326986
-0.3334326986
-0.3287805024
-0.3287805024
-0.3245523468
-0.3245523468
-0.3245523468
-0.3245523468
-0.3245523468
-0.3245523468
-0.2762672425
-0.2762672425
-0.2762672425
-0.2762672425
-0.2259376659
-0.2259376659
-0.2259376659
-0.2259376659
-0.2259376659
-0.2259376659
-0.2259376659
-0.2259376659
-0.2259376659
-0.2259376659
-0.2259376659
-0.2259376659
-0.2259376659
-0.4331621031
-0.4331621031
-0.4331621031
-0.4331621031
-0.4331621031
-0.4331621031
-0.4331621031
-0.4331621031
-0.4331621031
-0.4331621031
-0.2577019278
-0.2577019278
-0.3430449773
-0.3430449773
-0.3430449773
-0.4841094431
-0.4841094431
-0.4841094431
-0.4841094431
-0.4841094431
-0.4841094431
-0.4841094431
-0.4841094431
-0.4841094431
-0.4841094431
-0.4841094431
-0.4841094431
-0.4841094431
-0.7401292067
-0.7401292067
-0.3069935946
-0.4240475053
-0.4240475053
-0.4240475053
-0.4240475053
-0.4240475053
-0.4240475053
-0.4240475053
-0.4240475053
-0.4240475053
-0.4240475053
-0.2940128577
-0.2940128577
-0.2940128577
-0.2399187729
-0.2399187729
-0.2399187729
-0.2399187729
-0.4898831885
-0.4898831885
-0.4898831885
-0.4898831885
-0.4898831885
-0.4898831885
-0.9897560905
-0.9897560905
-0.9897560905
-0.9897560905
-0.9897560905
-2.096703099
-0.6720199075
-0.6720199075
-0.6720199075
-0.6720199075
-0.6720199075
-2.382513555
-0.5431370834
-0.5431370834
-0.5431370834
-0.5431370834
-0.5431370834
-0.5431370834
-0.5431370834
-0.5431370834
-0.5431370834
-0.5431370834
-0.5431370834
-0.5431370834
-0.5431370834
-0.5431370834
-0.5431370834
-0.4186336006
-0.4468501924
-0.4468501924
-0.5170411998
-0.5170411998
-0.5170411998
-0.5170411998
-0.5170411998
-0.5170411998
-0.5170411998
-0.8949315159
-0.8949315159
-0.8949315159
-0.8699900421
-0.2381104153
-0.2381104153
-0.2381104153
-0.2381104153
-0.2381104153
-0.2381104153
-0.2381104153
-0.2381104153
-0.2381104153
-0.2381104153
-0.2381104153
-0.2381104153
-0.2270975429
-0.2270975429
-0.2270975429
-0.2270975429
-0.2270975429
-0.2566507714
-0.2566507714
-0.2566507714
-0.2566507714
-0.2566507714
-1.12324438
-1.12324438
-1.12324438
-0.2965501292
-0.4078668317
-0.4078668317
-0.2339340998
-0.2339340998
-0.2339340998
-2.459450523
-0.3560157879
-0.3560157879
-0.3560157879
-0.3560157879
-0.3560157879
-0.2270604487
-0.2270604487
-0.2270604487
-0.2270604487
-0.2270604487
-0.2270604487
-0.2270604487
-0.2270604487
-0.6546352372
-0.6546352372
-0.6546352372
-0.6546352372
-0.837735448
-0.837735448
-0.837735448
-0.837735448
-0.837735448
-0.7547242821
-0.7547242821
-0.7547242821
-0.7547242821
-0.7547242821
-0.7547242821
-0.7547242821
-0.7547242821
-0.7547242821
-0.7547242821
-0.7547242821
-0.7547242821
-0.7547242821
-1.214238742
-1.214238742
-1.214238742
-1.214238742
-0.5176558225
-0.7871659239
-0.7871659239
-0.5616515453
-0.5616515453
-0.4272691009
-0.4272691009
-0.833523097
-0.833523097
-0.833523097
-0.2313454905
-0.2313454905
-0.2313454905
-0.2313454905
-0.2313454905
-0.4289711413
-0.4289711413
-0.4289711413
-0.4289711413
-0.4289711413
-0.4289711413
-0.4289711413
-1.300068838
-1.300068838
-1.300068838
-1.300068838
-0.6360003303
-0.6360003303
-0.6360003303
-0.2787802203
-0.2787802203
-0.2787802203
-0.2787802203
-0.2787802203
-0.353693935
-0.2643177465
-0.2643177465
-0.3639597766
-0.3639597766
-0.4244330891
-0.4244330891
-0.4244330891
-0.4244330891
-0.4244330891
-0.4244330891
-0.4244330891
-0.3915118531
-0.3915118531
-0.3915118531
-0.3915118531
-0.3915118531
-0.3915118531
-0.3915118531
-0.3915118531
-0.3170579364
-0.233076346
-0.233076346
-0.233076346
-0.6036408082
-0.6036408082
-0.531737352
-0.531737352
-0.531737352
-0.531737352
-3.206365798
-3.206365798
-3.206365798
-3.206365798
-3.206365798
-3.206365798
-3.206365798
-0.3348614379
-0.8415377103
-0.8415377103
-0.8415377103
-0.8415377103
-0.241329273
-0.241329273
-0.6602318993
-0.6602318993
-0.5909065077
-0.2898846521
-0.4298255687
-0.4298255687
-0.4298255687
-0.3152686753
-0.3152686753
-0.3152686753
-0.3152686753
-0.3152686753
-0.2452113202
-0.2452113202
-0.2452113202
-0.2447413339
-0.2447413339
-0.2447413339
-0.2447413339
-0.2447413339
-0.3122433793
-0.3122433793
-0.2975055797
-0.4792988742
-0.3723372041
-0.3723372041
-0.3723372041
-0.3723372041
-0.3723372041
-0.3723372041
-0.3723372041
-0.3723372041
-0.3723372041
-0.3850909636
-0.2354537969
-0.2354537969
-0.2354537969
-0.2354537969
-0.2354537969
-0.2354537969
-0.2354537969
-0.2354537969
-0.3689723541
-0.3373245684
-0.2441141616
-0.2441141616
-0.2441141616
-0.2441141616
-0.2441141616
-0.2441141616
-0.2441141616
-0.6217058345
-0.6217058345
-0.6217058345
-0.6217058345
-0.5339104856
-0.3360876031
-0.3360876031
-0.3360876031
-0.3360876031
-0.3360876031
-0.2951975274
-0.2951975274
-0.2951975274
-0.2951975274
-0.2951975274
-0.2951975274
-0.2951975274
-0.2951975274
-0.2951975274
-0.6071194327
-0.6071194327
-0.6071194327
-0.6071194327
-0.4669683481
-0.4669683481
-0.4669683481
-0.4669683481
-0.4669683481
-0.4669683481
-0.4669683481
-0.4669683481
-0.4669683481
-0.568252437
-0.568252437
-0.568252437
-0.568252437
-0.568252437
-0.568252437
-0.568252437
-0.568252437
-0.568252437
-0.568252437
-0.568252437
-0.568252437
-0.568252437
-0.845786484
-0.4493642286
-0.4493642286
-0.4493642286
-0.4493642286
-0.4493642286
-0.4493642286
-0.4493642286
-0.4493642286
-0.4493642286
-0.4493642286
-0.4493642286
-0.2264345421
-0.2264345421
-2.138158172
-1.0292713
-0.2314877069
-0.4382544661
-0.4382544661
-0.4382544661
-0.4382544661
-0.4382544661
-0.8357141993
-0.8357141993
-0.6735639727
-0.6735639727
-0.23429301
-1.223039887
-1.223039887
-1.223039887
-1.223039887
-1.223039887
-1.223039887
-0.2323941424
-0.2323941424
-0.250822698
-0.250822698
-0.250822698
-0.250822698
-0.250822698
-0.250822698
-0.250822698
-0.250822698
-0.250822698
-0.246053056
-0.246053056
-0.246053056
-0.246053056
-0.9926340742
-0.9926340742
-0.3651158156
-0.3651158156
-0.3651158156
-0.3651158156
-0.3651158156
-0.3651158156
-0.3651158156
-2.158109982
-0.2612877341
-0.2612877341
-0.2612877341
-0.2612877341
-0.2258256809
-0.2258256809
-0.2258256809
-0.2258256809
-0.2258256809
-0.2258256809
-0.2258256809
-0.2258256809
-1.231202222
-1.231202222
-1.231202222
-0.324835384
-0.324835384
-0.324835384
-0.324835384
-0.324835384
-0.324835384
-0.324835384
-0.324835384
-0.324835384
-0.324835384
-0.324835384
-0.324835384
-0.324835384
-0.7901538502
-0.7901538502
-0.7901538502
-0.7901538502
-0.7901538502
-0.7901538502
-1.179454189
-0.3278501166
-0.3278501166
-0.3278501166
-0.3278501166
-0.3278501166
-3.387485559
-3.387485559
-3.387485559
-4.487264723
-4.487264723
-4.487264723
-1.209315809
-1.209315809
-0.4425820313
-0.4425820313
-0.2374362916
-0.2374362916
-0.2374362916
-0.2374362916
-0.2374362916
-0.2374362916
-0.2374362916
-0.2374362916
-0.2694543104
-0.4631480343
-0.7473574847
-0.7473574847
-1.484007002
-0.2257944768
-0.2257944768
-0.2466727801
-0.2466727801
-1.316416639
-1.316416639
-1.316416639
-1.316416639
-1.316416639
-0.8053060879
-0.8053060879
-0.8053060879
-0.8053060879
-0.8053060879
-0.2766087879
-0.2766087879
-0.2290355702
-0.2290355702
-0.2290355702
-0.2290355702
-0.2290355702
-0.2290355702
-0.2290355702
-0.2290355702
-0.2290355702
-0.2290355702
-0.2290355702
-0.2290355702
-0.3070076748
-0.3070076748
-0.3070076748
-0.2669648011
-0.2669648011
-0.2669648011
-0.2669648011
-0.2669648011
-0.2669648011
-0.2669648011
-0.2669648011
-0.7067232692
-0.814999301
-0.2875996946
-0.2875996946
-0.2875996946
-0.2875996946
-0.6060300141
-0.6060300141
-0.6060300141
-0.6060300141
-0.6060300141
-0.6060300141
-0.6060300141
-0.2259732908
-0.3025776078
-0.3025776078
-0.4007347865
-0.4007347865
-0.2691906685
-0.2314337466
-0.2314337466
-0.2314337466
-0.2314337466
-0.2314337466
-0.2314337466
-0.2314337466
-1.253009999
-0.5605691685
-0.5605691685
-0.5605691685
-0.5605691685
-0.5605691685
-0.4379885193
-0.4379885193
-0.2554721201
-0.315705638
-0.2369206384
-0.2369206384
-0.2369206384
-0.2369206384
-0.2369206384
-0.2369206384
-0.2816292577
-0.2816292577
-0.2816292577
-0.2816292577
-0.2816292577
-0.5906948472
-0.5906948472
-0.5906948472
-0.4381106894
-0.4381106894
-0.4381106894
-0.4381106894
-0.4381106894
-0.8673573484
-0.8673573484
-0.8673573484
-0.8673573484
-0.8673573484
-1.132075116
-1.132075116
-1.132075116
-0.2965703742
-0.2965703742
-0.2965703742
-0.2965703742
-0.2965703742
-0.2965703742
-0.2965703742
-0.2965703742
-0.2965703742
-0.2965703742
-0.2965703742
-0.2965703742
-0.2965703742
-0.2965703742
-0.2965703742
-0.2965703742
-0.2965703742
-0.2965703742
-0.2426041955
-0.2426041955
-0.2426041955
-0.2426041955
-0.416081843
-0.416081843
-0.416081843
-0.416081843
-0.416081843
-0.416081843
-0.416081843
-0.416081843
-0.3210047513
-0.3210047513
-0.3210047513
-0.3210047513
-0.3210047513
-0.3210047513
-0.3210047513
-0.3210047513
-0.3210047513
-0.3210047513
-0.3210047513
-0.3210047513
-0.3210047513
-0.3210047513
-0.3210047513
-0.6538988567
-1.555262664
-1.555262664
-1.555262664
-0.6525614489
-0.6525614489
-2.555495007
-0.3730427891
-0.3730427891
-0.3730427891
-1.679647015
-1.679647015
-1.679647015
-1.679647015
-1.679647015
-1.044258656
-1.044258656
-1.044258656
-1.044258656
-0.3104646413
-0.3104646413
-0.3104646413
-0.3104646413
-0.3104646413
-0.3104646413
-0.6525736879
-0.6525736879
-0.6525736879
-0.6525736879
-0.6525736879
-0.6525736879
-0.6525736879
-1.346148789
-1.346148789
-1.346148789
-1.346148789
-1.031644222
-1.031644222
-1.031644222
-1.031644222
-0.2846880173
-0.2846880173
-0.2846880173
-0.2846880173
-0.2846880173
-0.2846880173
-0.2846880173
-0.2846880173
-0.2846880173
-0.2846880173
-0.2846880173
-0.2846880173
-0.2846880173
-0.2846880173
-0.2846880173
-0.5340648676
-0.5340648676
-0.4018360522
-0.4018360522
-0.4018360522
-0.4018360522
-0.4018360522
-0.4018360522
-0.4018360522
-0.4018360522
-0.4018360522
-0.4018360522
-0.4018360522
-0.4018360522
-0.4018360522
-0.4018360522
-0.4018360522
-0.4018360522
-0.4018360522
-0.4018360522
-0.4018360522
-0.4018360522
-0.4018360522
-0.5130073779
-0.5130073779
-0.5130073779
-0.5130073779
-0.5130073779
-0.5130073779
-2.157388294
-2.157388294
-1.626296477
-1.626296477
-1.626296477
-0.634861701
-0.634861701
-0.634861701
-0.634861701
-0.2604117655
-0.5115285267
-0.5115285267
-0.5115285267
-0.9773337424
-0.7859645192
-0.7859645192
-2.444900923
-2.444900923
-2.444900923
-0.6460348886
-0.6460348886
-0.6460348886
-0.6460348886
-0.6460348886
-0.6460348886
-0.6460348886
-0.6460348886
-0.6460348886
-0.6460348886
-1.117041808
-0.2981764333
-0.2981764333
-0.2981764333
-0.2981764333
-0.2981764333
-0.2981764333
-1.221798827
-1.221798827
-1.221798827
-1.221798827
-1.221798827
-1.221798827
-1.221798827
-1.221798827
-1.221798827
-1.221798827
-1.340488506
-1.340488506
-1.340488506
-1.340488506
-1.340488506
-1.340488506
-1.340488506
-1.340488506
-1.340488506
-0.2412724611
-0.2412724611
-0.2412724611
-0.33180984
-0.33180984
-0.33180984
-0.33180984
-0.33180984
-0.33180984
-0.33180984
-0.33180984
-0.33180984
-0.3643567256
-0.3643567256
-0.3643567256
-0.3643567256
-0.3643567256
-0.3643567256
-0.2261994424
-0.2539147389
-0.3415122212
-0.8632568063
-0.6376544083
-0.6376544083
-0.6376544083
-0.6376544083
-0.6376544083
-0.6376544083
-0.6376544083
-0.2501465059
-0.2501465059
-0.2501465059
-0.2501465059
-0.3211250923
-0.3384891352
-1.126269165
-0.6358905675
-0.6358905675
-0.6358905675
-0.6358905675
-0.6358905675
-0.6358905675
-1.29874166
-1.29874166
-1.498377585
-0.3391829099
-0.3391829099
-0.3391829099
-0.3391829099
-0.3391829099
-0.3391829099
-0.3391829099
-1.194469708
-1.194469708
-1.168769635
-0.2955394016
-0.2955394016
-0.2955394016
-0.2955394016
-0.2955394016
-0.2955394016
-1.648691727
-0.3857663439
-0.3857663439
-0.3857663439
-0.3857663439
-0.3857663439
-0.3857663439
-0.3857663439
-0.3857663439
-0.3857663439
-0.3857663439
-0.3857663439
-0.3857663439
-0.3857663439
-0.3857663439
-1.322431609
-1.322431609
-1.322431609
-1.322431609
-1.322431609
-1.322431609
-1.322431609
-1.322431609
-1.322431609
-1.322431609
-1.134138449
-1.134138449
-2.381429502
-0.8890062003
-1.586750602
-0.2258094724
-0.3237091463
-0.3237091463
-0.3237091463
-0.3237091463
-0.3237091463
-1.967143274
-1.967143274
-1.967143274
-0.3065422515
-0.3065422515
-0.3065422515
-0.8684273948
-0.8684273948
-0.8684273948
-1.634655678
-1.634655678
-1.634655678
-1.004444829
-1.004444829
-1.004444829
-1.478837203
-1.130559561
-1.130559561
-1.130559561
-1.130559561
-1.130559561
-1.130559561
-1.130559561
-1.130559561
-1.130559561
-1.130559561
-1.130559561
-1.130559561
-1.130559561
-1.130559561
-1.130559561
-1.130559561
-1.130559561
-0.5221787003
-0.5204471381
-0.5204471381
-0.5204471381
-0.5204471381
-0.5204471381
-0.5204471381
-0.5204471381
-0.5204471381
-0.2273288786
-0.263094704
-0.263094704
-0.263094704
-0.263094704
-0.3411688638
-0.3411688638
-0.3411688638
-0.4377723727
-0.4377723727
-0.4377723727
-0.4377723727
-0.4377723727
-0.4377723727
-0.5690345843
-0.4691160992
-0.4691160992
-0.4691160992
-0.4691160992
-0.4691160992
-0.4691160992
-0.4691160992
-0.4691160992
-0.4691160992
-0.4691160992
-0.8531022216
-0.8531022216
-0.8531022216
-0.8531022216
-0.8531022216
-0.2258576326
-0.2258576326
-3.447116965
-1.296052329
-1.296052329
-1.552787838
-1.552787838
-1.552787838
-0.2781309659
-0.2781309659
-0.2781309659
-0.2781309659
-0.2781309659
-0.2781309659
-0.7216616155
-0.7216616155
-0.3730578669
-0.275814303
-0.275814303
-0.275814303
-0.275814303
-0.275814303
-0.2394539632
-0.2394539632
-0.7434166956
-0.7434166956
-0.7434166956
-0.7434166956
-0.7434166956
-0.7434166956
-0.7434166956
-0.2388827594
-0.2388827594
-0.2388827594
-0.2388827594
-0.2388827594
-3.549954425
-3.549954425
-3.549954425
-3.549954425
-0.644600795
-0.644600795
-0.644600795
-0.644600795
-0.644600795
-0.4496296936
-0.4496296936
-0.4496296936
-0.4496296936
-0.4496296936
-0.4496296936
-0.4496296936
-0.4888558904
-0.4888558904
-0.4888558904
-0.4888558904
-0.4888558904
-0.2457491255
-0.2457491255
-0.2457491255
-0.2457491255
-0.2457491255
-0.2457491255
-0.2457491255
-0.2457491255
-0.2457491255
-0.2457491255
-0.2457491255
-0.2457491255
-0.2457491255
-0.2457491255
-0.2457491255
-0.2457491255
-0.2457491255
-0.2457491255
-0.2457491255
-0.2457491255
-0.2457491255
-0.2457491255
-2.044945511
-0.4394416018
-0.4394416018
-0.4394416018
-0.4394416018
-0.4394416018
-0.4394416018
-0.7373456401
-0.7373456401
-0.7373456401
-0.7373456401
-0.7373456401
-0.7373456401
-0.7373456401
-0.7373456401
-0.7373456401
-0.7373456401
-0.7373456401
-0.3769665745
-0.3769665745
-0.3769665745
-0.2981716041
-0.2981716041
-0.2981716041
-0.2981716041
-0.2981716041
-0.2981716041
-0.2981716041
-0.2638037867
-0.2638037867
-0.2638037867
-0.2638037867
-0.2638037867
-0.2638037867
-0.9004347425
-0.9004347425
-0.9004347425
-0.9004347425
-0.4030043924
-0.4030043924
-0.4030043924
-0.4030043924
-0.4030043924
-0.4030043924
-0.385241937
-0.3893054536
-0.3893054536
-0.3893054536
-0.3893054536
-0.3893054536
-0.3016391537
-0.3016391537
-0.3358937484
-1.015453998
-1.015453998
-0.2321534376
-0.2321534376
-0.2321534376
-0.2321534376
-0.2321534376
-0.2321534376
-0.2321534376
-0.2321534376
-0.3710968436
-0.3710968436
-0.3710968436
-0.7761617726
-0.7761617726
-0.7761617726
-0.7761617726
-0.7761617726
-0.7761617726
-0.7761617726
-0.7761617726
-0.7761617726
-0.7761617726
-3.355272583
-3.355272583
-0.849017013
-0.849017013
-0.849017013
-0.3030619646
-0.3030619646
-0.2785145612
-0.2785145612
-0.2785145612
-0.2785145612
-0.2785145612
-0.2785145612
-0.2785145612
-0.2785145612
-0.2785145612
-0.2785145612
-0.2785145612
-0.2785145612
-2.836833231
-2.836833231
-2.836833231
-2.836833231
-2.836833231
-2.836833231
-0.2259807322
-0.2259807322
-0.2259807322
-0.2259807322
-0.2259807322
-0.2259807322
-0.3466728355
-0.3466728355
-0.3466728355
-0.3466728355
-0.3466728355
-0.3466728355
-0.3466728355
-0.3151312494
-0.9538497766
-0.9538497766
-0.9538497766
-0.9538497766
-0.9538497766
-0.9538497766
-0.9538497766
-0.4818823918
-0.4296253526
-0.3098722018
-2.347193922
-1.141669576
-1.141669576
-1.141669576
-1.141669576
-1.289966748
-1.289966748
-1.289966748
-1.289966748
-4.870669107
-4.870669107
-4.870669107
-4.870669107
-4.870669107
-0.5943308411
-0.5943308411
-0.5943308411
-0.5943308411
-0.5943308411
-0.5943308411
-0.5943308411
-0.5943308411
-0.5943308411
-0.5943308411
-0.5943308411
-0.5943308411
-1.850486036
-1.262502192
-0.2782929448
-0.9549618944
-0.9549618944
-0.9549618944
-0.5983548591
-0.5983548591
-2.88912057
-2.88912057
-0.2568349679
-0.2568349679
-0.2568349679
-0.2568349679
-0.2568349679
-1.233731849
-1.233731849
-0.2467280294
-0.2467280294
-0.2467280294
-0.2467280294
-0.2467280294
-0.2259077006
-0.2259077006
-0.2259077006
-0.2473999867
-0.2473999867
-0.2473999867
-0.434429502
-0.434429502
-1.268055942
-1.268055942
-3.14171379
-3.14171379
-3.14171379
-1.38053471
-0.9186840575
-0.9186840575
-0.9186840575
-0.9186840575
-0.9186840575
-0.9186840575
-0.9186840575
-0.2600140432
-0.7480284967
-0.7480284967
-0.7480284967
-0.7480284967
-0.7480284967
-0.7480284967
-0.7480284967
-0.7480284967
-0.7480284967
-0.7480284967
-0.7480284967
-0.7480284967
-0.7480284967
-0.2270688154
-0.2270688154
-0.2270688154
-0.2270688154
-0.2270688154
-0.2270688154
-0.2270688154
-0.3832821507
-2.251537294
-2.251537294
-2.251537294
-2.251537294
-1.327251897
-0.2301470039
-0.2301470039
-0.2301470039
-0.2301470039
-0.2301470039
-0.2301470039
-0.2301470039
-0.2301470039
-2.4986076
-3.73826099
-3.73826099
-4.688094545
-0.9307870281
-0.9307870281
-0.9307870281
-0.9307870281
-0.9307870281
-0.9307870281
-0.9307870281
-0.9307870281
-0.9307870281
-0.9307870281
-0.9307870281
-0.9307870281
-0.9307870281
-0.9307870281
-0.9307870281
-0.6367103544
-0.6367103544
-0.6367103544
-1.301114356
-1.553134488
-1.553134488
-1.553134488
-1.553134488
-1.553134488
-1.553134488
-0.8258125987
-0.8258125987
-0.8258125987
-0.8258125987
-0.3312940483
-0.3312940483
-0.6275440901
-0.3099373792
-0.3099373792
-0.323005777
-0.256175867
-0.256175867
-0.256175867
-0.256175867
-0.256175867
-0.7207040166
-0.9494666623
-0.2976828676
-0.2976828676
-0.2976828676
-0.2976828676
-0.2976828676
-0.2976828676
-0.2976828676
-1.96739176
-1.96739176
-1.96739176
-0.2389284698
-0.2389284698
-0.2389284698
-0.3578158171
-0.3578158171
-0.3910290514
-0.3910290514
-0.3910290514
-0.3910290514
-0.3910290514
-0.3910290514
-0.3910290514
-0.3910290514
-0.3910290514
-0.3910290514
-0.3910290514
-0.3910290514
-0.3910290514
-0.2279366893
-0.2279366893
-0.2279366893
-0.2279366893
-0.2279366893
-0.2279366893
-0.2279366893
-0.2279366893
-0.2279366893
-0.2279366893
-0.2279366893
-0.2279366893
-0.2279366893
-0.2279366893
-0.2279366893
-0.2279366893
-0.2279366893
-0.2279366893
-0.2279366893
-0.2279366893
-0.2279366893
-0.2279366893
-0.2279366893
-0.2261321807
-0.2261321807
-0.2261321807
-0.2261321807
-0.2261321807
-0.6018927291
-0.6018927291
-0.6018927291
-0.6018927291
-0.6018927291
-0.6018927291
-0.6018927291
-0.3946440984
-0.3946440984
-0.3946440984
-0.3946440984
-0.3946440984
-0.6864288933
-0.6864288933
-0.6864288933
-0.6864288933
-0.6864288933
-0.6864288933
-0.6864288933
-1.023386271
-1.023386271
-1.023386271
-1.023386271
-1.023386271
-0.3336876251
-0.3336876251
-0.3336876251
-0.3336876251
-0.3336876251
-0.9768722507
-0.3441173727
-0.3441173727
-0.3441173727
-0.3441173727
-0.3231978113
-0.5286117776
-0.5286117776
-0.5286117776
-0.5286117776
-1.295787189
-1.295787189
-1.295787189
-0.551394746
-0.551394746
-0.551394746
-0.551394746
-0.551394746
-0.551394746
-0.551394746
-0.551394746
-0.551394746
-0.551394746
-0.551394746
-0.551394746
-0.551394746
-0.551394746
-1.131214904
-1.131214904
-0.860629575
-0.860629575
-0.860629575
-0.860629575
-2.313631322
-2.313631322
-2.313631322
-1.421919871
-1.421919871
-1.421919871
-1.660549998
-1.660549998
-1.660549998
-1.660549998
-1.660549998
-1.660549998
-1.660549998
-1.660549998
-1.660549998
-1.660549998
-1.00576533
-1.00576533
-1.00576533
-1.00576533
-1.00576533
-1.00576533
-1.00576533
-0.8863233477
-0.8863233477
-0.8863233477
-0.8863233477
-0.4116739365
-0.4116739365
-0.383336588
-0.383336588
-0.383336588
-0.383336588
-0.383336588
-0.383336588
-0.6019420336
-0.231591843
-0.4036323531
-0.4036323531
-0.4111106644
-0.4111106644
-1.101628932
-1.101628932
-1.101628932
-1.101628932
-1.101628932
-0.2284824873
-0.2284824873
-0.2284824873
-0.2284824873
-0.2284824873
-0.2284824873
-0.2284824873
-0.3205707205
-0.3205707205
-0.3205707205
-0.4280722256
-0.4280722256
-0.5866925853
-0.5866925853
-2.55115612
-2.55115612
-0.2833314228
-0.2833314228
-0.2833314228
-0.2833314228
-0.2833314228
-0.2833314228
-0.2833314228
-0.2833314228
-0.2833314228
-0.2833314228
-0.2833314228
-0.2833314228
-0.2833314228
-0.2833314228
-0.2833314228
-0.2833314228
-0.2833314228
-0.2833314228
-0.2833314228
-0.2833314228
-0.2833314228
-0.6273657295
-1.486193883
-1.486193883
-2.050913637
-2.050913637
-0.2300301169
-0.2300301169
-0.4136695723
-0.4136695723
-0.4136695723
-0.4136695723
-0.4136695723
-0.4136695723
-0.4136695723
-0.4136695723
-0.4136695723
-0.3853938646
-0.3853938646
-0.3853938646
-0.3853938646
-0.3853938646
-0.3853938646
-0.3853938646
-0.3853938646
-0.3853938646
-0.3853938646
-0.3853938646
-0.2265291375
-0.2265291375
-0.2797091355
-1.285863884
-1.285863884
-1.285863884
-1.285863884
-1.285863884
-1.285863884
-1.285863884
-1.67322789
-2.288607058
-2.288607058
-2.288607058
-2.288607058
-0.4582219389
-0.4582219389
-0.4582219389
-0.4582219389
-0.4582219389
-0.4582219389
-0.4582219389
-0.4582219389
-0.4582219389
-0.4582219389
-0.4582219389
-0.4582219389
-0.4582219389
-0.4582219389
-0.4980940621
-0.4980940621
-0.4980940621
-0.4980940621
-0.4980940621
-0.4980940621
-0.4980940621
-0.4980940621
-0.4980940621
-0.9807655179
-0.4566364883
-1.454269361
-1.454269361
-1.454269361
-1.454269361
-1.454269361
-1.454269361
-0.2458738417
-0.2458738417
-0.2458738417
-0.2458738417
-0.3019868774
-0.241468995
-0.241468995
-0.241468995
-0.241468995
-0.241468995
-0.241468995
-0.241468995
-0.241468995
-0.241468995
-0.8476187454
-0.8476187454
-0.8476187454
-0.8476187454
-0.8476187454
-0.8476187454
-0.8476187454
-0.8476187454
-0.8476187454
-2.644574314
-2.644574314
-2.644574314
-2.644574314
-2.644574314
-2.326423968
-0.7541027102
-0.7541027102
-0.7541027102
-0.7541027102
-0.7541027102
-0.7541027102
-0.7541027102
-0.6744965266
-0.6744965266
-0.6744965266
-0.6744965266
-0.6744965266
-0.5169652717
-0.5169652717
-0.2798707902
-0.2798707902
-0.2798707902
-0.2798707902
-0.2798707902
-0.2798707902
-0.2798707902
-0.2798707902
-0.2798707902
-0.2798707902
-0.2798707902
-0.2798707902
-0.2798707902
-0.2798707902
-0.2798707902
-0.2798707902
-3.533538166
-3.533538166
-3.533538166
-3.533538166
-3.533538166
-3.533538166
-1.075102248
-1.075102248
-0.2826671176
-0.2826671176
-0.2826671176
-0.2826671176
-0.2826671176
-0.2826671176
-1.782824389
-1.782824389
-0.5045553294
-0.5045553294
-0.5045553294
-0.2501288467
-0.2501288467
-0.2365153967
-0.2365153967
-0.2365153967
-0.2365153967
-0.2258702889
-0.2258702889
-0.2258702889
-0.2258702889
-0.2258702889
-0.2258702889
-0.2258702889
-0.2258702889
-0.2402630273
-0.2402630273
-0.2402630273
-1.274844491
-1.274844491
-0.3137029007
-0.3137029007
-0.2817818758
-0.2560900987
-0.2560900987
-0.2560900987
-0.2560900987
-0.2560900987
-0.2560900987
-0.2560900987
-0.2560900987
-0.2560900987
-0.2560900987
-0.2560900987
-0.3459211486
-1.432771376
-1.432771376
-0.4497965697
-0.4497965697
-0.4497965697
-0.4497965697
-0.4497965697
-0.5143224308
-0.5143224308
-0.5143224308
-3.332616579
-3.332616579
-0.6697468256
-0.65790752
-0.65790752
-0.65790752
-0.65790752
-0.3679450748
-0.3679450748
-0.3679450748
-0.3679450748
-0.3679450748
-0.3679450748
-0.3679450748
-0.3669324651
-0.3669324651
-0.3669324651
-0.543122004
-0.543122004
-0.543122004
-0.543122004
-0.543122004
-0.543122004
-0.543122004
-0.543122004
-0.543122004
-0.543122004
-0.543122004
-0.543122004
-0.543122004
-0.543122004
-0.543122004
-0.543122004
-0.543122004
-0.543122004
-0.543122004
-0.2934353254
-0.2934353254
-0.4333185937
-0.4333185937
-0.22599574
-0.22599574
-0.9330773233
-0.9330773233
-0.6857206168
-0.6857206168
-0.6857206168
-0.7143146591
-1.172004887
-1.172004887
-1.172004887
-0.257970233
-0.257970233
-0.257970233
-0.3694161493
-0.3694161493
-2.312839139
-2.528819273
-2.528819273
-2.528819273
-2.528819273
-2.528819273
-0.3435363636
-0.3435363636
-0.3435363636
-0.3435363636
-0.2655917927
-0.2655917927
-0.2655917927
-1.879109164
-1.879109164
-1.879109164
-1.879109164
-1.879109164
-0.3344647395
-0.3344647395
-0.3344647395
-0.3794499765
-0.3794499765
-1.114030228
-1.114030228
-1.114030228
-1.114030228
-1.114030228
-1.114030228
-1.114030228
-1.114030228
-1.114030228
-1.114030228
-1.114030228
-1.114030228
-0.3243855608
-0.4195757101
-0.4195757101
-0.4195757101
-0.4195757101
-0.4195757101
-0.4195757101
-0.4195757101
-0.4195757101
-0.4195757101
-0.4195757101
-0.4195757101
-0.4195757101
-0.4195757101
-0.4195757101
-0.4195757101
-0.4195757101
-0.4195757101
-0.4195757101
-0.4195757101
-0.4195757101
-0.2341188029
-0.2341188029
-0.2341188029
-0.2277650047
-0.2277650047
-0.2277650047
-0.2277650047
-0.2277650047
-0.2264055
-0.2264055
-0.2264055
-0.2264055
-0.7167532815
-0.7167532815
-0.7167532815
-0.7167532815
-0.7167532815
-0.7167532815
-0.7167532815
-0.7167532815
-0.7167532815
-0.7167532815
-1.002271366
-1.002271366
-1.002271366
-1.002271366
-1.26806491
-1.26806491
-1.26806491
-0.4996057859
-0.4996057859
-0.4996057859
-0.4996057859
-0.4996057859
-0.4996057859
-0.4996057859
-0.4996057859
-0.4996057859
-1.451039015
-0.9851085168
-0.9851085168
-0.9851085168
-0.9851085168
-0.2521543326
-0.2521543326
-0.2521543326
-0.270079291
-0.270079291
-0.270079291
-0.270079291
-0.270079291
-0.270079291
-0.270079291
-0.3176407213
-0.3176407213
-0.3176407213
-0.3176407213
-0.2339931918
-2.283170295
-2.283170295
-2.283170295
-0.3154979167
-0.3154979167
-0.3154979167
-0.3154979167
-0.2277957861
-0.2277957861
-0.2277957861
-0.2277957861
-0.2277957861
-0.2277957861
-0.2277957861
-0.2277957861
-0.2277957861
-0.2277957861
-0.2277957861
-0.2277957861
-0.2277957861
-0.2277957861
-0.3928095788
-0.655378447
-1.864275049
-0.2964200379
-0.2964200379
-0.2964200379
-0.2964200379
-0.2964200379
-0.2964200379
-0.2964200379
-0.2964200379
-0.2964200379
-0.2964200379
-0.2964200379
-0.2964200379
-0.2964200379
-1.034769826
-0.2264292941
-0.2264292941
-0.8102591223
-1.496339901
-0.6789471188
-0.6789471188
-0.6789471188
-0.6789471188
-0.6789471188
-0.6789471188
-1.424984801
-1.424984801
-0.5666956257
-0.5666956257
-0.2261037503
-0.2261037503
-0.2261037503
-0.2261037503
-0.2261037503
-0.2261037503
-0.2261037503
-0.2261037503
-0.2261037503
-0.2261037503
-0.2261037503
-0.2261037503
-0.730430943
-0.730430943
-0.730430943
-0.730430943
-0.730430943
-0.730430943
-0.730430943
-0.730430943
-0.730430943
-0.730430943
-2.629099986
-2.684413754
-2.684413754
-2.684413754
-2.684413754
-2.684413754
-0.4232892309
-0.4232892309
-0.4232892309
-0.4232892309
-0.4232892309
-0.4232892309
-0.4232892309
-0.4232892309
-0.4232892309
-0.4232892309
-0.4232892309
-0.4232892309
-0.4232892309
-0.4232892309
-0.4232892309
-0.4232892309
-0.610301085
-0.610301085
-0.610301085
-0.610301085
-0.610301085
-0.5985640336
-0.5985640336
-0.4593544656
-0.4593544656
-0.4593544656
-0.4593544656
-3.00359416
-0.373971887
-0.373971887
-0.373971887
-1.867654902
-1.219105009
-1.962262221
-0.3567613352
-0.3567613352
-0.5033475374
-0.5033475374
-0.5033475374
-0.5033475374
-0.5033475374
-0.5033475374
-0.5033475374
-0.5033475374
-0.5033475374
-0.5033475374
-0.5033475374
-0.5033475374
-0.4162811
-0.4162811
-2.302407186
-2.302407186
-2.302407186
-0.9579478615
-1.085607871
-1.085607871
-0.6179147102
-0.6179147102
-0.6179147102
-0.6308905078
-0.6308905078
-0.6308905078
-0.7001218576
-1.159251018
-1.159251018
-1.159251018
-0.8690072267
-0.8690072267
-0.8690072267
-1.992478303
-1.992478303
-0.5298659278
-0.2655579203
-0.2655579203
-0.2655579203
-0.2655579203
-0.2655579203
-0.2655579203
-0.2655579203
-0.3773087808
-0.4774943855
-0.2519705809
-0.2519705809
-0.2519705809
-0.2519705809
-0.2519705809
-0.2519705809
-0.2519705809
-1.419683394
-1.419683394
-1.419683394
-1.419683394
-1.419683394
-1.419683394
-1.419683394
-1.419683394
-1.419683394
-1.419683394
-1.419683394
-0.2715651373
-0.2715651373
-0.2715651373
-1.036958461
-1.036958461
-1.036958461
-0.4982774512
-0.3594405069
-1.832391438
-1.832391438
-1.832391438
-1.832391438
-1.832391438
-1.832391438
-1.832391438
-1.036248059
-1.036248059
-0.3217105981
-0.3217105981
-0.3217105981
-0.3217105981
-0.3217105981
-0.3217105981
-0.3217105981
-0.8886122431
-0.8886122431
-0.3402177307
-0.3402177307
-0.3402177307
-0.3402177307
-0.2935778422
-0.2285532448
-0.2285532448
-1.018283746
-1.018283746
-1.018283746
-1.018283746
-1.018283746
-1.018283746
-1.018283746
-1.018283746
-1.018283746
-1.018283746
-1.018283746
-2.357363043
-2.357363043
-0.4292184142
-0.4292184142
-0.4292184142
-0.4292184142
-0.4292184142
-0.4292184142
-1.259979756
-1.259979756
-1.259979756
-1.386125297
-5.128066255
-5.128066255
-0.2439377468
-0.5404077551
-0.5404077551
-0.5404077551
-0.5404077551
-0.5404077551
-0.6638234456
-0.4192043006
-0.4192043006
-1.581402154
-1.581402154
-1.581402154
-1.581402154
-1.581402154
-1.581402154
-1.581402154
-0.2319944181
-0.2319944181
-0.2319944181
-0.2383999548
-0.2383999548
-0.2383999548
-0.2383999548
-1.034537422
-1.034537422
-1.034537422
-0.2625238448
-0.2625238448
-0.2625238448
-0.2309971677
-0.2309971677
-0.2309971677
-0.2309971677
-0.2309971677
-0.2309971677
-0.2309971677
-0.2309971677
-0.2656374202
-0.2656374202
-0.2381892724
-0.2381892724
-0.2381892724
-0.2381892724
-0.2381892724
-0.2381892724
-0.2381892724
-0.2381892724
-1.042331771
-0.2321569355
-0.2321569355
-0.2321569355
-0.2321569355
-0.2321569355
-0.2321569355
-0.3695066277
-0.3103131563
-0.3103131563
-0.3103131563
-0.3058245634
-0.3901048739
-0.3901048739
-0.3901048739
-0.2757978516
-0.2757978516
-0.2757978516
-1.62364872
-1.62364872
-1.62364872
-1.62364872
-1.62364872
-1.207140069
-1.207140069
-1.207140069
-1.207140069
-1.207140069
-1.207140069
-1.207140069
-1.207140069
-0.4886794132
-0.4886794132
-0.9921585017
-0.9921585017
-0.4757521298
-0.2518312481
-0.2518312481
-0.3516710849
-0.3516710849
-0.3516710849
-0.3516710849
-0.3516710849
-0.3516710849
-0.2914754419
-0.2914754419
-0.2914754419
-0.2538506819
-0.2538506819
-0.399590419
-0.399590419
-0.399590419
-0.399590419
-0.399590419
-0.399590419
-1.16140773
-1.16140773
-1.16140773
-1.16140773
-1.16140773
-1.16140773
-0.4316577429
-0.4316577429
-0.4316577429
-1.428333503
-0.8792111369
-0.8792111369
-0.8792111369
-0.7664519256
-0.7664519256
-0.7664519256
-0.7988634439
-0.7988634439
-0.7988634439
-0.7988634439
-0.7988634439
-0.7988634439
-0.4771606219
-0.2628715806
-0.2628715806
-0.2740115084
-0.2740115084
-0.3093128864
-0.3093128864
-0.3093128864
-0.3093128864
-0.2906849032
-0.2906849032
-0.2906849032
-0.2906849032
-0.2906849032
-0.2906849032
-0.2906849032
-0.3829030519
-0.3829030519
-0.3829030519
-0.3829030519
-0.2259017961
-1.002025981
-1.002025981
-1.002025981
-1.002025981
-1.002025981
-1.002025981
-1.002025981
-1.289674927
-1.289674927
-0.2354386816
-0.2354386816
-0.2357653592
-0.2357653592
-0.2357653592
-1.907061958
-1.907061958
-1.907061958
-1.907061958
-0.5157264054
-0.3570382932
-0.3570382932
-0.8906459638
-0.8906459638
-2.122124158
-2.122124158
-2.73864677
-2.73864677
-0.3319584316
-0.4147829713
-0.4147829713
-0.4147829713
-0.4147829713
-0.4147829713
-0.4147829713
-0.4147829713
-0.6004464868
-0.6004464868
-0.6004464868
-0.6004464868
-0.6004464868
-0.6004464868
-0.6004464868
-0.6004464868
-0.6004464868
-0.6004464868
-0.6004464868
-0.719936706
-0.719936706
-0.3250005126
-0.3250005126
-0.3250005126
-0.3250005126
-0.3250005126
-0.3250005126
-0.3250005126
-0.3250005126
-0.3250005126
-0.3250005126
-0.3250005126
-0.3250005126
-0.3250005126
-0.3250005126
-0.3250005126
-0.3250005126
-0.3250005126
-0.3250005126
-0.5436118537
-1.293193974
-1.293193974
-1.293193974
-1.293193974
-1.293193974
-1.293193974
-1.293193974
-1.293193974
-1.293193974
-1.293193974
-2.041334467
-2.041334467
-3.317910868
-3.317910868
-3.975279525
-3.975279525
-1.919632059
-1.919632059
-1.919632059
-1.919632059
-1.919632059
-2.696772859
-2.696772859
-1.202323994
-1.202323994
-0.6883310759
-0.3554899102
-0.3554899102
-0.3554899102
-1.778580953
-2.815383906
-2.815383906
-2.815383906
-2.815383906
-2.815383906
-2.815383906
-2.815383906
-2.815383906
-0.7657756145
-0.7657756145
-0.7657756145
-1.861130731
-0.7168720846
-0.7168720846
-0.7168720846
-0.7168720846
-0.7168720846
-1.361121493
-1.361121493
-1.361121493
-1.361121493
-1.361121493
-1.361121493
-0.2793338701
-1.846571149
-1.846571149
-1.846571149
-1.076386547
-0.5450099007
-0.5450099007
-0.2258815528
-0.6041443509
-0.6041443509
-0.6041443509
-0.2763446343
-0.2763446343
-0.2763446343
-0.2763446343
-0.2258926932
-0.2258926932
-4.146848528
-0.5487869137
-0.5487869137
-0.5487869137
-0.5834818186
-3.103233574
-3.103233574
-3.103233574
-3.103233574
-0.2349357574
-0.4434146818
-3.203566177
-3.203566177
-3.203566177
-3.203566177
-2.30056917
-1.766526383
-0.3812260062
-0.3812260062
-0.3812260062
-0.3812260062
-0.3812260062
-0.3812260062
-0.276940863
-2.183352539
-2.183352539
-2.183352539
-2.183352539
-2.183352539
-2.183352539
-1.030460995
-0.7422656631
-1.246141296
-1.246141296
-0.8496596391
-0.3742619701
-0.3742619701
-0.3742619701
-0.3742619701
-0.3742619701
-0.3742619701
-0.3742619701
-0.3742619701
-0.655655911
-1.285730437
-1.285730437
-1.285730437
-1.285730437
-1.285730437
-1.118137377
-1.611037217
-1.611037217
-1.611037217
-1.611037217
-1.611037217
-1.611037217
-1.316002027
-1.316002027
-1.114027981
-1.114027981
-1.114027981
-1.114027981
-1.114027981
-0.7968906812
-0.7968906812
-0.3126301915
-0.3126301915
-0.3126301915
-0.3126301915
-0.3126301915
-0.3126301915
-0.3126301915
-0.3126301915
-0.3126301915
-0.3126301915
-0.3126301915
-0.3126301915
-0.3126301915
-0.3126301915
-0.3126301915
-0.2510527001
-0.2510527001
-0.2510527001
-0.2510527001
-0.2510527001
-0.2510527001
-0.8113326279
-0.8113326279
-0.5229079374
-0.2258071403
-0.2258071403
-0.2258071403
-1.088874615
-0.3741658418
-0.3741658418
-0.3741658418
-0.3741658418
-0.6578751109
-0.6578751109
-0.5797760681
-0.5797760681
-0.2840783737
-0.2840783737
-0.2840783737
-0.2840783737
-0.2840783737
-0.2840783737
-0.2840783737
-0.2840783737
-0.3397673535
-0.3397673535
-0.3397673535
-0.3397673535
-0.3397673535
-0.3397673535
-2.03999577
-0.235124528
-0.235124528
-0.8530195556
-0.8530195556
-0.8530195556
-0.8260990612
-0.8260990612
-0.8260990612
-0.8260990612
-0.8260990612
-3.012663716
-0.4282850853
-2.821221661
-2.821221661
-0.8353162253
-0.4071528916
-0.4071528916
-0.4071528916
-0.4071528916
-0.4071528916
-0.4071528916
-1.444007869
-0.7258043424
-0.7258043424
-0.7258043424
-0.7258043424
-1.076649647
-2.782326679
-0.2803440878
-0.2803440878
-0.2803440878
-0.2803440878
-1.3392528
-1.3392528
-1.3392528
-1.3392528
-0.2386200867
-0.2386200867
-0.2386200867
-0.2438786153
-0.2438786153
-0.4023400198
-0.2719083859
-0.2719083859
-0.2260204216
-0.2260204216
-0.2260204216
-0.2260204216
-0.2260204216
-0.2260204216
-0.2260204216
-0.2260204216
-0.2260204216
-0.739638438
-1.124010682
-1.124010682
-0.242694208
-0.242694208
-0.242694208
-0.242694208
-0.242694208
-0.242694208
-0.242694208
-0.242694208
-0.2333632284
-0.2333632284
-0.2333632284
-0.2333632284
-1.120283014
-0.5939519745
-0.8996137161
-2.968826241
-2.219895772
-2.219895772
-2.219895772
-2.219895772
-2.219895772
-2.219895772
-2.219895772
-1.054445524
-1.267289931
-1.267289931
-1.267289931
-1.267289931
-1.267289931
-1.208872569
-0.8613744472
-0.8613744472
-0.8613744472
-0.7102619376
-0.5649642261
-0.5649642261
-0.5649642261
-0.5984328499
-0.5984328499
-0.5984328499
-0.5984328499
-0.5984328499
-0.5984328499
-0.5984328499
-0.2259527645
-0.2259527645
-0.2259527645
-1.85828666
-0.4768428625
-0.4768428625
-0.4768428625
-0.5770180469
-0.5770180469
-4.778105866
-4.778105866
-4.778105866
-0.2565941246
-0.2565941246
-0.2565941246
-0.2279245526
-0.2279245526
-0.2279245526
-0.2279245526
-0.2279245526
-0.2279245526
-0.2279245526
-0.2279245526
-0.2279245526
-0.2279245526
-0.2640465883
-0.2640465883
-0.2640465883
-0.2873941751
-0.2873941751
-0.2873941751
-0.2856441664
-0.2856441664
-0.2371964932
-0.2371964932
-0.2371964932
-0.2371964932
-0.2371964932
-0.2371964932
-0.2371964932
-0.2371964932
-0.2371964932
-0.2371964932
-0.2371964932
-0.2371964932
-0.2371964932
-0.2371964932
-0.2371964932
-0.2371964932
-0.2371964932
-1.558780945
-1.655433612
-1.655433612
-1.655433612
-1.655433612
-1.655433612
-1.655433612
-1.140377603
-0.2932290269
-0.2932290269
-1.329409752
-0.775778193
-0.775778193
-0.4576961699
-0.4576961699
-0.4576961699
-0.4576961699
-0.4576961699
-0.4576961699
-0.4576961699
-0.4576961699
-0.748944105
-1.032215952
-1.032215952
-1.032215952
-1.032215952
-1.032215952
-1.032215952
-1.032215952
-1.032215952
-1.032215952
-1.032215952
-1.032215952
-1.286189494
-1.346933444
-0.2550058116
-0.2550058116
-0.2550058116
-0.2550058116
-0.2550058116
-0.2550058116
-0.2550058116
-0.2550058116
-0.2550058116
-0.2550058116
-0.2299259213
-0.2299259213
-0.2299259213
-0.504762202
-0.504762202
-0.504762202
-0.3146019921
-0.3146019921
-0.3146019921
-0.3146019921
-0.3146019921
-0.3146019921
-0.2388081011
-0.2388081011
-0.2388081011
-0.2388081011
-0.2388081011
-0.2388081011
-0.2388081011
-0.2388081011
-0.2388081011
-0.2388081011
-0.2388081011
-0.2388081011
-0.2388081011
-1.604201241
-1.604201241
-1.604201241
-1.604201241
-0.6795057952
-0.4110139208
-0.4110139208
-0.4110139208
-0.4110139208
-0.4110139208
-0.4110139208
-0.4110139208
-0.4110139208
-0.2957842778
-0.2957842778
-0.2957842778
-0.7102748897
-0.7102748897
-0.7102748897
-0.7102748897
-0.7102748897
-0.7102748897
-0.7102748897
-0.7102748897
-1.549555676
-0.3231629006
-0.3231629006
-0.3231629006
-0.3231629006
-0.3231629006
-0.3231629006
-0.3231629006
-0.3231629006
-0.3231629006
-0.3231629006
-0.3231629006
-0.3231629006
-0.3231629006
-0.3231629006
-0.3231629006
-0.3231629006
-0.2400684366
-0.2400684366
-0.2400684366
-0.2400684366
-0.2400684366
-0.2400684366
-0.2400684366
-0.2400684366
-0.2400684366
-0.7895745415
-0.7895745415
-0.7895745415
-0.7895745415
-0.7895745415
-0.7895745415
-0.7895745415
-0.7895745415
-0.7895745415
-0.7895745415
-0.2524465266
-0.2524465266
-0.7218361009
-0.6665321453
-0.2565597571
-0.2565597571
-0.2565597571
-0.2565597571
-0.2565597571
-0.2565597571
-0.2565597571
-0.42020128
-0.2684463543
-0.2684463543
-0.2684463543
-0.2684463543
-0.2352669933
-0.2352669933
-2.364923626
-1.164547543
-2.069309178
-0.3418165777
-0.3418165777
-0.3418165777
-0.3418165777
-0.3418165777
-0.3418165777
-0.3418165777
-0.3418165777
-0.3418165777
-0.3418165777
-0.3418165777
-0.3418165777
-0.3418165777
-0.3418165777
-0.3418165777
-0.3418165777
-0.3253943671
-0.3253943671
-0.3253943671
-0.3253943671
-0.3253943671
-0.3253943671
-0.3253943671
-0.3253943671
-0.3253943671
-0.3253943671
-0.3253943671
-0.3253943671
-0.3253943671
-0.3253943671
-0.3253943671
-0.363929301
-0.363929301
-0.363929301
-0.363929301
-0.363929301
-0.363929301
-0.363929301
-0.363929301
-0.363929301
-1.002078713
-1.002078713
-1.002078713
-2.57606616
-2.57606616
-0.6414286901
-0.6414286901
-0.6414286901
-0.6414286901
-0.6414286901
-0.6414286901
-0.6414286901
-0.6414286901
-0.6414286901
-0.6414286901
-0.9143518309
-0.9143518309
-0.9143518309
-0.9143518309
-0.9143518309
-0.9143518309
-0.9143518309
-0.9143518309
-0.9143518309
-6.665176313
-6.665176313
-1.528532873
-1.012686103
-1.682713529
-1.682713529
-1.678676157
-1.678676157
-1.678676157
-1.678676157
-1.678676157
-1.678676157
-1.277292244
-1.277292244
-1.277292244
-1.277292244
-1.74890906
-1.74890906
-0.8264613036
-0.8264613036
-0.8264613036
-0.8264613036
-0.8264613036
-0.8264613036
-0.8264613036
-0.8264613036
-0.8264613036
-0.8264613036
-0.4238006923
-0.2551902291
-0.2551902291
-0.2551902291
-0.2551902291
-0.2551902291
-0.2551902291
-0.2551902291
-0.4945799554
-0.4945799554
-0.4945799554
-0.9441491462
-0.9441491462
-0.9441491462
-0.9441491462
-0.920250432
-0.920250432
-4.15842712
-4.15842712
-4.15842712
-4.15842712
-3.752973552
-3.752973552
-3.752973552
-3.752973552
-3.752973552
-3.752973552
-0.2816819152
-0.2816819152
-0.2816819152
-0.2816819152
-0.2816819152
-0.2816819152
-0.2816819152
-0.2816819152
-0.2816819152
-0.2816819152
-0.2816819152
-0.2816819152
-1.634262984
-0.6696726022
-0.6696726022
-0.6696726022
-0.2376176684
-0.2376176684
-0.2376176684
-0.2376176684
-0.2376176684
-0.2338903316
-0.5939030636
-0.5939030636
-0.5939030636
-0.5939030636
-0.2339633327
-0.2339633327
-0.2339633327
-0.2297711667
-0.2297711667
-0.2297711667
-0.2297711667
-0.2297711667
-0.2297711667
-0.2297711667
-0.2297711667
-0.2297711667
-0.2297711667
-0.2297711667
-0.8195421187
-0.4127973832
-0.4127973832
-1.186075773
-1.186075773
-0.4281729002
-0.2553861804
-0.2553861804
-0.2342919587
-0.2342919587
-0.2342919587
-0.2342919587
-0.2342919587
-0.2342919587
-0.2342919587
-0.2342919587
-0.2342919587
-0.2342919587
-0.2342919587
-0.2342919587
-0.2342919587
-0.2342919587
-0.2342919587
-0.2342919587
-0.2342919587
-0.2342919587
-0.2342919587
-0.2342919587
-0.2342919587
-0.2342919587
-0.2342919587
-0.2342919587
-0.2342919587
-0.2342919587
-0.5440351683
-0.5440351683
-0.5440351683
-0.5440351683
-0.5440351683
-0.8409003659
-1.440540882
-1.440540882
-1.440540882
-0.987699017
-0.244119863
-0.244119863
-0.244119863
-0.244119863
-0.244119863
-0.244119863
-0.244119863
-0.244119863
-0.7533127388
-0.7533127388
-0.7533127388
-0.2828276186
-0.2828276186
-0.2828276186
-0.2828276186
-0.2828276186
-0.2828276186
-0.2828276186
-0.2828276186
-0.2828276186
-0.2828276186
-2.401429344
-2.401429344
-2.401429344
-2.401429344
-1.78793362
-0.2973271601
-0.2973271601
-0.2973271601
-0.2973271601
-0.2973271601
-0.2973271601
-0.2973271601
-0.2973271601
-0.2973271601
-0.2973271601
-0.2973271601
-0.2973271601
-0.2973271601
-0.2654278779
-0.2654278779
-0.2654278779
-0.2654278779
-0.2654278779
-0.2654278779
-0.2654278779
-0.6186199093
-0.6186199093
-0.6186199093
-0.2423127754
-0.2423127754
-0.2423127754
-0.2423127754
-0.2423127754
-0.2423127754
-0.2423127754
-0.2423127754
-0.2423127754
-0.2423127754
-0.2423127754
-0.3167374222
-0.2258197602
-0.2258197602
-0.2258197602
-0.2258197602
-0.2258197602
-0.2258197602
-0.2258197602
-0.2258197602
-0.2258197602
-0.6611666268
-0.6611666268
-0.6611666268
-0.6611666268
-0.6611666268
-0.6611666268
-0.6611666268
-0.6611666268
-0.6611666268
-0.6611666268
-1.323119018
-1.323119018
-1.03529092
-0.4926158101
-0.4926158101
-0.7628336419
-0.6822571331
-0.6822571331
-0.6822571331
-0.6822571331
-0.3545280258
-0.3545280258
-0.3545280258
-0.3545280258
-0.3545280258
-0.3545280258
-0.3545280258
-0.3545280258
-0.3545280258
-0.3545280258
-0.3545280258
-0.3545280258
-0.3545280258
-0.3545280258
-0.3545280258
-0.3545280258
-0.3545280258
-0.8360216901
-0.8360216901
-0.2776642718
-0.2776642718
-0.2776642718
-0.2776642718
-0.2776642718
-0.2776642718
-1.060029949
-1.060029949
-0.9211499304
-0.9211499304
-0.9211499304
-0.3126040219
-0.3126040219
-0.3480856983
-0.3480856983
-0.3480856983
-0.2938889102
-0.2938889102
-1.671328672
-1.671328672
-2.607817472
-2.607817472
-0.2258421045
-0.2284287552
-0.2284287552
-0.2284287552
-0.2284287552
-0.2284287552
-0.2284287552
-0.2284287552
-0.2284287552
-0.2284287552
-0.2284287552
-0.2284287552
-0.2284287552
-0.2284287552
-0.2284287552
-0.2284287552
-0.2284287552
-0.2284287552
-0.2284287552
-0.300946837
-0.300946837
-0.300946837
-0.300946837
-0.6476843867
-0.6476843867
-0.6476843867
-0.7060662146
-0.7060662146
-0.7060662146
-0.7060662146
-0.7060662146
-0.2994421441
-0.2994421441
-0.6682326722
-0.6682326722
-0.6682326722
-0.6682326722
-0.6682326722
-0.6682326722
-0.6682326722
-0.2261765216
-0.2261765216
-0.2261765216
-0.2377466025
-0.2377466025
-0.2856035211
-0.2856035211
-0.2856035211
-0.3513757181
-0.3513757181
-0.3513757181
-0.3513757181
-0.6410094673
-0.6410094673
-0.6410094673
-0.6410094673
-0.6410094673
-0.6410094673
-0.6410094673
-0.6410094673
-0.6410094673
-0.6410094673
-0.6410094673
-0.2347030636
-0.2347030636
-0.2347030636
-0.2347030636
-0.2347030636
-0.2347030636
-0.2347030636
-0.2347030636
-0.3261804753
-0.3261804753
-0.2266341818
-0.2266341818
-0.2266341818
-0.2266341818
-0.2266341818
-0.2266341818
-0.2364555353
-0.6961795015
-0.3739847088
-0.3739847088
-0.5246355875
-0.5246355875
-0.5246355875
-0.5528870123
-0.5528870123
-0.5528870123
-0.5528870123
-0.5528870123
-0.3274756956
-0.3274756956
-0.3274756956
-0.3274756956
-0.403167155
-0.403167155
-0.403167155
-0.403167155
-0.403167155
-0.403167155
-0.403167155
-0.403167155
-0.2399814362
-0.2399814362
-0.2399814362
-0.2584718486
-0.2584718486
-0.2584718486
-0.2584718486
-0.2584718486
-0.2584718486
-0.379968217
-0.379968217
-0.379968217
-0.379968217
-0.9360382447
-0.6859733487
-0.6859733487
-0.4041510756
-0.4041510756
-0.4397316803
-0.4397316803
-0.2265325423
-0.5074470128
-0.5074470128
-0.5074470128
-0.5074470128
-0.5074470128
-0.5074470128
-0.5074470128
-0.3168236094
-0.3168236094
-0.3168236094
-0.3168236094
-0.2257914216
-0.2257914216
-0.2257914216
-0.2257914216
-0.253158379
-0.253158379
-2.698388365
-2.698388365
-2.698388365
-2.698388365
-2.698388365
-0.2349399784
-0.2436837146
-0.2436837146
-0.2436837146
-0.2436837146
-0.2436837146
-0.2436837146
-0.2379287474
-0.2379287474
-0.2379287474
-0.2379287474
-1.208286915
-0.5886111448
-0.5886111448
-0.5886111448
-0.5886111448
-0.5886111448
-0.5886111448
-0.8147468964
-0.8147468964
-0.8147468964
-0.8147468964
-1.029704421
-0.9948945531
-1.598682704
-1.598682704
-1.598682704
-0.3824658605
-0.2955059357
-0.2955059357
-0.7111562047
-0.7111562047
-0.7111562047
-0.7111562047
-0.3986920721
-0.276898897
-0.276898897
-0.276898897
-0.276898897
-0.276898897
-0.276898897
-0.276898897
-0.276898897
-0.276898897
-0.276898897
-0.276898897
-0.276898897
-0.276898897
-0.276898897
-0.276898897
-0.276898897
-0.276898897
-0.276898897
-0.276898897
-0.276898897
-0.276898897
-0.276898897
-0.276898897
-0.276898897
-0.276898897
-0.276898897
-0.276898897
-0.276898897
-0.276898897
-0.276898897
-0.276898897
-0.276898897
-0.276898897
-1.004410762
-1.004410762
-0.993132578
-0.993132578
-0.8072890192
-0.8072890192
-0.6243524776
-0.6243524776
-0.6243524776
-0.6243524776
-0.6243524776
-0.6243524776
-0.6243524776
-0.6243524776
-0.2315923252
-0.2315923252
-0.2315923252
-0.2315923252
-0.2315923252
-0.2315923252
-0.2315923252
-3.243797382
-0.3798605725
-0.3027448786
-0.3027448786
-0.3027448786
-0.3027448786
-0.3027448786
-0.3027448786
-0.3027448786
-0.3027448786
-0.3027448786
-2.386438256
-0.8226448103
-0.8226448103
-0.8226448103
-0.8226448103
-0.8226448103
-0.8226448103
-0.8226448103
-0.8226448103
-0.8226448103
-0.8226448103
-0.8226448103
-0.8226448103
-1.284844026
-0.3260549693
-0.3260549693
-0.3260549693
-0.3260549693
-0.3061326234
-0.3061326234
-0.3061326234
-0.3061326234
-0.3061326234
-0.6761101547
-0.6761101547
-0.6761101547
-0.3071576205
-0.3071576205
-0.3071576205
-0.3071576205
-0.3071576205
-0.3071576205
-0.3071576205
-0.3071576205
-0.3071576205
-0.3071576205
-0.3071576205
-1.5852311
-1.863260063
-1.863260063
-1.203760888
-1.203760888
-1.203760888
-1.203760888
-1.203760888
-1.203760888
-1.203760888
-0.3459032223
-0.3459032223
-0.3459032223
-0.3459032223
-0.3459032223
-0.3459032223
-0.3875437377
-0.3875437377
-0.3875437377
-0.3875437377
-0.3875437377
-0.3875437377
-0.3875437377
-0.3875437377
-0.3697098635
-0.3697098635
-0.2536047116
-0.2536047116
-0.2536047116
-0.2536047116
-0.2536047116
-0.2536047116
-0.2536047116
-0.2380530342
-0.2380530342
-0.3525686196
-0.3525686196
-0.3525686196
-0.3525686196
-0.3525686196
-0.3525686196
-0.3525686196
-0.3525686196
-0.3525686196
-0.3525686196
-0.2979653729
-0.2979653729
-0.2979653729
-0.2979653729
-0.2979653729
-0.2979653729
-0.2979653729
-0.2979653729
-0.2979653729
-0.2979653729
-0.225873118
-0.225873118
-0.225873118
-0.225873118
-0.225873118
-0.225873118
-0.2321451334
-0.2321451334
-0.2321451334
-0.2321451334
-0.3333383884
-0.3333383884
-0.3333383884
-0.3333383884
-0.3333383884
-0.3333383884
-0.3333383884
-0.3333383884
-0.3333383884
-0.3333383884
-0.3333383884
-1.457161786
-1.457161786
-1.11060471
-0.7341720345
-0.7341720345
-0.7341720345
-0.7341720345
-1.014910439
-0.4905871927
-0.4905871927
-0.4905871927
-0.4905871927
-0.4905871927
-0.4905871927
-0.4905871927
-0.4905871927
-0.2317761844
-0.2317761844
-0.2317761844
-2.126695396
-2.126695396
-0.304848486
-0.304848486
-0.4995703852
-0.4995703852
-0.4995703852
-0.4995703852
-0.4995703852
-0.4995703852
-0.4995703852
-0.4995703852
-0.3723123073
-0.3723123073
-0.3723123073
-0.3723123073
-0.998124342
-0.226716564
-0.226716564
-0.226716564
-0.226716564
-0.226716564
-0.226716564
-0.226716564
-0.226716564
-0.2275747127
-0.2275747127
-0.2275747127
-0.2275747127
-0.2275747127
-0.2275747127
-0.2275747127
-0.2275747127
-0.2275747127
-0.2275747127
-0.4739850968
-0.4739850968
-0.4739850968
-0.2528126489
-0.2528126489
-0.2528126489
-0.2528126489
-0.2528126489
-0.2528126489
-0.2528126489
-0.2528126489
-0.2528126489
-0.2528126489
-0.2528126489
-1.075453544
-0.883057598
-0.883057598
-0.7265670787
-0.7265670787
-0.7319694204
-0.7319694204
-0.7319694204
-0.7319694204
-0.7319694204
-0.7319694204
-1.485586347
-1.485586347
-1.485586347
-1.471543309
-1.471543309
-1.197387866
-0.3260785223
-0.3260785223
-0.6749238371
-0.6749238371
-0.6749238371
-0.6749238371
-0.6749238371
-0.6749238371
-0.6749238371
-0.6749238371
-0.6749238371
-0.2758556047
-0.2758556047
-0.2758556047
-0.2758556047
-0.2567500979
-0.2567500979
-0.2567500979
-0.2567500979
-4.43481669
-1.114361563
-2.315791238
-2.315791238
-2.315791238
-2.315791238
-2.315791238
-2.315791238
-0.2703955201
-0.3094593772
-0.3094593772
-0.3094593772
-0.3094593772
-0.5980644669
-0.5980644669
-0.5980644669
-0.5980644669
-0.5980644669
-0.5980644669
-0.3977256995
-0.7483037045
-0.3900954241
-0.3900954241
-0.7678689098
-0.7678689098
-0.7678689098
-0.7678689098
-0.7678689098
-0.4786642548
-0.4786642548
-0.2567216313
-0.2326687691
-0.4683982896
-0.4683982896
-0.8662684245
-0.8662684245
-0.8662684245
-0.8662684245
-0.8662684245
-0.8662684245
-0.8662684245
-0.8662684245
-0.8662684245
-0.8662684245
-1.144254645
-1.284760645
-1.284760645
-1.284760645
-1.284760645
-1.284760645
-0.3390162671
-0.3390162671
-0.3390162671
-0.3139623932
-0.3139623932
-0.4132137482
-0.4132137482
-0.4132137482
-0.4132137482
-0.4132137482
-0.4132137482
-0.4132137482
-0.490987571
-0.490987571
-0.490987571
-2.243968069
-2.243968069
-2.243968069
-3.014993317
-3.014993317
-3.014993317
-3.014993317
-3.014993317
-0.2260896893
-0.2260896893
-0.392456803
-0.392456803
-0.392456803
-0.392456803
-0.392456803
-0.392456803
-0.6980569612
-0.6980569612
-0.6980569612
-0.6980569612
-0.6980569612
-0.6980569612
-0.6011396422
-0.6011396422
-0.7134131109
-0.5261350062
-0.5261350062
-0.5261350062
-0.5261350062
-0.5261350062
-0.5261350062
-0.5261350062
-0.5261350062
-0.5261350062
-0.5261350062
-0.5261350062
-0.5261350062
-0.5261350062
-0.5261350062
-0.2257993236
-0.2257993236
-0.2257993236
-0.2257993236
-1.200984734
-1.200984734
-1.200984734
-1.200984734
-1.200984734
-1.493286712
-1.493286712
-1.493286712
-2.639958801
-2.639958801
-0.2258067489
-0.2258067489
-0.2258067489
-0.2258067489
-0.2258067489
-0.2258067489
-0.2258067489
-2.02565397
-2.02565397
-2.02565397
-2.02565397
-2.02565397
-2.02565397
-3.089731714
-3.089731714
-3.089731714
-3.089731714
-3.089731714
-3.089731714
-0.8309707043
-0.8309707043
-0.8309707043
-0.8309707043
-0.5667370506
-0.5667370506
-0.5667370506
-0.5667370506
-0.5667370506
-0.5667370506
-0.5667370506
-0.2985454759
-0.2985454759
-0.2985454759
-0.2985454759
-0.2985454759
-0.2985454759
-0.2985454759
-0.2985454759
-0.3612193255
-0.3612193255
-0.3612193255
-0.3612193255
-0.3612193255
-0.3612193255
-0.3612193255
-0.3612193255
-0.3612193255
-0.3612193255
-0.3612193255
-0.3612193255
-0.3612193255
-0.3612193255
-0.3612193255
-0.2310789467
-0.2310789467
-0.2310789467
-0.2310789467
-0.2310789467
-0.2310789467
-0.2310789467
-0.2310789467
-0.2310789467
-0.2310789467
-0.2310789467
-1.319230284
-0.3203139611
-0.3203139611
-0.3203139611
-0.3203139611
-0.3203139611
-0.3203139611
-0.3203139611
-0.3203139611
-0.3203139611
-0.3203139611
-0.3203139611
-0.2562434228
-0.2562434228
-0.7300088918
-0.7300088918
-2.415785819
-2.082897663
-2.082897663
-2.082897663
-1.683965733
-1.683965733
-0.2692100349
-0.304797624
-0.327920392
-0.327920392
-0.327920392
-0.327920392
-0.327920392
-0.327920392
-0.327920392
-0.327920392
-0.6727610251
-0.6727610251
-4.074636329
-4.074636329
-4.074636329
-4.074636329
-0.491058688
-0.491058688
-0.3265592418
-1.320370333
-1.320370333
-1.320370333
-0.2787113765
-0.5775825663
-0.5775825663
-0.832017382
-0.3089391266
-0.3089391266
-0.3089391266
-0.3089391266
-0.3089391266
-0.3089391266
-0.3089391266
-0.3089391266
-0.3089391266
-0.3089391266
-0.3089391266
-0.3089391266
-0.3089391266
-0.3089391266
-0.3089391266
-0.3089391266
-0.3089391266
-0.3089391266
-0.3089391266
-0.3089391266
-0.3089391266
-0.5196010489
-0.5196010489
-0.5196010489
-0.5196010489
-0.5196010489
-0.6133604474
-1.49808676
-1.49808676
-0.8633154926
-0.8633154926
-0.8633154926
-0.8633154926
-0.8633154926
-0.9514495543
-0.9514495543
-0.9514495543
-2.493818026
-2.493818026
-2.493818026
-2.493818026
-2.493818026
-2.493818026
-2.493818026
-2.493818026
-2.493818026
-1.386914559
-1.020541056
-1.020541056
-1.020541056
-1.020541056
-1.020541056
-1.020541056
-1.020541056
-1.240554522
-0.2470586246
-0.2470586246
-0.2470586246
-0.2470586246
-0.2470586246
-1.745794511
-0.4520932461
-0.4520932461
-0.4520932461
-0.4520932461
-0.8267093249
-0.8267093249
-0.8267093249
-0.8267093249
-0.8267093249
-0.4530065768
-0.2590652993
-0.8243652143
-0.8243652143
-0.8243652143
-0.8243652143
-0.8243652143
-1.491717984
-0.4742539916
-0.8489859859
-0.8489859859
-0.8489859859
-0.8489859859
-1.19077744
-1.19077744
-1.19077744
-1.19077744
-1.19077744
-1.19077744
-0.2404195942
-0.2404195942
-0.2404195942
-0.6371001057
-0.3017127844
-0.3017127844
-0.3017127844
-0.3017127844
-0.2273444802
-0.2273444802
-0.2273444802
-0.2273444802
-0.2273444802
-0.2273444802
-0.2273444802
-0.2273444802
-0.2273444802
-0.2273444802
-0.2273444802
-0.5001051866
-0.5659482094
-0.5659482094
-0.2266720625
-0.2266720625
-0.2266720625
-3.663922847
-3.663922847
-3.269361334
-2.109202252
-0.9321753367
-0.9321753367
-0.9321753367
-0.9321753367
-1.13194394
-1.13194394
-0.4376780347
-0.4376780347
-0.4376780347
-0.4376780347
-0.4376780347
-0.4376780347
-0.4376780347
-0.3070558588
-0.3070558588
-0.3070558588
-0.3070558588
-0.3070558588
-0.3070558588
-0.3070558588
-0.3070558588
-0.3070558588
-0.3070558588
-0.3070558588
-0.3070558588
-0.3070558588
-0.3070558588
-0.3070558588
-0.3070558588
-0.3070558588
-0.3070558588
-0.3070558588
-2.038472866
-0.6612856965
-0.6612856965
-0.6612856965
-0.6612856965
-0.6612856965
-0.6612856965
-0.6612856965
-0.2284904499
-0.2284904499
-0.2284904499
-0.2284904499
-0.2284904499
-1.422496938
-0.2265854271
-0.2265854271
-0.2265854271
-0.2265854271
-0.3698471049
-0.3698471049
-0.3698471049
-0.3698471049
-0.4783799411
-0.4783799411
-0.4783799411
-0.4783799411
-0.2697901385
-0.2697901385
-1.176284034
-1.176284034
-1.176284034
-1.176284034
-1.176284034
-1.176284034
-1.176284034
-0.4286881888
-0.4286881888
-0.4286881888
-0.4286881888
-0.4286881888
-0.4286881888
-0.4286881888
-0.4286881888
-0.4286881888
-0.4286881888
-0.4286881888
-0.4286881888
-0.4286881888
-0.4286881888
-0.4286881888
-0.4286881888
-0.39632064
-0.39632064
-0.39632064
-0.39632064
-0.2312210578
-0.2312210578
-0.886614351
-0.886614351
-0.886614351
-0.2264705348
-0.2264705348
-0.2264705348
-0.2264705348
-1.523792626
-1.523792626
-1.523792626
-1.523792626
-0.3720104913
-0.3720104913
-1.012794307
-1.012794307
-1.012794307
-1.012794307
-1.012794307
-1.33031878
-1.33031878
-0.7523873162
-0.2265779766
-0.2265779766
-0.2265779766
-1.781951107
-1.781951107
-0.3506796424
-0.3506796424
-0.3506796424
-0.3506796424
-0.3506796424
-0.3506796424
-0.3506796424
-0.3506796424
-0.3506796424
-0.588380219
-0.588380219
-0.588380219
-0.588380219
-0.588380219
-0.588380219
-0.588380219
-0.588380219
-0.2530415877
-0.2530415877
-0.2530415877
-0.2530415877
-0.2530415877
-0.2530415877
-0.2530415877
-0.2530415877
-0.2530415877
-0.2530415877
-0.2530415877
-0.2530415877
-0.2530415877
-0.2530415877
-0.2530415877
-0.2530415877
-0.2625967419
-0.2625967419
-0.2625967419
-0.2625967419
-0.7734683465
-0.4491315324
-0.4491315324
-0.6904241589
-0.6904241589
-0.6904241589
-0.6904241589
-0.6904241589
-0.6904241589
-0.6904241589
-4.950999303
-4.950999303
-4.950999303
-4.950999303
-1.878363781
-1.878363781
-1.878363781
-0.9060819579
-0.3856235948
-0.3856235948
-0.3856235948
-0.3856235948
-0.3856235948
-0.3856235948
-0.3856235948
-0.2364379407
-0.2364379407
-0.2364379407
-0.8326170282
-0.8326170282
-0.8326170282
-0.8326170282
-0.2948417657
-0.2948417657
-0.8092553937
-0.8092553937
-0.4231292179
-0.2279277356
-0.2279277356
-0.2279277356
-0.2279277356
-0.2279277356
-0.2279277356
-0.2837956325
-0.2837956325
-0.2837956325
-0.2837956325
-0.7917499454
-0.7917499454
-0.7917499454
-0.3053191917
-0.3053191917
-0.3053191917
-0.3053191917
-1.330183242
-1.330183242
-1.330183242
-1.330183242
-1.382912222
-1.382912222
-1.382912222
-1.382912222
-0.4532522775
-0.4532522775
-0.5008134914
-0.5008134914
-0.5008134914
-0.5008134914
-0.5008134914
-0.5008134914
-0.5008134914
-0.3862249351
-0.3862249351
-0.3862249351
-2.397724618
-2.397724618
-2.397724618
-2.925470184
-0.6222407596
-0.6222407596
-0.6222407596
-0.6222407596
-0.6222407596
-0.6222407596
-0.6222407596
-0.6222407596
-0.8690931853
-0.2435207047
-1.892932306
-1.892932306
-1.892932306
-1.892932306
-0.559769167
-0.559769167
-0.559769167
-0.559769167
-0.559769167
-0.559769167
-0.559769167
-0.559769167
-0.559769167
-0.559769167
-0.9808349537
-0.3306201899
-0.3306201899
-0.3306201899
-0.3306201899
-0.3306201899
-0.3306201899
-0.3306201899
-0.3306201899
-0.3306201899
-1.592486733
-1.592486733
-1.592486733
-1.592486733
-1.592486733
-1.779776228
-0.5610529276
-0.5610529276
-0.5610529276
-0.5610529276
-0.5610529276
-0.5610529276
-0.5610529276
-0.6424773671
-0.5556712794
-0.5764305746
-0.5764305746
-0.4234958313
-0.4234958313
-0.4234958313
-0.4234958313
-0.4234958313
-0.4234958313
-0.4234958313
-0.4234958313
-0.4234958313
-0.4234958313
-0.4234958313
-0.4234958313
-0.4234958313
-0.4234958313
-0.4234958313
-0.4234958313
-0.4234958313
-0.2765979678
-0.2765979678
-0.5360871418
-0.5360871418
-0.5360871418
-0.2264354895
-0.2264354895
-0.2264354895
-0.2264354895
-0.2264354895
-0.2264354895
-0.2275315608
-0.2275315608
-0.2275315608
-0.2275315608
-0.2275315608
-0.2275315608
-0.2275315608
-0.2275315608
-0.2275315608
-0.2275315608
-0.2275315608
-0.2275315608
-0.2275315608
-0.2696259752
-3.396104732
-3.396104732
-3.396104732
-3.396104732
-1.561244308
-1.561244308
-1.561244308
-1.561244308
-0.6937132157
-0.6937132157
-0.6937132157
-0.6937132157
-0.6937132157
-0.6937132157
-0.6937132157
-0.6937132157
-0.6937132157
-0.6937132157
-0.2897073476
-1.404464697
-0.2276896971
-0.5106991649
-0.5106991649
-0.5106991649
-0.5106991649
-0.5106991649
-0.5106991649
-0.5106991649
-0.5106991649
-0.5106991649
-0.5106991649
-0.5106991649
-0.5106991649
-0.5106991649
-0.5106991649
-0.5106991649
-0.5106991649
-0.5106991649
-0.5106991649
-0.5106991649
-0.5106991649
-0.5106991649
-0.5106991649
-0.5106991649
-0.5106991649
-0.5106991649
-0.5106991649
-0.2391569609
-0.2391569609
-0.2391569609
-0.2391569609
-0.2391569609
-0.2391569609
-0.3656176423
-1.575274759
-2.594536513
-2.594536513
-2.594536513
-2.594536513
-2.594536513
-2.594536513
-2.594536513
-2.594536513
-2.594536513
-0.5384341234
-0.5384341234
-0.2337865502
-0.2337865502
-0.2337865502
-0.2337865502
-0.5405742211
-0.5405742211
-0.5405742211
-0.5405742211
-1.905119755
-0.3855094496
-0.2262014735
-0.2262014735
-0.2262014735
-0.2262014735
-0.2262014735
-0.2262014735
-0.5121365506
-0.2513467282
-0.2513467282
-0.3557137342
-0.3557137342
-0.3557137342
-0.3557137342
-0.3557137342
-0.8137025667
-4.888438668
-4.888438668
-4.888438668
-4.888438668
-1.564802007
-1.564802007
-0.3509927875
-1.634090188
-1.634090188
-1.345902801
-0.2476377554
-0.2476377554
-0.2476377554
-0.2476377554
-0.2476377554
-0.2476377554
-0.2476377554
-0.2476377554
-0.2476377554
-0.2476377554
-0.2476377554
-0.2476377554
-0.2476377554
-0.2476377554
-0.2476377554
-0.2476377554
-0.2476377554
-0.2476377554
-0.2476377554
-0.2476377554
-0.2476377554
-0.2476377554
-0.2411616879
-0.2411616879
-0.2411616879
-0.2411616879
-0.2411616879
-0.2411616879
-0.2946427007
-0.2946427007
-2.039520283
-1.548056165
-1.548056165
-1.548056165
-1.548056165
-1.548056165
-1.548056165
-1.548056165
-1.548056165
-0.4698085948
-0.4698085948
-0.4698085948
-0.9199077549
-0.9199077549
-0.9199077549
-0.9199077549
-0.9199077549
-0.9199077549
-0.9199077549
-0.9199077549
-0.9199077549
-0.4220060727
-0.4220060727
-0.4220060727
-0.4220060727
-0.4220060727
-0.4220060727
-0.4220060727
-0.4220060727
-0.4220060727
-0.4220060727
-0.2866126793
-0.2866126793
-0.2866126793
-0.469126835
-0.469126835
-1.48976346
-1.48976346
-1.48976346
-0.5491950759
-0.5491950759
-0.2755018903
-0.2755018903
-0.8367933141
-0.8367933141
-0.8367933141
-0.8367933141
-0.8367933141
-0.8367933141
-0.8367933141
-0.8367933141
-0.8367933141
-0.8367933141
-0.6632667967
-0.6632667967
-0.3165286013
-0.2580423296
-0.2580423296
-0.2580423296
-0.2580423296
-0.3258207659
-0.3258207659
-0.3258207659
-0.2290483208
-0.2290483208
-0.2290483208
-0.2290483208
-0.3703585248
-0.3703585248
-0.4868126548
-0.4868126548
-0.4868126548
-0.4868126548
-0.4868126548
-0.4868126548
-0.4868126548
-1.637086991
-2.798875258
-4.249857606
-1.013097484
-1.013097484
-1.465148273
-1.465148273
-1.465148273
-1.465148273
-1.465148273
-2.647552897
-2.647552897
-0.3325000885
-0.3325000885
-0.3325000885
-0.9761017814
-1.138352751
-1.312922934
-1.312922934
-0.7139630178
-0.7139630178
-0.7139630178
-0.7139630178
-0.7139630178
-0.489624185
-0.489624185
-0.489624185
-0.2258487325
-0.2258487325
-0.2976207326
-0.2976207326
-0.2976207326
-0.2976207326
-0.2976207326
-0.2976207326
-0.2976207326
-0.2976207326
-0.5210512699
-0.5210512699
-0.5210512699
-0.5210512699
-0.5210512699
-0.4210573857
-0.4210573857
-0.4210573857
-0.4210573857
-0.4210573857
-0.4385101453
-0.4385101453
-1.272617164
-1.272617164
-1.272617164
-1.272617164
-1.272617164
-1.272617164
-1.272617164
-1.272617164
-1.966077006
-1.966077006
-1.966077006
-1.966077006
-1.966077006
-1.966077006
-1.966077006
-0.427335829
-0.427335829
-0.427335829
-0.427335829
-0.427335829
-0.427335829
-0.427335829
-0.427335829
-0.427335829
-0.427335829
-0.427335829
-0.5373731312
-0.5373731312
-0.5373731312
-0.227115817
-0.227115817
-0.227115817
-0.227115817
-0.227115817
-0.227115817
-0.227115817
-0.227115817
-0.227115817
-0.227115817
-0.5235366401
-0.5235366401
-0.5235366401
-0.5235366401
-0.5235366401
-0.5235366401
-0.5246911973
-0.5246911973
-0.5246911973
-0.5246911973
-0.5246911973
-0.5246911973
-0.2790538416
-0.5173404647
-0.242902676
-0.242902676
-0.242902676
-0.242902676
-0.242902676
-0.242902676
-0.242902676
-0.242902676
-0.242902676
-0.242902676
-0.242902676
-0.242902676
-0.242902676
-0.242902676
-0.242902676
-0.242902676
-0.242902676
-0.2620122771
-1.627391697
-1.627391697
-1.627391697
-1.627391697
-1.627391697
-0.2947539168
-0.2947539168
-0.2947539168
-0.8241742931
-0.8241742931
-0.2646590028
-0.408089773
-0.408089773
-1.6235051
-1.6235051
-1.6235051
-1.6235051
-1.6235051
-1.6235051
-0.581507549
-0.581507549
-0.581507549
-0.581507549
-0.2449260958
-0.6087111423
-0.6087111423
-0.6087111423
-0.6087111423
-0.6087111423
-1.092489851
-1.092489851
-1.092489851
-1.092489851
-0.3080293983
-0.3080293983
-0.3080293983
-0.3080293983
-0.3080293983
-0.2714659513
-0.2714659513
-0.2714659513
-0.2265336573
-0.2265336573
-0.2265336573
-0.225960661
-0.225960661
-0.2905916147
-0.2291040495
-0.2291040495
-0.2291040495
-0.2291040495
-0.2291040495
-0.2291040495
-0.2291040495
-0.2666314814
-0.70034895
-0.70034895
-0.70034895
-0.70034895
-0.70034895
-0.70034895
-3.205702429
-3.205702429
-3.205702429
-3.205702429
-3.155887664
-3.366045571
-3.366045571
-3.366045571
-3.366045571
-3.366045571
-6.137243877
-0.8096993167
-0.2284872833
-0.7566041733
-0.3375867222
-0.3375867222
-0.3375867222
-0.4840448959
-0.4840448959
-0.4840448959
-0.4840448959
-0.3188048756
-0.3188048756
-0.3608491881
-0.3608491881
-0.3608491881
-0.3608491881
-0.3608491881
-0.3608491881
-0.3608491881
-0.3608491881
-0.3608491881
-0.3608491881
-0.3608491881
-0.3608491881
-1.74309574
-1.74309574
-1.74309574
-1.74309574
-1.525459613
-1.525459613
-1.525459613
-2.295749654
-2.295749654
-1.633713345
-1.800900952
-1.800900952
-1.800900952
-1.800900952
-1.800900952
-1.800900952
-0.2264385557
-0.2264385557
-0.4980955821
-0.4980955821
-0.4980955821
-0.3187945177
-0.3187945177
-2.105791772
-0.3122294002
-0.3122294002
-0.3122294002
-0.3122294002
-0.3122294002
-0.3122294002
-0.3122294002
-0.3122294002
-0.3122294002
-0.3122294002
-0.3122294002
-0.3122294002
-0.3122294002
-0.3122294002
-0.3122294002
-0.3122294002
-0.3122294002
-0.3122294002
-0.3122294002
-0.3122294002
-0.3122294002
-0.3122294002
-0.3122294002
-1.065020794
-1.065020794
-1.065020794
-1.065020794
-2.955305755
-3.289776887
-3.12116933
-3.12116933
-0.3157752864
-0.3157752864
-0.3157752864
-0.6219271469
-0.6219271469
-0.6219271469
-0.6219271469
-0.6219271469
-0.6219271469
-0.6219271469
-0.6219271469
-0.6219271469
-0.6219271469
-0.6219271469
-1.194232884
-1.194232884
-1.194232884
-1.194232884
-1.194232884
-0.3339334627
-0.3339334627
-0.3339334627
-0.3339334627
-0.3339334627
-0.3339334627
-0.3339334627
-0.3339334627
-0.3339334627
-0.6482118775
-0.6482118775
-0.6482118775
-0.2971671858
-0.2971671858
-0.2971671858
-0.2971671858
-0.2971671858
-0.2971671858
-0.2971671858
-0.4426766335
-0.2264685784
-0.2264685784
-0.2264685784
-0.2264685784
-0.3084987211
-0.3084987211
-0.3084987211
-0.3084987211
-0.3084987211
-0.2758172312
-0.7945666692
-0.7945666692
-0.7945666692
-0.7945666692
-0.7945666692
-0.2281083294
-0.2281083294
-0.2281083294
-0.4348625586
-0.4348625586
-0.4348625586
-0.4348625586
-0.4348625586
-0.4348625586
-0.4348625586
-0.2929180638
-0.2660340429
-0.2660340429
-0.2660340429
-0.2660340429
-0.4975363037
-0.4975363037
-0.4975363037
-0.4975363037
-0.4975363037
-0.4975363037
-0.4975363037
-0.4975363037
-1.521018031
-1.521018031
-1.521018031
-1.521018031
-1.521018031
-1.521869968
-1.521869968
-1.521869968
-1.521869968
-1.521869968
-1.521869968
-0.6030071492
-0.6030071492
-0.6030071492
-0.6030071492
-0.6030071492
-0.6030071492
-0.6030071492
-0.2403647759
-0.2403647759
-0.2403647759
-0.2403647759
-0.2403647759
-0.2403647759
-0.2403647759
-0.2403647759
-0.2362723989
-0.2362723989
-0.2362723989
-0.2362723989
-0.2362723989
-0.2362723989
-0.2362723989
-0.2362723989
-0.2362723989
-0.2362723989
-0.2362723989
-0.2362723989
-0.2362723989
-0.2362723989
-0.2362723989
-0.2362723989
-1.109727659
-1.109727659
-2.557174557
-2.557174557
-2.557174557
-0.2544521924
-0.2544521924
-1.398760091
-1.398760091
-1.398760091
-1.398760091
-1.398760091
-1.050866054
-1.505541738
-1.505541738
-0.2961911698
-0.2961911698
-0.2961911698
-0.5122981266
-0.2710426547
-0.9378429978
-0.231696232
-0.231696232
-0.231696232
-0.231696232
-0.231696232
-0.231696232
-0.231696232
-0.231696232
-2.763717739
-2.763717739
-2.763717739
-0.4586580212
-0.4586580212
-0.4586580212
-0.273202772
-0.273202772
-0.225924076
-0.225924076
-0.225924076
-0.2325502311
-0.2325502311
-0.2325502311
-1.297907859
-1.297907859
-1.297907859
-1.297907859
-1.297907859
-1.297907859
-1.297907859
-1.297907859
-0.3209034492
-0.3209034492
-0.3209034492
-0.3209034492
-0.3209034492
-0.3209034492
-0.2258522365
-0.2258522365
-0.2258522365
-0.2258522365
-0.3537161984
-0.2257915241
-0.2257915241
-0.2257915241
-0.2257915241
-0.2257915241
-0.2257915241
-0.2257915241
-0.2257915241
-0.2257915241
-0.2257915241
-0.2257915241
-0.2257915241
-0.3995082816
-1.232193496
-1.319798459
-1.319798459
-1.319798459
-0.8273748556
-0.8273748556
-0.2362015835
-0.2362015835
-0.2362015835
-0.2362015835
-0.2362015835
-0.2362015835
-0.2280166681
-2.352077674
-3.143983093
-2.685760897
-2.685760897
-2.685760897
-0.2767551363
-0.2767551363
-0.2767551363
-0.2767551363
-0.2767551363
-0.2767551363
-0.2767551363
-0.2767551363
-0.3200665376
-0.3200665376
-0.4175426916
-0.4175426916
-0.4175426916
-0.4175426916
-0.4175426916
-0.4175426916
-0.4175426916
-0.4175426916
-0.4175426916
-0.4175426916
-0.4175426916
-0.4175426916
-0.4175426916
-0.4175426916
-0.4175426916
-0.4175426916
-0.4175426916
-0.4175426916
-0.4175426916
-0.4175426916
-0.4175426916
-0.2659030747
-0.2318118774
-0.6070374
-2.693691689
-2.693691689
-2.693691689
-2.693691689
-0.2291497644
-0.2556924069
-0.2556924069
-0.2556924069
-0.2556924069
-0.2556924069
-0.2556924069
-0.2556924069
-0.2556924069
-0.2556924069
-0.2556924069
-0.2556924069
-0.2556924069
-0.2556924069
-0.2556924069
-0.2556924069
-0.2556924069
-0.2269041064
-0.2269041064
-0.5178778493
-0.5178778493
-0.5178778493
-0.5178778493
-0.4007071792
-0.4007071792
-0.4007071792
-0.4195667305
-0.4195667305
-0.4195667305
-0.4058879522
-0.4058879522
-0.4058879522
-0.4058879522
-0.4058879522
-0.4058879522
-0.4058879522
-0.4058879522
-0.4058879522
-0.4058879522
-0.6582436271
-0.6582436271
-0.6582436271
-0.6582436271
-0.6582436271
-0.6582436271
-0.6582436271
-0.6582436271
-0.6582436271
-0.6866989322
-0.6866989322
-0.6866989322
-0.6866989322
-0.6866989322
-0.6866989322
-0.263481805
-0.263481805
-0.263481805
-0.263481805
-0.263481805
-0.263481805
-0.263481805
-0.263481805
-0.263481805
-0.263481805
-0.263481805
-0.263481805
-0.263481805
-0.263481805
-0.263481805
-0.263481805
-0.263481805
-0.263481805
-0.263481805
-0.263481805
-0.263481805
-0.263481805
-0.263481805
-0.263481805
-0.263481805
-0.263481805
-0.263481805
-0.263481805
-0.263481805
-1.068802292
-1.068802292
-1.068802292
-1.068802292
-0.282579023
-0.2262824733
-0.2262824733
-0.2262824733
-0.2262824733
-0.2262824733
-0.2262824733
-0.2262824733
-0.2262824733
-0.2262824733
-0.4042114142
-0.4042114142
-0.4042114142
-0.4042114142
-0.4042114142
-0.4042114142
-0.7876805618
-0.7876805618
-0.7876805618
-0.455019278
-0.455019278
-0.455019278
-0.455019278
-0.2335596371
-0.2335596371
-0.2335596371
-0.2335596371
-0.2335596371
-0.2335596371
-0.2335596371
-0.2335596371
-0.2335596371
-0.2335596371
-0.2335596371
-0.2288896493
-0.2288896493
-0.2288896493
-0.2288896493
-0.2288896493
-0.2288896493
-0.2288896493
-0.2288896493
-0.3978255362
-0.3978255362
-0.3978255362
-0.3978255362
-0.3978255362
-0.3978255362
-0.3978255362
-0.3978255362
-0.3978255362
-0.3978255362
-0.3165658816
-0.3165658816
-0.3419936995
-0.3419936995
-0.5304871527
-0.5304871527
-0.5304871527
-0.4107767023
-1.114144009
-1.114144009
-1.114144009
-1.114144009
-1.114144009
-1.114144009
-1.114144009
-1.114144009
-1.114144009
-1.749361322
-1.749361322
-1.749361322
-1.749361322
-1.749361322
-1.749361322
-1.749361322
-1.749361322
-1.749361322
-2.317852484
-2.317852484
-2.317852484
-0.7022806316
-0.7022806316
-0.7022806316
-0.7022806316
-0.7022806316
-0.7022806316
-0.7022806316
-0.7022806316
-0.7022806316
-0.7022806316
-0.8709266673
-0.8709266673
-0.8709266673
-1.413658916
-1.413658916
-0.5542267538
-0.5542267538
-1.159409476
-1.159409476
-1.159409476
-2.463234518
-2.463234518
-2.463234518
-2.463234518
-0.9617893796
-0.9617893796
-0.9617893796
-0.9617893796
-0.9617893796
-0.317931032
-0.317931032
-1.721494832
-1.721494832
-1.721494832
-0.8134228262
-0.3959462477
-0.3959462477
-0.3959462477
-0.3638132933
-0.2790116469
-0.2790116469
-0.5393725423
-0.5393725423
-0.5393725423
-0.5393725423
-0.5393725423
-0.5393725423
-0.5393725423
-0.5393725423
-0.5393725423
-0.5393725423
-0.5393725423
-0.5393725423
-0.9341838544
-0.9341838544
-0.9341838544
-0.9341838544
-1.387551096
-1.387551096
-0.8981184238
-0.8981184238
-0.8981184238
-0.8981184238
-0.8981184238
-0.8981184238
-0.3219109293
-0.3219109293
-0.3219109293
-0.3219109293
-0.3219109293
-0.2258030749
-0.2258030749
-0.2258030749
-0.2258030749
-0.2258030749
-0.2258030749
-0.6226768513
-0.6226768513
-0.6226768513
-0.4881588307
-0.4881588307
-0.4881588307
-0.4881588307
-0.4881588307
-0.4881588307
-0.4881588307
-0.4881588307
-0.4881588307
-0.6090875482
-0.6090875482
-0.6090875482
-0.6090875482
-0.6090875482
-0.6090875482
-0.2572603984
-0.2338929767
-0.2338929767
-0.2338929767
-0.7480599717
-0.7480599717
-0.7480599717
-0.7480599717
-0.7480599717
-0.7480599717
-0.7480599717
-0.7480599717
-0.7480599717
-0.7480599717
-0.7480599717
-0.7480599717
-1.413202315
-1.413202315
-1.413202315
-1.413202315
-1.413202315
-1.413202315
-0.5195898371
-0.226005579
-1.96831579
-1.785509771
-1.785509771
-1.785509771
-1.707637902
-1.707637902
-1.707637902
-0.8088633922
-0.8088633922
-0.8088633922
-0.8088633922
-0.8088633922
-0.8088633922
-1.404235073
-1.404235073
-1.023391931
-4.148748778
-4.148748778
-0.3607217269
-0.3607217269
-0.3607217269
-0.3607217269
-0.3346366587
-0.3346366587
-0.3346366587
-0.4533971237
-0.4533971237
-0.4533971237
-0.4533971237
-0.4533971237
-1.260683104
-1.260683104
-1.260683104
-1.260683104
-1.260683104
-0.6288363655
-0.6288363655
-0.6288363655
-0.6288363655
-0.6288363655
-0.6288363655
-0.6288363655
-0.6288363655
-0.5868263086
-0.5868263086
-0.5868263086
-0.5868263086
-0.5868263086
-0.6677289563
-0.243448172
-0.3016902488
-0.3016902488
-0.3016902488
-0.3016902488
-0.3016902488
-0.3016902488
-0.3016902488
-0.3016902488
-0.3016902488
-0.3016902488
-0.2695844985
-0.2695844985
-0.2695844985
-0.2695844985
-0.2274720996
-0.2274720996
-1.286860864
-1.286860864
-0.2307573596
-0.2307573596
-0.4541269591
-0.4541269591
-0.4541269591
-0.4541269591
-0.4541269591
-0.5243449117
-0.5243449117
-0.5243449117
-0.5243449117
-0.5243449117
-0.773212256
-0.773212256
-0.773212256
-0.773212256
-0.773212256
-0.773212256
-0.773212256
-0.773212256
-0.773212256
-1.416617678
-1.416617678
-1.416617678
-1.374374224
-1.374374224
-1.374374224
-1.221148454
-1.221148454
-1.221148454
-0.5951106673
-0.5951106673
-0.5951106673
-0.5951106673
-0.5951106673
-0.5951106673
-0.5951106673
-0.3262718315
-0.7775296414
-1.712610482
-1.759150227
-1.759150227
-1.759150227
-1.759150227
-1.759150227
-1.842317656
-1.842317656
-0.757499898
-0.757499898
-0.757499898
-0.757499898
-0.2671653274
-0.2671653274
-0.2671653274
-0.2671653274
-0.2671653274
-0.2671653274
-0.2671372946
-0.2671372946
-1.367797727
-1.39023574
-1.23965228
-0.2483168635
-0.2483168635
-0.2483168635
-0.2483168635
-0.2483168635
-0.2483168635
-0.2483168635
-0.2483168635
-0.2483168635
-0.2483168635
-1.059400685
-1.245726808
-1.245726808
-0.2331597306
-0.2331597306
-1.259150301
-1.245970111
-1.245970111
-1.245970111
-1.245970111
-1.245970111
-1.245970111
-1.141509842
-1.141509842
-1.141509842
-1.141509842
-1.141509842
-0.2361369127
-0.5657571183
-0.2679746548
-0.2679746548
-0.2679746548
-0.2679746548
-0.2679746548
-0.2679746548
-0.2679746548
-0.2679746548
-0.2679746548
-0.2679746548
-0.8854609941
-0.787088342
-0.2266273128
-0.2266273128
-0.4478310652
-0.4478310652
-0.4478310652
-0.4478310652
-0.4478310652
-0.4478310652
-1.718953255
-1.718953255
-1.718953255
-1.485029339
-1.485029339
-1.485029339
-1.531401729
-1.531401729
-1.631969898
-1.631969898
-1.631969898
-0.9300556786
-0.9300556786
-0.9300556786
-1.639426312
-1.639426312
-1.639426312
-0.3133720847
-0.3133720847
-0.3133720847
-0.3133720847
-0.3133720847
-0.3133720847
-0.3973292366
-0.3973292366
-0.3973292366
-0.2270035908
-0.2270035908
-0.2270035908
-0.2270035908
-0.2270035908
-0.2270035908
-0.2270035908
-0.2270035908
-0.2270035908
-0.2270035908
-0.2270035908
-0.2270035908
-0.2270035908
-0.2270035908
-1.011774044
-1.011774044
-1.011774044
-0.5946505529
-0.227082963
-0.227082963
-0.227082963
-0.227082963
-0.227082963
-0.227082963
-0.227082963
-0.227082963
-0.227082963
-0.227082963
-0.227082963
-0.3091423344
-0.3091423344
-0.3091423344
-0.3091423344
-0.3091423344
-0.3091423344
-0.3091423344
-0.3091423344
-0.2499178174
-0.2499178174
-0.2499178174
-0.2499178174
-0.2499178174
-2.018343913
-2.018343913
-2.018343913
-0.5823225279
-0.5823225279
-0.5823225279
-0.5823225279
-0.5823225279
-0.5823225279
-0.5823225279
-0.5823225279
-0.5823225279
-0.5823225279
-0.4359080134
-0.4359080134
-1.242661351
-1.242661351
-1.242661351
-0.2299122276
-0.2299122276
-0.2299122276
-0.80198853
-0.80198853
-0.80198853
-0.80198853
-0.3693690002
-0.2980646853
-0.2980646853
-0.22882611
-0.22882611
-0.2797342382
-0.4591057014
-0.4591057014
-0.4591057014
-0.4591057014
-0.4591057014
-0.9109661527
-0.9109661527
-0.9109661527
-0.9109661527
-0.9109661527
-0.9109661527
-0.9109661527
-0.3849801239
-1.436908821
-1.400451943
-1.400451943
-1.400451943
-0.6475845768
-0.6475845768
-0.6475845768
-0.6475845768
-0.6475845768
-0.2501155048
-0.2501155048
-0.2501155048
-0.2501155048
-0.2501155048
-0.2501155048
-0.2501155048
-0.2501155048
-0.2501155048
-0.7981977199
-0.7981977199
-0.7981977199
-0.7981977199
-0.9325511012
-0.3975521813
-0.3975521813
-0.3975521813
-0.3975521813
-0.3975521813
-0.3975521813
-0.3975521813
-0.3975521813
-0.3975521813
-0.5747394718
-0.5747394718
-0.5747394718
-0.5747394718
-0.5747394718
-0.5854339962
-0.5854339962
-0.2434896145
-0.2434896145
-0.5600580293
-0.5600580293
-0.5600580293
-0.5600580293
-0.5600580293
-0.5600580293
-0.5600580293
-0.2327542478
-0.3691917589
-0.3691917589
-0.3691917589
-0.2669929151
-0.2669929151
-0.2669929151
-0.2669929151
-0.2669929151
-0.2669929151
-0.2669929151
-0.2669929151
-0.2669929151
-0.2669929151
-0.7263273772
-0.5524995252
-0.5524995252
-0.3951364976
-0.3951364976
-0.3951364976
-0.3820596307
-2.23568504
-2.23568504
-2.23568504
-2.23568504
-2.23568504
-2.23568504
-2.23568504
-2.23568504
-2.23568504
-2.23568504
-2.23568504
-2.23568504
-2.23568504
-0.3198796263
-0.3198796263
-0.3198796263
-0.3198796263
-0.3198796263
-0.3198796263
-0.3198796263
-0.3198796263
-0.3198796263
-0.4084221938
-0.4084221938
-0.3115012487
-0.3115012487
-0.3313126166
-0.3313126166
-0.3313126166
-0.3313126166
-0.3313126166
-0.3313126166
-0.3313126166
-0.3313126166
-0.3313126166
-0.7112620891
-0.7112620891
-0.7112620891
-0.7112620891
-1.18948271
-1.18948271
-1.948306656
-1.671739933
-1.671739933
-0.3781950032
-0.3781950032
-0.3781950032
-0.3781950032
-0.3781950032
-0.2682461783
-0.2887105156
-1.179972166
-1.179972166
-1.179972166
-1.179972166
-1.179972166
-1.179972166
-1.179972166
-1.179972166
-0.3653835366
-0.3653835366
-0.3653835366
-0.3653835366
-0.3653835366
-0.3653835366
-0.3653835366
-0.3653835366
-0.3653835366
-0.2835656189
-2.740067942
-0.394579475
-0.394579475
-2.482081738
-0.6623914539
-0.6623914539
-0.6623914539
-0.6623914539
-0.3755433149
-0.3755433149
-0.343853835
-0.343853835
-0.5163490571
-0.5163490571
-0.3187663055
-0.3187663055
-0.3187663055
-1.614566785
-1.614566785
-1.614566785
-1.614566785
-1.614566785
-1.614566785
-0.5166056845
-0.2319413973
-0.4615255083
-0.4615255083
-0.7571040625
-0.7571040625
-0.7571040625
-0.8457304441
-0.8457304441
-0.2257917669
-0.2257917669
-0.2257917669
-0.2257917669
-0.2257917669
-0.2257917669
-0.7033116435
-0.7033116435
-0.3897082611
-0.3897082611
-0.3897082611
-0.3897082611
-0.3202052997
-0.3202052997
-0.3202052997
-0.2299120472
-0.2299120472
-0.8719168707
-0.8719168707
-0.8719168707
-0.8719168707
-1.984048256
-1.984048256
-0.2351376801
-0.2351376801
-0.2351376801
-0.4148171717
-0.4148171717
-0.4148171717
-0.4148171717
-0.4148171717
-0.4148171717
-0.4148171717
-0.4148171717
-3.126385527
-3.126385527
-3.126385527
-0.3585096626
-0.3585096626
-0.3585096626
-3.005767616
-3.005767616
-3.005767616
-3.005767616
-2.796909716
-2.796909716
-1.46803932
-1.46803932
-1.46803932
-1.076848403
-0.4375862766
-0.4375862766
-0.4375862766
-0.4375862766
-0.4375862766
-0.4375862766
-0.4375862766
-0.2258771905
-0.4304390541
-0.4304390541
-0.4304390541
-0.4304390541
-0.4304390541
-0.8409800077
-0.2872778109
-0.5568622708
-1.924852594
-1.924852594
-0.2565966269
-0.2585050834
-0.2585050834
-0.2585050834
-0.2585050834
-0.2585050834
-0.2585050834
-0.6721108668
-0.2932452002
-0.2932452002
-0.2932452002
-0.2932452002
-0.2932452002
-0.2932452002
-0.2932452002
-0.2932452002
-0.2932452002
-0.2932452002
-0.2932452002
-0.2932452002
-0.5698853329
-0.5698853329
-0.4026025304
-0.4026025304
-0.4026025304
-0.8029304722
-0.8029304722
-0.7321317249
-0.7321317249
-0.7321317249
-0.7321317249
-0.7321317249
-1.379231664
-1.379231664
-0.4756846346
-0.4756846346
-0.4756846346
-0.4756846346
-0.4756846346
-0.5537021342
-0.5537021342
-0.5537021342
-0.5537021342
-0.5537021342
-0.2749290141
-0.2749290141
-2.380558404
-1.337744316
-1.337744316
-0.2575394392
-0.6572268079
-0.6572268079
-0.3728644966
-0.3728644966
-0.3728644966
-0.3728644966
-0.3518558792
-0.3518558792
-0.3518558792
-0.3518558792
-1.485038268
-1.912391834
-1.912391834
-1.912391834
-1.912391834
-1.846136133
-1.846136133
-1.846136133
-1.846136133
-3.202167283
-3.202167283
-2.29939635
-2.29939635
-2.29939635
-2.29939635
-0.8842396323
-0.5926337329
-0.5926337329
-0.5926337329
-0.5926337329
-0.5926337329
-0.5926337329
-0.5926337329
-0.5926337329
-0.5926337329
-0.5926337329
-0.5926337329
-0.5926337329
-0.5926337329
-0.5926337329
-0.5926337329
-0.5926337329
-0.5926337329
-0.5926337329
-0.4705736411
-0.4705736411
-0.4705736411
-0.5437781504
-0.5437781504
-0.5437781504
-0.5437781504
-0.5437781504
-0.5437781504
-0.6301428441
-0.6301428441
-0.6301428441
-0.6301428441
-0.6301428441
-0.6301428441
-0.6301428441
-0.6301428441
-0.6301428441
-0.6301428441
-0.3988819852
-0.3988819852
-0.3988819852
-0.3988819852
-0.708899369
-0.708899369
-1.224689254
-1.224689254
-1.224689254
-1.202873799
-1.933437868
-1.933437868
-1.933437868
-1.933437868
-0.5610343529
-0.5610343529
-0.5610343529
-0.5610343529
-0.5610343529
-0.5610343529
-0.5610343529
-0.5610343529
-0.5610343529
-0.5610343529
-0.5610343529
-0.5610343529
-0.5610343529
-2.158898528
-2.158898528
-0.5188239712
-0.5188239712
-0.5188239712
-0.5188239712
-0.5188239712
-0.5188239712
-0.5188239712
-0.5188239712
-0.5188239712
-0.5188239712
-0.5188239712
-0.5188239712
-0.5188239712
-0.5188239712
-0.2265696092
-0.2265696092
-0.2265696092
-1.27473064
-1.27473064
-1.27473064
-0.6369084472
-0.6369084472
-0.5039232493
-0.5039232493
-0.5039232493
-0.5039232493
-1.242242382
-1.242242382
-1.242242382
-1.242242382
-1.242242382
-1.242242382
-0.2490971158
-0.2490971158
-0.2490971158
-0.2490971158
-0.7168465257
-0.7168465257
-0.7168465257
-0.7168465257
-0.7168465257
-0.7168465257
-0.7168465257
-0.7168465257
-0.7168465257
-0.7168465257
-0.7168465257
-0.7168465257
-0.7168465257
-0.7168465257
-0.7168465257
-0.7168465257
-0.7168465257
-0.7168465257
-0.7168465257
-0.7168465257
-0.6851390869
-0.6851390869
-1.824511869
-1.824511869
-1.824511869
-1.824511869
-0.4565738879
-0.4565738879
-0.4565738879
-0.4565738879
-0.4565738879
-0.2284409837
-0.2284409837
-0.2284409837
-0.2284409837
-0.2284409837
-0.2284409837
-0.5405720953
-0.5405720953
-1.771371159
-0.3143298618
-0.3143298618
-0.3143298618
-0.3143298618
-0.3143298618
-0.3143298618
-0.3143298618
-0.3143298618
-0.3143298618
-0.3143298618
-0.6556789272
-0.6556789272
-0.6556789272
-0.6556789272
-0.6556789272
-0.6556789272
-0.353437232
-0.353437232
-0.353437232
-0.353437232
-0.7691224116
-0.4927492147
-1.529944395
-1.529944395
-1.529944395
-1.529944395
-0.6341115054
-0.6341115054
-0.6341115054
-0.6341115054
-0.6341115054
-0.6341115054
-0.6341115054
-0.6341115054
-0.6341115054
-0.6341115054
-0.6341115054
-0.6341115054
-2.752953071
-2.752953071
-2.752953071
-2.752953071
-2.752953071
-2.752953071
-1.372972606
-1.145185663
-1.145185663
-1.145185663
-0.4620079844
-0.4620079844
-1.827055198
-0.4048359477
-0.228529879
-0.228529879
-0.228529879
-0.228529879
-0.228529879
-0.415609537
-0.415609537
-0.415609537
-0.415609537
-0.415609537
-0.5082523612
-0.5082523612
-0.5082523612
-0.5082523612
-0.5082523612
-0.5082523612
-0.5082523612
-0.5082523612
-0.5082523612
-0.5082523612
-1.466120163
-1.466120163
-2.433668134
-0.2283522266
-0.6046825774
-0.6046825774
-0.6046825774
-0.2365270671
-0.2365270671
-0.2365270671
-0.3761713698
-0.2298711154
-0.2298711154
-0.2298711154
-0.2298711154
-0.2298711154
-0.2298711154
-0.2298711154
-0.2298711154
-0.2298711154
-0.2298711154
-1.555235931
-1.555235931
-1.555235931
-1.555235931
-1.555235931
-0.2402352387
-0.2402352387
-0.2258245396
-0.2258245396
-1.819466604
-1.819466604
-0.2675431695
-0.2675431695
-1.044247847
-1.044247847
-1.044247847
-1.566167323
-1.566167323
-0.8773427298
-0.8773427298
-0.8773427298
-0.5982128953
-0.5982128953
-0.5982128953
-0.5982128953
-0.5982128953
-0.3666682293
-0.3666682293
-0.3666682293
-0.3666682293
-0.3666682293
-0.3666682293
-0.3666682293
-0.3666682293
-0.492422882
-0.492422882
-0.492422882
-0.7851105092
-0.7851105092
-0.7851105092
-0.7851105092
-0.5026938902
-0.5026938902
-0.5026938902
-0.2271953687
-0.2271953687
-0.2271953687
-0.2271953687
-0.2271953687
-0.2271953687
-0.3171225907
-0.2263814937
-0.2263814937
-0.2263814937
-0.2263814937
-0.2263814937
-0.2263814937
-0.2263814937
-0.2263814937
-0.466882023
-0.466882023
-0.466882023
-0.466882023
-0.2367389894
-0.2278723255
-0.2278723255
-0.2278723255
-0.2278723255
-0.2278723255
-0.2278723255
-0.2278723255
-0.510259746
-0.510259746
-0.510259746
-0.510259746
-0.2284183119
-0.2284183119
-0.2284183119
-0.2284183119
-0.2284183119
-1.317424737
-1.317424737
-1.317424737
-0.4083515094
-0.4083515094
-0.4083515094
-0.2313471078
-0.301626607
-0.301626607
-0.301626607
-0.301626607
-0.301626607
-0.4986192995
-0.4986192995
-0.3868432408
-0.3868432408
-0.4945974707
-0.2284569063
-0.2284569063
-2.236141815
-0.2475650012
-0.2475650012
-0.2475650012
-0.2475650012
-0.2475650012
-0.2475650012
-0.2475650012
-0.2475650012
-0.2475650012
-0.2475650012
-0.2475650012
-0.2475650012
-0.2475650012
-0.2475650012
-0.2475650012
-0.2475650012
-0.2475650012
-0.2475650012
-0.227114556
-0.227114556
-0.227114556
-0.227114556
-0.227114556
-0.227114556
-0.227114556
-0.227114556
-0.227114556
-0.227114556
-0.227114556
-0.8193232541
-0.8193232541
-0.8193232541
-0.8193232541
-0.8193232541
-0.8193232541
-0.2957500971
-0.9654282383
-0.9654282383
-1.177025859
-1.177025859
-1.177025859
-1.177025859
-1.177025859
-1.177025859
-0.7532182656
-1.440373468
-1.440373468
-1.440373468
-0.4861203124
-0.279055225
-0.279055225
-0.2630952176
-0.3779011358
-0.3779011358
-0.3779011358
-0.3779011358
-0.3779011358
-0.3779011358
-0.3779011358
-0.3779011358
-0.3779011358
-0.3779011358
-0.3779011358
-0.3779011358
-0.3779011358
-0.3779011358
-0.3779011358
-0.3779011358
-0.3779011358
-0.3779011358
-0.3779011358
-0.3779011358
-0.2653639491
-0.2653639491
-0.2653639491
-0.2653639491
-0.2653639491
-0.2653639491
-0.2653639491
-0.2653639491
-0.2653639491
-2.19320217
-2.19320217
-0.6126803694
-0.6126803694
-0.6126803694
-0.6126803694
-0.6126803694
-0.6126803694
-1.064928482
-0.7160034059
-0.3466265121
-0.3466265121
-0.3466265121
-0.3466265121
-0.3466265121
-0.3466265121
-0.3466265121
-0.3466265121
-0.3466265121
-0.3466265121
-0.3466265121
-0.2930079114
-0.2930079114
-0.2930079114
-0.2930079114
-0.2930079114
-0.4003793296
-0.4003793296
-0.4003793296
-0.4003793296
-0.4003793296
-0.4003793296
-0.4003793296
-0.4003793296
-0.4003793296
-0.4003793296
-0.4003793296
-0.4003793296
-0.4003793296
-0.4003793296
-0.2300297631
-0.2300297631
-0.2300297631
-0.2300297631
-0.2300297631
-0.2300297631
-0.2300297631
-0.2300297631
-0.6297497584
-0.6297497584
-1.008695824
-1.008695824
-1.008695824
-1.008695824
-1.008695824
-1.008695824
-0.404086617
-0.4038117764
-0.4038117764
-0.4038117764
-0.9364780086
-0.9364780086
-0.9364780086
-0.9364780086
-0.690830166
-0.690830166
-0.690830166
-0.690830166
-0.5913140385
-0.5913140385
-0.5913140385
-0.5913140385
-0.984356155
-0.6416279145
-0.6416279145
-0.6416279145
-0.6416279145
-1.294872093
-1.294872093
-1.294872093
-1.294872093
-0.958400139
-0.958400139
-0.958400139
-0.958400139
-0.958400139
-0.958400139
-1.055705305
-0.2781145771
-0.2781145771
-0.2781145771
-0.2781145771
-0.2781145771
-0.2781145771
-0.2781145771
-0.2781145771
-0.6614918399
-1.005711832
-1.005711832
-1.005711832
-1.005711832
-1.005711832
-1.005711832
-1.005711832
-1.005711832
-1.005711832
-1.005711832
-1.005711832
-1.355284987
-0.6688708992
-0.6688708992
-0.3773980108
-0.3773980108
-0.3773980108
-0.3773980108
-0.3773980108
-0.3773980108
-0.3773980108
-1.272288083
-1.285826755
-1.285826755
-1.285826755
-0.3402600292
-0.3402600292
-0.3402600292
-0.3402600292
-0.5411055794
-0.5411055794
-0.5411055794
-1.299521478
-0.6480244232
-2.379220811
-0.715827197
-0.715827197
-0.3684631447
-0.3684631447
-0.2258426746
-0.2263787123
-0.2263787123
-0.2263787123
-0.2263787123
-0.2263787123
-0.2263787123
-0.2263787123
-0.2263787123
-0.2263787123
-0.2566398203
-0.2566398203
-0.2566398203
-0.2566398203
-0.2566398203
-0.2566398203
-0.2566398203
-0.2559878172
-0.2559878172
-0.2559878172
-0.2559878172
-1.010305209
-1.010305209
-0.5497720532
-0.5497720532
-0.5497720532
-0.5497720532
-0.7383634889
-0.7383634889
-0.7383634889
-0.7383634889
-0.3917541414
-0.3917541414
-0.3917541414
-0.3917541414
-0.3917541414
-0.3917541414
-0.3917541414
-0.3917541414
-0.3917541414
-0.3917541414
-0.3917541414
-0.3917541414
-0.9049693193
-0.9049693193
-0.9049693193
-0.9049693193
-0.6860671071
-0.6860671071
-0.6860671071
-0.6860671071
-0.6860671071
-0.6860671071
-0.6860671071
-0.6860671071
-0.6860671071
-0.6860671071
-0.6860671071
-0.6860671071
-0.2258001852
-0.2258001852
-0.2258001852
-0.2258001852
-0.2258001852
-0.2258001852
-0.2258001852
-0.2258001852
-0.2258001852
-0.2258001852
-0.2258001852
-0.8901067034
-0.8901067034
-0.8901067034
-0.8901067034
-0.8901067034
-0.8901067034
-1.19015515
-1.053560575
-1.053560575
-1.053560575
-1.053560575
-1.053560575
-1.053560575
-1.494983387
-1.494983387
-1.842149911
-1.842149911
-1.842149911
-1.842149911
-1.842149911
-0.4556344051
-0.4556344051
-0.4556344051
-0.4556344051
-0.4556344051
-0.4556344051
-0.4556344051
-0.4556344051
-0.3674317492
-0.2402809277
-0.2402809277
-0.2402809277
-0.2402809277
-0.2402809277
-0.4388476244
-0.4388476244
-0.4388476244
-0.628176246
-0.3907038615
-0.3907038615
-0.3907038615
-0.3907038615
-0.3907038615
-0.3334886951
-0.3334886951
-0.3334886951
-0.2325225805
-0.2325225805
-0.2325225805
-0.2325225805
-0.2873634468
-0.2673548373
-0.2294625655
-0.2294625655
-0.2294625655
-0.2294625655
-0.2294625655
-0.2294625655
-0.2294625655
-0.2294625655
-0.2294625655
-0.2293058539
-0.2293058539
-0.2293058539
-0.2293058539
-1.126974689
-1.126974689
-1.126974689
-0.3905499187
-0.902108998
-0.7816112826
-0.7816112826
-0.7816112826
-0.3271044847
-0.3271044847
-0.3271044847
-0.2589449016
-0.2589449016
-0.9662116456
-0.9662116456
-0.2321120889
-0.2321120889
-0.2321120889
-0.2321120889
-0.5690421813
-0.5690421813
-0.5474281753
-0.5474281753
-0.2971247442
-0.2971247442
-0.2268316886
-0.2268316886
-0.6625348537
-0.5687933726
-0.5687933726
-0.5687933726
-0.5687933726
-0.5687933726
-0.5687933726
-0.5687933726
-0.5687933726
-0.5687933726
-0.5687933726
-0.5687933726
-0.5687933726
-0.5687933726
-0.5687933726
-0.5687933726
-0.5687933726
-0.5687933726
-1.908498686
-0.4597113364
-0.4597113364
-0.4597113364
-0.4982531296
-0.4982531296
-0.4982531296
-0.4982531296
-0.4982531296
-0.8449999046
-0.8449999046
-0.8449999046
-0.8449999046
-0.7017383212
-0.7017383212
-0.7017383212
-0.7017383212
-0.7017383212
-0.7017383212
-0.7017383212
-0.7017383212
-0.50044954
-0.5311652583
-0.5311652583
-0.2336273311
-0.2336273311
-0.2336273311
-0.2336273311
-0.2336273311
-0.2336273311
-0.2336273311
-0.2336273311
-0.2336273311
-0.2336273311
-0.2336273311
-0.2336273311
-0.2336273311
-0.4108130815
-0.4108130815
-2.075745152
-2.075745152
-1.639206876
-1.639206876
-0.3098944687
-0.3098944687
-0.3098944687
-0.3098944687
-0.3098944687
-0.3486858007
-0.3486858007
-0.3486858007
-0.3486858007
-0.2284798456
-0.2284798456
-0.6040216183
-0.9696870589
-0.9696870589
-1.299108243
-1.004936952
-1.004936952
-0.6236964172
-0.6236964172
-0.6236964172
-0.6236964172
-0.7940984407
-0.7940984407
-0.7940984407
-0.7940984407
-1.979892475
-1.60283842
-1.293811227
-1.293811227
-1.293811227
-1.293811227
-1.623310055
-1.623310055
-0.3024845382
-0.3024845382
-0.3024845382
-0.3024845382
-0.3024845382
-0.3024845382
-0.3024845382
-0.2262162541
-0.2524884617
-0.2524884617
-0.2524884617
-0.2524884617
-0.2524884617
-0.2524884617
-0.2524884617
-0.2524884617
-0.2524884617
-0.2524884617
-0.2524884617
-0.2524884617
-0.2524884617
-0.2524884617
-0.2524884617
-0.2524884617
-0.2524884617
-0.2524884617
-0.2524884617
-0.2524884617
-0.2524884617
-0.2524884617
-0.6320589499
-0.6320589499
-0.6320589499
-0.6320589499
-0.3745878015
-0.3745878015
-0.3745878015
-0.3745878015
-0.3745878015
-0.3745878015
-0.3745878015
-0.3745878015
-2.285577287
-0.7888867332
-0.7888867332
-0.7888867332
-0.7888867332
-0.7888867332
-0.7989969706
-0.7989969706
-0.8509829712
-1.685118446
-1.500391677
-1.632212008
-1.632212008
-1.632212008
-1.632212008
-1.632212008
-1.632212008
-1.632212008
-1.632212008
-1.632212008
-1.632212008
-1.632212008
-0.7560270909
-0.7560270909
-0.7560270909
-0.7560270909
-0.7560270909
-0.7560270909
-0.8969603365
-0.2267964414
-0.2267964414
-0.5706555573
-0.266853583
-0.266853583
-0.266853583
-0.2446679003
-0.2446679003
-0.2446679003
-0.2446679003
-0.2446679003
-0.2446679003
-0.2446679003
-1.45644425
-1.45644425
-1.45644425
-0.6020338473
-0.6020338473
-0.6020338473
-0.9886755697
-0.9886755697
-0.9886755697
-1.918782817
-2.357374661
-2.357374661
-0.6934887077
-0.7378732347
-0.4374923827
-0.78474454
-0.78474454
-0.2981798441
-0.2981798441
-0.2981798441
-0.2981798441
-0.2981798441
-0.2981798441
-0.2981798441
-0.2981798441
-0.2981798441
-0.2981798441
-0.2981798441
-0.4359979473
-0.4359979473
-0.4359979473
-0.2720303806
-0.2720303806
-0.2720303806
-0.2720303806
-0.2720303806
-0.2720303806
-0.2720303806
-0.356370932
-0.356370932
-0.356370932
-0.356370932
-0.356370932
-0.356370932
-0.356370932
-0.356370932
-0.356370932
-0.356370932
-0.356370932
-0.356370932
-0.356370932
-0.356370932
-0.4838127427
-0.4838127427
-0.3541109136
-0.6300119298
-0.9598820891
-0.4339362217
-0.3793936082
-0.3793936082
-0.3793936082
-0.3793936082
-0.3207851262
-0.3207851262
-0.3207851262
-0.3207851262
-0.2261667258
-0.2261667258
-0.2261667258
-0.2261667258
-0.2261667258
-1.198754247
-1.198754247
-1.716197775
-1.716197775
-1.716197775
-0.6609340579
-0.2357522003
-0.2357522003
-0.2357522003
-0.2357522003
-0.2357522003
-0.2357522003
-0.2357522003
-0.2357522003
-0.2357522003
-0.2357522003
-0.2357522003
-0.2357522003
-0.2357522003
-0.2357522003
-0.2357522003
-0.2357522003
-0.2357522003
-0.2357522003
-0.2357522003
-0.2357522003
-0.2357522003
-0.2357522003
-0.3330297509
-0.3330297509
-0.3330297509
-0.3330297509
-0.3330297509
-0.3330297509
-0.453532678
-0.453532678
-0.453532678
-0.8043124076
-0.7422123111
-0.3282958569
-0.3282958569
-0.3282958569
-0.3282958569
-0.3282958569
-0.3282958569
-0.3282958569
-0.3645444018
-0.6685018623
-0.6685018623
-0.6685018623
-0.6685018623
-0.6685018623
-0.6685018623
-0.6685018623
-0.6685018623
-0.6685018623
-0.6685018623
-0.2790901655
-0.2757043637
-0.2757043637
-0.2757043637
-0.2757043637
-0.2757043637
-0.2757043637
-0.2757043637
-0.253670622
-0.253670622
-0.253670622
-0.253670622
-0.253670622
-0.253670622
-0.253670622
-0.253670622
-0.253670622
-0.253670622
-0.253670622
-0.253670622
-0.253670622
-0.253670622
-0.253670622
-0.253670622
-1.999701063
-1.047528964
-1.047528964
-1.047528964
-1.047528964
-1.047528964
-1.047528964
-1.047528964
-0.9608023384
-0.9608023384
-0.9608023384
-0.9608023384
-0.6181330693
-0.2436569205
-0.2436569205
-0.2436569205
-0.2436569205
-0.2436569205
-0.2287335238
-0.2287335238
-0.2287335238
-0.2287335238
-0.2287335238
-0.350479197
-0.350479197
-0.350479197
-0.350479197
-0.350479197
-0.350479197
-0.350479197
-0.350479197
-0.350479197
-0.350479197
-0.350479197
-0.350479197
-0.350479197
-0.350479197
-0.350479197
-0.5044978177
-0.5044978177
-0.5044978177
-0.5044978177
-0.5044978177
-0.2285960759
-0.7429636876
-0.7255264755
-0.9155227189
-0.2258297687
-0.2258297687
-0.2258297687
-0.2258297687
-0.2258297687
-0.2258297687
-0.2258297687
-0.2258297687
-0.2258297687
-0.2258297687
-0.2258297687
-1.49558718
-1.49558718
-1.49558718
-2.052144491
-2.052144491
-2.052144491
-2.052144491
-2.052144491
-2.052144491
-2.052144491
-2.052144491
-0.560788771
-0.560788771
-0.560788771
-0.7403670546
-0.7403670546
-0.7403670546
-3.330084837
-3.330084837
-3.330084837
-3.330084837
-0.4198953006
-0.2258021222
-0.2258021222
-0.2910849209
-0.2910849209
-0.2910849209
-0.2910849209
-0.2910849209
-0.3241493449
-0.3241493449
-0.2305637551
-0.2305637551
-0.2305637551
-0.2305637551
-0.2305637551
-0.2386897616
-0.2386897616
-0.2386897616
-0.2386897616
-0.2386897616
-0.2386897616
-0.2386897616
-0.2386897616
-0.2386897616
-0.2386897616
-1.07177543
-1.603785734
-1.603785734
-1.821958197
-2.254418363
-2.254418363
-0.2683256073
-0.2683256073
-0.2683256073
-0.2683256073
-0.2683256073
-0.2683256073
-0.2683256073
-0.2683256073
-0.2683256073
-0.2463430193
-0.2463430193
-0.3781904604
-0.3781904604
-0.3781904604
-0.3781904604
-0.3781904604
-0.3781904604
-0.3781904604
-0.3781904604
-1.607889266
-1.607889266
-1.23354168
-0.541156668
-0.541156668
-0.541156668
-0.541156668
-1.069810837
-1.069810837
-1.069810837
-1.069810837
-1.069810837
-1.069810837
-1.069810837
-2.245810159
-2.245810159
-0.2500019087
-0.2500019087
-0.2500019087
-0.2500019087
-0.2500019087
-0.2500019087
-0.2500019087
-0.2500019087
-0.2500019087
-0.2500019087
-0.2500019087
-0.2500019087
-0.917417004
-0.917417004
-0.917417004
-0.917417004
-0.917417004
-0.917417004
-0.917417004
-0.917417004
-0.917417004
-0.917417004
-0.917417004
-1.635003913
-1.635003913
-2.591212447
-2.591212447
-2.591212447
-2.591212447
-2.591212447
-2.591212447
-2.591212447
-1.02126862
-0.534551778
-0.534551778
-0.2517638825
-0.2517638825
-0.2517638825
-0.3518037319
-0.3518037319
-0.3518037319
-0.3518037319
-0.3518037319
-0.3455109027
-0.3230513303
-0.3230513303
-0.3230513303
-0.3230513303
-0.3230513303
-0.3230513303
-0.3230513303
-0.3230513303
-0.4139237317
-0.4139237317
-0.4139237317
-0.4139237317
-0.4139237317
-0.4139237317
-0.4139237317
-0.75791159
-0.3694681825
-0.2990106265
-0.2990106265
-0.2990106265
-0.2354098493
-0.2354098493
-0.2354098493
-0.2354098493
-0.2354098493
-0.2354098493
-0.2354098493
-0.3250140012
-0.3250140012
-0.3250140012
-0.3250140012
-0.3250140012
-0.3250140012
-0.3250140012
-0.2298843908
-0.6432263655
-0.6432263655
-0.6432263655
-0.3060263507
-0.7276847441
-0.7276847441
-0.7276847441
-0.7276847441
-0.7276847441
-0.7276847441
-0.7276847441
-0.2831330158
-0.4506082513
-0.4506082513
-0.5280905817
-0.5280905817
-0.5280905817
-0.5280905817
-0.5280905817
-0.5280905817
-0.5280905817
-0.5280905817
-0.5280905817
-0.3100542097
-0.3100542097
-0.3100542097
-0.9768787258
-0.9768787258
-0.9768787258
-0.9768787258
-0.9768787258
-0.9768787258
-0.9768787258
-0.5186656817
-0.5186656817
-0.5186656817
-0.5186656817
-0.5186656817
-0.5186656817
-0.5186656817
-0.5186656817
-0.2299478979
-0.2299478979
-1.192690601
-1.192690601
-1.192690601
-1.192690601
-1.192690601
-1.192690601
-1.192690601
-0.4966890361
-0.3721235115
-0.3721235115
-0.3721235115
-0.3721235115
-0.2518306631
-0.2518306631
-0.2518306631
-0.2518306631
-0.2518306631
-0.2518306631
-0.2518306631
-0.2518306631
-0.2518306631
-0.2493075337
-0.3953323253
-0.2398978398
-0.2398978398
-0.2398978398
-0.2398978398
-0.2528694727
-0.2528694727
-0.2872702554
-0.2872702554
-0.2872702554
-0.2872702554
-0.2872702554
-0.2872702554
-0.2872702554
-0.2872702554
-0.2872702554
-1.246290623
-1.246290623
-1.246290623
-0.2306415668
-0.2306415668
-0.2306415668
-0.2306415668
-0.2306415668
-0.2306415668
-0.2436850793
-0.2436850793
-1.197428001
-1.197428001
-1.197428001
-1.197428001
-0.3587745141
-0.2393563656
-0.2393563656
-0.2393563656
-0.2393563656
-0.2393563656
-0.2692866536
-0.2692866536
-0.2692866536
-0.2692866536
-0.2692866536
-0.2692866536
-0.2692866536
-0.2692866536
-0.2692866536
-0.2692866536
-0.2692866536
-0.2264020573
-0.2264020573
-0.2264020573
-0.2264020573
-0.2264020573
-0.2264020573
-0.2264020573
-0.2264020573
-0.2264020573
-0.8630314388
-0.8630314388
-0.8630314388
-0.8630314388
-1.852110673
-0.3477632124
-0.3477632124
-0.3477632124
-0.3477632124
-0.3477632124
-0.3477632124
-0.3477632124
-0.6522355217
-0.6522355217
-0.6522355217
-0.9794334348
-0.9794334348
-1.808962139
-1.334838651
-1.334838651
-0.7252124305
-0.7252124305
-0.7252124305
-0.7252124305
-1.466525196
-1.466525196
-1.466525196
-1.466525196
-1.466525196
-1.466525196
-1.466525196
-1.466525196
-1.466525196
-1.466525196
-1.466525196
-1.466525196
-1.466525196
-0.8448474368
-0.8448474368
-0.8448474368
-0.2908376275
-0.2908376275
-0.2908376275
-0.2908376275
-0.2908376275
-0.5020152899
-0.5020152899
-0.2608483205
-0.2568627216
-0.2568627216
-0.2568627216
-0.2568627216
-0.2568627216
-0.2568627216
-0.2568627216
-0.2568627216
-0.2568627216
-0.2568627216
-0.2568627216
-0.2307207416
-0.2307207416
-0.2307207416
-0.2307207416
-0.2307207416
-0.2307207416
-0.2307207416
-0.2307207416
-0.2307207416
-0.3165460214
-0.3165460214
-0.4313762239
-0.4313762239
-0.4313762239
-0.4313762239
-0.3984719815
-0.3984719815
-0.3984719815
-3.522772683
-0.2553094844
-0.2553094844
-0.2553094844
-0.2553094844
-0.3331331698
-0.3331331698
-0.3331331698
-0.3331331698
-0.3331331698
-0.3331331698
-0.3331331698
-0.3331331698
-0.3331331698
-0.3331331698
-0.3331331698
-0.3331331698
-0.2354028911
-0.2354028911
-0.2354028911
-0.2354028911
-0.5849533763
-0.5849533763
-0.5849533763
-0.5849533763
-0.5849533763
-0.6851446938
-0.6851446938
-0.6851446938
-0.6851446938
-0.6851446938
-0.6851446938
-0.2386370487
-0.2386370487
-0.2386370487
-0.2386370487
-0.2386370487
-0.2386370487
-0.2386370487
-0.39965937
-0.39965937
-0.39965937
-0.39965937
-0.39965937
-0.39965937
-0.39965937
-0.39965937
-0.2638886822
-0.2638886822
-0.2638886822
-0.2638886822
-0.2638886822
-0.2638886822
-0.2638886822
-0.2638886822
-0.3740313834
-0.3740313834
-0.3740313834
-0.3740313834
-0.6479233561
-0.6479233561
-0.6479233561
-0.6479233561
-0.6479233561
-0.6479233561
-0.6479233561
-0.6479233561
-0.6479233561
-0.6479233561
-0.790580592
-0.790580592
-0.790580592
-0.3623214505
-3.259071123
-3.259071123
-0.6685308556
-0.6685308556
-0.6685308556
-0.2397662741
-0.2397662741
-0.2505544382
-0.2505544382
-0.2505544382
-0.2505544382
-0.2505544382
-0.2505544382
-0.2505544382
-0.2505544382
-0.2505544382
-0.2505544382
-0.2505544382
-0.2505544382
-0.2505544382
-0.2505544382
-0.2493418049
-0.2493418049
-0.2493418049
-0.2493418049
-0.2370457195
-0.2370457195
-0.2370457195
-0.2370457195
-0.2370457195
-0.2370457195
-0.2370457195
-0.2370457195
-0.2370457195
-0.2370457195
-0.2370457195
-0.2370457195
-0.2370457195
-0.2370457195
-0.2370457195
-0.2370457195
-0.2370457195
-0.2370457195
-1.465110201
-1.465110201
-2.333016048
-2.333016048
-0.2918041279
-0.2918041279
-0.2918041279
-0.2918041279
-0.2918041279
-0.2918041279
-0.2918041279
-0.2918041279
-0.2918041279
-0.7295172929
-0.7295172929
-2.292401827
-2.292401827
-2.292401827
-2.292401827
-0.3124956241
-0.975407431
-1.236477383
-2.732741487
-2.732741487
-1.092660061
-1.092660061
-1.092660061
-1.092660061
-0.5307562403
-0.3850138101
-0.481069054
-0.481069054
-0.481069054
-0.2261109759
-0.2329755197
-0.2329755197
-1.388935544
-1.388935544
-0.6137673806
-0.6137673806
-0.6137673806
-0.6137673806
-0.4627962856
-0.4627962856
-0.4627962856
-0.4627962856
-0.4627962856
-0.4627962856
-0.4627962856
-0.8516263267
-0.8516263267
-0.2585461495
-0.2585461495
-0.2585461495
-0.2585461495
-0.2585461495
-0.9696354254
-0.9696354254
-0.4821824248
-0.4821824248
-0.4821824248
-0.2624740145
-0.2624740145
-0.2624740145
-0.2624740145
-0.2624740145
-0.2624740145
-0.4766519792
-0.4766519792
-0.4766519792
-0.4766519792
-1.296554566
-1.296554566
-1.237500804
-1.237500804
-1.237500804
-0.4233407881
-0.2572871161
-0.2572871161
-0.2572871161
-0.2572871161
-0.2469461736
-0.2469461736
-0.2469461736
-0.2289272792
-0.2289272792
-1.182722471
-1.182722471
-1.182722471
-0.2532520181
-0.2532520181
-0.2532520181
-2.834642556
-0.3771193478
-0.2347564781
-0.2298659361
-0.2298659361
-0.2298659361
-4.518019741
-1.033747282
-1.033747282
-1.372710917
-1.372710917
-1.372710917
-1.372710917
-0.6570818594
-0.6570818594
-0.6570818594
-0.6570818594
-0.6570818594
-0.6570818594
-0.6570818594
-0.6570818594
-0.6570818594
-0.6570818594
-0.6570818594
-0.6570818594
-0.3674995691
-0.3674995691
-0.3674995691
-0.3674995691
-0.3674995691
-0.3674995691
-0.3674995691
-0.3674995691
-0.2501724006
-0.2501724006
-0.2501724006
-0.2501724006
-0.2501724006
-0.2501724006
-0.2501724006
-0.2501724006
-0.2501724006
-0.2501724006
-0.2501724006
-0.5896262186
-0.3398222458
-0.3398222458
-0.3398222458
-0.3398222458
-0.3398222458
-0.3398222458
-0.3398222458
-0.3398222458
-0.2268131179
-0.2268131179
-0.2268131179
-0.2268131179
-0.2382734731
-0.2382734731
-0.2382734731
-0.2382734731
-0.2382734731
-0.2382734731
-1.122157012
-1.122157012
-1.122157012
-1.122157012
-2.230955119
-2.230955119
-2.230955119
-2.642464741
-2.642464741
-2.882505058
-2.882505058
-2.882505058
-2.882505058
-2.760537728
-2.760537728
-3.600950096
-3.600950096
-3.600950096
-2.788159702
-1.925624707
-1.925624707
-1.17419657
-0.3399045613
-0.3399045613
-0.3399045613
-0.3399045613
-0.3399045613
-0.3399045613
-0.3399045613
-0.3399045613
-0.3399045613
-0.7072010905
-0.7072010905
-0.7072010905
-0.7072010905
-1.284221164
-0.9847423905
-0.2925344022
-0.4255270989
-0.4255270989
-0.4255270989
-0.4255270989
-0.4255270989
-1.472794903
-0.2922819799
-1.407311416
-0.2258019202
-0.2258019202
-0.2258019202
-0.2258019202
-0.3940785407
-0.3940785407
-0.3940785407
-0.3940785407
-0.3940785407
-0.3940785407
-0.3940785407
-0.3940785407
-0.3940785407
-0.3940785407
-0.3940785407
-0.3940785407
-0.3940785407
-0.3940785407
-0.3940785407
-0.3940785407
-0.7011587312
-0.7011587312
-0.7011587312
-0.7011587312
-0.7011587312
-0.2297253805
-0.2297253805
-0.2297253805
-0.2297253805
-0.2297253805
-0.2297253805
-0.3448400134
-0.3448400134
-0.2636613163
-0.2636613163
-0.2383122124
-0.2383122124
-0.2383122124
-0.2383122124
-0.2383122124
-0.2988893321
-0.2676775242
-0.2676775242
-0.2676775242
-0.2676775242
-0.2676775242
-0.2676775242
-0.2676775242
-0.2676775242
-1.946770532
-1.946770532
-1.946770532
-1.946770532
-1.946770532
-1.946770532
-1.946770532
-0.3063110071
-0.3063110071
-0.3063110071
-0.3063110071
-0.3063110071
-0.3063110071
-0.4726980247
-0.4726980247
-0.4726980247
-1.090679361
-1.090679361
-0.243376738
-0.243376738
-0.3879082791
-0.3879082791
-0.3879082791
-0.3879082791
-0.8857060454
-0.8857060454
-0.4126266753
-0.4126266753
-0.4126266753
-0.4126266753
-0.4126266753
-0.4126266753
-0.4126266753
-0.4126266753
-0.4126266753
-1.367953794
-0.6277757235
-0.6277757235
-0.6277757235
-0.6277757235
-0.6277757235
-0.6277757235
-0.6277757235
-0.3503948153
-0.3503948153
-0.3503948153
-0.3503948153
-0.3503948153
-0.3503948153
-0.3503948153
-0.3503948153
-0.3503948153
-1.196910827
-0.8986612387
-0.8986612387
-1.750421506
-0.477440727
-0.477440727
-0.477440727
-0.7803027083
-0.7803027083
-0.7803027083
-0.7803027083
-0.2293436174
-0.3333085664
-0.3333085664
-0.3333085664
-0.3333085664
-0.3333085664
-0.3333085664
-0.872500129
-0.872500129
-1.286426432
-1.286426432
-1.286426432
-0.471870093
-0.471870093
-0.471870093
-1.137586385
-1.137586385
-1.105883554
-1.105883554
-1.105883554
-1.105883554
-1.105883554
-0.2266216634
-0.2332019661
-0.2719522972
-0.2719522972
-0.2719522972
-0.2719522972
-0.2719522972
-0.2719522972
-0.2719522972
-0.2719522972
-0.2719522972
-0.2719522972
-0.2719522972
-0.2719522972
-0.2719522972
-0.2719522972
-0.2719522972
-0.2719522972
-0.2719522972
-0.2719522972
-0.2719522972
-0.2719522972
-0.2719522972
-0.2719522972
-0.2719522972
-0.2719522972
-0.2719522972
-0.2719522972
-0.2513869196
-0.2513869196
-0.2513869196
-0.2513869196
-0.2513869196
-0.2513869196
-0.2513869196
-0.3084942532
-0.3084942532
-0.3084942532
-0.3084942532
-2.620821193
-0.4251188598
-0.4251188598
-0.4251188598
-0.4251188598
-0.4251188598
-0.4486607137
-0.4486607137
-0.4486607137
-0.4486607137
-0.6144635449
-0.6144635449
-0.6144635449
-0.3942691683
-0.3942691683
-0.3942691683
-0.3942691683
-0.3942691683
-0.3942691683
-0.3942691683
-0.67303241
-0.67303241
-2.990017522
-2.990017522
-1.322848327
-1.530193102
-1.530193102
-1.530193102
-1.530193102
-1.530193102
-1.530193102
-1.530193102
-1.530193102
-1.530193102
-1.530193102
-1.530193102
-1.530193102
-1.530193102
-0.8498456794
-0.8498456794
-0.2367605621
-0.5604485176
-1.234334072
-1.234334072
-1.234334072
-0.936061773
-0.936061773
-0.6395945586
-1.671684503
-1.671684503
-1.671684503
-1.671684503
-1.671684503
-0.2381843653
-0.2381843653
-0.2381843653
-0.2381843653
-0.2381843653
-0.2381843653
-0.2381843653
-0.2381843653
-0.5825446311
-0.5825446311
-0.5825446311
-0.5825446311
-0.5825446311
-0.5825446311
-0.5825446311
-0.5825446311
-0.5825446311
-0.5825446311
-0.980091633
-0.2417443015
-0.2417443015
-0.2417443015
-1.309469286
-0.8756862055
-0.2791049352
-0.2353485202
-0.2353485202
-0.2353485202
-0.2353485202
-1.308731869
-1.581904248
-3.845953747
-0.5455606646
-0.5455606646
-0.5455606646
-0.5455606646
-0.5455606646
-0.5455606646
-0.5455606646
-0.5455606646
-0.5455606646
-0.5455606646
-0.5455606646
-0.5455606646
-0.5455606646
-0.9264578617
-0.9264578617
-0.9264578617
-0.9264578617
-1.159090772
-2.168792626
-2.168792626
-2.168792626
-2.168792626
-3.722175391
-3.722175391
-3.722175391
-3.722175391
-3.722175391
-0.3337878695
-0.3337878695
-0.3337878695
-0.2270280069
-0.2820076103
-1.173010587
-1.173010587
-1.173010587
-1.173010587
-0.3405589925
-0.3405589925
-0.3405589925
-0.3405589925
-0.3405589925
-0.3405589925
-0.6734611773
-0.2500171892
-0.2500171892
-0.2500171892
-0.2500171892
-0.2500171892
-0.2462198359
-0.2462198359
-0.2462198359
-0.2462198359
-0.2462198359
-0.2462198359
-0.2462198359
-0.2462198359
-0.2462198359
-0.2462198359
-1.378423977
-0.4817910491
-0.4817910491
-1.880887782
-1.880887782
-1.880887782
-1.880887782
-0.3230399819
-0.3230399819
-0.3230399819
-0.3230399819
-0.3230399819
-0.308825603
-1.302336601
-1.302336601
-1.302336601
-1.302336601
-0.226343238
-0.226343238
-0.226343238
-0.226343238
-0.226343238
-0.226343238
-0.226343238
-0.226343238
-0.226343238
-0.226343238
-0.226343238
-0.226343238
-0.226343238
-0.226343238
-0.226343238
-0.226343238
-0.6238572984
-0.6238572984
-0.6238572984
-0.6238572984
-0.6816212113
-0.3361441855
-0.3361441855
-0.3361441855
-0.3361441855
-0.3361441855
-0.3361441855
-0.3361441855
-0.3361441855
-0.3361441855
-0.3361441855
-0.2282755712
-0.2282755712
-0.2282755712
-0.2282755712
-0.2282755712
-0.2282755712
-0.2282755712
-0.2278481816
-0.2278481816
-0.2278481816
-0.2278481816
-0.2278481816
-0.2278481816
-0.2278481816
-0.2278481816
-0.2278481816
-0.2278481816
-0.2278481816
-0.2278481816
-0.2278481816
-0.2278481816
-0.2278481816
-0.2278481816
-0.2278481816
-0.2278481816
-0.2278481816
-0.274077838
-1.085981309
-1.085981309
-0.2878173759
-0.2878173759
-0.2878173759
-0.2878173759
-0.2878173759
-0.6215673355
-0.6215673355
-0.6215673355
-0.3756731004
-0.3756731004
-1.549069327
-0.2880110384
-0.2880110384
-0.2880110384
-0.2880110384
-0.2622446222
-0.2622446222
-1.512747945
-0.7174556035
-0.7174556035
-0.7174556035
-1.0036479
-1.0036479
-1.0036479
-1.0036479
-1.178387463
-1.178387463
-1.178387463
-1.178387463
-1.178387463
-1.178387463
-1.178387463
-1.178387463
-0.3618030877
-0.3618030877
-1.114522754
-1.114522754
-1.114522754
-1.114522754
-0.7875499933
-0.7875499933
-0.7875499933
-0.5139921637
-0.5139921637
-0.5139921637
-0.5139921637
-0.5139921637
-0.5139921637
-1.613756649
-1.613756649
-1.613756649
-1.613756649
-1.613756649
-0.2300648013
-0.2300648013
-0.2300648013
-0.2300648013
-0.4743275738
-0.4743275738
-0.4743275738
-0.4743275738
-0.4743275738
-0.4743275738
-0.7597048393
-0.7597048393
-1.057794857
-0.2368639864
-0.2368639864
-0.2368639864
-0.2368639864
-0.2368639864
-0.2368639864
-0.2368639864
-0.2368639864
-0.2368639864
-0.2368639864
-0.2368639864
-0.2368639864
-0.2368639864
-0.4907222048
-0.4907222048
-0.4907222048
-0.4907222048
-0.4907222048
-0.4907222048
-0.4907222048
-0.4907222048
-0.4907222048
-0.4907222048
-0.6530895598
-0.6530895598
-0.6530895598
-0.6530895598
-0.6530895598
-0.6530895598
-0.6530895598
-0.6530895598
-0.6530895598
-0.6530895598
-0.6530895598
-0.2720886317
-0.2720886317
-0.2720886317
-0.2720886317
-0.2720886317
-0.2720886317
-0.2720886317
-0.2720886317
-0.2720886317
-0.2275738399
-0.2275738399
-0.2275738399
-0.2275738399
-0.2275738399
-0.2275738399
-0.2275738399
-0.2275738399
-0.8004518232
-0.7893101048
-0.6701466119
-0.6701466119
-0.6701466119
-0.3551160682
-0.3551160682
-0.3551160682
-0.3551160682
-0.3551160682
-0.3551160682
-0.3551160682
-0.3551160682
-0.3551160682
-0.3551160682
-0.3551160682
-1.115245465
-1.115245465
-1.115245465
-1.115245465
-2.100596312
-2.100596312
-2.100596312
-2.100596312
-2.100596312
-2.100596312
-2.100596312
-0.6576957651
-0.2437353195
-0.2437353195
-0.2437353195
-0.2437353195
-0.8837388764
-0.8837388764
-0.8837388764
-0.8837388764
-0.8837388764
-0.5862580864
-0.5862580864
-0.5862580864
-0.5862580864
-0.5862580864
-0.5862580864
-0.5862580864
-0.5862580864
-0.5862580864
-0.5862580864
-0.5862580864
-0.5862580864
-0.6382633916
-0.5351253204
-0.5351253204
-0.5351253204
-0.5351253204
-0.5351253204
-0.5351253204
-0.5351253204
-0.5351253204
-0.5351253204
-0.5351253204
-0.5351253204
-0.5351253204
-0.2295716157
-0.2351117314
-0.2351117314
-1.846942198
-3.269545967
-3.269545967
-0.5872362887
-0.5872362887
-0.5872362887
-0.5872362887
-0.4521878309
-0.228388619
-0.228388619
-0.228388619
-0.228388619
-0.228388619
-0.228388619
-0.228388619
-0.228388619
-0.228388619
-0.228388619
-0.228388619
-0.228388619
-0.228388619
-0.4394912754
-1.369053463
-1.369053463
-0.2567534138
-0.2567534138
-0.2768240556
-0.2607433789
-0.2607433789
-0.3208875165
-0.3208875165
-0.3208875165
-0.3208875165
-0.2344733244
-0.2344733244
-0.2344733244
-0.2344733244
-0.2344733244
-0.6718563233
-3.147682918
-3.147682918
-0.5387012129
-0.5387012129
-0.5387012129
-0.5387012129
-0.5387012129
-0.2422951405
-0.2570490357
-0.7334055325
-0.7334055325
-0.7334055325
-0.4953824295
-0.4953824295
-0.4953824295
-2.446886399
-1.556634528
-1.556634528
-1.556634528
-1.983564722
-1.455523144
-0.2779083722
-0.2779083722
-0.2779083722
-0.2779083722
-0.2779083722
-0.2779083722
-0.2779083722
-0.2779083722
-0.2779083722
-0.2779083722
-0.2779083722
-0.2779083722
-0.2779083722
-0.2779083722
-0.9562178933
-0.9562178933
-0.9562178933
-0.2974440994
-0.2974440994
-0.2974440994
-0.2974440994
-0.2823558933
-0.2823558933
-0.2823558933
-0.2823558933
-0.2823558933
-0.2823558933
-0.535758038
-0.535758038
-0.535758038
-0.535758038
-0.535758038
-1.791672134
-0.8111410742
-0.8111410742
-0.8111410742
-0.5960359277
-0.5960359277
-0.5960359277
-0.4545183736
-0.4545183736
-0.4488696191
-0.4488696191
-0.4488696191
-2.694681857
-2.694681857
-2.694681857
-2.694681857
-2.694681857
-2.694681857
-1.106695483
-1.106695483
-1.106695483
-1.106695483
-1.106695483
-1.106695483
-0.7740479762
-0.7740479762
-0.2645789231
-0.2645789231
-0.2645789231
-1.571003376
-1.571003376
-1.571003376
-1.571003376
-1.506721214
-1.506721214
-2.844240461
-4.348345625
-4.348345625
-1.637593912
-2.799171224
-2.799171224
-2.799171224
-0.2605998282
-0.8291773018
-0.8291773018
-1.937911878
-1.937911878
-2.438022525
-1.122109856
-0.3938910616
-0.3938910616
-0.3938910616
-0.2818774735
-0.2818774735
-0.2818774735
-0.3936212834
-0.3936212834
-0.3936212834
-0.3936212834
-0.3936212834
-0.3936212834
-0.3936212834
-0.3936212834
-0.3936212834
-0.3936212834
-0.5384387411
-0.5384387411
-0.4694988179
-0.4694988179
-0.4694988179
-1.379493502
-1.379493502
-1.379493502
-1.379493502
-1.379493502
-1.379493502
-1.379493502
-0.2820049418
-0.2820049418
-0.2820049418
-0.2820049418
-0.5007689454
-0.5007689454
-0.4806685287
-0.4806685287
-0.4806685287
-0.4806685287
-0.4806685287
-0.4806685287
-0.4806685287
-0.5834096384
-0.5834096384
-0.2863317449
-0.2863317449
-0.2364540937
-0.2364540937
-0.2364540937
-1.897929025
-0.2744460433
-0.2744460433
-0.2744460433
-0.2744460433
-0.2744460433
-0.2744460433
-0.2744460433
-0.2267157226
-0.2267157226
-0.7336266673
-0.7336266673
-0.7336266673
-0.7336266673
-0.7336266673
-0.7336266673
-2.057676106
-2.057676106
-2.057676106
-0.8025233446
-0.2508219692
-0.2508219692
-0.2508219692
-0.2508219692
-0.2273969546
-0.4832892211
-0.4832892211
-0.2450087359
-0.2450087359
-0.2287106457
-1.187915043
-1.067516677
-1.2862619
-0.5406839202
-0.5406839202
-1.174429145
-0.3979134824
-0.3979134824
-0.3979134824
-0.3979134824
-0.3979134824
-0.3979134824
-0.6641904762
-0.6641904762
-0.6763377866
-0.6763377866
-0.2265060037
-0.3874197163
-0.3874197163
-0.3874197163
-0.3874197163
-1.163578527
-1.163578527
-1.163578527
-1.163578527
-1.163578527
-1.163578527
-0.7462290881
-0.2609492904
-0.2609492904
-0.2609492904
-0.2609492904
-0.2609492904
-0.2609492904
-0.2609492904
-0.2609492904
-0.2609492904
-0.2609492904
-0.2609492904
-0.2609492904
-0.2609492904
-0.4040655906
-0.4040655906
-0.4040655906
-0.4040655906
-0.4040655906
-0.4040655906
-0.4040655906
-0.4040655906
-0.4040655906
-0.4040655906
-0.4040655906
-0.4040655906
-0.4040655906
-0.4040655906
-0.4040655906
-0.4040655906
-0.4040655906
-0.4040655906
-0.4040655906
-0.4040655906
-0.4040655906
-0.4040655906
-0.4040655906
-0.4040655906
-0.4040655906
-0.4040655906
-0.4040655906
-1.666595151
-1.666595151
-1.666595151
-0.2494245325
-0.2494245325
-0.2494245325
-0.2494245325
-0.2802750505
-0.2802750505
-0.2802750505
-0.2802750505
-0.2802750505
-0.2802750505
-0.2802750505
-0.2802750505
-0.2802750505
-0.2802750505
-0.2802750505
-0.2802750505
-3.436134257
-0.3361200865
-0.3361200865
-0.3361200865
-1.40562692
-1.40562692
-0.2283297067
-0.8431262061
-0.8431262061
-1.698094668
-0.6093188388
-0.6093188388
-0.6093188388
-0.6093188388
-0.6093188388
-0.6093188388
-1.116709677
-1.116709677
-2.955743009
-2.955743009
-0.6206847295
-0.2283491116
-0.2283491116
-0.2283491116
-0.2283491116
-0.2283491116
-0.2283491116
-0.2283491116
-0.2283491116
-0.2283491116
-0.2283491116
-0.2283491116
-0.2283491116
-0.2283491116
-0.3741414426
-0.3741414426
-0.3741414426
-0.3741414426
-0.3741414426
-0.3741414426
-0.3741414426
-0.3741414426
-0.5096395646
-0.5096395646
-0.5096395646
-0.5096395646
-0.5096395646
-0.5096395646
-0.5096395646
-0.2568723015
-0.2568723015
-0.2568723015
-1.025248238
-1.025248238
-0.5982996996
-0.5982996996
-0.5982996996
-0.5982996996
-0.5982996996
-0.5982996996
-0.5982996996
-0.5982996996
-0.5982996996
-0.4604856178
-0.4604856178
-0.4604856178
-0.4604856178
-0.2282289257
-0.2282289257
-0.2282289257
-0.2282289257
-0.2282289257
-0.2282289257
-0.2282289257
-0.2282289257
-0.2282289257
-0.2282289257
-0.2282289257
-0.2282289257
-0.2282289257
-0.2282289257
-0.2282289257
-0.2282289257
-0.2282289257
-0.2282289257
-0.2282289257
-0.2282289257
-0.2282289257
-0.2257987325
-0.2257987325
-0.2257987325
-0.2257987325
-0.2257987325
-0.2257987325
-0.2257987325
-0.2257987325
-0.2402048714
-0.2402048714
-0.2402048714
-0.2402048714
-0.2402048714
-0.5050542174
-0.5050542174
-0.5050542174
-0.5050542174
-0.5050542174
-0.2328234721
-0.2328234721
-0.2328234721
-0.2328234721
-0.7508789743
-0.7508789743
-0.7508789743
-0.2283206051
-0.2283206051
-0.2283206051
-0.2283206051
-0.2257920418
-0.7603593721
-0.7603593721
-0.7603593721
-0.7603593721
-0.7603593721
-0.7603593721
-0.7603593721
-0.7603593721
-0.7603593721
-0.7603593721
-0.3428303786
-0.3428303786
-0.2560151698
-0.2560151698
-0.2560151698
-0.2560151698
-0.2560151698
-0.2560151698
-0.2560151698
-0.2560151698
-0.2560151698
-0.2560151698
-0.2560151698
-0.2560151698
-0.2560151698
-0.9106137267
-0.9106137267
-0.9106137267
-0.9106137267
-0.9106137267
-0.9106137267
-0.7005571745
-0.7005571745
-0.7005571745
-0.7005571745
-0.7005571745
-0.7005571745
-1.834121379
-1.834121379
-0.8295003486
-0.6098287912
-0.6098287912
-0.6098287912
-0.338239575
-0.338239575
-0.338239575
-0.338239575
-0.338239575
-0.338239575
-0.338239575
-0.338239575
-0.338239575
-0.338239575
-0.338239575
-0.338239575
-0.313656236
-0.313656236
-0.313656236
-0.313656236
-0.313656236
-0.4717062013
-0.4717062013
-0.2969331394
-0.2969331394
-0.2969331394
-0.2969331394
-0.2969331394
-0.2969331394
-0.2969331394
-0.2969331394
-0.2969331394
-0.2969331394
-0.2969331394
-0.2969331394
-0.2969331394
-0.2969331394
-0.2969331394
-0.2969331394
-0.2969331394
-0.2969331394
-0.2969331394
-0.2969331394
-2.150293105
-2.150293105
-2.150293105
-2.150293105
-2.150293105
-0.7844269374
-0.7844269374
-0.7844269374
-0.7844269374
-0.7844269374
-0.7844269374
-1.038699084
-1.038699084
-2.101298895
-2.101298895
-2.101298895
-2.101298895
-2.101298895
-2.101298895
-1.365333112
-1.365333112
-0.3510722592
-0.3510722592
-0.3510722592
-0.3510722592
-0.3510722592
-0.3510722592
-0.4421459012
-0.4421459012
-2.347763008
-2.347763008
-2.347763008
-2.347763008
-0.3804918684
-0.3804918684
-0.3804918684
-0.3804918684
-0.3804918684
-0.3804918684
-0.3804918684
-0.3804918684
-0.515131039
-0.515131039
-0.515131039
-0.515131039
-1.305677852
-1.305677852
-0.2411714059
-0.2766865536
-0.2766865536
-0.2766865536
-0.2766865536
-0.4678415637
-0.4678415637
-0.4678415637
-0.4678415637
-1.252219199
-0.5169556468
-0.9715914089
-0.9715914089
-0.9715914089
-0.9715914089
-0.9715914089
-0.9715914089
-0.2581345011
-0.2581345011
-0.929230938
-0.4374208962
-0.4418692311
-0.4418692311
-1.357226318
-0.4379933559
-0.4494064381
-0.4494064381
-0.4494064381
-0.4494064381
-0.4494064381
-0.4494064381
-0.4659728619
-0.4659728619
-0.436861715
-0.436861715
-0.436861715
-0.436861715
-0.436861715
-0.436861715
-0.4354033198
-0.2274587482
-0.2274587482
-0.2274587482
-1.295762837
-1.295762837
-0.7896225826
-0.7896225826
-0.7896225826
-0.7896225826
-0.7896225826
-0.3113073657
-0.3113073657
-0.3113073657
-0.3113073657
-0.3113073657
-0.3113073657
-0.3113073657
-0.9191410274
-0.9191410274
-0.3048435435
-0.3048435435
-0.3048435435
-0.3048435435
-0.5264447014
-0.5264447014
-0.5264447014
-0.2952236935
-0.2940639964
-0.2940639964
-0.2940639964
-0.2940639964
-0.2940639964
-0.2940639964
-0.2940639964
-0.2940639964
-0.2940639964
-0.2940639964
-0.2940639964
-0.3540180741
-0.3540180741
-0.3540180741
-1.066329629
-1.066329629
-1.066329629
-1.066329629
-0.6690019824
-0.6690019824
-0.6690019824
-0.6690019824
-0.6690019824
-0.6690019824
-0.6690019824
-0.6690019824
-0.6690019824
-0.6690019824
-0.6690019824
-0.4037527522
-0.4037527522
-0.4037527522
-0.4037527522
-0.4037527522
-0.4037527522
-0.4037527522
-1.090619634
-3.288928115
-3.288928115
-3.281945774
-0.788928242
-0.788928242
-0.788928242
-0.788928242
-0.788928242
-0.788928242
-0.788928242
-0.788928242
-0.2290980262
-0.2290980262
-0.2290980262
-1.930647681
-1.930647681
-0.6350114513
-0.9127353203
-0.9127353203
-1.158922312
-1.158922312
-1.158922312
-0.2285991713
-0.2285991713
-0.234594926
-0.234594926
-0.234594926
-0.234594926
-0.234594926
-0.234594926
-0.234594926
-0.234594926
-0.234594926
-0.234594926
-0.234594926
-0.234594926
-0.234594926
-0.234594926
-0.234594926
-0.234594926
-0.234594926
-0.234594926
-0.234594926
-0.234594926
-0.234594926
-0.234594926
-0.234594926
-0.234594926
-0.234594926
-0.5255166714
-2.250867759
-2.250867759
-2.250867759
-2.250867759
-2.250867759
-2.250867759
-2.250867759
-2.250867759
-2.250867759
-2.250867759
-2.250867759
-2.66771507
-2.66771507
-2.66771507
-1.517010432
-1.517010432
-0.8853952258
-0.5518842642
-0.5518842642
-1.247594322
-0.7068477667
-0.7068477667
-0.7068477667
-1.311715668
-0.7458187438
-0.7458187438
-0.7458187438
-0.7458187438
-0.7458187438
-0.2288138527
-0.4869465179
-0.4869465179
-0.4869465179
-0.2258525614
-0.2258525614
-0.2258525614
-0.2258525614
-0.7346527011
-0.7346527011
-1.294577547
-1.294577547
-1.294577547
-0.493523841
-0.493523841
-0.493523841
-0.493523841
-0.493523841
-0.8488182602
-0.8488182602
-0.6664539854
-0.3507904153
-0.3507904153
-0.3507904153
-0.3507904153
-0.3507904153
-0.3507904153
-0.3507904153
-0.3507904153
-0.3507904153
-0.3507904153
-0.3507904153
-0.3507904153
-0.3507904153
-0.3507904153
-0.3507904153
-0.3507904153
-0.3507904153
-0.3507904153
-0.3507904153
-0.3507904153
-0.3507904153
-0.3507904153
-0.3507904153
-0.3507904153
-0.3507904153
-0.3507904153
-0.3507904153
-0.3507904153
-0.3507904153
-0.3507904153
-0.3507904153
-0.3507904153
-0.2283375347
-0.2283375347
-0.2283375347
-0.2283375347
-0.2283375347
-0.2283375347
-0.2283375347
-1.56782615
-1.020605105
-1.020605105
-1.020605105
-1.020605105
-1.020605105
-0.3623949858
-2.518897879
-0.2983345852
-0.4416147724
-0.4416147724
-0.4910310072
-0.229414889
-0.4693561806
-0.2534627396
-0.2534627396
-0.2534627396
-0.2534627396
-0.2534627396
-0.2534627396
-0.2534627396
-0.2534627396
-0.2534627396
-0.2534627396
-0.2534627396
-0.2534627396
-0.2274995401
-0.2274995401
-0.7657029865
-0.7657029865
-0.7657029865
-0.7657029865
-0.7657029865
-0.3566610002
-0.3566610002
-0.6361794721
-0.6361794721
-0.6361794721
-0.3358335945
-0.3358335945
-0.3358335945
-0.3358335945
-0.3358335945
-0.3358335945
-0.3358335945
-0.3358335945
-0.3358335945
-0.3358335945
-0.3358335945
-0.53041583
-0.53041583
-0.7780363897
-0.7780363897
-0.4545549483
-0.4545549483
-0.4545549483
-0.4545549483
-3.883718313
-3.44023309
-3.44023309
-3.44023309
-0.2442359891
-0.2442359891
-0.2442359891
-0.7889578768
-0.2755342664
-0.2755342664
-0.2755342664
-0.2755342664
-0.2258944173
-0.2258944173
-0.2258944173
-0.2258944173
-0.2258944173
-0.2258944173
-0.2258944173
-0.2258944173
-0.2775276125
-0.2775276125
-0.2775276125
-0.2775276125
-0.995589086
-0.995589086
-0.995589086
-0.2414537049
-0.2414537049
-0.2414537049
-0.2414537049
-0.2414537049
-0.2414537049
-0.2414537049
-0.2414537049
-0.2414537049
-0.2414537049
-0.2414537049
-1.044839764
-1.044839764
-1.044839764
-0.2306310078
-0.2306310078
-1.184529046
-1.184529046
-1.184529046
-1.182345121
-1.182345121
-1.182345121
-1.182345121
-1.182345121
-1.338374575
-1.558933744
-0.2645131816
-0.2645131816
-0.2645131816
-0.2645131816
-0.2645131816
-0.2645131816
-0.2645131816
-0.2645131816
-0.2645131816
-0.2645131816
-0.2645131816
-0.2645131816
-0.2645131816
-0.2645131816
-0.2645131816
-0.2645131816
-0.2645131816
-0.2645131816
-0.2645131816
-0.2645131816
-0.2645131816
-0.2645131816
-0.2645131816
-0.2645131816
-0.2645131816
-0.2645131816
-0.2645131816
-0.2645131816
-0.2645131816
-1.417977998
-1.417977998
-1.364118676
-1.364118676
-1.364118676
-1.364118676
-0.7617034218
-0.7617034218
-0.7617034218
-0.7617034218
-1.076757321
-1.076757321
-1.076757321
-1.076757321
-1.076757321
-1.076757321
-1.076757321
-0.7105634856
-0.3091741971
-0.3091741971
-0.3091741971
-0.3091741971
-1.800886787
-1.800886787
-2.032581014
-0.8322927134
-0.8322927134
-1.193442605
-0.9905341051
-0.9905341051
-0.9905341051
-0.9905341051
-0.4399309315
-0.2260539865
-0.2260539865
-0.2260539865
-0.4062675483
-0.4062675483
-0.4062675483
-0.226013424
-0.226013424
-0.226013424
-0.226013424
-0.226013424
-1.677804873
-1.677804873
-1.677804873
-1.677804873
-1.677804873
-1.865333561
-1.865333561
-1.865333561
-1.865333561
-1.865333561
-0.2489125804
-0.4547853448
-1.1615837
-1.1615837
-0.3616340855
-5.0122735
-4.634912082
-2.479806413
-2.110754079
-2.110754079
-2.110754079
-2.110754079
-1.660357356
-1.660357356
-0.371454061
-0.371454061
-0.371454061
-0.371454061
-0.371454061
-0.371454061
-0.371454061
-0.371454061
-0.2340858134
-0.2340858134
-0.2340858134
-0.2340858134
-0.2340858134
-2.057845848
-2.057845848
-0.3114139929
-0.3114139929
-0.3114139929
-1.20681899
-1.20681899
-1.20681899
-1.20681899
-1.20681899
-0.8679330979
-0.8679330979
-0.3744607641
-0.3744607641
-0.4899994694
-0.2267453577
-0.2267453577
-0.2267453577
-0.2267453577
-0.2267453577
-0.2267453577
-0.2267453577
-0.2267453577
-0.2267453577
-0.2267453577
-0.2267453577
-0.2267453577
-0.2267453577
-0.2267453577
-0.2267453577
-0.2267453577
-0.2267453577
-0.2267453577
-0.2267453577
-0.2267453577
-0.2267453577
-0.2267453577
-0.2267453577
-0.2267453577
-0.2267453577
-0.2275700519
-0.2264652375
-0.2264652375
-0.2264652375
-0.9005595098
-0.9005595098
-0.9005595098
-0.9005595098
-0.9005595098
-0.9005595098
-0.9005595098
-1.686561352
-1.686561352
-1.34471415
-0.2712573159
-0.2712573159
-0.2712573159
-0.2712573159
-0.2712573159
-0.6927206096
-0.7286379482
-0.2458455612
-0.2458455612
-0.2458455612
-0.2458455612
-0.2458455612
-0.2458455612
-0.2458455612
-0.2458455612
-0.2458455612
-0.2458455612
-0.2260264192
-0.2260264192
-0.3150470795
-0.3150470795
-0.3150470795
-0.3150470795
-0.3150470795
-0.3150470795
-0.3150470795
-0.3150470795
-0.3150470795
-0.3150470795
-0.3150470795
-0.3150470795
-0.3150470795
-2.285145306
-1.793904703
-0.231170534
-0.231170534
-0.231170534
-0.231170534
-0.231170534
-0.231170534
-0.231170534
-0.231170534
-0.231170534
-0.3039594576
-0.3039594576
-0.3039594576
-0.3039594576
-0.6216903352
-0.6216903352
-0.6216903352
-0.6216903352
-0.3390811234
-0.7402772748
-0.7402772748
-0.7402772748
-0.877168697
-1.09168216
-1.09168216
-0.5405152227
-0.5405152227
-0.5405152227
-0.5405152227
-0.5405152227
-0.2303545566
-0.2303545566
-0.51863046
-0.51863046
-0.475199475
-0.475199475
-0.475199475
-0.475199475
-0.475199475
-0.475199475
-0.475199475
-0.2267682929
-0.2267682929
-0.2267682929
-0.2267682929
-0.2267682929
-0.2267682929
-0.2267682929
-0.2267682929
-0.2267682929
-0.2267682929
-0.2267682929
-0.2267682929
-0.2267682929
-0.2267682929
-0.7206722236
-1.050653973
-0.8580075274
-1.07500848
-1.07500848
-1.07500848
-1.07500848
-0.309579647
-0.309579647
-0.309579647
-0.309579647
-0.309579647
-0.2311569823
-0.7354974487
-0.7354974487
-0.2266838553
-0.2266838553
-0.2266838553
-0.2266838553
-0.2266838553
-0.2266838553
-0.2266838553
-0.2266838553
-0.2266838553
-0.2266838553
-0.2266838553
-0.2266838553
-0.2788732955
-0.2788732955
-2.874708573
-2.874708573
-2.874708573
-2.874708573
-0.5076762974
-0.5076762974
-0.5076762974
-2.584461684
-2.584461684
-1.374702482
-1.374702482
-1.374702482
-1.374702482
-0.4978261544
-0.4978261544
-2.286995636
-2.286995636
-0.6523863326
-0.6523863326
-0.6523863326
-0.6523863326
-0.6523863326
-0.6523863326
-0.6523863326
-0.6523863326
-0.6523863326
-0.6523863326
-0.6523863326
-0.6523863326
-0.6523863326
-0.7464143321
-0.7464143321
-0.7464143321
-0.225941025
-0.225941025
-0.225941025
-0.225941025
-0.225941025
-0.225941025
-0.225941025
-0.225941025
-0.225941025
-0.225941025
-0.225941025
-0.225941025
-0.225941025
-0.225941025
-0.225941025
-0.225941025
-0.2561177033
-0.2561177033
-0.2561177033
-0.3608491575
-0.3608491575
-0.3608491575
-0.3608491575
-0.3608491575
-0.3608491575
-2.677320278
-2.677320278
-2.17497237
-2.17497237
-2.17497237
-0.9359573654
-0.9359573654
-0.9359573654
-0.9359573654
-0.9359573654
-0.9359573654
-0.3648618421
-0.3648618421
-0.3648618421
-0.3459964677
-0.3459964677
-0.6111521241
-0.6111521241
-0.6111521241
-0.6111521241
-0.6111521241
-0.6111521241
-0.5309973213
-0.5309973213
-0.5309973213
-0.5309973213
-0.4184447674
-0.4184447674
-0.4184447674
-0.4184447674
-0.4184447674
-0.4184447674
-0.4184447674
-0.4184447674
-0.4184447674
-0.4184447674
-1.688250485
-1.688250485
-1.688250485
-2.447192868
-0.9600531766
-0.6634911356
-0.6634911356
-0.6634911356
-0.6634911356
-0.7062151487
-0.7062151487
-0.7062151487
-0.7062151487
-2.051015316
-2.051015316
-0.8819256317
-0.8819256317
-0.8819256317
-0.8819256317
-0.8819256317
-0.7225671855
-0.7225671855
-0.7225671855
-0.7225671855
-0.7225671855
-1.043459965
-1.443417119
-1.443417119
-1.443417119
-1.443417119
-1.443417119
-1.443417119
-1.443417119
-1.443417119
-1.443417119
-1.443417119
-1.443417119
-1.443417119
-1.443417119
-1.443417119
-0.3180396738
-0.3180396738
-0.3180396738
-0.3180396738
-0.3180396738
-0.3180396738
-0.3180396738
-0.3180396738
-0.3180396738
-0.3180396738
-1.155860107
-1.021541967
-1.860949643
-0.2927118412
-0.2927118412
-0.2295020613
-0.2295020613
-0.2295020613
-0.2295020613
-0.2295020613
-3.008257696
-0.2257932523
-0.2257932523
-0.2257932523
-0.2257932523
-0.2257932523
-0.2629284331
-0.2293268218
-0.2293268218
-0.2293268218
-0.3048898636
-0.3048898636
-0.3048898636
-0.3048898636
-0.3048898636
-0.3048898636
-0.3851034375
-0.5317503183
-0.2635747602
-0.225826435
-0.2446308205
-0.2446308205
-0.2446308205
-0.2446308205
-0.2446308205
-0.2446308205
-0.2446308205
-0.2446308205
-0.2446308205
-0.2446308205
-0.2446308205
-0.2446308205
-0.2446308205
-0.2446308205
-0.2446308205
-0.2446308205
-0.2446308205
-0.3107333978
-0.3107333978
-0.3107333978
-0.3107333978
-0.3107333978
-0.3107333978
-0.3107333978
-0.3107333978
-0.3107333978
-0.3107333978
-0.2849703489
-0.2849703489
-0.2849703489
-0.2849703489
-0.4922754401
-0.4922754401
-0.4922754401
-0.4922754401
-0.4922754401
-0.4922754401
-0.4922754401
-0.4922754401
-0.4922754401
-0.4922754401
-0.4922754401
-0.4922754401
-0.2913692742
-0.2913692742
-0.2913692742
-0.2913692742
-0.2913692742
-0.2913692742
-0.2913692742
-0.2913692742
-0.2913692742
-0.2913692742
-0.2913692742
-0.2913692742
-0.2913692742
-0.2913692742
-0.2913692742
-0.2913692742
-0.2913692742
-0.2913692742
-0.2913692742
-0.2913692742
-0.2913692742
-0.2913692742
-0.2913692742
-0.2913692742
-0.2913692742
-0.9810803834
-0.9810803834
-0.9810803834
-0.9810803834
-2.097174176
-2.097174176
-0.6341859907
-0.3188150727
-0.3188150727
-0.3188150727
-0.3188150727
-0.3188150727
-0.3188150727
-0.3188150727
-0.3188150727
-1.018777126
-1.018777126
-1.018777126
-1.018777126
-1.018734164
-1.018734164
-1.018734164
-0.9757425183
-0.8303432057
-0.8303432057
-0.8303432057
-0.2261610781
-0.2261610781
-0.2261610781
-1.138003399
-0.2450975296
-0.2450975296
-0.3077433858
-0.3077433858
-0.3077433858
-0.3077433858
-0.3077433858
-0.3077433858
-0.3077433858
-0.3077433858
-1.117867973
-1.117867973
-1.117867973
-1.931020957
-1.342230691
-1.312576985
-1.312576985
-1.312576985
-1.312576985
-1.312576985
-1.312576985
-1.312576985
-1.471545106
-0.9752833338
-0.9752833338
-0.9752833338
-0.9752833338
-0.9752833338
-0.9752833338
-0.9752833338
-0.9752833338
-0.9752833338
-0.9752833338
-0.2263619749
-0.2263619749
-0.5382285229
-0.5382285229
-0.5382285229
-0.4201309401
-0.4201309401
-0.4201309401
-0.4201309401
-0.2288928324
-0.2288928324
-0.3623523985
-0.3623523985
-0.3623523985
-0.3623523985
-0.3623523985
-0.3623523985
-0.3623523985
-0.3623523985
-0.3623523985
-1.395617613
-0.7022192993
-1.968288031
-1.968288031
-1.968288031
-1.968288031
-1.568728226
-1.568728226
-0.2904386126
-0.3694859227
-0.3694859227
-0.3694859227
-0.3694859227
-0.2984614308
-0.6073437365
-0.6073437365
-0.9758804781
-0.9758804781
-0.9758804781
-0.9758804781
-0.9758804781
-0.232924958
-0.232924958
-0.232924958
-0.232924958
-0.232924958
-0.232924958
-0.232924958
-0.232924958
-0.232924958
-0.2339225642
-0.2339225642
-0.2339225642
-0.2339225642
-0.2339225642
-0.2339225642
-0.2339225642
-0.2339225642
-1.795915688
-0.8134846959
-0.8134846959
-0.8134846959
-0.8208903403
-0.8208903403
-0.8208903403
-0.8208903403
-0.2261311333
-0.2261311333
-0.2261311333
-0.325513076
-0.325513076
-0.325513076
-0.325513076
-0.325513076
-0.325513076
-0.325513076
-0.325513076
-0.325513076
-0.325513076
-0.5958623265
-0.5958623265
-1.403941415
-1.403941415
-1.403941415
-1.36790203
-1.36790203
-1.36790203
-1.36790203
-0.2305395072
-0.2305395072
-0.2343517427
-0.2343517427
-0.2343517427
-0.2343517427
-0.4938297766
-0.4938297766
-0.4938297766
-0.4938297766
-0.4938297766
-0.4938297766
-0.4938297766
-0.4938297766
-0.4938297766
-0.2263016708
-0.2263016708
-0.2263016708
-0.2263016708
-0.2263016708
-0.2263016708
-0.2263016708
-0.2721889464
-0.2721889464
-0.2721889464
-0.2721889464
-0.2721889464
-0.2260009604
-0.2260009604
-0.2260009604
-0.2260009604
-0.2260009604
-1.81975919
-1.81975919
-1.81975919
-0.2704849572
-0.2704849572
-0.2704849572
-0.2704849572
-0.2704849572
-0.2704849572
-0.28907426
-0.28907426
-0.28907426
-0.28907426
-0.3354475991
-0.3354475991
-0.3354475991
-0.3354475991
-0.2325978308
-0.2325978308
-0.2325978308
-0.4507303014
-0.4507303014
-3.447320114
-3.447320114
-3.447320114
-3.447320114
-3.447320114
-3.447320114
-0.9362187365
-4.114718119
-4.114718119
-4.114718119
-4.114718119
-4.114718119
-3.058140296
-3.058140296
-1.022460157
-1.022460157
-1.022460157
-0.2539879613
-0.2539879613
-0.2539879613
-1.163204923
-1.163204923
-1.163204923
-1.163204923
-1.163204923
-1.163204923
-1.163204923
-1.163204923
-1.439208939
-1.439208939
-1.439208939
-1.439208939
-1.439208939
-1.439208939
-0.3069366583
-0.350752574
-0.350752574
-0.350752574
-0.350752574
-0.9564537053
-2.567702686
-2.567702686
-2.567702686
-2.567702686
-2.974443253
-2.974443253
-2.61933799
-3.375231031
-0.3128237788
-0.3128237788
-0.3128237788
-0.3128237788
-0.3128237788
-0.3128237788
-0.3128237788
-0.3128237788
-1.982963186
-1.982963186
-0.8603951119
-0.8603951119
-0.8603951119
-0.8603951119
-0.2329758249
-0.2329758249
-0.2455672509
-0.2455672509
-0.2455672509
-0.2455672509
-0.2455672509
-0.2455672509
-0.2455672509
-0.2455672509
-0.2455672509
-0.2455672509
-0.2455672509
-0.2455672509
-0.5101390281
-0.8845950747
-0.4400130431
-0.2272517673
-0.2272517673
-0.2272517673
-0.3956664402
-0.3956664402
-0.3956664402
-0.3956664402
-0.3956664402
-0.3956664402
-0.3956664402
-0.3956664402
-0.3956664402
-0.3956664402
-0.3956664402
-0.3956664402
-0.3956664402
-0.3956664402
-0.3956664402
-0.3956664402
-0.3956664402
-0.3956664402
-0.3956664402
-0.3956664402
-0.3956664402
-0.3956664402
-0.3956664402
-0.3956664402
-0.3956664402
-3.170491737
-1.30019384
-0.4567098162
-0.4567098162
-0.4567098162
-0.4567098162
-1.528350226
-1.311547159
-1.311547159
-1.311547159
-1.292694653
-0.233799399
-2.816894705
-2.816894705
-2.816894705
-0.9347252966
-0.9347252966
-0.9347252966
-0.9347252966
-0.9347252966
-1.030650342
-1.317092569
-1.317092569
-1.317092569
-1.317092569
-1.317092569
-1.317092569
-1.317092569
-0.4516079683
-0.4516079683
-0.4516079683
-0.4516079683
-0.4516079683
-0.4904954755
-0.4904954755
-0.4904954755
-0.4904954755
-0.4904954755
-0.4904954755
-0.4904954755
-0.4904954755
-0.3107815652
-0.3107815652
-0.3107815652
-0.3107815652
-0.3107815652
-0.3107815652
-0.3107815652
-0.3107815652
-0.3107815652
-0.3107815652
-0.3107815652
-0.3107815652
-0.2302293308
-0.2302293308
-0.3217556137
-0.3217556137
-0.3217556137
-0.237680128
-0.237680128
-0.237680128
-1.152305673
-0.3581146165
-0.3581146165
-0.3581146165
-0.6167108921
-0.6167108921
-0.6167108921
-0.6167108921
-1.474499194
-1.474499194
-0.490230558
-0.490230558
-0.490230558
-0.490230558
-0.490230558
-0.490230558
-0.490230558
-0.8495304738
-0.8495304738
-0.8495304738
-1.569763386
-1.66430437
-1.66430437
-1.66430437
-1.66430437
-1.66430437
-1.130254899
-1.130254899
-1.130254899
-0.8048286368
-0.4998760737
-0.4998760737
-1.435184897
-0.6846266615
-0.6846266615
-0.6846266615
-0.6846266615
-0.6846266615
-0.6846266615
-0.6846266615
-0.3630763185
-0.3630763185
-0.3318925502
-0.2331304572
-0.2331304572
-0.2331304572
-0.3719267326
-0.3719267326
-0.3719267326
-0.4259428947
-0.4259428947
-0.4259428947
-0.4259428947
-0.4259428947
-0.4259428947
-0.4259428947
-0.4259428947
-0.4259428947
-0.4259428947
-0.4259428947
-0.4259428947
-0.4259428947
-0.4259428947
-0.2267479703
-0.2267479703
-0.2267479703
-0.2267479703
-0.2267479703
-0.2267479703
-0.2267479703
-0.2267479703
-1.342994096
-1.342994096
-4.747854928
-4.747854928
-4.747854928
-0.4508285347
-0.517851855
-1.999296457
-1.999296457
-2.308320597
-2.308320597
-2.308320597
-2.056957401
-2.056957401
-2.056957401
-2.056957401
-2.056957401
-0.8878613161
-0.8878613161
-0.8878613161
-0.8878613161
-0.3131174363
-0.3131174363
-0.3131174363
-0.3131174363
-0.3462373582
-0.3462373582
-0.3462373582
-0.3462373582
-0.3462373582
-0.3462373582
-0.3462373582
-0.3462373582
-1.312824119
-1.312824119
-0.3883530442
-0.3883530442
-0.9306442762
-0.9306442762
-0.9306442762
-0.3285293211
-0.3285293211
-0.3285293211
-0.3285293211
-0.3285293211
-0.3285293211
-0.3285293211
-0.3285293211
-0.3285293211
-0.3285293211
-0.3285293211
-0.3285293211
-0.3285293211
-0.3285293211
-0.502002755
-0.502002755
-0.3359483482
-0.3359483482
-0.9809590275
-0.9809590275
-0.9809590275
-0.2343925322
-0.2343925322
-0.2343925322
-0.2343925322
-0.2343925322
-0.2343925322
-0.2343925322
-0.2343925322
-0.2343925322
-0.2343925322
-0.2343925322
-0.2343925322
-0.2343925322
-0.3126834818
-0.3126834818
-0.3126834818
-0.2259220306
-0.2664581448
-0.2664581448
-0.2664581448
-0.2664581448
-0.2664581448
-0.2664581448
-0.2664581448
-0.2664581448
-0.2664581448
-0.2664581448
-0.2664581448
-0.2664581448
-0.2664581448
-0.2664581448
-0.2664581448
-0.2664581448
-0.2664581448
-0.2664581448
-0.2664581448
-0.2664581448
-0.2459633796
-0.2459633796
-0.2459633796
-0.2459633796
-0.2459633796
-0.2459633796
-0.2459633796
-0.2459633796
-0.2459633796
-0.2459633796
-0.2459633796
-0.2459633796
-0.2459633796
-0.2459633796
-0.2459633796
-0.2459633796
-0.2459633796
-0.2459633796
-0.2459633796
-0.2459633796
-0.6805911501
-1.113866772
-1.113866772
-0.6607043238
-0.6607043238
-0.6607043238
-0.6607043238
-0.6607043238
-1.543508581
-1.543508581
-1.543508581
-1.543508581
-1.543508581
-1.484517124
-1.484517124
-1.484517124
-1.484517124
-1.794968437
-1.794968437
-1.794968437
-0.5799480578
-0.5799480578
-0.5799480578
-0.3600276548
-0.3600276548
-1.028577316
-1.028577316
-0.2770600191
-0.2770600191
-0.7526510905
-0.4376230924
-0.4376230924
-0.4376230924
-0.4376230924
-0.4376230924
-0.4376230924
-0.4376230924
-0.2295020967
-0.2295020967
-0.2295020967
-0.22596531
-0.22596531
-0.22596531
-0.22596531
-0.22596531
-0.22596531
-0.22596531
-0.22596531
-0.22596531
-0.22596531
-0.22596531
-0.6328428288
-0.6502626703
-0.6502626703
-0.6502626703
-0.6502626703
-0.4857662312
-0.4857662312
-0.4857662312
-0.4857662312
-0.4857662312
-0.4857662312
-1.044574153
-1.044574153
-1.503233341
-1.503233341
-1.503233341
-0.6240680981
-0.6240680981
-0.2341613795
-0.2341613795
-0.3132291221
-0.3132291221
-0.3132291221
-0.6859196458
-0.4019716168
-0.2548242119
-0.2548242119
-0.2548242119
-0.2548242119
-0.2258471758
-0.2258471758
-0.2541376528
-0.2541376528
-0.2541376528
-0.2541376528
-0.2541376528
-0.2541376528
-0.2541376528
-0.2541376528
-0.2541376528
-0.2541376528
-0.2541376528
-0.2541376528
-0.6426613301
-0.6426613301
-0.6426613301
-0.6426613301
-0.6426613301
-0.6426613301
-0.6426613301
-0.2560275338
-0.2560275338
-0.2560275338
-0.2560275338
-0.2560275338
-0.2560275338
-0.2560275338
-0.2560275338
-0.2813266615
-0.2813266615
-0.2813266615
-0.2813266615
-0.2813266615
-0.2813266615
-0.2813266615
-0.2813266615
-1.010083299
-1.010083299
-1.010083299
-0.9931014082
-0.9931014082
-0.9931014082
-0.9931014082
-0.9931014082
-0.9931014082
-0.9931014082
-0.9931014082
-0.2490603002
-0.2490603002
-0.2490603002
-0.2490603002
-0.2490603002
-0.2490603002
-0.2490603002
-1.656897449
-1.656897449
-1.656897449
-1.656897449
-1.656897449
-1.656897449
-1.656897449
-1.656897449
-2.606119864
-2.606119864
-2.606119864
-5.592357904
-5.592357904
-5.592357904
-5.592357904
-5.592357904
-2.89593542
-0.6064149162
-0.6064149162
-0.6064149162
-0.6064149162
-0.6064149162
-0.6064149162
-0.6064149162
-0.6064149162
-0.6064149162
-0.6064149162
-0.99696546
-0.2309631878
-0.2309631878
-0.8480768798
-0.2258193811
-0.2550794231
-0.2550794231
-0.2298513517
-0.7217284957
-0.7217284957
-0.7217284957
-1.14338472
-1.14338472
-1.14338472
-1.14338472
-1.14338472
-1.14338472
-1.14338472
-1.14338472
-1.14338472
-0.4214060051
-2.111671373
-2.111671373
-2.111671373
-2.111671373
-2.111671373
-2.111671373
-2.111671373
-2.111671373
-0.4776313189
-0.4776313189
-0.9042507456
-0.3029106986
-0.3029106986
-0.3029106986
-0.3029106986
-0.3720746348
-0.3720746348
-0.3720746348
-0.3720746348
-0.3720746348
-0.2496371695
-0.2258478638
-0.2258478638
-0.2258478638
-0.2258478638
-0.2258478638
-0.2258478638
-0.2258478638
-0.2258478638
-0.2258478638
-0.2258478638
-0.2258478638
-0.2258478638
-0.2258478638
-0.2258478638
-0.2258478638
-0.2258478638
-0.2258478638
-0.2258478638
-0.2258478638
-0.2557713923
-0.2628860191
-0.2628860191
-0.2628860191
-0.2628860191
-0.2628860191
-0.2628860191
-0.2628860191
-0.352213558
-0.352213558
-0.352213558
-0.352213558
-0.352213558
-0.2665295076
-0.2665295076
-2.126319935
-2.126319935
-2.126319935
-2.126319935
-2.126319935
-2.126319935
-0.6679246246
-0.6679246246
-2.048759907
-2.048759907
-2.048759907
-0.7226071745
-0.7226071745
-0.7226071745
-0.7226071745
-0.7226071745
-0.7226071745
-0.7226071745
-0.7226071745
-0.7226071745
-0.7226071745
-0.7226071745
-0.4870963495
-0.4870963495
-0.451374055
-0.451374055
-0.451374055
-0.451374055
-0.451374055
-0.451374055
-0.451374055
-0.451374055
-0.4474034351
-0.4474034351
-0.263882639
-0.6602990985
-0.6602990985
-0.6602990985
-0.6602990985
-0.6602990985
-0.9986694717
-0.9986694717
-0.9986694717
-0.9986694717
-0.9986694717
-0.9986694717
-0.9986694717
-1.402115994
-0.2281133874
-0.2281133874
-0.2281133874
-0.2281133874
-0.2281133874
-0.2281133874
-0.2281133874
-0.2281133874
-0.2281133874
-0.2281133874
-0.2281133874
-0.2281133874
-0.2281133874
-0.2281133874
-1.363914365
-1.363914365
-1.363914365
-1.363914365
-1.363914365
-1.363914365
-2.063941826
-2.063941826
-2.063941826
-2.063941826
-0.6286468725
-0.2477507653
-0.9112825332
-0.9112825332
-0.9112825332
-0.2385457546
-0.2385457546
-0.2385457546
-0.2385457546
-0.2385457546
-0.2385457546
-0.2385457546
-0.2385457546
-0.2385457546
-0.2385457546
-0.2385457546
-0.2385457546
-0.2385457546
-0.2385457546
-2.204331204
-2.204331204
-0.2658819643
-0.2658819643
-0.2658819643
-1.48870067
-1.48870067
-0.5278810262
-0.5278810262
-0.2553467991
-0.2553467991
-0.2553467991
-0.2553467991
-0.2553467991
-0.5370510769
-0.5370510769
-0.5370510769
-0.2310894466
-2.256392903
-2.256392903
-0.8766990409
-0.8766990409
-0.8766990409
-0.8214544891
-0.8214544891
-0.8214544891
-0.8214544891
-0.3281888018
-0.5043174458
-0.5043174458
-0.5043174458
-0.5043174458
-0.5043174458
-0.7174099198
-0.7174099198
-0.7174099198
-0.7174099198
-0.2780180222
-0.2780180222
-0.2780180222
-0.2780180222
-0.2780180222
-0.2780180222
-0.2780180222
-0.2327345847
-0.2327345847
-0.2327345847
-0.2327345847
-0.2327345847
-0.2327345847
-0.5647413006
-0.5647413006
-0.5647413006
-0.6628837674
-0.6628837674
-0.6628837674
-0.5563196722
-0.5563196722
-0.3856118337
-0.3856118337
-1.58278538
-1.58278538
-1.58278538
-1.58278538
-0.6584909513
-0.6584909513
-0.6584909513
-0.6584909513
-0.6584909513
-0.6584909513
-0.6584909513
-0.3247398042
-0.3247398042
-0.2650046678
-0.320206621
-0.320206621
-0.320206621
-0.320206621
-0.320206621
-0.320206621
-0.320206621
-0.320206621
-1.00849904
-1.00849904
-0.7723648681
-0.4567797123
-0.4567797123
-0.4567797123
-0.4567797123
-0.4567797123
-0.254743744
-0.254743744
-0.254743744
-0.254743744
-0.254743744
-0.254743744
-0.254743744
-0.254743744
-0.254743744
-0.6626338818
-0.6626338818
-0.6626338818
-0.6626338818
-0.6626338818
-0.6626338818
-0.6626338818
-0.6626338818
-1.603590839
-1.603590839
-1.603590839
-1.603590839
-1.603590839
-1.137747309
-1.137747309
-0.2278074791
-0.2278074791
-0.2278074791
-0.2278074791
-0.2278074791
-0.2278074791
-0.2278074791
-0.2278074791
-0.2278074791
-0.2278074791
-0.9204430953
-0.2352389475
-0.2352389475
-0.2352389475
-0.2352389475
-0.2352389475
-0.2352389475
-0.2352389475
-0.2352389475
-0.2352389475
-0.2352389475
-0.2352389475
-0.2352389475
-0.2352389475
-0.2352389475
-0.2352389475
-0.2352389475
-0.2352389475
-0.3536111212
-0.7496973427
-0.7015799143
-0.2606139806
-0.2606139806
-0.2606139806
-0.2606139806
-0.2606139806
-0.2606139806
-0.2606139806
-0.2606139806
-0.2606139806
-0.2606139806
-0.6276922418
-0.6276922418
-0.6276922418
-0.6276922418
-0.6276922418
-0.8509038437
-0.6578497111
-0.6578497111
-0.6578497111
-0.6578497111
-1.069984209
-1.069984209
-1.069984209
-0.2294519707
-0.4737295822
-1.071066639
-1.071066639
-1.071066639
-1.071066639
-1.071066639
-1.071066639
-1.071066639
-0.2927542752
-1.692263934
-1.692263934
-2.302447925
-0.2555892342
-0.2555892342
-0.2555892342
-0.2555892342
-1.486293722
-2.048511765
-0.8752075012
-0.8752075012
-0.3570480628
-0.3570480628
-0.3570480628
-0.3405355468
-0.3405355468
-0.3405355468
-0.3405355468
-0.2316698818
-0.5769100133
-0.6542797261
-0.6542797261
-0.6542797261
-0.6542797261
-0.598214428
-0.598214428
-1.103704418
-1.103704418
-2.901448415
-2.901448415
-0.4448340908
-0.4448340908
-0.4448340908
-0.3435310539
-0.3435310539
-0.3435310539
-0.3435310539
-0.3435310539
-0.3435310539
-0.3435310539
-0.3435310539
-0.6977256961
-0.6977256961
-0.6977256961
-1.160131202
-1.160131202
-1.453106622
-1.453106622
-1.453106622
-1.453106622
-0.2800650401
-0.2800650401
-0.2259076135
-0.6768411677
-0.6768411677
-0.2265958757
-0.3453184994
-0.3673343099
-0.3673343099
-0.3673343099
-0.3100061361
-0.3672597524
-1.211936814
-1.211936814
-1.211936814
-1.211936814
-1.211936814
-1.330497116
-1.330497116
-1.330497116
-1.330497116
-1.330497116
-1.330497116
-1.947376014
-0.2999045766
-0.2999045766
-0.2999045766
-0.4670981344
-0.4670981344
-0.4670981344
-0.4410148291
-0.4410148291
-0.4410148291
-0.4410148291
-0.4410148291
-0.245816155
-0.245816155
-0.245816155
-0.245816155
-0.435421626
-0.435421626
-0.2964400462
-0.2964400462
-1.723798618
-2.120528442
-2.120528442
-2.120528442
-2.120528442
-2.120528442
-2.120528442
-1.344123467
-1.344123467
-0.3660553595
-0.3660553595
-0.3660553595
-0.3660553595
-0.3660553595
-0.2510329265
-0.2510329265
-0.2510329265
-0.2510329265
-0.2510329265
-0.2510329265
-0.2510329265
-0.2510329265
-0.2510329265
-0.2510329265
-0.2510329265
-0.2510329265
-0.9544167042
-0.9544167042
-0.9544167042
-0.9544167042
-0.2262750917
-0.4989740347
-0.4989740347
-0.2829169853
-0.2829169853
-0.2829169853
-0.6449430336
-0.6449430336
-0.6449430336
-0.6449430336
-0.6449430336
-2.083339469
-2.083339469
-2.083339469
-2.083339469
-2.083339469
-2.083339469
-2.083339469
-2.483442813
-2.483442813
-1.422870579
-0.22585822
-0.22585822
-0.22585822
-0.22585822
-0.22585822
-0.22585822
-0.22585822
-0.2279589782
-1.317929646
-1.317929646
-0.2359202586
-0.2359202586
-1.511301716
-1.511301716
-1.511301716
-1.511301716
-1.822406579
-1.822406579
-0.2913886205
-0.2913886205
-0.2913886205
-0.2913886205
-0.2437223777
-0.2437223777
-3.129275355
-3.129275355
-3.129275355
-3.129275355
-0.3016367153
-1.208481218
-1.208481218
-1.208481218
-1.208481218
-1.208481218
-1.208481218
-1.208481218
-1.208481218
-1.208481218
-1.208481218
-1.208481218
-0.5025850578
-0.5025850578
-0.6759576634
-0.6759576634
-0.6759576634
-0.3626261433
-0.3608766032
-0.3608766032
-0.3934421405
-0.3934421405
-0.3934421405
-0.3934421405
-0.3934421405
-0.924378646
-0.7995160622
-0.7995160622
-0.8423839542
-0.8423839542
-0.8423839542
-0.619054023
-0.619054023
-0.619054023
-0.619054023
-0.619054023
-0.619054023
-0.3524480807
-0.3524480807
-0.3524480807
-0.3524480807
-0.3524480807
-0.3524480807
-0.2605637023
-0.2605637023
-0.2401812713
-0.2401812713
-0.2401812713
-0.2401812713
-0.2401812713
-0.331225524
-0.331225524
-0.331225524
-0.331225524
-0.331225524
-1.027160575
-1.027160575
-1.027160575
-1.027160575
-1.027160575
-1.027160575
-1.027160575
-1.027160575
-1.027160575
-1.027160575
-1.269931857
-1.269931857
-1.269931857
-1.269931857
-1.269931857
-1.269931857
-0.2261579477
-0.2261579477
-0.2261579477
-0.2261579477
-0.2261579477
-0.9168525737
-0.9168525737
-0.9168525737
-0.9168525737
-0.4460026842
-0.4460026842
-0.4460026842
-0.4460026842
-0.4460026842
-0.4460026842
-0.4460026842
-0.4460026842
-0.4460026842
-0.4460026842
-0.4460026842
-0.4460026842
-1.875476329
-1.259049511
-0.369525178
-0.2395359427
-0.2268051303
-0.2268051303
-0.2268051303
-0.2268051303
-0.2268051303
-1.095975008
-1.095975008
-1.095975008
-1.095975008
-1.095975008
-1.095975008
-1.328527452
-1.759823239
-1.759823239
-1.759823239
-2.453061255
-2.453061255
-2.453061255
-2.453061255
-2.453061255
-1.563800559
-1.531349902
-1.531349902
-0.5095527832
-0.5095527832
-0.5095527832
-0.5095527832
-0.5095527832
-0.5095527832
-0.5095527832
-0.4695755453
-0.8283129411
-0.8283129411
-1.5417636
-0.6267979281
-0.6267979281
-0.6267979281
-0.6267979281
-0.6267979281
-0.6733862716
-0.6733862716
-0.7849608356
-0.7849608356
-0.7849608356
-0.7849608356
-1.388281887
-1.388281887
-1.388281887
-0.2389284388
-0.2389284388
-0.2389284388
-0.227488473
-0.227488473
-0.227488473
-0.227488473
-0.227488473
-0.2285413216
-0.2285413216
-0.2285413216
-0.2285413216
-0.2285413216
-0.2285413216
-0.2285413216
-0.2285413216
-0.2285413216
-0.2285413216
-0.2285413216
-0.2285413216
-0.2285413216
-1.44016611
-1.44016611
-1.932027944
-1.932027944
-1.932027944
-1.932027944
-1.932027944
-1.932027944
-2.282016324
-4.280909369
-6.708389884
-6.708389884
-6.708389884
-6.708389884
-6.708389884
-5.139141374
-5.139141374
-5.139141374
-5.139141374
-0.3215501003
-0.3215501003
-0.3215501003
-0.6135753376
-0.6135753376
-0.6135753376
-0.6135753376
-0.6135753376
-0.6135753376
-0.6135753376
-0.6135753376
-0.6135753376
-0.4581682145
-0.4581682145
-0.4581682145
-0.2292014367
-0.2292014367
-0.2292014367
-0.2292014367
-0.2292014367
-0.4677513956
-0.4677513956
-0.4677513956
-0.4677513956
-0.2586787898
-1.126524927
-1.126524927
-0.2258032174
-0.2258032174
-0.2258032174
-1.975575531
-1.975575531
-1.975575531
-2.964375954
-1.622240206
-1.622240206
-0.2348867331
-0.2348867331
-0.2348867331
-0.2348867331
-0.2348867331
-0.4478637316
-0.4478637316
-0.4478637316
-0.4478637316
-0.4478637316
-0.2816012747
-0.2816012747
-0.2816012747
-0.2816012747
-0.2816012747
-0.2816012747
-0.2816012747
-0.2816012747
-0.2816012747
-0.4622108465
-0.3770928838
-0.3770928838
-0.3770928838
-0.3770928838
-0.683411391
-0.2425556709
-0.2425556709
-0.2425556709
-0.2425556709
-0.8007975351
-0.8007975351
-0.8007975351
-0.8007975351
-0.8007975351
-0.5612808362
-0.5612808362
-0.5612808362
-0.3396611266
-0.3396611266
-0.2913099539
-0.2913099539
-0.2913099539
-0.2913099539
-0.2913099539
-0.2913099539
-0.2913099539
-0.2913099539
-0.2913099539
-0.2913099539
-0.2276932664
-0.2276932664
-0.2346561082
-0.2346561082
-0.2346561082
-0.2346561082
-0.2346561082
-0.2346561082
-0.2346561082
-0.2346561082
-0.2346561082
-0.2346561082
-0.2346561082
-0.2346561082
-0.2346561082
-0.2346561082
-0.2346561082
-0.2346561082
-0.3433179529
-0.3213135624
-0.3213135624
-0.8751533764
-0.8751533764
-0.8751533764
-0.8751533764
-1.07598444
-1.07598444
-0.3189060397
-0.2889799114
-0.2889799114
-0.2889799114
-0.2889799114
-0.2889799114
-0.2889799114
-0.2889799114
-0.683297188
-0.683297188
-0.4044215541
-0.4044215541
-0.4044215541
-2.241175097
-0.408964878
-0.408964878
-0.408964878
-0.408964878
-0.408964878
-0.3312926181
-0.3312926181
-0.3312926181
-0.3312926181
-3.500748912
-3.500748912
-6.344938572
-2.841148935
-0.2266285143
-0.2266285143
-0.2266285143
-0.2266285143
-0.2266285143
-0.800832159
-0.800832159
-0.2507457688
-2.13472271
-0.5585138197
-0.2259052459
-0.2259052459
-0.2259052459
-0.2283617823
-0.4024208525
-0.4024208525
-0.4024208525
-0.4024208525
-0.4024208525
-0.4024208525
-0.4383982293
-0.6830177307
-0.6830177307
-0.6830177307
-0.4940409515
-1.027376909
-1.027376909
-1.027376909
-0.7176186018
-0.7176186018
-0.6716476432
-0.6716476432
-0.6716476432
-0.9757981707
-0.9757981707
-0.9757981707
-1.308025313
-1.308025313
-1.308025313
-1.308025313
-1.308025313
-1.308025313
-1.308025313
-1.308025313
-1.308025313
-1.308025313
-1.233257998
-1.070963906
-0.9929119738
-0.5706237338
-0.5706237338
-0.5706237338
-0.5706237338
-0.5204406645
-0.5204406645
-0.5204406645
-0.5204406645
-0.5204406645
-0.3607611818
-0.3607611818
-0.7502725693
-0.7502725693
-0.9983426701
-0.9983426701
-0.9983426701
-2.621584763
-2.621584763
-2.621584763
-2.757792892
-2.757792892
-2.757792892
-1.392088657
-0.7838269093
-0.7838269093
-1.330108996
-2.194065819
-2.194065819
-0.442731196
-0.442731196
-0.442731196
-0.442731196
-0.2572335661
-0.2572335661
-0.9084321704
-0.9084321704
-0.6511294625
-0.6511294625
-0.6511294625
-0.6511294625
-0.6511294625
-0.6511294625
-0.6511294625
-0.6511294625
-0.6511294625
-0.6511294625
-0.6511294625
-0.2337587026
-0.2337587026
-1.376144769
-1.376144769
-1.677315237
-1.677315237
-0.3732240471
-0.3732240471
-0.5231021576
-0.5231021576
-0.5231021576
-0.8438693197
-0.8438693197
-0.8438693197
-0.8438693197
-0.8438693197
-0.8438693197
-2.415782427
-2.415782427
-2.415782427
-0.3693582273
-0.3693582273
-0.3693582273
-0.3693582273
-0.3693582273
-0.3693582273
-0.3693582273
-0.3693582273
-0.3693582273
-1.467984671
-1.117090264
-0.8865257602
-0.8865257602
-0.8865257602
-0.8865257602
-0.3079702317
-0.3079702317
-0.3079702317
-0.3079702317
-0.3079702317
-1.062830633
-0.4353632182
-0.4353632182
-1.220833917
-1.220833917
-0.3195634633
-0.3195634633
-0.3195634633
-0.3195634633
-0.3195634633
-1.025449403
-1.025449403
-1.025449403
-2.406559293
-0.2295460879
-0.2295460879
-0.2295460879
-0.2295460879
-0.234126913
-0.234126913
-0.234126913
-0.234126913
-0.234126913
-0.234126913
-0.234126913
-0.234126913
-0.7676410594
-0.7676410594
-0.7676410594
-0.7676410594
-0.7676410594
-0.9858290134
-0.9858290134
-0.9858290134
-0.9858290134
-1.74765224
-1.74765224
-1.74765224
-1.74765224
-0.8255704808
-0.251754508
-0.251754508
-0.251754508
-0.251754508
-0.251754508
-0.251754508
-0.251754508
-0.251754508
-0.251754508
-0.251754508
-0.5425448705
-0.5425448705
-0.5425448705
-0.5425448705
-0.5425448705
-0.5425448705
-0.5425448705
-0.5425448705
-0.5425448705
-0.8057989681
-0.8057989681
-0.5586206675
-0.5586206675
-0.5586206675
-0.5586206675
-0.5586206675
-0.5586206675
-0.2909722802
-0.2909722802
-0.5611040683
-0.5611040683
-0.3186883026
-0.3186883026
-0.3186883026
-0.3186883026
-0.3186883026
-0.3186883026
-0.3186883026
-0.3186883026
-0.3186883026
-0.3186883026
-2.75009687
-0.3132994724
-0.3132994724
-0.3132994724
-0.3132994724
-0.3132994724
-0.3132994724
-0.3132994724
-0.3132994724
-0.3132994724
-0.3132994724
-0.3132994724
-0.3132994724
-0.3132994724
-0.3132994724
-0.3132994724
-0.3132994724
-0.3132994724
-1.896121494
-1.896121494
-1.896121494
-1.896121494
-1.896121494
-2.839002833
-2.839002833
-2.839002833
-2.264448824
-0.9288442649
-0.9288442649
-0.9288442649
-0.9288442649
-0.9288442649
-0.9288442649
-0.9288442649
-0.9288442649
-0.9288442649
-0.9288442649
-0.9288442649
-0.9288442649
-0.9288442649
-0.9288442649
-0.9288442649
-0.9288442649
-0.2480898992
-0.2480898992
-0.2480898992
-0.2480898992
-0.2480898992
-0.2480898992
-0.2480898992
-0.3335739686
-1.135649872
-1.068901022
-1.068901022
-1.068901022
-1.068901022
-0.3707505921
-0.3242238968
-0.3242238968
-0.3242238968
-0.3242238968
-0.3242238968
-0.3242238968
-0.3242238968
-0.3242238968
-0.3242238968
-0.3242238968
-0.3242238968
-0.3242238968
-0.3242238968
-0.3242238968
-0.3242238968
-0.3242238968
-0.2334213359
-0.2334213359
-0.2334213359
-0.2334213359
-0.2379418989
-0.2379418989
-0.2379418989
-0.2379418989
-0.2379418989
-0.2379418989
-0.2379418989
-0.2379418989
-0.2379418989
-0.2379418989
-0.2379418989
-0.2379418989
-0.2379418989
-0.2379418989
-0.2379418989
-0.2379418989
-0.2379418989
-0.2379418989
-0.2379418989
-0.2379418989
-0.2379418989
-0.2379418989
-0.2379418989
-0.2379418989
-2.46419541
-2.46419541
-2.46419541
-1.288754864
-1.288754864
-1.288754864
-1.288754864
-1.288754864
-1.288754864
-1.288754864
-1.288754864
-1.288754864
-1.288754864
-1.853776479
-0.7134958098
-0.5092852228
-0.5092852228
-0.2861411987
-0.2861411987
-0.2861411987
-0.2861411987
-0.3108101568
-1.261867713
-0.2307587702
-0.2307587702
-0.2307587702
-0.2307587702
-0.2307587702
-0.2307587702
-0.2307587702
-0.2307587702
-0.2307587702
-0.2307587702
-0.2307587702
-0.4116546452
-0.4116546452
-0.4116546452
-0.9829773727
-0.9829773727
-0.9829773727
-0.9829773727
-0.9829773727
-0.9829773727
-0.6095477204
-0.6095477204
-0.6095477204
-0.6095477204
-0.6095477204
-0.8413848726
-0.8413848726
-0.8413848726
-0.8413848726
-0.2640468218
-0.2640468218
-0.2640468218
-0.2640468218
-0.2640468218
-0.2640468218
-0.2640468218
-0.3699988558
-0.3699988558
-0.3699988558
-0.2698193179
-0.2435536783
-0.2435536783
-0.2435536783
-0.4263562349
-0.4263562349
-0.4263562349
-0.4263562349
-0.4263562349
-0.8009700694
-0.8009700694
-0.8009700694
-0.8009700694
-1.234578917
-1.234578917
-1.234578917
-1.234578917
-1.234578917
-1.234578917
-1.234578917
-1.234578917
-1.234578917
-0.8824772146
-0.8824772146
-0.8255167037
-0.8255167037
-0.2357797645
-0.2357797645
-0.2357797645
-0.2357797645
-0.2357797645
-0.2357797645
-0.2357797645
-0.2357797645
-0.2357797645
-0.2357797645
-0.2357797645
-0.2649521462
-0.2846430778
-0.2846430778
-1.055965012
-1.055965012
-0.4407666952
-0.4407666952
-0.4407666952
-0.4407666952
-0.2355056866
-0.2355056866
-0.3178085543
-0.3178085543
-0.3178085543
-0.3178085543
-0.3178085543
-0.3178085543
-0.3178085543
-0.3178085543
-0.3178085543
-0.3178085543
-0.3178085543
-0.3178085543
-0.8148022186
-0.8148022186
-0.8922908036
-0.907240269
-0.907240269
-0.907240269
-0.3819568366
-1.179464517
-1.179464517
-0.3990718204
-2.32460583
-2.32460583
-2.32460583
-2.32460583
-2.32460583
-2.32460583
-0.2376955544
-0.2376955544
-0.7032216094
-0.7032216094
-0.7032216094
-0.7032216094
-0.7032216094
-0.7032216094
-0.7032216094
-0.7032216094
-0.7032216094
-0.4562046243
-0.4562046243
-0.4562046243
-0.2799284888
-0.2799284888
-2.222912202
-0.2634356578
-0.2634356578
-0.9925906747
-0.5113756776
-0.5113756776
-0.5113756776
-0.5113756776
-0.5113756776
-0.2645188965
-0.2645188965
-0.2645188965
-0.2645188965
-0.2645188965
-0.2645188965
-0.2645188965
-0.2645188965
-0.2645188965
-0.5869820743
-0.5869820743
-0.5869820743
-0.5869820743
-0.5869820743
-0.5869820743
-0.5869820743
-0.5869820743
-1.270216961
-1.270216961
-1.270216961
-1.270216961
-1.270216961
-0.2619884154
-0.2619884154
-0.2619884154
-0.2619884154
-0.2619884154
-0.2619884154
-0.2619884154
-0.3021300844
-0.3021300844
-0.3021300844
-0.3021300844
-0.3021300844
-0.3021300844
-0.3021300844
-0.3021300844
-0.3021300844
-0.3021300844
-0.3021300844
-2.267474314
-2.267474314
-1.598687116
-1.598687116
-1.598687116
-1.598687116
-1.190479427
-1.190479427
-1.190479427
-1.190479427
-2.609259069
-2.609259069
-2.609259069
-0.3549391716
-0.5269980773
-0.5269980773
-0.5269980773
-0.5269980773
-0.2854600437
-0.2854600437
-0.2854600437
-0.2854600437
-0.4599366967
-0.4599366967
-0.4599366967
-0.4599366967
-0.4599366967
-0.3354795878
-0.3354795878
-0.3354795878
-0.3354795878
-0.3354795878
-0.3354795878
-0.3354795878
-0.3354795878
-0.3862493113
-0.3862493113
-0.3862493113
-0.3862493113
-0.3862493113
-0.5159206907
-0.7917124979
-0.7917124979
-0.7917124979
-0.7917124979
-0.7917124979
-0.7917124979
-0.7917124979
-0.7917124979
-0.7917124979
-0.4521926383
-0.7008336942
-1.155517892
-1.155517892
-1.155517892
-0.7938248222
-0.7938248222
-1.924970632
-1.924970632
-0.8818478799
-1.862680513
-1.862680513
-1.862680513
-2.751767737
-0.6016922204
-0.6016922204
-0.6016922204
-0.6016922204
-0.6016922204
-0.6016922204
-0.6016922204
-0.6016922204
-0.6016922204
-0.6016922204
-0.6016922204
-0.6016922204
-0.6016922204
-0.6016922204
-0.6016922204
-0.6016922204
-0.6894818646
-0.6894818646
-0.2358265986
-0.2358265986
-0.2358265986
-0.2358265986
-0.2358265986
-0.2358265986
-0.2358265986
-0.2358265986
-0.2358265986
-0.2358265986
-0.2789914888
-0.2789914888
-0.2789914888
-0.2789914888
-0.2261189646
-0.2261189646
-0.2973781474
-0.2973781474
-0.2973781474
-0.2973781474
-0.2973781474
-0.2973781474
-0.3838254075
-0.3838254075
-0.3838254075
-0.3838254075
-0.3838254075
-0.3838254075
-0.3838254075
-0.3838254075
-0.3838254075
-0.3838254075
-0.7276603437
-0.7276603437
-0.7276603437
-0.7276603437
-0.2274907878
-0.2274907878
-0.2274907878
-0.2422172453
-0.2422172453
-0.2422172453
-0.4292098397
-0.4292098397
-0.4292098397
-0.4292098397
-0.4292098397
-0.4292098397
-0.4292098397
-0.4292098397
-0.4292098397
-0.4292098397
-0.2926034156
-0.2926034156
-0.2536399033
-0.2536399033
-0.2536399033
-0.3729066102
-0.3729066102
-0.3729066102
-0.3729066102
-0.3729066102
-0.3729066102
-0.7448381418
-0.7448381418
-0.7448381418
-0.7448381418
-0.7448381418
-0.2263580406
-0.2263580406
-0.2263580406
-0.2263580406
-0.393441656
-0.393441656
-0.393441656
-0.393441656
-0.393441656
-0.393441656
-0.393441656
-0.393441656
-0.393441656
-0.393441656
-0.393441656
-0.393441656
-0.393441656
-0.3279458484
-0.3279458484
-1.270083888
-1.270083888
-1.270083888
-2.308644168
-2.308644168
-2.308644168
-2.308644168
-0.8283970157
-0.8283970157
-0.8283970157
-0.8795905896
-0.8795905896
-1.021264053
-1.021264053
-1.021264053
-1.021264053
-1.021264053
-1.021264053
-1.021264053
-1.021264053
-1.021264053
-1.021264053
-1.021264053
-0.7835134339
-0.7835134339
-0.7661016582
-0.3219955837
-0.3219955837
-0.3219955837
-0.3219955837
-0.3219955837
-0.3219955837
-0.3219955837
-0.3219955837
-0.3219955837
-0.3219955837
-0.3219955837
-0.3219955837
-0.3219955837
-0.3219955837
-0.3219955837
-0.3219955837
-0.3219955837
-0.3219955837
-0.3219955837
-0.3219955837
-0.3219955837
-0.3219955837
-0.3219955837
-0.3219955837
-0.3219955837
-0.3219955837
-0.3219955837
-0.3219955837
-0.3219955837
-0.6876999179
-0.6876999179
-0.6876999179
-0.6876999179
-0.6876999179
-0.6876999179
-0.6876999179
-0.4063746394
-0.4512778754
-0.4512778754
-0.4512778754
-0.4512778754
-0.4512778754
-0.4512778754
-0.4512778754
-0.4512778754
-0.4512778754
-0.4512778754
-0.4512778754
-0.707013233
-0.707013233
-0.707013233
-0.707013233
-0.9403098487
-0.9403098487
-0.9403098487
-0.9403098487
-0.9403098487
-0.4959685541
-0.4959685541
-0.4959685541
-0.4959685541
-0.4959685541
-0.4959685541
-0.4959685541
-0.4959685541
-0.4959685541
-0.4959685541
-0.2269863133
-0.2269863133
-0.2269863133
-0.2269863133
-0.2269863133
-0.2269863133
-0.2269863133
-0.2269863133
-0.2573226029
-0.2663231401
-0.2663231401
-0.3556224791
-0.3556224791
-0.2519428723
-0.2519428723
-0.2519428723
-0.2519428723
-0.2519428723
-0.2519428723
-0.2519428723
-0.2519428723
-0.2519428723
-0.2519428723
-0.2519428723
-0.6123513053
-0.6123513053
-0.6123513053
-0.80732153
-0.80732153
-0.80732153
-0.80732153
-1.342653541
-1.342653541
-1.342653541
-2.204643863
-2.204643863
-2.204643863
-0.2325174126
-0.2259592695
-0.2259592695
-0.2259592695
-0.2259592695
-0.2259592695
-0.2259592695
-0.2259592695
-0.2259592695
-0.2259592695
-0.2259592695
-0.2259592695
-0.2259592695
-0.2296995318
-0.2296995318
-0.2296995318
-0.3502240815
-0.3502240815
-0.3502240815
-0.3007061376
-0.3007061376
-0.3007061376
-0.3007061376
-0.3007061376
-0.3007061376
-0.22587193
-0.270398564
-0.270398564
-0.2626121225
-0.315326784
-0.315326784
-0.315326784
-0.315326784
-0.315326784
-0.315326784
-0.315326784
-0.315326784
-0.315326784
-0.315326784
-0.315326784
-0.315326784
-0.315326784
-0.315326784
-0.315326784
-0.3309313572
-0.9318393245
-0.9318393245
-0.3006550738
-0.3006550738
-0.3006550738
-0.3006550738
-0.2259712372
-0.2259712372
-0.8450407446
-0.2313694518
-0.2313694518
-0.2313694518
-0.2313694518
-0.2313694518
-0.2313694518
-0.2313694518
-0.2313694518
-0.5804829432
-0.5804829432
-0.5804829432
-0.5804829432
-0.5804829432
-0.5804829432
-0.5804829432
-0.5804829432
-0.5804829432
-0.2923142958
-0.2923142958
-0.2923142958
-0.2923142958
-0.2923142958
-0.2923142958
-0.2923142958
-0.2923142958
-0.2923142958
-0.2923142958
-0.2923142958
-0.2923142958
-0.2923142958
-0.2923142958
-0.3270116768
-0.3270116768
-0.3270116768
-0.3270116768
-0.3270116768
-0.3270116768
-1.589257098
-1.589257098
-1.589257098
-0.3130481993
-0.3130481993
-0.3130481993
-0.3130481993
-0.3173958926
-0.3173958926
-0.3173958926
-0.3173958926
-0.3173958926
-0.3173958926
-0.3173958926
-0.3173958926
-0.3173958926
-0.3173958926
-0.3173958926
-0.3173958926
-0.3173958926
-0.2879282943
-0.2879282943
-0.2879282943
-0.2879282943
-0.709103947
-0.709103947
-0.709103947
-0.709103947
-0.709103947
-0.709103947
-0.709103947
-0.709103947
-0.709103947
-1.366454362
-0.3259946413
-0.3259946413
-1.096881224
-1.096881224
-1.096881224
-1.096881224
-0.7660087072
-0.7660087072
-0.7660087072
-0.7660087072
-0.7660087072
-0.7660087072
-0.7660087072
-0.7660087072
-0.7660087072
-0.6331939305
-0.6331939305
-0.6331939305
-0.3706551306
-0.3706551306
-0.3706551306
-0.337554541
-1.729280756
-0.7746720156
-0.7746720156
-0.3453102498
-0.3453102498
-0.3453102498
-0.3453102498
-0.3453102498
-0.3453102498
-0.3453102498
-0.2403267736
-0.2403267736
-0.2403267736
-0.2403267736
-0.2403267736
-0.3405338371
-0.3405338371
-0.3405338371
-0.3405338371
-0.3405338371
-0.3405338371
-0.3405338371
-0.3405338371
-0.3405338371
-1.447600798
-1.447600798
-1.447600798
-1.447600798
-1.447600798
-1.447600798
-1.447600798
-1.447600798
-0.6611071551
-0.6611071551
-0.6611071551
-0.2266921498
-0.2266921498
-0.654256839
-0.4784525849
-0.9817018735
-0.2270578217
-0.3499830992
-0.3499830992
-0.3499830992
-0.3499830992
-0.3499830992
-0.3499830992
-0.3499830992
-0.3499830992
-0.3499830992
-0.3499830992
-0.3499830992
-0.3499830992
-0.3499830992
-0.3499830992
-0.3499830992
-0.3499830992
-1.275193628
-1.684162588
-1.684162588
-1.684162588
-1.684162588
-1.684162588
-1.684162588
-1.684162588
-1.684162588
-1.684162588
-1.684162588
-1.684162588
-1.684162588
-0.5141591467
-0.5141591467
-0.5141591467
-0.7369111956
-0.7369111956
-0.7369111956
-0.7369111956
-0.7369111956
-0.7369111956
-0.7369111956
-0.2677684207
-0.2677684207
-0.2677684207
-0.2677684207
-0.2677684207
-0.2677684207
-0.2677684207
-0.2677684207
-0.5961085763
-0.8859800799
-0.8859800799
-0.8859800799
-0.8859800799
-0.8074447403
-0.8074447403
-0.8074447403
-0.8074447403
-0.8074447403
-0.8074447403
-0.8074447403
-0.8074447403
-0.8074447403
-0.8074447403
-0.8074447403
-0.8074447403
-0.8074447403
-0.8074447403
-0.8055326406
-0.8055326406
-0.8055326406
-0.8055326406
-0.8055326406
-0.8055326406
-0.8055326406
-0.8055326406
-0.8055326406
-0.8055326406
-0.8055326406
-0.7838656465
-0.7838656465
-0.7838656465
-0.9604563198
-0.9604563198
-0.9604563198
-0.9604563198
-0.9604563198
-0.9604563198
-0.9604563198
-0.9604563198
-0.9604563198
-0.9604563198
-0.2272352129
-0.2272352129
-0.2411781875
-0.2411781875
-0.2411781875
-0.2411781875
-0.2411781875
-0.2411781875
-0.2411781875
-0.2411781875
-0.9008992606
-0.9008992606
-0.9008992606
-0.9008992606
-1.700847658
-1.700847658
-1.700847658
-1.700847658
-1.700847658
-0.2265571358
-0.2265571358
-0.2265571358
-0.2265571358
-0.2265571358
-0.2265571358
-0.3799616587
-0.3799616587
-0.3799616587
-0.3799616587
-0.9374379273
-0.2288120644
-0.4008631089
-0.4008631089
-0.4008631089
-0.4019999712
-0.4019999712
-0.4019999712
-0.4019999712
-1.16845083
-1.16845083
-1.16845083
-1.16845083
-0.7757350635
-0.7757350635
-0.7757350635
-0.7757350635
-0.7757350635
-0.2656683451
-0.2656683451
-0.2656683451
-0.2656683451
-1.969596623
-2.369684646
-2.369684646
-2.369684646
-2.369684646
-2.287890097
-0.5078259021
-0.5078259021
-0.5078259021
-0.5078259021
-0.5078259021
-0.5078259021
-1.050080209
-1.050080209
-1.050080209
-0.3688070535
-0.3688070535
-0.3688070535
-0.2516032177
-0.2516032177
-0.2835021995
-0.2835021995
-0.2835021995
-0.2835021995
-0.2835021995
-0.2835021995
-0.2835021995
-2.935789572
-0.3063924457
-0.3063924457
-0.3063924457
-0.2644718815
-3.361228223
-3.361228223
-3.361228223
-3.361228223
-3.361228223
-3.361228223
-3.361228223
-3.361228223
-3.361228223
-3.361228223
-0.8204979773
-0.7957215279
-0.7957215279
-0.7957215279
-0.3283376475
-3.073434797
-1.482226091
-2.731525244
-2.731525244
-0.2638966096
-0.2638966096
-0.2638966096
-0.2638966096
-1.162573077
-1.162573077
-1.162573077
-1.162573077
-1.162573077
-1.162573077
-0.3709665151
-0.3709665151
-1.541372949
-1.541372949
-0.6976617602
-0.6976617602
-0.2436358314
-0.2436358314
-0.2436358314
-0.2436358314
-0.2436358314
-0.7882402534
-0.7882402534
-0.7882402534
-0.7882402534
-0.7882402534
-0.7882402534
-0.7882402534
-0.7882402534
-2.665929161
-2.665929161
-2.665929161
-2.665929161
-2.665929161
-0.2858395452
-0.4367750302
-0.4367750302
-0.4367750302
-0.4367750302
-0.4367750302
-0.4367750302
-0.4367750302
-0.4367750302
-0.4367750302
-0.4367750302
-0.4367750302
-0.320457201
-0.320457201
-0.320457201
-0.320457201
-0.320457201
-0.320457201
-0.320457201
-0.9868130649
-0.9868130649
-0.9868130649
-0.9868130649
-1.582400928
-1.582400928
-2.165160653
-0.8792468609
-0.8792468609
-0.8792468609
-0.8792468609
-2.235237257
-2.235237257
-2.235237257
-2.235237257
-2.49575767
-0.2609911833
-0.2609911833
-0.2609911833
-0.2519539291
-0.2519539291
-0.272628084
-0.272628084
-1.371445257
-1.371445257
-1.371445257
-1.371445257
-1.371445257
-0.4366779722
-0.4366779722
-0.2263054875
-0.2263054875
-0.2263054875
-0.2263054875
-0.2263054875
-0.2263054875
-0.2263054875
-0.2263054875
-0.2263054875
-0.3997559077
-0.3997559077
-0.3997559077
-0.3997559077
-0.3997559077
-0.3997559077
-0.3997559077
-0.3997559077
-0.3997559077
-0.3997559077
-0.3997559077
-0.3997559077
-0.3997559077
-0.3997559077
-2.727204096
-2.051422392
-2.051422392
-2.051422392
-0.2384681759
-0.2384681759
-0.2384681759
-0.2384681759
-0.2384681759
-0.2384681759
-0.2384681759
-0.2384681759
-0.2384681759
-0.2384681759
-0.2384681759
-0.2384681759
-0.2384681759
-0.2384681759
-0.2384681759
-1.176817941
-1.176817941
-1.176817941
-1.176817941
-0.2506737555
-0.2506737555
-0.2506737555
-0.2506737555
-0.2506737555
-0.2506737555
-0.6001025484
-0.6001025484
-0.6001025484
-0.6001025484
-0.6001025484
-0.6001025484
-0.6001025484
-0.6001025484
-0.6001025484
-0.6001025484
-0.5308721659
-0.3147751486
-0.3147751486
-0.3147751486
-0.3147751486
-0.229326434
-0.229326434
-0.229326434
-0.229326434
-0.229326434
-0.31054362
-0.2298911355
-0.2298911355
-0.2298911355
-0.2298911355
-0.2298911355
-0.706880478
-0.706880478
-0.706880478
-0.706880478
-0.706880478
-0.706880478
-0.706880478
-0.4321254053
-0.4321254053
-0.4321254053
-0.4321254053
-0.4321254053
-0.4321254053
-0.4321254053
-0.4321254053
-0.4321254053
-0.4321254053
-0.4321254053
-0.4321254053
-0.4321254053
-0.4321254053
-0.4321254053
-0.4321254053
-2.317234709
-2.317234709
-2.317234709
-2.317234709
-2.317234709
-0.2799452087
-0.2799452087
-4.721450116
-4.721450116
-4.721450116
-4.721450116
-4.721450116
-2.366573176
-2.366573176
-2.366573176
-2.366573176
-2.887246783
-2.887246783
-2.887246783
-2.887246783
-5.103055977
-5.103055977
-3.433899385
-3.433899385
-3.433899385
-0.302908085
-0.302908085
-0.302908085
-0.302908085
-0.302908085
-0.302908085
-2.196134293
-3.232603993
-2.678744092
-0.6553162155
-0.6553162155
-0.6553162155
-0.6553162155
-0.6423377088
-0.6423377088
-0.6423377088
-0.6423377088
-0.6423377088
-0.6423377088
-0.6423377088
-0.338915283
-0.338915283
-0.338915283
-0.338915283
-0.338915283
-0.4905197483
-0.4905197483
-0.4905197483
-0.4905197483
-0.498006982
-0.498006982
-0.498006982
-0.498006982
-0.498006982
-0.498006982
-0.498006982
-0.498006982
-0.498006982
-0.498006982
-0.498006982
-0.498006982
-0.498006982
-0.498006982
-0.498006982
-0.498006982
-0.498006982
-0.498006982
-0.498006982
-0.498006982
-0.2440705324
-0.2457972145
-0.2457972145
-0.6614804973
-1.763480007
-1.763480007
-2.190649254
-2.190649254
-2.190649254
-2.190649254
-2.190649254
-2.190649254
-2.190649254
-0.6641944121
-0.2293598375
-0.2293598375
-0.2293598375
-0.2293598375
-0.2750312909
-0.2750312909
-0.2750312909
-0.2750312909
-0.2750312909
-0.2750312909
-0.2750312909
-0.2750312909
-0.2750312909
-0.2750312909
-0.2819549017
-0.2819549017
-0.2819549017
-0.2819549017
-0.2819549017
-0.2819549017
-0.2819549017
-0.2819549017
-0.2819549017
-0.2819549017
-0.2819549017
-0.2819549017
-0.2818347529
-0.2818347529
-0.2818347529
-0.2818347529
-0.2818347529
-0.2818347529
-0.2818347529
-0.300972497
-0.300972497
-0.300972497
-0.300972497
-0.300972497
-0.8808715346
-0.8808715346
-0.8808715346
-0.8808715346
-0.8808715346
-0.8808715346
-0.8808715346
-0.8808715346
-0.8808715346
-0.8808715346
-0.2563740294
-0.2563740294
-0.2563740294
-2.326766822
-2.326766822
-2.326766822
-2.326766822
-2.326766822
-2.326766822
-2.326766822
-2.326766822
-2.326766822
-2.326766822
-2.326766822
-0.538787534
-0.538787534
-0.538787534
-0.538787534
-0.538787534
-0.538787534
-0.538787534
-0.538787534
-0.538787534
-0.538787534
-0.538787534
-0.538787534
-0.538787534
-0.2815567201
-0.2815567201
-0.2815567201
-0.8889611332
-0.8889611332
-1.700522663
-1.700522663
-1.700522663
-1.700522663
-1.700522663
-1.700522663
-1.700522663
-1.656196469
-1.656196469
-1.656196469
-0.6573289221
-0.6573289221
-0.3371820828
-0.3371820828
-0.2649834561
-0.2649834561
-0.2649834561
-0.2649834561
-0.2649834561
-0.2649834561
-0.2649834561
-0.3214377848
-0.3214377848
-2.391696122
-0.2557956725
-0.2557956725
-0.2557956725
-0.2557956725
-0.2557956725
-0.2557956725
-0.2557956725
-0.2557956725
-0.2557956725
-0.2557956725
-0.2557956725
-0.2557956725
-0.2557956725
-0.4764718039
-0.4764718039
-1.009470493
-1.261969452
-1.261969452
-1.116389081
-1.116389081
-1.116389081
-1.116389081
-1.116389081
-0.291652117
-0.8552126224
-0.8552126224
-0.8552126224
-0.2757254751
-0.2757254751
-0.2757254751
-0.2757254751
-0.2757254751
-0.2757254751
-0.2757254751
-0.2757254751
-0.6223490936
-0.6223490936
-0.6223490936
-0.6223490936
-0.6223490936
-0.6223490936
-0.6223490936
-0.6223490936
-0.6223490936
-0.6223490936
-0.3941171379
-0.3392654539
-0.3392654539
-0.8200918913
-0.8200918913
-0.3613141536
-0.3613141536
-0.3613141536
-0.4592719755
-0.8066920555
-0.8066920555
-0.8066920555
-0.8066920555
-0.8066920555
-0.8066920555
-0.8066920555
-2.689975877
-2.689975877
-2.107165111
-0.7403877993
-0.7403877993
-2.065453065
-1.680150729
-1.680150729
-0.7706367881
-0.5737752804
-0.386041345
-0.386041345
-0.7479360261
-3.865078872
-3.865078872
-3.865078872
-3.865078872
-1.62265048
-0.3931768156
-0.3931768156
-0.3931768156
-0.3700991723
-0.3700991723
-0.683616699
-0.683616699
-0.683616699
-0.683616699
-1.540990803
-1.540990803
-1.339485557
-1.141330549
-1.141330549
-1.141330549
-1.141330549
-1.141330549
-1.141330549
-1.141330549
-1.052221518
-1.052221518
-1.052221518
-1.052221518
-1.052221518
-1.052221518
-1.052221518
-1.052221518
-0.7088424478
-0.7088424478
-0.7088424478
-0.7088424478
-0.7088424478
-0.7088424478
-0.7088424478
-0.7088424478
-0.2329973875
-0.2329973875
-0.2329973875
-0.4753280837
-0.4753280837
-0.4753280837
-0.4481921862
-0.4481921862
-0.4481921862
-0.4481921862
-0.4481921862
-1.173187574
-1.173187574
-1.173187574
-1.173187574
-1.173187574
-1.173187574
-1.173187574
-1.173187574
-1.173187574
-1.173187574
-1.173187574
-1.173187574
-0.3344298177
-0.3344298177
-0.3021061905
-0.2463582614
-0.2463582614
-0.2463582614
-0.2463582614
-0.2463582614
-0.2463582614
-0.2463582614
-0.2463582614
-0.2463582614
-0.2463582614
-0.2463582614
-0.2463582614
-0.2463582614
-0.2886955178
-0.2886955178
-0.2886955178
-0.257486023
-0.257486023
-0.7999011769
-0.7999011769
-0.9382404036
-0.9382404036
-0.4979452426
-0.2935269273
-0.2935269273
-0.2935269273
-0.2935269273
-2.478213431
-2.478213431
-2.478213431
-1.707644909
-1.707644909
-1.707644909
-1.075937407
-1.075937407
-0.6318803843
-0.2799979307
-0.2799979307
-0.5821665845
-0.5821665845
-0.5821665845
-0.5821665845
-1.09362519
-1.09362519
-0.2927659511
-0.2927659511
-0.2927659511
-0.2927659511
-0.2927659511
-0.2927659511
-0.2927659511
-0.2927659511
-0.3178005204
-0.3178005204
-0.3178005204
-1.021014594
-0.2474223369
-0.2474223369
-0.2474223369
-1.106774016
-1.106774016
-1.106774016
-1.106774016
-1.106774016
-1.106774016
-0.57603123
-0.6276335141
-0.6276335141
-0.6276335141
-0.6276335141
-0.6276335141
-0.6276335141
-0.6276335141
-0.6276335141
-2.151261563
-0.9008026336
-0.9008026336
-0.9008026336
-0.9008026336
-0.316910687
-0.2294555739
-0.2294555739
-0.2294555739
-0.2294555739
-0.2294555739
-0.2294555739
-0.2294555739
-0.8906816082
-0.8906816082
-1.216492555
-1.216492555
-0.4162334557
-0.4162334557
-0.4162334557
-0.4162334557
-0.7669138309
-0.7669138309
-0.2266701126
-0.2266701126
-0.2266701126
-0.2266701126
-0.2266701126
-0.2266701126
-0.2266701126
-0.2266701126
-0.2266701126
-0.2266701126
-0.2949375616
-0.2949375616
-0.753208653
-0.753208653
-1.283567932
-1.283567932
-1.283567932
-1.350576734
-1.090641759
-1.090641759
-1.090641759
-1.211978344
-1.211978344
-1.211978344
-1.211978344
-1.211978344
-1.211978344
-1.211978344
-1.211978344
-1.211978344
-1.211978344
-1.211978344
-1.211978344
-1.211978344
-1.211978344
-1.211978344
-1.211978344
-0.2494954312
-0.2383689598
-0.2383689598
-0.2383689598
-0.8116414745
-0.8116414745
-0.2262167644
-0.2262167644
-0.2262167644
-0.2262167644
-0.2262167644
-0.2262167644
-0.2262167644
-0.2262167644
-0.2262167644
-0.2262167644
-0.2262167644
-0.2262167644
-0.7007272624
-0.7007272624
-0.7007272624
-0.7007272624
-1.172160689
-1.172160689
-1.172160689
-1.172160689
-1.172160689
-1.172160689
-0.3661495744
-0.3661495744
-0.5759941534
-0.5759941534
-0.5759941534
-0.2774995958
-0.2774995958
-0.2774995958
-0.2774995958
-1.944895798
-1.944895798
-0.8937690642
-0.8937690642
-0.8937690642
-0.2284687909
-0.2284687909
-0.2284687909
-0.2284687909
-0.2284687909
-0.2284687909
-0.6013327891
-0.2374841141
-0.2374841141
-0.2374841141
-0.2374841141
-0.2374841141
-0.2374841141
-0.2374841141
-0.2374841141
-0.2374841141
-0.2374841141
-0.2374841141
-0.2374841141
-0.2374841141
-0.2374841141
-0.2374841141
-0.2374841141
-0.2374841141
-1.316420487
-0.2317449354
-0.2317449354
-0.2317449354
-0.2317449354
-0.2317449354
-1.213155618
-1.213155618
-1.213155618
-1.213155618
-1.213155618
-1.213155618
-1.213155618
-1.213155618
-1.213155618
-0.4209387086
-0.4209387086
-0.2325368888
-0.2325368888
-0.5099313927
-0.2285630908
-0.2285630908
-0.2285630908
-0.2285630908
-0.4829130834
-0.4829130834
-1.211784199
-1.211784199
-1.211784199
-1.211784199
-0.3048474412
-0.2835464958
-0.3429350873
-0.3429350873
-0.3429350873
-0.3429350873
-0.3429350873
-0.3429350873
-0.3429350873
-0.3429350873
-0.2403072083
-0.2324568564
-0.2324568564
-0.2324568564
-0.2324568564
-0.2324568564
-0.2324568564
-0.2324568564
-0.2324568564
-0.2324568564
-1.682402345
-1.682402345
-1.682402345
-1.682402345
-1.682402345
-0.7722603772
-0.7722603772
-0.6091924628
-0.6091924628
-0.6091924628
-0.6091924628
-0.6091924628
-0.6091924628
-0.3265678315
-0.3265678315
-0.3265678315
-1.954888093
-1.954888093
-1.954888093
-1.244134366
-1.134415407
-1.381803036
-3.844196007
-6.184043147
-6.184043147
-6.184043147
-6.184043147
-1.006118026
-1.006118026
-1.006118026
-1.772278558
-1.772278558
-1.772278558
-1.67109193
-1.67109193
-1.67109193
-1.67109193
-1.67109193
-1.588866593
-1.635484881
-1.635484881
-1.674610912
-0.7967791219
-0.7967791219
-0.7967791219
-0.7967791219
-0.7967791219
-0.7967791219
-0.7967791219
-0.7967791219
-0.7967791219
-0.7967791219
-0.8173639983
-0.3848656466
-0.3848656466
-0.3848656466
-0.3848656466
-1.565665491
-1.565665491
-1.565665491
-1.565665491
-1.565665491
-1.565665491
-1.565665491
-1.565665491
-1.565665491
-1.565665491
-1.565665491
-1.565665491
-1.565665491
-1.565665491
-1.565665491
-0.3075154617
-0.3075154617
-0.3075154617
-0.3075154617
-0.3075154617
-0.3075154617
-0.3075154617
-0.3075154617
-0.3075154617
-0.3075154617
-0.3075154617
-0.3075154617
-0.3075154617
-0.3075154617
-0.2342058017
-0.2342058017
-0.2342058017
-0.2342058017
-0.2342058017
-0.2342058017
-0.2342058017
-0.2342058017
-0.2342058017
-0.2342058017
-1.316056117
-1.135316822
-1.135316822
-1.135316822
-1.135316822
-1.135316822
-1.135316822
-1.135316822
-1.135316822
-2.369422037
-2.369422037
-2.369422037
-0.8500516608
-0.8500516608
-2.222617786
-1.410077262
-1.04274907
-1.04274907
-1.04274907
-1.04274907
-0.2972938218
-0.2972938218
-0.2972938218
-0.2972938218
-0.2972938218
-0.2972938218
-0.9938700319
-0.9938700319
-0.4626252946
-0.4626252946
-0.4626252946
-0.5858777072
-0.2351275578
-0.2351275578
-0.2351275578
-0.2351275578
-0.2351275578
-0.2351275578
-0.2351275578
-0.2351275578
-0.2351275578
-0.2812093253
-0.2812093253
-0.2371934078
-0.2371934078
-0.2371934078
-0.2371934078
-0.2371934078
-0.2371934078
-0.2371934078
-0.2371934078
-0.2371934078
-0.2371934078
-0.3836677079
-0.3836677079
-0.3836677079
-0.754496093
-0.2297127104
-0.2387485991
-0.2387485991
-0.2387485991
-0.2387485991
-0.2387485991
-0.2387485991
-0.2387485991
-0.2387485991
-0.4250454453
-0.5771236416
-0.5771236416
-0.5771236416
-0.5771236416
-0.5771236416
-0.5771236416
-0.5771236416
-0.5771236416
-0.5771236416
-0.5771236416
-0.5771236416
-0.5771236416
-0.5771236416
-0.3983892391
-0.3983892391
-1.21433787
-0.9802839885
-0.9802839885
-0.9802839885
-0.9802839885
-0.9802839885
-0.9802839885
-0.9802839885
-0.8554665071
-0.8554665071
-0.8554665071
-0.8554665071
-0.8554665071
-0.48526965
-0.4061906153
-0.4061906153
-0.4299753956
-0.4299753956
-0.4299753956
-0.4299753956
-0.4299753956
-0.4299753956
-0.2266458214
-0.2266458214
-0.2266458214
-0.2266458214
-0.2266458214
-1.025042885
-1.025042885
-1.025042885
-1.025042885
-1.025042885
-1.025042885
-1.025042885
-1.025042885
-1.025042885
-1.025042885
-1.025042885
-0.5749447627
-0.5749447627
-0.5749447627
-0.5749447627
-0.5749447627
-0.5749447627
-0.5749447627
-0.5749447627
-0.5749447627
-0.5749447627
-0.5749447627
-0.5749447627
-0.2489897416
-0.2489897416
-0.2489897416
-0.2489897416
-0.2489897416
-0.2489897416
-0.2489897416
-0.2489897416
-0.5276530016
-0.5276530016
-0.5276530016
-0.2942183222
-0.6534268449
-0.459687341
-0.459687341
-0.459687341
-0.459687341
-0.4375146198
-0.4375146198
-0.4375146198
-0.4375146198
-0.9535216072
-0.9535216072
-0.9535216072
-0.9535216072
-0.8571642921
-0.8571642921
-0.8571642921
-0.8571642921
-0.8571642921
-0.8571642921
-0.2380387526
-0.2380387526
-0.2380387526
-0.2380387526
-0.2380387526
-0.2380387526
-0.2380387526
-0.2380387526
-0.2380387526
-0.2380387526
-0.2380387526
-0.2380387526
-0.2380387526
-0.7961027858
-0.7961027858
-0.7961027858
-0.7961027858
-4.744787681
-4.744787681
-0.3993878019
-0.3993878019
-0.2497045008
-0.2497045008
-0.2894941974
-0.2894941974
-0.2894941974
-0.2894941974
-0.2894941974
-0.2894941974
-0.6020689836
-0.6020689836
-0.6020689836
-0.6020689836
-0.6020689836
-0.2266026589
-0.2266026589
-0.2262661709
-0.2262661709
-0.2262661709
-0.2262661709
-0.2262661709
-0.2257983634
-0.2257983634
-0.2257983634
-1.090149804
-1.090149804
-1.090149804
-1.090149804
-1.917259885
-1.917259885
-1.917259885
-1.917259885
-1.917259885
-1.917259885
-0.3122507088
-0.3122507088
-1.697707516
-1.697707516
-1.697707516
-3.554595503
-2.562535191
-2.562535191
-0.5004744989
-0.262595332
-0.262595332
-0.262595332
-0.262595332
-0.262595332
-0.262595332
-0.262595332
-0.262595332
-0.6952431664
-0.6952431664
-0.6952431664
-0.2298817908
-0.2298817908
-0.2298817908
-0.2298817908
-0.4031166032
-0.4031166032
-0.4031166032
-0.4031166032
-0.3762042151
-0.3762042151
-0.3762042151
-0.3762042151
-0.3762042151
-0.3762042151
-0.3762042151
-0.3762042151
-0.3762042151
-0.3762042151
-0.3762042151
-0.3762042151
-0.3762042151
-0.3762042151
-0.3762042151
-0.3762042151
-0.3762042151
-0.3762042151
-0.3958086086
-0.3958086086
-0.3958086086
-0.3958086086
-0.3958086086
-2.032061905
-0.3457846967
-0.3457846967
-0.3457846967
-0.8067073665
-0.377998905
-0.377998905
-0.3500994482
-0.3500994482
-2.159685549
-1.617045044
-1.617045044
-1.617045044
-1.617045044
-1.617045044
-1.617045044
-1.617045044
-1.617045044
-1.617045044
-1.617045044
-1.617045044
-1.617045044
-1.617045044
-1.617045044
-1.617045044
-1.617045044
-1.617045044
-1.617045044
-0.5368050911
-0.5368050911
-0.5368050911
-0.5368050911
-0.5368050911
-0.6291186966
-0.6291186966
-0.6291186966
-0.2258107356
-0.2258107356
-0.2258107356
-0.2258107356
-0.2258107356
-0.312418902
-0.312418902
-0.312418902
-0.312418902
-0.312418902
-0.312418902
-0.312418902
-0.312418902
-0.312418902
-0.312418902
-0.312418902
-0.312418902
-0.312418902
-0.312418902
-0.312418902
-0.3852083027
-0.3852083027
-0.3852083027
-0.3852083027
-0.3852083027
-0.3852083027
-0.3852083027
-0.3852083027
-0.9684153871
-0.6213997827
-0.6213997827
-0.6213997827
-0.6213997827
-0.6213997827
-0.6213997827
-0.6213997827
-0.6213997827
-0.6213997827
-0.6213997827
-0.6213997827
-0.6213997827
-0.6213997827
-0.6213997827
-0.6213997827
-0.2426432571
-0.2426432571
-0.2426432571
-0.2426432571
-0.2426432571
-0.2426432571
-0.2426432571
-0.2426432571
-0.2338417447
-0.2338417447
-0.346048135
-0.346048135
-0.346048135
-0.346048135
-0.346048135
-0.346048135
-0.346048135
-0.346048135
-1.473772105
-0.6164382192
-0.6164382192
-0.6164382192
-1.45184135
-1.45184135
-1.673260353
-1.673260353
-1.673260353
-1.113802519
-1.113802519
-1.037604663
-1.037604663
-1.037604663
-1.037604663
-1.037604663
-1.037604663
-1.037604663
-1.037604663
-1.037604663
-1.037604663
-1.037604663
-1.059751405
-0.7946204227
-0.7946204227
-0.7946204227
-0.7946204227
-0.4415215668
-0.4415215668
-0.6551370372
-0.6551370372
-1.258161685
-0.3369071003
-0.3369071003
-0.3369071003
-0.3369071003
-0.3369071003
-0.3369071003
-0.3369071003
-0.3369071003
-0.3548638434
-0.3652882679
-0.3652882679
-0.3652882679
-0.3652882679
-0.3652882679
-0.3652882679
-0.3652882679
-0.3652882679
-0.3652882679
-0.3652882679
-0.3652882679
-0.3652882679
-0.3652882679
-0.3652882679
-0.3652882679
-0.3652882679
-0.3652882679
-1.494211643
-1.494211643
-1.494211643
-1.494211643
-1.494211643
-2.14291043
-0.4546135654
-0.225817339
-0.225817339
-0.225817339
-0.225817339
-0.225817339
-0.225817339
-0.225817339
-0.8246856717
-0.9714391779
-0.9714391779
-0.9714391779
-0.3610480791
-0.3610480791
-0.3610480791
-3.674427428
-0.7314218475
-0.7314218475
-0.7314218475
-0.825289151
-0.825289151
-0.825289151
-0.825289151
-0.825289151
-0.825289151
-0.825289151
-0.5140686648
-0.5140686648
-0.3508817457
-0.5395847517
-0.5395847517
-0.5500395362
-0.5500395362
-0.5500395362
-0.9112672712
-0.9112672712
-1.224779435
-1.249470267
-0.3693172167
-0.3693172167
-0.6919382453
-0.6919382453
-0.6296898905
-0.5884062735
-1.666529738
-1.666529738
-1.666529738
-0.2260032806
-0.2260032806
-0.4343535688
-0.4343535688
-0.4343535688
-0.4343535688
-0.4343535688
-0.4343535688
-0.4343535688
-0.4343535688
-0.6645946173
-1.236577782
-1.236577782
-1.748911503
-1.748911503
-1.748911503
-1.107723418
-1.107723418
-1.107723418
-0.4427829755
-0.4427829755
-0.4427829755
-0.4427829755
-0.4427829755
-1.47364628
-1.47364628
-1.47364628
-1.47364628
-1.47364628
-1.47364628
-0.4322599411
-0.2310105657
-0.2535769568
-0.2535769568
-0.2551422938
-0.2551422938
-1.630303597
-1.630303597
-1.630303597
-1.101938139
-1.101938139
-0.5491436268
-0.5491436268
-0.5491436268
-0.5491436268
-0.5491436268
-0.5491436268
-0.5491436268
-0.5491436268
-0.5491436268
-0.5491436268
-0.4882779865
-0.4882779865
-0.2257915354
-0.2257915354
-0.2257915354
-1.307318025
-1.307318025
-1.307318025
-1.307318025
-1.307318025
-1.307318025
-0.4698833426
-0.4698833426
-0.4698833426
-0.4698833426
-0.4698833426
-0.3187322872
-0.3187322872
-0.3187322872
-0.3187322872
-0.3187322872
-0.3187322872
-0.3187322872
-0.3187322872
-0.2663587263
-0.2663587263
-0.2663587263
-0.5027108736
-0.5027108736
-0.5027108736
-0.5027108736
-0.5027108736
-0.5027108736
-0.5566068084
-0.5566068084
-0.5566068084
-0.5566068084
-0.5566068084
-0.5566068084
-0.5566068084
-0.5566068084
-0.5566068084
-0.2357971852
-0.2357971852
-0.2357971852
-2.365546793
-0.262793121
-0.262793121
-0.2881731182
-0.2881731182
-0.2881731182
-0.2881731182
-0.3260342085
-0.9809685123
-0.9809685123
-0.9809685123
-0.9809685123
-0.9809685123
-0.9446762513
-0.9446762513
-0.9446762513
-0.9446762513
-0.9446762513
-0.9446762513
-0.9446762513
-1.411025657
-1.411025657
-1.411025657
-1.411025657
-1.411025657
-0.4979626228
-0.7507125652
-0.7507125652
-0.7507125652
-0.7507125652
-0.7507125652
-0.7507125652
-0.7507125652
-0.3915154469
-0.3915154469
-0.3915154469
-0.3915154469
-0.3915154469
-0.4640280349
-0.4640280349
-0.3753088628
-0.3753088628
-0.3054079328
-0.3054079328
-0.3054079328
-0.3054079328
-0.4719471772
-0.4719471772
-0.4719471772
-0.4719471772
-0.4719471772
-0.4719471772
-0.4719471772
-0.4719471772
-0.4719471772
-0.6582272283
-0.6582272283
-0.3305373689
-0.3305373689
-0.2257966116
-0.2257966116
-0.2257966116
-0.2257966116
-0.2894609671
-0.2894609671
-0.2894609671
-0.3147599663
-0.3147599663
-0.3147599663
-1.244439676
-1.244439676
-1.244439676
-0.4295547236
-0.4295547236
-0.4295547236
-0.4295547236
-0.4295547236
-0.4295547236
-0.3142285611
-0.2329186771
-0.2329186771
-0.2329186771
-0.2329186771
-0.2329186771
-0.2329186771
-0.2329186771
-0.2332980348
-0.2332980348
-2.434881922
-2.178051406
-2.178051406
-2.178051406
-2.178051406
-2.178051406
-2.687079919
-1.421490072
-1.421490072
-1.421490072
-1.421490072
-1.421490072
-1.421490072
-0.2270079916
-0.2270079916
-0.2270079916
-0.2386958808
-0.2386958808
-0.2386958808
-0.925214587
-0.925214587
-0.925214587
-0.925214587
-0.925214587
-0.3083102909
-0.3083102909
-0.3083102909
-0.3083102909
-1.278242688
-1.278242688
-0.4867919145
-0.4867919145
-0.4867919145
-0.4867919145
-1.437112455
-1.437112455
-1.437112455
-1.509054185
-1.509054185
-1.509054185
-0.6072796598
-0.6072796598
-0.6072796598
-0.6072796598
-0.6072796598
-0.6072796598
-0.4923952861
-0.4923952861
-0.4923952861
-0.4923952861
-0.4923952861
-0.9213827355
-0.9213827355
-0.9213827355
-0.403162199
-0.403162199
-0.403162199
-0.403162199
-0.403162199
-0.403162199
-1.037768183
-1.037768183
-1.037768183
-0.2603370044
-0.2603370044
-0.2603370044
-0.2603370044
-0.858381552
-0.8402001312
-0.8402001312
-0.8402001312
-0.8402001312
-0.8402001312
-1.342111803
-1.342111803
-1.342111803
-0.5478014696
-0.5478014696
-0.5478014696
-0.4316526181
-0.4316526181
-0.4316526181
-1.196661677
-1.196661677
-1.196661677
-2.003715486
-2.003715486
-0.2368122512
-0.2368122512
-0.2368122512
-0.2368122512
-0.2368122512
-0.2368122512
-0.2368122512
-0.2368122512
-0.2368122512
-0.2368122512
-0.2368122512
-0.9345248032
-0.9345248032
-0.9345248032
-0.2414365054
-0.2414365054
-0.463436633
-0.463436633
-0.6111439662
-0.6111439662
-0.6111439662
-0.6111439662
-0.6111439662
-0.6111439662
-0.6111439662
-0.6111439662
-0.6111439662
-0.6111439662
-0.6111439662
-0.6111439662
-0.6111439662
-0.6111439662
-0.6111439662
-0.6111439662
-0.6174140789
-0.6174140789
-0.6174140789
-0.6174140789
-0.3356405282
-0.3356405282
-0.3356405282
-0.3356405282
-0.3356405282
-0.3356405282
-0.3356405282
-0.2442189394
-0.2442189394
-0.2442189394
-0.2442189394
-0.2442189394
-0.258949399
-0.258949399
-0.2698179003
-0.2698179003
-0.2698179003
-0.2698179003
-0.2847892919
-0.6692908233
-0.6692908233
-0.6692908233
-0.6692908233
-1.565844364
-1.565844364
-1.28590522
-1.28590522
-1.28590522
-1.146344989
-1.146344989
-1.633500201
-0.7879293342
-0.7879293342
-0.7879293342
-0.7879293342
-0.2284966981
-0.7332685831
-0.7332685831
-0.7332685831
-0.7332685831
-0.7332685831
-0.7332685831
-0.5354863177
-0.4539614691
-0.4539614691
-0.4539614691
-0.4539614691
-2.028165409
-2.028165409
-2.028165409
-2.028165409
-2.028165409
-0.5534359628
-0.5534359628
-0.5534359628
-0.5534359628
-0.5534359628
-0.5534359628
-0.5534359628
-0.5534359628
-0.5534359628
-0.7188441134
-0.7188441134
-0.7188441134
-0.7188441134
-0.7900134313
-0.7900134313
-0.7900134313
-1.221342869
-1.221342869
-0.2992394478
-0.2992394478
-0.2992394478
-0.5963660769
-0.5963660769
-0.3185032338
-0.5280546246
-0.621643544
-0.621643544
-0.621643544
-0.621643544
-0.4388370359
-0.4388370359
-0.4388370359
-0.4388370359
-0.4388370359
-0.4388370359
-0.4388370359
-0.4388370359
-0.4494115395
-0.4494115395
-0.4494115395
-0.4779547062
-0.4779547062
-0.4779547062
-0.4779547062
-0.4779547062
-0.4779547062
-0.4779547062
-0.4779547062
-0.5549620262
-0.5549620262
-0.5549620262
-0.5549620262
-0.5549620262
-0.5549620262
-0.5549620262
-2.673011066
-2.673011066
-2.673011066
-2.673011066
-0.7745479302
-0.7745479302
-0.7745479302
-0.7745479302
-0.7745479302
-0.5283274699
-0.5283274699
-0.5283274699
-0.5283274699
-0.3924688918
-0.3924688918
-0.3924688918
-0.3924688918
-0.3924688918
-0.9854835596
-0.9854835596
-0.9854835596
-0.9854835596
-0.9854835596
-0.9854835596
-3.310621268
-3.310621268
-3.310621268
-2.006548066
-2.006548066
-2.006548066
-2.006548066
-2.006548066
-2.006548066
-0.9381561929
-0.9381561929
-0.9381561929
-0.6423058312
-0.6423058312
-0.6423058312
-0.6423058312
-0.6423058312
-0.6423058312
-0.6423058312
-0.6423058312
-0.6423058312
-0.6423058312
-1.149505435
-0.3496820485
-0.9571469329
-0.9571469329
-0.4899175473
-0.4899175473
-0.4899175473
-0.3930127611
-0.3930127611
-0.7699580626
-0.7699580626
-0.7699580626
-1.241040008
-1.241040008
-1.241040008
-0.5442017108
-0.5442017108
-0.7181463197
-1.177599834
-1.845743948
-0.3154929419
-0.3154929419
-0.3154929419
-0.3154929419
-0.3154929419
-0.3154929419
-0.3154929419
-0.3154929419
-0.3154929419
-0.3154929419
-0.3154929419
-0.3154929419
-2.072922075
-1.515711004
-0.9170091791
-0.9170091791
-0.9170091791
-0.9170091791
-0.9170091791
-0.9170091791
-0.2258582211
-0.2258582211
-0.2258582211
-0.2258582211
-0.2258582211
-0.2258582211
-0.2258582211
-1.643571524
-1.643571524
-1.643571524
-0.25742525
-0.25742525
-0.25742525
-0.25742525
-0.25742525
-0.25742525
-0.25742525
-0.25742525
-0.25742525
-0.25742525
-0.25742525
-0.25742525
-0.25742525
-0.25742525
-0.25742525
-0.4037001063
-1.416990781
-1.416990781
-1.416990781
-0.6269497664
-0.6269497664
-1.052280005
-1.052280005
-1.052280005
-0.3855988481
-2.310192134
-2.310192134
-1.449848342
-1.449848342
-1.569059604
-1.569059604
-0.462839172
-0.462839172
-0.462839172
-0.462839172
-0.462839172
-0.462839172
-0.462839172
-0.462839172
-5.079319555
-5.079319555
-1.504434136
-1.801002325
-2.159613079
-2.159613079
-2.159613079
-2.159613079
-0.5727693701
-0.5727693701
-0.5727693701
-0.5727693701
-0.5727693701
-0.5727693701
-0.5727693701
-1.338370525
-1.338370525
-1.338370525
-1.338370525
-1.338370525
-1.338370525
-0.8343781854
-0.8343781854
-0.8343781854
-0.8343781854
-0.8343781854
-0.4108750222
-0.4108750222
-0.4108750222
-0.4108750222
-1.824043571
-1.824043571
-1.824043571
-1.824043571
-1.466447665
-1.466447665
-1.466447665
-1.466447665
-0.83799117
-0.83799117
-0.83799117
-0.83799117
-0.83799117
-0.4736479332
-0.4736479332
-0.4736479332
-0.4736479332
-0.4736479332
-0.4736479332
-0.4736479332
-0.4736479332
-0.4736479332
-0.4736479332
-0.4736479332
-0.4736479332
-0.4736479332
-0.4736479332
-0.4736479332
-0.4736479332
-0.4736479332
-0.4736479332
-0.5928841131
-0.5928841131
-0.5928841131
-0.5928841131
-0.5928841131
-0.5928841131
-0.5928841131
-1.571593607
-2.054117561
-2.054117561
-2.054117561
-0.6058161938
-0.6058161938
-0.6058161938
-0.6058161938
-0.2258248861
-0.2258248861
-0.2258248861
-0.5173886616
-0.5173886616
-0.5173886616
-0.5173886616
-0.5173886616
-0.274907266
-0.274907266
-0.274907266
-0.274907266
-0.2270104342
-0.2270104342
-0.2298299071
-0.2298299071
-0.2298299071
-0.2298299071
-1.774638145
-1.774638145
-1.774638145
-0.4858350595
-0.3298005295
-1.22447051
-0.6370147106
-0.6370147106
-0.6370147106
-0.6370147106
-0.5048832068
-0.5048832068
-0.5048832068
-0.5215113092
-0.5215113092
-0.5215113092
-0.5215113092
-0.7171930784
-0.7171930784
-0.7171930784
-0.7171930784
-0.7171930784
-0.7171930784
-0.7171930784
-0.7171930784
-0.7171930784
-0.7171930784
-0.7171930784
-1.031602157
-1.000827358
-1.000827358
-1.000827358
-1.000827358
-1.000827358
-1.000827358
-1.000827358
-1.000827358
-1.000827358
-0.842538986
-0.842538986
-0.842538986
-0.842538986
-0.842538986
-1.543403539
-1.543403539
-1.543403539
-1.543403539
-1.543403539
-1.543403539
-1.543403539
-0.5128723913
-0.5128723913
-0.5128723913
-0.5128723913
-0.5128723913
-0.3659543137
-0.3659543137
-0.3659543137
-0.3659543137
-0.3659543137
-0.3659543137
-0.3659543137
-0.3659543137
-0.3659543137
-0.3659543137
-0.3659543137
-0.3659543137
-0.3659543137
-0.3659543137
-0.3659543137
-0.2759478176
-0.2759478176
-0.2759478176
-0.4875593899
-0.3657492952
-0.3657492952
-0.3657492952
-0.3657492952
-1.422981463
-1.589783259
-2.805830339
-2.805830339
-2.805830339
-2.805830339
-0.5918198087
-0.5918198087
-0.5918198087
-0.5918198087
-0.5918198087
-2.025544525
-3.502024723
-2.311580073
-2.311580073
-2.311580073
-2.311580073
-1.478440895
-0.2774354813
-0.2774354813
-0.2774354813
-0.2774354813
-0.6083503999
-0.6083503999
-0.6083503999
-0.6083503999
-0.2327250375
-0.2327250375
-0.2283239353
-1.283166104
-1.283166104
-1.283166104
-1.283166104
-1.283166104
-1.283166104
-1.422084769
-1.422084769
-1.584623824
-1.584623824
-0.2309181497
-0.2309181497
-0.2309181497
-0.2309181497
-0.2309181497
-0.2309181497
-0.4588912938
-0.4588912938
-0.4588912938
-0.4588912938
-0.4588912938
-0.4588912938
-0.4588912938
-0.4588912938
-0.4588912938
-0.4588912938
-0.4588912938
-0.4588912938
-0.4588912938
-0.4588912938
-0.4588912938
-0.4588912938
-0.4588912938
-0.4588912938
-0.4588912938
-0.4588912938
-0.4588912938
-0.4588912938
-0.2365960239
-0.2365960239
-0.2365960239
-0.2365960239
-0.6143566595
-0.6293203438
-0.6293203438
-0.6293203438
-0.6293203438
-0.6293203438
-0.6293203438
-0.9743195616
-0.9743195616
-0.9743195616
-0.9743195616
-0.9743195616
-0.2272489437
-0.2272489437
-0.2446638774
-0.2446638774
-0.331572706
-0.331572706
-0.235933681
-0.235933681
-0.235933681
-0.235933681
-0.235933681
-0.235933681
-0.235933681
-0.235933681
-0.3426527374
-0.3426527374
-0.3426527374
-0.3426527374
-0.3426527374
-0.3426527374
-0.3426527374
-0.3426527374
-0.3426527374
-0.3426527374
-0.3426527374
-0.3426527374
-0.3426527374
-0.3426527374
-0.3426527374
-0.318627768
-0.318627768
-0.318627768
-0.3633646465
-0.3633646465
-0.3633646465
-0.3633646465
-0.3633646465
-0.3633646465
-0.3633646465
-0.5839246295
-0.5839246295
-0.5839246295
-0.5839246295
-0.4900805205
-0.4900805205
-0.4900805205
-0.4900805205
-0.4900805205
-0.4900805205
-0.4900805205
-0.4900805205
-0.4900805205
-0.4900805205
-0.2815958148
-0.2815958148
-0.2815958148
-0.2815958148
-0.2815958148
-0.2815958148
-0.2815958148
-0.2815958148
-0.5210451518
-0.5210451518
-0.5210451518
-0.5210451518
-1.067757814
-1.067757814
-1.067757814
-1.067757814
-1.067757814
-0.951189108
-0.951189108
-0.22637849
-0.22637849
-0.22637849
-0.22637849
-0.6170763257
-0.2552649471
-0.2552649471
-0.2287879347
-0.2287879347
-0.2287879347
-0.2266331804
-0.2266331804
-0.2266331804
-0.2266331804
-0.2266331804
-1.588047896
-1.588047896
-1.588047896
-1.588047896
-1.588047896
-1.588047896
-0.2287473696
-0.5033276045
-2.270119868
-2.270119868
-2.270119868
-2.270119868
-0.2275735334
-0.3987176705
-0.4397502304
-0.4397502304
-0.4397502304
-0.4397502304
-2.272977937
-2.272977937
-2.272977937
-2.272977937
-1.549316932
-1.549316932
-1.549316932
-0.4971422325
-0.4971422325
-0.4971422325
-0.4971422325
-0.4971422325
-0.4971422325
-0.4971422325
-0.4971422325
-0.4971422325
-0.4971422325
-0.4971422325
-0.4971422325
-0.425214042
-0.425214042
-0.425214042
-0.8389630767
-2.768644758
-1.735962534
-1.014888359
-0.2759440248
-0.2759440248
-0.2759440248
-0.2759440248
-0.6247015848
-0.6247015848
-0.6247015848
-0.6247015848
-0.6247015848
-0.6247015848
-0.6247015848
-0.6247015848
-0.6247015848
-0.6247015848
-0.7479785265
-0.7479785265
-0.7479785265
-1.084002862
-1.084002862
-1.084002862
-1.084002862
-0.2976963563
-0.2976963563
-0.2976963563
-0.2377704921
-0.2377704921
-0.2377704921
-0.2377704921
-0.2377704921
-0.2377704921
-0.2377704921
-0.2377704921
-0.3226995153
-0.3226995153
-0.3226995153
-0.3226995153
-0.3226995153
-0.3226995153
-0.3226995153
-1.885526769
-1.29608555
-1.29608555
-1.868268686
-1.868268686
-1.868268686
-1.868268686
-1.868268686
-1.868268686
-1.868268686
-1.868268686
-1.868268686
-0.3339375013
-0.3339375013
-0.5842491136
-0.5842491136
-0.4712772029
-0.4712772029
-0.4712772029
-0.4712772029
-0.4712772029
-0.4712772029
-0.4712772029
-0.6882282455
-0.6882282455
-0.6882282455
-2.772866426
-2.772866426
-2.191329858
-1.019671678
-1.019671678
-1.019671678
-1.019671678
-1.019671678
-1.019671678
-1.019671678
-1.019671678
-1.019671678
-1.019671678
-1.465944017
-1.465944017
-1.465944017
-1.465944017
-1.465944017
-1.465944017
-1.286558899
-1.286558899
-1.286558899
-1.286558899
-0.6946138437
-0.6946138437
-0.6946138437
-0.5060412127
-0.5060412127
-0.2365742683
-0.2365742683
-0.2365742683
-0.2365742683
-0.4452247617
-0.4452247617
-0.4452247617
-0.4452247617
-0.2426137951
-0.2426137951
-0.2426137951
-0.2949604706
-0.2949604706
-0.2949604706
-0.2949604706
-0.2949604706
-0.2949604706
-0.2949604706
-1.043007511
-0.5699421405
-0.5699421405
-0.5699421405
-0.5699421405
-0.5699421405
-0.5699421405
-0.4118050772
-0.4118050772
-0.7749865137
-0.7749865137
-0.7749865137
-0.7749865137
-1.030448987
-1.030448987
-1.030448987
-1.030448987
-1.43100611
-1.43100611
-2.38964253
-2.38964253
-2.38964253
-2.38964253
-2.38964253
-2.38964253
-2.38964253
-2.38964253
-2.38964253
-2.38964253
-2.38964253
-2.769408338
-3.280652739
-0.2353067702
-0.2353067702
-0.2353067702
-0.2353067702
-0.2353067702
-0.2353067702
-0.2353067702
-0.2353067702
-0.2353067702
-0.2353067702
-0.2353067702
-0.2353067702
-0.2353067702
-0.2353067702
-0.2353067702
-0.2353067702
-0.2353067702
-0.3759343115
-0.3759343115
-0.7122160655
-0.7122160655
-0.7122160655
-0.7122160655
-1.586569087
-1.586569087
-1.586569087
-1.586569087
-1.586569087
-1.486141614
-1.486141614
-1.486141614
-0.6870779566
-0.3068412931
-0.3068412931
-0.3068412931
-0.3068412931
-0.3068412931
-0.3068412931
-0.584270482
-0.8171424817
-0.8171424817
-0.8171424817
-0.2383904543
-0.2383904543
-0.2383904543
-0.2383904543
-0.2383904543
-0.2383904543
-0.2383904543
-0.2383904543
-0.2383904543
-0.2383904543
-0.2535704621
-0.2535704621
-0.2865951254
-0.2865951254
-0.2865951254
-0.2865951254
-0.2865951254
-0.2865951254
-0.2865951254
-0.2865951254
-0.2865951254
-0.2865951254
-0.2865951254
-0.2865951254
-1.076254553
-1.076254553
-1.076254553
-1.076254553
-1.076254553
-1.076254553
-1.076254553
-1.076254553
-1.076254553
-0.6669882406
-0.6669882406
-0.6669882406
-0.5166609153
-0.5166609153
-0.5166609153
-0.5166609153
-0.5166609153
-0.5166609153
-0.5166609153
-0.5166609153
-0.7316948297
-0.7316948297
-0.7316948297
-0.2435231793
-0.2435231793
-0.2435231793
-0.2435231793
-0.2435231793
-0.2435231793
-0.2435231793
-0.2435231793
-0.2435231793
-0.2435231793
-0.707034808
-1.309374172
-1.309374172
-0.4025345634
-0.4025345634
-0.4025345634
-0.4025345634
-0.4025345634
-0.4025345634
-0.4025345634
-0.4025345634
-0.4025345634
-0.4025345634
-0.4025345634
-0.3819526829
-0.3819526829
-0.4246112773
-0.4246112773
-0.4246112773
-2.48538569
-0.5959958861
-0.5959958861
-0.2589035405
-0.2589035405
-0.3396772088
-0.2258480894
-0.2258480894
-0.2258480894
-0.2258480894
-0.2258480894
-0.2258480894
-0.2258480894
-0.2258480894
-0.2258480894
-0.2258480894
-0.2258480894
-0.2258480894
-0.2258480894
-0.2258480894
-0.2258480894
-0.2258480894
-0.363536783
-0.363536783
-0.363536783
-0.363536783
-0.363536783
-0.4327439768
-0.4327439768
-0.4327439768
-0.4327439768
-0.4327439768
-0.4327439768
-0.446623675
-0.446623675
-0.446623675
-0.446623675
-0.446623675
-0.966306361
-0.5822529365
-0.5822529365
-0.5822529365
-0.413949757
-0.413949757
-0.413949757
-0.413949757
-0.413949757
-0.413949757
-0.9949251179
-0.9949251179
-0.9949251179
-0.9949251179
-0.9949251179
-0.3450317523
-0.3450317523
-0.3450317523
-0.3450317523
-0.3450317523
-0.3450317523
-0.3450317523
-0.3450317523
-0.3450317523
-0.3450317523
-1.748843255
-0.5774845251
-0.5774845251
-0.5774845251
-0.5774845251
-0.5473000012
-0.5473000012
-1.355277245
-1.355277245
-1.355277245
-1.355277245
-1.355277245
-0.8936879313
-0.2383213891
-0.2383213891
-0.2383213891
-0.2383213891
-0.2383213891
-0.2383213891
-0.2383213891
-0.2383213891
-0.2383213891
-0.2383213891
-0.2383213891
-0.2383213891
-0.2383213891
-0.2383213891
-0.2383213891
-0.2383213891
-0.2812794297
-0.6525256625
-0.3009273236
-0.3009273236
-0.3009273236
-0.3009273236
-0.3009273236
-0.3972224575
-1.239915864
-1.239915864
-1.239915864
-0.6803715539
-0.7428924266
-0.7428924266
-0.7428924266
-0.3703438
-0.3703438
-0.8822730032
-0.8822730032
-0.8822730032
-0.8822730032
-0.8822730032
-1.331226461
-1.331226461
-1.331226461
-0.2840267576
-0.242430722
-0.2281577131
-0.2281577131
-0.2281577131
-0.2281577131
-0.2281577131
-0.2281577131
-0.2281577131
-0.2281577131
-0.2281577131
-0.3491701799
-0.3491701799
-1.111212228
-0.8273845488
-2.087588314
-1.823915414
-1.823915414
-1.823915414
-1.823915414
-1.823915414
-1.823915414
-1.823915414
-0.2990615194
-0.2990615194
-0.2990615194
-0.2990615194
-0.2990615194
-0.2695529186
-0.247077711
-0.2482113465
-0.2482113465
-0.2482113465
-0.2482113465
-0.2482113465
-0.2482113465
-0.2482113465
-0.2482113465
-0.2482113465
-0.2482113465
-0.2482113465
-0.2482113465
-0.2482113465
-0.2482113465
-0.2482113465
-0.2838061145
-0.2838061145
-0.2838061145
-0.2838061145
-0.2838061145
-0.360688738
-2.212550417
-0.4948017323
-0.4948017323
-3.075884974
-1.513086293
-1.663757076
-1.663757076
-1.663757076
-0.4009386222
-0.4009386222
-0.4009386222
-0.4009386222
-0.4009386222
-0.4009386222
-0.4009386222
-0.4009386222
-0.4009386222
-0.4009386222
-0.4009386222
-0.4009386222
-0.4009386222
-0.2656655411
-0.2746946501
-0.2746946501
-0.2754463011
-0.2754463011
-0.2754463011
-0.2754463011
-0.2754463011
-0.2754463011
-0.2754463011
-0.2754463011
-0.2754463011
-0.2754463011
-0.2754463011
-0.2512892423
-0.2512892423
-1.41994833
-1.41994833
-4.495826095
-2.370923376
-2.370923376
-1.368166502
-1.368166502
-1.368166502
-1.368166502
-0.3445853295
-0.3445853295
-0.3445853295
-0.3445853295
-0.4466755511
-0.4466755511
-0.4466755511
-0.4466755511
-0.4466755511
-0.4466755511
-0.4466755511
-0.4466755511
-0.4758551004
-0.4758551004
-0.4758551004
-0.4758551004
-0.4758551004
-0.4758551004
-0.4758551004
-0.4758551004
-0.4758551004
-0.4758551004
-0.5439988505
-0.5439988505
-0.5439988505
-0.5439988505
-0.5439988505
-0.5439988505
-0.5439988505
-0.6802093513
-0.6802093513
-0.335791063
-0.2937016926
-0.2937016926
-0.227878423
-0.227878423
-1.590118173
-1.590118173
-1.590118173
-1.061249567
-1.061249567
-1.061249567
-1.061249567
-0.349051796
-0.349051796
-0.349051796
-0.349051796
-0.9975509417
-0.9975509417
-0.9975509417
-0.9975509417
-0.9827833075
-0.9827833075
-0.9827833075
-0.9827833075
-0.9827833075
-0.9827833075
-0.9827833075
-0.4606052472
-0.7875987085
-0.7875987085
-0.2300263024
-0.2300263024
-0.3564055269
-1.682884168
-1.682884168
-1.682884168
-1.682884168
-1.682884168
-1.682884168
-1.682884168
-1.682884168
-1.682884168
-0.2499500226
-0.3895193904
-0.4056149169
-0.4056149169
-0.4056149169
-0.4056149169
-0.2548212447
-0.2548212447
-0.2548212447
-0.2548212447
-0.2548212447
-0.2548212447
-0.2548212447
-0.3197841583
-0.4831536441
-0.4831536441
-0.4831536441
-0.4831536441
-1.26825242
-1.26825242
-1.26825242
-1.26825242
-1.26825242
-1.5174511
-2.202987013
-2.202987013
-2.202987013
-2.890548858
-2.890548858
-2.890548858
-2.890548858
-3.22263236
-1.751586746
-1.751586746
-0.2379996204
-0.2379996204
-0.2379996204
-0.2379996204
-0.2379996204
-0.2379996204
-0.2379996204
-0.2379996204
-0.2379996204
-0.5014133291
-0.5014133291
-0.5014133291
-0.5014133291
-0.5014133291
-0.5014133291
-0.8339195793
-0.8339195793
-0.8339195793
-0.8339195793
-0.8339195793
-0.8339195793
-0.3521731648
-0.3521731648
-0.3521731648
-0.3521731648
-0.3521731648
-0.3521731648
-1.824570542
-1.824570542
-1.824570542
-1.824570542
-1.824570542
-1.824570542
-0.227755123
-0.2364797416
-0.2312404382
-0.2312404382
-0.2312404382
-0.4066926717
-0.9784536856
-0.9784536856
-0.9784536856
-0.9784536856
-0.9784536856
-0.9784536856
-0.2332007512
-0.2332007512
-0.2332007512
-0.2332007512
-0.2332007512
-2.168307326
-2.168307326
-2.168307326
-1.338109164
-1.338109164
-1.338109164
-1.338109164
-1.338109164
-1.338109164
-1.338109164
-1.338109164
-1.338109164
-0.5858656182
-0.5858656182
-0.2517401947
-0.2517401947
-0.2517401947
-0.8700434327
-0.8700434327
-0.2810855416
-0.2529575146
-0.2529575146
-0.2529575146
-0.3106012754
-0.3106012754
-0.3106012754
-0.3106012754
-0.3106012754
-0.3106012754
-0.3106012754
-0.3106012754
-0.2764833196
-1.520644553
-0.2411663575
-0.2411663575
-0.2411663575
-0.2411663575
-0.2411663575
-0.2905568495
-0.2905568495
-0.2905568495
-0.2905568495
-0.2905568495
-0.6478957997
-2.175781245
-2.175781245
-2.175781245
-2.175781245
-3.249677424
-1.464071737
-1.464071737
-1.464071737
-1.099667622
-0.5014413795
-0.5014413795
-0.5014413795
-0.5014413795
-0.5014413795
-0.5014413795
-1.432284423
-1.432284423
-1.432284423
-1.432284423
-1.432284423
-0.4621209237
-0.4621209237
-0.4621209237
-0.4621209237
-0.4621209237
-0.4621209237
-0.4621209237
-0.4621209237
-0.4621209237
-0.4621209237
-0.4621209237
-2.75532008
-2.75532008
-2.75532008
-2.75532008
-1.615416103
-1.615416103
-0.2973870981
-0.2973870981
-0.2973870981
-0.2973870981
-0.2973870981
-0.2973870981
-0.2973870981
-0.2973870981
-0.2973870981
-1.096465748
-1.096465748
-1.096465748
-0.3250231165
-0.3250231165
-0.3250231165
-0.3250231165
-1.002483288
-1.002483288
-1.002483288
-1.002483288
-3.587582059
-2.08318892
-2.08318892
-2.08318892
-2.08318892
-2.08318892
-2.08318892
-2.08318892
-0.7844454808
-0.7844454808
-0.7844454808
-0.2352284576
-0.6390080615
-0.6390080615
-0.6390080615
-0.4029545834
-0.4029545834
-0.2305029683
-0.2305029683
-0.2305029683
-0.8340577008
-0.8340577008
-0.3768365009
-0.3768365009
-0.3768365009
-0.3768365009
-0.3768365009
-0.3768365009
-0.2922639177
-0.2922639177
-0.2922639177
-0.3537827852
-0.3537827852
-0.3537827852
-0.3537827852
-0.3537827852
-0.3537827852
-0.3537827852
-0.3537827852
-0.49532804
-0.49532804
-0.49532804
-0.2299591098
-0.2299591098
-1.058320342
-1.058320342
-0.4885821961
-0.4885821961
-0.4892287346
-0.4892287346
-0.4892287346
-0.4892287346
-0.4892287346
-0.4892287346
-0.4892287346
-0.4892287346
-0.4892287346
-0.4892287346
-0.4635160972
-0.4635160972
-0.392519674
-0.392519674
-0.392519674
-0.392519674
-0.392519674
-0.634732068
-0.634732068
-0.634732068
-0.634732068
-1.057931705
-1.057931705
-1.057931705
-1.057931705
-0.8919881861
-0.8919881861
-4.116533805
-0.4099153215
-0.4099153215
-0.4099153215
-0.4099153215
-0.4099153215
-0.4099153215
-0.4099153215
-0.4099153215
-0.4099153215
-0.4099153215
-0.4099153215
-0.4099153215
-0.4099153215
-0.2278825492
-0.2278825492
-0.2278825492
-0.2278825492
-0.2278825492
-0.2278825492
-0.2278825492
-0.2278825492
-0.2278825492
-0.7859574695
-0.5071437463
-0.760635368
-0.760635368
-0.760635368
-0.2864683934
-0.2864683934
-0.2864683934
-0.2864683934
-0.2864683934
-0.2778606885
-0.2778606885
-0.2778606885
-0.2778606885
-0.2778606885
-0.2778606885
-0.2778606885
-0.9163274363
-0.9163274363
-0.3685592899
-0.3685592899
-0.3685592899
-0.3685592899
-0.3685592899
-0.3685592899
-0.3103219939
-0.3103219939
-0.3103219939
-0.3103219939
-0.3103219939
-0.2614888655
-0.2614888655
-0.2614888655
-0.2614888655
-0.2614888655
-0.2614888655
-0.2614888655
-0.2747315224
-0.2747315224
-0.2747315224
-0.2747315224
-0.2747315224
-0.2747315224
-0.2747315224
-0.2747315224
-0.2747315224
-0.2747315224
-0.2747315224
-0.2747315224
-0.3678075299
-0.3678075299
-0.3678075299
-0.3678075299
-0.3678075299
-0.3678075299
-0.3804298488
-0.3804298488
-0.3804298488
-0.3728435051
-0.3728435051
-0.801757979
-0.801757979
-0.801757979
-0.801757979
-0.801757979
-0.801757979
-0.4616540666
-0.4616540666
-1.626016754
-0.8252282309
-0.8252282309
-0.8252282309
-0.8252282309
-0.8252282309
-0.8252282309
-0.8252282309
-0.8252282309
-0.8252282309
-0.8252282309
-0.8252282309
-0.8252282309
-0.8252282309
-0.8252282309
-0.8252282309
-0.8252282309
-0.8252282309
-0.8252282309
-0.8252282309
-0.8252282309
-0.8252282309
-0.5635279248
-0.5635279248
-0.5635279248
-0.5635279248
-0.3430923124
-0.8158643891
-0.3763088862
-0.3763088862
-0.3763088862
-0.3763088862
-0.3763088862
-0.3763088862
-0.3763088862
-0.3763088862
-0.3763088862
-0.3763088862
-0.3763088862
-0.3763088862
-0.3763088862
-0.3763088862
-0.3763088862
-0.2275604617
-0.2275604617
-0.226170026
-0.2948570434
-0.2948570434
-0.2948570434
-0.2948570434
-0.2948570434
-0.4924410178
-0.3945956258
-0.3945956258
-0.3945956258
-0.3945956258
-0.3945956258
-0.3945956258
-0.3945956258
-0.3945956258
-0.3945956258
-0.3945956258
-0.3945956258
-0.4446533314
-0.4446533314
-0.338120188
-0.338120188
-0.338120188
-0.338120188
-0.338120188
-0.338120188
-0.2281221972
-0.2281221972
-0.2281221972
-0.2281221972
-0.2281221972
-0.2281221972
-0.2281221972
-0.2281221972
-0.2281221972
-0.2281221972
-0.4100058665
-0.4100058665
-0.4100058665
-4.334932326
-4.334932326
-0.2453085974
-0.2453085974
-0.2453085974
-1.143989558
-1.143989558
-1.127370684
-1.127370684
-1.519954265
-1.519954265
-1.519954265
-1.519954265
-1.519954265
-1.519954265
-1.519954265
-1.519954265
-0.8723965599
-0.8723965599
-1.909017108
-0.4399557516
-0.4399557516
-0.4399557516
-0.4399557516
-1.360913654
-1.360913654
-1.360913654
-1.360913654
-0.2381458639
-0.2492403054
-0.2492403054
-0.2492403054
-0.2492403054
-0.2492403054
-0.2492403054
-0.2492403054
-0.2492403054
-0.2492403054
-0.9503323997
-0.5217006349
-0.5217006349
-0.5217006349
-0.5217006349
-0.5217006349
-0.5217006349
-0.5217006349
-0.5217006349
-0.5217006349
-0.5143444597
-0.5143444597
-0.5143444597
-0.5143444597
-0.5143444597
-0.5143444597
-0.5143444597
-0.5143444597
-0.5143444597
-0.225878922
-1.387989185
-1.387989185
-0.9994244264
-0.9994244264
-0.5241503411
-0.5241503411
-0.6371394093
-0.6371394093
-0.6371394093
-0.434485977
-0.3026944108
-0.3026944108
-0.3026944108
-0.3026944108
-0.3026944108
-0.3026944108
-0.6697226634
-0.6697226634
-0.6697226634
-0.6697226634
-0.2277970328
-0.2277970328
-0.2277970328
-0.2277970328
-1.062210195
-1.062210195
-1.062210195
-1.062210195
-1.062210195
-1.062210195
-1.062210195
-1.062210195
-0.8302080791
-0.7876051814
-0.7876051814
-0.7876051814
-0.4992575213
-0.4992575213
-0.4992575213
-0.2271083275
-0.2271083275
-0.2271083275
-0.2271083275
-0.2271083275
-0.2271325643
-0.2271325643
-0.2271325643
-0.2271325643
-0.2271325643
-0.2271325643
-0.2271325643
-0.2271325643
-0.2271325643
-0.2271325643
-0.2271325643
-0.2271325643
-0.2271325643
-0.2271325643
-0.2271325643
-0.2271325643
-0.2271325643
-0.2271325643
-0.2271325643
-0.2271325643
-0.2271325643
-0.2271325643
-0.2271325643
-0.2271325643
-0.4980164886
-0.4980164886
-0.7733641899
-0.7733641899
-0.7733641899
-0.878638076
-0.5132336557
-2.729073381
-0.395814988
-0.395814988
-0.3957437916
-0.3957437916
-0.3957437916
-0.3957437916
-0.4640213568
-0.4640213568
-0.2280414987
-0.2280414987
-0.2280414987
-0.2280414987
-0.2280414987
-0.2280414987
-0.2280414987
-0.2280414987
-0.2280414987
-0.2280414987
-0.2280414987
-0.2280414987
-0.2280414987
-0.2280414987
-0.2280414987
-0.2280414987
-0.2280414987
-2.444068675
-0.8468043356
-0.8468043356
-0.8468043356
-0.8468043356
-0.8468043356
-0.8468043356
-0.8468043356
-0.8468043356
-1.233637528
-1.233637528
-1.233637528
-3.034499668
-3.034499668
-3.034499668
-3.034499668
-1.103187912
-0.370444857
-0.370444857
-3.73287959
-0.9320592867
-0.2951016837
-0.2951016837
-1.777459258
-0.8072802164
-0.8072802164
-0.8072802164
-0.8072802164
-1.698820557
-1.698820557
-1.698820557
-1.698820557
-1.698820557
-1.698820557
-1.698820557
-2.419663225
-2.419663225
-2.419663225
-2.340441777
-0.8375164255
-0.8375164255
-0.8375164255
-0.8375164255
-0.8375164255
-0.8375164255
-0.8375164255
-0.8375164255
-0.8375164255
-0.8375164255
-0.8375164255
-1.74456926
-1.74456926
-1.74456926
-1.74456926
-0.7128567945
-0.8160569549
-0.8160569549
-0.8160569549
-0.8160569549
-0.8160569549
-0.8160569549
-0.8160569549
-0.8160569549
-0.8160569549
-0.8160569549
-0.8160569549
-0.8160569549
-0.8160569549
-0.8160569549
-0.8160569549
-1.353603076
-1.284963814
-1.284963814
-3.766494397
-3.766494397
-0.231490658
-0.231490658
-1.108463067
-1.108463067
-1.108463067
-1.006450586
-1.006450586
-0.8102133348
-0.8102133348
-0.4975185164
-0.4975185164
-0.4975185164
-0.4975185164
-0.4975185164
-0.4975185164
-0.4975185164
-0.4975185164
-0.4975185164
-0.4975185164
-1.738868719
-1.738868719
-1.738868719
-1.738868719
-0.7312419802
-2.099534904
-3.387311083
-3.387311083
-1.107910133
-1.107910133
-1.107910133
-0.6115821995
-1.385809585
-1.385809585
-0.2913439144
-0.2913439144
-0.314510645
-0.314510645
-0.314510645
-0.314510645
-0.314510645
-0.314510645
-0.314510645
-0.314510645
-0.2288889715
-0.2463990128
-0.2463990128
-0.2463990128
-0.2463990128
-0.7865771644
-0.7865771644
-1.507988951
-1.507988951
-0.3653448068
-0.7237684165
-0.7237684165
-0.7237684165
-0.2767518214
-0.2767518214
-0.2767518214
-0.2767518214
-0.2767518214
-0.2767518214
-0.2767518214
-0.2767518214
-0.2767518214
-0.2767518214
-0.2767518214
-0.2767518214
-0.2496722407
-0.3696627286
-0.3696627286
-0.3696627286
-0.2494691403
-0.2494691403
-0.8925596945
-1.445396243
-1.445396243
-1.445396243
-1.445396243
-1.445396243
-1.445396243
-1.445396243
-1.445396243
-0.2716496141
-0.2716496141
-0.2716496141
-0.2716496141
-0.2716496141
-0.2716496141
-0.2716496141
-0.2716496141
-0.2716496141
-0.2716496141
-0.2716496141
-0.2716496141
-0.2716496141
-0.2300225067
-0.2300225067
-0.2300225067
-0.2300225067
-0.6050008995
-0.2385909641
-0.2385909641
-0.3441753457
-0.3441753457
-0.3441753457
-3.161322833
-3.161322833
-3.161322833
-1.254748255
-1.254748255
-1.254748255
-0.9757174338
-0.9757174338
-0.9757174338
-0.9757174338
-2.824282893
-2.824282893
-2.824282893
-0.5346323751
-0.5346323751
-0.5346323751
-0.5346323751
-0.5346323751
-0.5346323751
-0.5346323751
-0.5346323751
-0.5346323751
-0.3267256629
-0.3267256629
-0.3267256629
-0.3267256629
-0.3267256629
-0.3267256629
-0.3267256629
-3.158455712
-3.158455712
-3.158455712
-3.158455712
-1.056094702
-1.056094702
-1.056094702
-0.4365861267
-0.4365861267
-0.4365861267
-0.4365861267
-0.3789447317
-0.3789447317
-0.3789447317
-0.3789447317
-0.3789447317
-0.3789447317
-0.3789447317
-0.226859465
-0.226859465
-0.7012566778
-0.7012566778
-0.7012566778
-0.77094907
-0.6623636221
-0.6623636221
-0.6623636221
-0.6623636221
-0.6623636221
-0.3597107026
-0.3597107026
-0.3597107026
-0.6905942475
-0.6905942475
-0.6905942475
-0.6905942475
-0.6905942475
-0.6221999252
-0.6221999252
-0.6221999252
-0.6221999252
-0.2556292322
-0.2556292322
-0.2556292322
-0.2556292322
-0.2556292322
-0.2556292322
-0.2556292322
-0.9463199959
-0.9463199959
-0.9463199959
-0.9463199959
-0.9463199959
-0.7836375095
-0.7836375095
-0.7836375095
-1.361108565
-1.361108565
-0.5564704887
-0.5564704887
-0.5564704887
-0.5564704887
-0.5661039549
-0.5661039549
-0.5661039549
-0.5661039549
-0.9133880078
-0.2841453516
-1.073880719
-1.073880719
-0.3654573762
-0.3654573762
-0.3268359952
-0.3268359952
-0.3268359952
-0.3268359952
-0.6540771657
-0.7881069603
-0.8293651729
-0.8293651729
-1.074294001
-1.945419275
-1.945419275
-1.945419275
-1.945419275
-1.289581109
-0.4835030445
-0.4835030445
-0.4835030445
-0.4835030445
-1.336644836
-1.336644836
-1.336644836
-1.336644836
-1.336644836
-1.127227801
-0.5515916353
-0.3052007121
-0.3052007121
-0.3052007121
-0.3052007121
-0.3052007121
-0.3189159387
-0.3189159387
-0.3189159387
-0.3189159387
-0.920688586
-0.9344417992
-0.9344417992
-0.9344417992
-0.9344417992
-0.9344417992
-1.193397938
-0.3449564649
-0.3449564649
-0.3449564649
-0.3449564649
-0.3229000453
-0.3229000453
-0.3229000453
-0.870106495
-0.2436967801
-0.7775569426
-0.7775569426
-0.7775569426
-0.2356401351
-0.2356401351
-0.2356401351
-0.2356401351
-0.2356401351
-0.2356401351
-0.2700234428
-0.2700234428
-0.2700234428
-0.2700234428
-0.2700234428
-1.658188189
-1.665342946
-1.665342946
-1.169080487
-0.8947802772
-0.2297648612
-0.3169758614
-0.5294421246
-1.020824907
-1.020824907
-1.020824907
-1.020824907
-0.713736634
-0.713736634
-0.713736634
-0.713736634
-0.713736634
-0.7483632293
-0.7483632293
-0.7483632293
-0.2765758163
-0.2765758163
-0.2765758163
-0.2765758163
-0.2765758163
-0.2765758163
-0.2765758163
-0.2765758163
-0.5039963053
-0.5039963053
-0.5039963053
-0.5039963053
-0.5039963053
-0.5039963053
-0.5039963053
-0.5039963053
-0.35886548
-0.35886548
-0.7325710822
-0.7325710822
-0.7325710822
-0.2266802024
-0.2266802024
-0.2266802024
-0.2266802024
-0.2266802024
-0.2266802024
-0.2266802024
-0.2266802024
-0.2780454433
-0.2780454433
-0.2297932249
-0.2297932249
-0.2297932249
-0.6225234133
-0.6225234133
-0.6225234133
-0.6225234133
-0.6225234133
-0.6225234133
-0.2523627988
-0.2523627988
-0.2523627988
-0.2523627988
-0.2828473771
-0.2828473771
-0.2828473771
-0.2828473771
-0.2660581904
-0.2660581904
-0.2660581904
-0.2660581904
-0.4098031818
-0.3097015135
-0.3097015135
-0.3097015135
-0.3097015135
-0.3097015135
-0.2892672696
-0.2892672696
-0.2892672696
-0.2892672696
-0.2892672696
-0.2892672696
-0.2892672696
-0.2892672696
-0.2892672696
-0.2892672696
-0.2892672696
-0.2892672696
-0.2892672696
-0.2778064103
-0.4273280158
-0.4273280158
-0.2284975633
-0.405948361
-0.405948361
-0.4972302187
-0.4972302187
-0.4972302187
-0.4972302187
-0.3976006534
-0.3976006534
-0.3976006534
-1.294333288
-1.294333288
-0.3062246091
-1.931400061
-1.931400061
-0.4653955481
-0.4653955481
-0.4075323807
-0.4075323807
-0.4075323807
-0.4075323807
-0.4075323807
-0.4075323807
-0.4075323807
-0.631801525
-0.631801525
-0.631801525
-0.631801525
-0.631801525
-0.8350826178
-0.8350826178
-0.8350826178
-0.8342908108
-0.8342908108
-0.8342908108
-0.8342908108
-0.8342908108
-1.091642038
-1.091642038
-1.091642038
-2.380607576
-0.7714958134
-0.7714958134
-0.7714958134
-0.2268317558
-0.2260637808
-0.2260637808
-0.2260637808
-0.2260637808
-0.2260637808
-0.2260637808
-0.2260637808
-0.2260637808
-0.2260637808
-0.2260637808
-0.2260637808
-0.7029246988
-0.7029246988
-0.7029246988
-0.7029246988
-4.725816846
-0.4657848012
-0.4657848012
-0.4657848012
-0.4657848012
-0.4657848012
-0.6082639092
-0.6082639092
-0.6082639092
-0.6082639092
-1.117757615
-0.8631966326
-0.8631966326
-0.8631966326
-0.4655768574
-0.3571763705
-0.3571763705
-0.3571763705
-1.202261007
-1.202261007
-1.202261007
-1.202261007
-1.202261007
-1.202261007
-1.202261007
-1.202261007
-1.327051705
-0.2619295283
-0.2619295283
-0.2619295283
-0.7883310945
-0.7883310945
-0.7883310945
-0.7883310945
-0.7883310945
-2.41147659
-0.6483302337
-0.6483302337
-0.6483302337
-0.6483302337
-0.6483302337
-0.6483302337
-0.6483302337
-0.6483302337
-0.6483302337
-0.6483302337
-0.6483302337
-0.6483302337
-0.6483302337
-0.2295712085
-0.3804186676
-0.3804186676
-0.3804186676
-0.3804186676
-0.3804186676
-0.3804186676
-1.158090696
-1.158090696
-1.158090696
-1.158090696
-1.158090696
-1.158090696
-1.158090696
-1.158090696
-1.158090696
-1.158090696
-1.158090696
-1.158090696
-0.3834074438
-0.3834074438
-0.3834074438
-0.3834074438
-0.8069423739
-0.4849833171
-0.4849833171
-0.4849833171
-0.4849833171
-0.4849833171
-0.4849833171
-0.4849833171
-0.2995666449
-0.2995666449
-0.2995666449
-0.4500341066
-0.4500341066
-2.416239462
-2.429232105
-2.429232105
-2.429232105
-2.429232105
-2.429232105
-1.6212643
-0.2644345422
-0.2644345422
-0.2462039664
-0.2462039664
-0.2855094906
-0.2409991782
-0.2409991782
-0.2409991782
-0.2409991782
-3.480948092
-3.480948092
-3.480948092
-3.480948092
-0.2324756706
-0.2324756706
-0.2324756706
-0.2324756706
-0.2324756706
-0.9116904069
-0.9116904069
-0.9116904069
-0.9116904069
-0.2838539277
-0.2838539277
-0.2838539277
-0.2838539277
-0.2838539277
-0.2838539277
-0.2838539277
-0.2838539277
-0.2838539277
-0.2838539277
-0.2838539277
-0.2838539277
-0.2838539277
-0.2838539277
-1.32796351
-1.32796351
-1.32796351
-1.32796351
-1.32796351
-1.32796351
-1.32796351
-0.267419173
-0.2420840266
-1.6541235
-1.315994316
-1.452517381
-1.452517381
-1.452517381
-1.452517381
-1.452517381
-1.403613267
-1.387197298
-1.387197298
-1.387197298
-6.196905851
-3.717998803
-0.338452131
-0.338452131
-0.338452131
-0.338452131
-0.338452131
-0.338452131
-0.339947417
-0.339947417
-0.339947417
-0.339947417
-0.339947417
-0.339947417
-0.339947417
-0.339947417
-0.339947417
-1.092894383
-0.533686224
-0.533686224
-0.6114621405
-0.6114621405
-0.6114621405
-0.6114621405
-0.2946844125
-0.2946844125
-0.2946844125
-0.2946844125
-0.2946844125
-0.2946844125
-0.2946844125
-0.2946844125
-0.2946844125
-0.2946844125
-0.2946844125
-0.2946844125
-0.2946844125
-0.231139631
-0.231139631
-0.231139631
-0.231139631
-0.231139631
-0.231139631
-0.231139631
-0.231139631
-0.231139631
-0.2427473577
-0.2427473577
-0.2427473577
-0.2427473577
-0.2427473577
-0.2427473577
-0.2427473577
-0.2427473577
-0.2427473577
-0.2427473577
-0.2427473577
-0.2427473577
-0.2427473577
-0.2427473577
-0.7214146994
-0.7214146994
-0.7214146994
-0.7214146994
-0.7214146994
-0.7214146994
-0.7214146994
-0.7214146994
-0.7214146994
-0.7214146994
-0.4756856829
-0.4756856829
-0.4756856829
-0.4756856829
-0.4756856829
-0.4756856829
-0.4363131836
-0.4363131836
-0.4363131836
-0.4363131836
-0.4363131836
-2.148916508
-2.148916508
-0.455322692
-0.5551049132
-0.5551049132
-0.5551049132
-0.2259228418
-1.091428439
-0.324516199
-0.324516199
-0.324516199
-0.324516199
-0.324516199
-0.324516199
-0.324516199
-0.2877975197
-0.2877975197
-0.2877975197
-0.2877975197
-0.2877975197
-0.2877975197
-0.2877975197
-0.2877975197
-0.2877975197
-0.2877975197
-0.2877975197
-0.2877975197
-0.2877975197
-0.2811199797
-0.7037397634
-0.7037397634
-0.3102164258
-0.3102164258
-0.2465480845
-1.456738631
-1.456738631
-2.449578716
-1.081743034
-1.081743034
-1.081743034
-0.8833466885
-0.8833466885
-0.8833466885
-0.8833466885
-0.8833466885
-0.8833466885
-0.8833466885
-0.5239311152
-0.5239311152
-0.5239311152
-0.5239311152
-0.5239311152
-0.5239311152
-0.5239311152
-0.5239311152
-3.102752337
-3.102752337
-3.102752337
-3.102752337
-3.102752337
-3.102752337
-3.102752337
-2.417796835
-0.299563276
-0.299563276
-0.3619531232
-0.3619531232
-0.3619531232
-0.3619531232
-0.3619531232
-0.3619531232
-0.3619531232
-0.2388741287
-0.2388741287
-0.2388741287
-0.2388741287
-0.2388741287
-0.2388741287
-0.2388741287
-0.2685422907
-0.2685422907
-0.2685422907
-2.487886236
-1.234721207
-1.234721207
-1.03024802
-1.154770125
-1.154770125
-2.842942532
-0.3430595258
-0.3430595258
-2.199540766
-2.199540766
-2.199540766
-0.2297542898
-0.5160355934
-0.5160355934
-0.5160355934
-0.5160355934
-0.5160355934
-0.2963847371
-0.2963847371
-0.2963847371
-0.2963847371
-0.2963847371
-0.2963847371
-0.2963847371
-0.2963847371
-0.2479038825
-0.2479038825
-0.2479038825
-0.2479038825
-0.3116769224
-0.3116769224
-0.3116769224
-0.3116769224
-0.3116769224
-0.3116769224
-0.3116769224
-0.3116769224
-0.3116769224
-0.2268062794
-0.2731955538
-0.2731955538
-0.2731955538
-0.2731955538
-0.5634377807
-0.5634377807
-0.5634377807
-0.5634377807
-0.3018331483
-0.3018331483
-0.3018331483
-0.3018331483
-0.3018331483
-0.3018331483
-0.3018331483
-0.3018331483
-2.199091318
-2.199091318
-2.199091318
-2.199091318
-2.025675409
-2.025675409
-2.025675409
-0.9685168671
-0.9685168671
-0.9685168671
-0.9685168671
-0.9685168671
-0.9685168671
-0.9685168671
-0.9685168671
-0.9685168671
-0.9685168671
-0.2275475358
-0.9369254399
-0.9369254399
-0.9369254399
-0.2261153984
-0.2261153984
-0.2261153984
-1.57290965
-1.57290965
-0.6030491427
-0.6030491427
-0.6030491427
-0.6030491427
-0.6030491427
-0.4002300044
-0.3006236302
-0.3006236302
-0.3006236302
-0.3006236302
-0.3006236302
-0.7803554786
-0.7803554786
-0.7803554786
-0.7803554786
-0.7803554786
-0.7556638984
-0.7556638984
-2.522186355
-2.522186355
-2.522186355
-0.8358197374
-0.8358197374
-0.8358197374
-0.8358197374
-0.8358197374
-0.8358197374
-0.3061508051
-0.3061508051
-0.3061508051
-0.3061508051
-0.3061508051
-0.3061508051
-0.3061508051
-0.3061508051
-0.2444863588
-0.2444863588
-0.2444863588
-0.2444863588
-0.2444863588
-0.9920102769
-0.9920102769
-0.9757500433
-0.9757500433
-0.8825250607
-0.8825250607
-0.8825250607
-0.3889985856
-0.3536782017
-0.3536782017
-0.3536782017
-0.3536782017
-0.3536782017
-1.266058576
-1.266058576
-0.2557117298
-0.2557117298
-0.2557117298
-0.2557117298
-0.2557117298
-0.2557117298
-0.2526830446
-0.2526830446
-0.2526830446
-0.7078196279
-0.7078196279
-0.7078196279
-0.6215123076
-0.4374112113
-0.2267882484
-0.2267882484
-0.2267882484
-0.8034474332
-0.8034474332
-0.9645374803
-1.715222425
-1.82680208
-1.82680208
-1.82680208
-1.82680208
-1.82680208
-1.82680208
-1.82680208
-2.180440875
-0.2484580684
-0.5834366454
-0.5834366454
-0.5834366454
-0.5834366454
-0.4682316069
-0.4682316069
-0.4682316069
-0.4682316069
-0.4682316069
-0.4682316069
-0.4777175931
-0.4777175931
-0.4777175931
-0.4777175931
-0.4777175931
-0.4777175931
-0.4777175931
-0.4777175931
-0.4777175931
-0.9466012989
-0.9466012989
-0.8868657403
-0.8868657403
-0.8868657403
-0.8868657403
-0.8868657403
-0.8868657403
-0.8868657403
-0.8868657403
-0.8868657403
-0.8868657403
-0.8868657403
-0.8868657403
-1.166575218
-0.9357583006
-0.9357583006
-0.9357583006
-0.769218129
-0.5892452898
-0.321842769
-1.280632925
-1.280632925
-1.280632925
-1.280632925
-1.280632925
-1.280632925
-0.35478249
-0.2285589037
-0.2285589037
-0.2285589037
-0.2285589037
-0.2285589037
-0.2285589037
-0.2285589037
-0.2285589037
-0.2285589037
-0.7088305246
-0.7088305246
-0.7088305246
-1.43428522
-0.9051107195
-0.9051107195
-0.9051107195
-0.9051107195
-0.9051107195
-0.9051107195
-0.9051107195
-0.9051107195
-0.9051107195
-0.6289653629
-0.6289653629
-0.6289653629
-0.6289653629
-0.6289653629
-0.6289653629
-0.3347156266
-0.3347156266
-0.3347156266
-0.2804887749
-0.2804887749
-0.2804887749
-0.2804887749
-0.2804887749
-0.2804887749
-0.2804887749
-0.2804887749
-0.2804887749
-0.2804887749
-0.2804887749
-0.2804887749
-0.2804887749
-0.2804887749
-0.2804887749
-0.3718342373
-0.3718342373
-0.2562664675
-0.2562664675
-0.2562664675
-0.2296826634
-1.799039636
-1.107215681
-1.107215681
-0.3873205679
-0.8655885292
-0.8655885292
-0.8655885292
-0.8655885292
-0.8655885292
-0.8655885292
-0.8655885292
-0.7365934585
-0.7365934585
-0.7365934585
-0.7365934585
-0.7365934585
-0.7365934585
-0.7365934585
-0.7365934585
-0.9758203206
-0.3814268358
-0.3814268358
-1.443404583
-1.443404583
-0.7331974169
-0.7331974169
-0.7331974169
-0.7331974169
-0.7331974169
-0.7331974169
-0.7331974169
-0.7331974169
-0.7331974169
-0.7331974169
-0.2625529986
-0.2625529986
-0.3061442919
-0.3061442919
-0.3061442919
-0.350759074
-0.350759074
-2.384209024
-2.384209024
-2.384209024
-2.384209024
-0.2317286799
-0.2317286799
-0.2317286799
-0.2317286799
-0.2317286799
-0.231106779
-0.231106779
-0.231106779
-0.231106779
-0.231106779
-0.3322210944
-0.3322210944
-0.3322210944
-0.3322210944
-0.3322210944
-0.3322210944
-0.3141501552
-0.3141501552
-0.3141501552
-0.3141501552
-0.3141501552
-0.3141501552
-0.3141501552
-0.3141501552
-0.3141501552
-0.3141501552
-0.3141501552
-0.3141501552
-0.3141501552
-0.3141501552
-0.5636655594
-0.5636655594
-1.684842487
-1.684842487
-0.8746508025
-0.8746508025
-0.8746508025
-1.614115545
-1.614115545
-1.614115545
-1.614115545
-0.4567147133
-0.4300254227
-0.4300254227
-0.4300254227
-0.4300254227
-0.4300254227
-0.5566965814
-0.5566965814
-0.5566965814
-0.5566965814
-1.10064026
-1.10064026
-1.248504635
-1.489466601
-1.489466601
-1.489466601
-1.489466601
-1.489466601
-1.489466601
-0.2608485961
-0.2608485961
-0.2608485961
-0.2608485961
-0.3490132824
-0.3490132824
-0.3490132824
-0.3490132824
-0.3490132824
-0.5902359601
-0.5902359601
-0.5902359601
-0.5902359601
-0.5902359601
-0.5902359601
-0.5902359601
-0.5902359601
-0.5902359601
-1.337814053
-1.337814053
-1.337814053
-1.337814053
-1.337814053
-0.9359013261
-0.9359013261
-0.9359013261
-0.9359013261
-0.9359013261
-0.2420089484
-0.2420089484
-0.2420089484
-0.5542140267
-0.50651226
-0.50651226
-0.50651226
-0.50651226
-0.2388208151
-0.2388208151
-0.2388208151
-0.2388208151
-0.2388208151
-0.2388208151
-0.3022310502
-0.3022310502
-0.3022310502
-0.3022310502
-0.3022310502
-0.3022310502
-0.2532091583
-0.5957430151
-0.3814837673
-0.3814837673
-0.3814837673
-2.687081958
-2.687081958
-2.687081958
-2.687081958
-2.687081958
-2.687081958
-0.7594879162
-0.7594879162
-0.7594879162
-0.2997300681
-0.2997300681
-0.2997300681
-0.2997300681
-0.2997300681
-0.2997300681
-0.2997300681
-0.2997300681
-0.2997300681
-0.2997300681
-0.2997300681
-0.2997300681
-0.2997300681
-0.2997300681
-0.2997300681
-0.2997300681
-0.2997300681
-0.2997300681
-0.2997300681
-0.2997300681
-0.2997300681
-0.2997300681
-0.6467548645
-0.3870550488
-0.3870550488
-0.3842266043
-0.3842266043
-0.311169267
-0.311169267
-0.311169267
-0.311169267
-0.311169267
-0.311169267
-0.311169267
-0.311169267
-0.311169267
-0.2489232981
-0.2489232981
-0.2489232981
-0.2489232981
-0.2489232981
-0.2489232981
-0.2489232981
-0.2489232981
-0.2489232981
-0.2489232981
-1.167790198
-1.167790198
-1.167790198
-1.167790198
-1.167790198
-1.167790198
-0.5760266755
-0.5760266755
-0.5760266755
-0.5760266755
-0.5760266755
-0.3492125187
-0.3492125187
-0.3492125187
-0.3492125187
-0.3492125187
-0.3492125187
-0.3492125187
-0.7010555882
-0.7010555882
-0.7010555882
-0.8352729441
-0.8352729441
-0.8352729441
-0.8352729441
-0.8352729441
-0.8352729441
-0.8352729441
-0.5890507042
-0.3659602447
-0.3659602447
-0.3659602447
-0.3659602447
-0.3659602447
-0.3659602447
-0.3659602447
-0.3659602447
-0.3659602447
-0.3659602447
-0.3659602447
-0.3659602447
-0.3659602447
-0.9531506456
-0.2778316983
-0.2778316983
-0.2778316983
-0.2778316983
-0.2778316983
-0.2778316983
-0.2778316983
-0.2778316983
-0.2778316983
-0.2778316983
-1.972419912
-1.972419912
-1.972419912
-1.972419912
-1.972419912
-1.972419912
-1.972419912
-2.305535262
-0.2557495646
-0.2557495646
-0.2557495646
-0.2557495646
-0.6045218208
-0.6045218208
-0.3122380741
-0.3122380741
-0.3122380741
-2.133358185
-2.133358185
-2.133358185
-2.133358185
-2.133358185
-2.133358185
-2.133358185
-2.133358185
-2.133358185
-2.133358185
-2.133358185
-2.133358185
-1.26470561
-1.26470561
-1.26470561
-1.26470561
-1.26470561
-1.26470561
-1.26470561
-0.3014887211
-0.3014887211
-0.3014887211
-0.3014887211
-0.3014887211
-0.3089063448
-0.3089063448
-0.3089063448
-0.3089063448
-0.3089063448
-3.607176947
-3.607176947
-1.473856365
-1.343458838
-1.343458838
-1.343458838
-1.343458838
-1.343458838
-1.343458838
-1.343458838
-1.343458838
-1.343458838
-1.343458838
-1.343458838
-1.343458838
-1.343458838
-1.343458838
-1.343458838
-1.343458838
-1.343458838
-1.343458838
-1.343458838
-1.343458838
-0.3782749535
-0.3782749535
-0.3782749535
-0.2840340177
-0.2840340177
-0.2840340177
-0.2840340177
-0.2840340177
-0.2840340177
-0.2840340177
-1.228415516
-1.228415516
-1.228415516
-1.228415516
-0.5309019628
-0.5309019628
-0.231278087
-0.231278087
-0.231278087
-0.5141382962
-0.5141382962
-0.5141382962
-0.5141382962
-1.041042737
-1.041042737
-1.041042737
-1.041042737
-1.041042737
-1.041042737
-1.763748872
-1.763748872
-0.2302678708
-0.2302678708
-0.2302678708
-0.2302678708
-0.6403428375
-0.6403428375
-0.6403428375
-0.6403428375
-0.6403428375
-0.6403428375
-0.2352865817
-0.2352865817
-0.2352865817
-0.2352865817
-0.2352865817
-0.2352865817
-0.2352865817
-0.2352865817
-0.2832021056
-0.2832021056
-0.2832021056
-0.2832021056
-0.2832021056
-0.2832021056
-0.2832021056
-0.2832021056
-0.2832021056
-0.2832021056
-0.2832021056
-0.8925487338
-0.8925487338
-0.8925487338
-0.8925487338
-0.8925487338
-0.8925487338
-0.8996888363
-0.360436277
-0.8547951213
-0.8547951213
-0.8547951213
-0.8547951213
-0.8547951213
-0.8547951213
-0.8547951213
-0.3238481901
-0.3238481901
-0.556938413
-0.556938413
-0.556938413
-0.556938413
-0.556938413
-0.556938413
-0.556938413
-1.638283577
-1.638283577
-1.638283577
-1.638283577
-1.638283577
-1.638283577
-0.2281014133
-0.4852362436
-0.4852362436
-0.4852362436
-0.4852362436
-0.4852362436
-0.8676945675
-0.8676945675
-0.8676945675
-0.8676945675
-0.8676945675
-0.8676945675
-1.012116622
-1.012116622
-0.3106110838
-0.3106110838
-0.2318085492
-0.2304578485
-0.2534994497
-0.2534994497
-0.2534994497
-0.2534994497
-0.2534994497
-0.2534994497
-0.2534994497
-0.2534994497
-0.2534994497
-0.2534994497
-0.2534994497
-0.2534994497
-0.2534994497
-0.8920016631
-0.8920016631
-2.552043228
-2.552043228
-2.552043228
-2.552043228
-3.093095685
-1.728472184
-1.195519609
-1.804056138
-1.804056138
-1.804056138
-1.181330495
-1.181330495
-1.181330495
-1.181330495
-1.181330495
-1.181330495
-1.181330495
-1.181330495
-1.181330495
-0.2270756244
-0.2270756244
-0.2270756244
-0.2270756244
-0.2270756244
-0.2270756244
-0.2270756244
-0.2270756244
-0.4598350202
-0.4598350202
-0.4598350202
-0.4598350202
-0.4598350202
-0.2667681049
-0.2667681049
-0.295786563
-1.851419579
-1.851419579
-2.204306369
-2.204306369
-2.204306369
-0.770398087
-0.770398087
-0.770398087
-0.2939890338
-0.2624622772
-0.2396610476
-0.2396610476
-0.2396610476
-0.2396610476
-2.967498396
-2.746347429
-2.746347429
-2.746347429
-2.746347429
-2.746347429
-2.746347429
-0.2357004793
-0.2357004793
-0.2357004793
-0.2357004793
-0.2357004793
-0.2357004793
-0.2357004793
-0.4685391516
-0.4685391516
-0.4685391516
-2.616355177
-3.236175446
-3.236175446
-0.2369868015
-0.2369868015
-0.2369868015
-0.2515972572
-0.2515972572
-0.2515972572
-0.2515972572
-2.704410489
-2.704410489
-2.704410489
-0.2459112231
-0.2459112231
-0.2459112231
-0.2459112231
-0.2459112231
-0.2459112231
-0.2459112231
-0.2459112231
-0.9723386176
-0.4050837751
-0.4050837751
-0.4050837751
-0.4050837751
-0.4050837751
-0.2400967783
-0.7060971511
-0.7060971511
-0.7060971511
-0.7060971511
-1.74667453
-1.74667453
-0.2280586514
-0.2280586514
-0.2280586514
-0.2932365505
-0.2932365505
-0.7147343158
-0.7147343158
-0.4952659608
-0.4952659608
-0.2292237024
-0.2292237024
-0.2688355619
-0.2688355619
-0.4061380137
-0.4061380137
-0.4061380137
-0.4323801347
-0.4314281496
-0.4314281496
-0.4314281496
-0.4314281496
-0.4314281496
-0.7922364427
-0.7922364427
-0.232204345
-0.232204345
-0.232204345
-0.232204345
-0.232204345
-0.232204345
-0.232204345
-0.2688061685
-0.2688061685
-0.2688061685
-0.2688061685
-0.2688061685
-0.2688061685
-0.2688061685
-0.2688061685
-0.2688061685
-0.2688061685
-0.2688061685
-0.2688061685
-0.2688061685
-0.2688061685
-0.4889209202
-0.3698073667
-0.3698073667
-0.3698073667
-0.3698073667
-0.3698073667
-0.3698073667
-0.3698073667
-0.3698073667
-0.3698073667
-0.3698073667
-0.3698073667
-0.7406913993
-0.7406913993
-0.7406913993
-0.7406913993
-0.7406913993
-0.7406913993
-0.4887986416
-0.4887986416
-0.4887986416
-0.4887986416
-0.4887986416
-0.4887986416
-0.4887986416
-0.4887986416
-0.4887986416
-0.4887986416
-0.3935496009
-0.3935496009
-0.3935496009
-0.6058657317
-0.6058657317
-0.6058657317
-0.2271882226
-0.2271882226
-0.2271882226
-0.2271882226
-0.226133754
-0.226133754
-0.226133754
-1.0714446
-1.0714446
-1.0714446
-0.8075835462
-0.8075835462
-0.4758055673
-0.4758055673
-0.2333494289
-0.2333494289
-0.2333494289
-0.2333494289
-0.2419154993
-0.2419154993
-0.4561604318
-0.4561604318
-0.4626056301
-0.4626056301
-0.4626056301
-0.4626056301
-0.4626056301
-0.4626056301
-0.4626056301
-0.4626056301
-0.5109830065
-0.5109830065
-0.5109830065
-0.5109830065
-0.5109830065
-0.7868702182
-0.7868702182
-0.7868702182
-2.535119718
-1.985469284
-0.2500942202
-0.2500942202
-0.2500942202
-2.451215986
-2.451215986
-2.451215986
-0.6318814807
-0.6318814807
-0.2328873199
-0.2328873199
-0.2328873199
-0.2328873199
-0.2328873199
-0.2328873199
-0.3994054721
-0.3994054721
-0.3994054721
-0.3852001864
-0.3852001864
-0.3852001864
-0.3852001864
-0.3852001864
-0.3852001864
-0.3852001864
-0.3852001864
-0.2367794097
-0.2837680745
-0.2837680745
-0.2837680745
-0.2837680745
-0.2837680745
-0.2837680745
-0.2837680745
-0.2837680745
-1.178206278
-0.3556752593
-0.3556752593
-0.3556752593
-0.5071083035
-0.5071083035
-0.5071083035
-0.5071083035
-1.91929107
-0.3958837226
-0.3958837226
-0.3958837226
-0.3958837226
-0.5150233733
-0.5150233733
-0.5150233733
-0.5150233733
-0.5150233733
-0.5150233733
-0.5150233733
-0.5150233733
-0.5150233733
-0.5150233733
-0.5150233733
-0.5150233733
-0.5150233733
-0.5150233733
-0.5150233733
-0.3826004985
-0.3826004985
-0.3826004985
-0.3826004985
-0.3826004985
-0.3826004985
-0.3826004985
-0.3826004985
-0.3826004985
-0.3826004985
-0.3826004985
-0.3826004985
-4.118160724
-0.5686370422
-0.5686370422
-0.5686370422
-0.5686370422
-1.489087688
-1.489087688
-1.489087688
-1.489087688
-0.2262388343
-0.2262388343
-0.2262388343
-0.2309820788
-0.2309820788
-0.2309820788
-0.2309820788
-0.2309820788
-0.2309820788
-0.2995146176
-0.2995146176
-0.2995146176
-0.3773357763
-0.3699860799
-0.3699860799
-0.3699860799
-0.3699860799
-0.3699860799
-0.3699860799
-0.3699860799
-0.374405071
-0.374405071
-0.374405071
-0.4126251878
-0.4126251878
-0.4126251878
-0.4126251878
-0.4126251878
-0.4126251878
-1.737737559
-1.737737559
-1.737737559
-0.5667005703
-0.5667005703
-0.5667005703
-0.9912078386
-0.9912078386
-0.9912078386
-0.228951575
-0.228951575
-0.228951575
-0.228951575
-0.228951575
-0.228951575
-0.228951575
-0.228951575
-0.2279108796
-0.2279108796
-0.2279108796
-0.2279108796
-0.2279108796
-0.2279108796
-0.2279108796
-0.2279108796
-0.2336650782
-0.2336650782
-0.2336650782
-0.2336650782
-0.2336650782
-0.2336650782
-0.2336650782
-0.2336650782
-0.2336650782
-0.2336650782
-0.2336650782
-0.2336650782
-0.2336650782
-0.2336650782
-0.2336650782
-0.2336650782
-0.2336650782
-0.2336650782
-0.2336650782
-0.3420047032
-0.3420047032
-0.3420047032
-0.3420047032
-0.3420047032
-0.3420047032
-0.3420047032
-0.3420047032
-0.3420047032
-0.3420047032
-0.2877021878
-0.2877021878
-0.2877021878
-0.2877021878
-0.2877021878
-1.51766438
-1.51766438
-1.51766438
-1.51766438
-1.51766438
-1.51766438
-0.3000865373
-0.3000865373
-0.3000865373
-0.3000865373
-0.3000865373
-0.3000865373
-0.3000865373
-0.3000865373
-0.3000865373
-0.3000865373
-0.3000865373
-0.2266785965
-0.2266785965
-0.2266785965
-0.2281310716
-0.2461344198
-0.2655717095
-0.2655717095
-0.2655717095
-0.2655717095
-0.2655717095
-0.2655717095
-0.2655717095
-0.2655717095
-0.2655717095
-0.2655717095
-0.2655717095
-0.2655717095
-0.2655717095
-0.2655717095
-0.2655717095
-0.2655717095
-0.5422258628
-0.6587717338
-0.3079305809
-0.3079305809
-0.3079305809
-0.3079305809
-0.3079305809
-0.3079305809
-0.3079305809
-0.3079305809
-0.3079305809
-0.3079305809
-0.282725771
-0.282725771
-0.3314841139
-0.3314841139
-0.3314841139
-0.3314841139
-0.3710542872
-0.6245259946
-0.6245259946
-0.6245259946
-0.6245259946
-0.6245259946
-0.6245259946
-0.6245259946
-0.6245259946
-1.258847162
-1.258847162
-1.258847162
-1.258847162
-1.258847162
-1.258847162
-1.258847162
-1.258847162
-1.858755249
-1.858755249
-1.858755249
-1.858755249
-1.858755249
-1.858755249
-1.858755249
-1.858755249
-1.858755249
-0.8196722679
-0.8196722679
-0.8196722679
-0.2342166865
-0.2342166865
-0.2342166865
-0.2342166865
-0.2277833791
-0.2277833791
-0.2277833791
-0.2888326303
-0.2888326303
-1.45284615
-1.45284615
-1.45284615
-1.45284615
-1.45284615
-1.45284615
-1.45284615
-1.45284615
-1.45284615
-1.45284615
-1.45284615
-0.5945528434
-0.5945528434
-0.2733136517
-0.2733136517
-0.2733136517
-0.8278347002
-0.8278347002
-0.6705425086
-0.2959159418
-0.2959159418
-0.2959159418
-0.2959159418
-0.2959159418
-0.2917312376
-0.2917312376
-0.2917312376
-0.335365703
-0.335365703
-0.335365703
-0.335365703
-0.335365703
-0.5152131521
-0.5152131521
-0.53007916
-0.53007916
-0.53007916
-0.53007916
-0.53007916
-0.53007916
-0.2301464477
-0.2301464477
-0.2301464477
-0.2301464477
-0.2301464477
-0.2301464477
-0.2301464477
-0.2301464477
-0.2301464477
-0.2411840999
-0.2411840999
-0.2411840999
-0.2411840999
-0.3411986611
-1.191477593
-1.191477593
-1.191477593
-1.545916045
-1.545916045
-0.247937315
-0.247937315
-0.247937315
-0.7020168442
-0.7020168442
-0.229970872
-0.229970872
-0.229970872
-0.229970872
-0.229970872
-0.8716227475
-0.8716227475
-0.2267262326
-0.2267262326
-0.2267262326
-0.2267262326
-0.2267262326
-0.2267262326
-1.21515766
-1.21515766
-1.21515766
-1.21515766
-1.21515766
-1.21515766
-0.9900006308
-0.9900006308
-0.9900006308
-0.9900006308
-0.9900006308
-0.4624716577
-0.4624716577
-0.6753778468
-1.206225697
-0.6717941845
-0.6717941845
-0.6717941845
-0.6717941845
-0.6717941845
-0.6717941845
-0.6717941845
-0.6717941845
-0.2499633054
-0.2499633054
-0.2499633054
-0.2499633054
-0.2499633054
-0.3715394427
-1.032996922
-1.032996922
-1.032996922
-1.032996922
-1.032996922
-1.032996922
-1.032996922
-0.2604190838
-0.2604190838
-0.2604190838
-0.2604190838
-0.2604190838
-0.2604190838
-0.2604190838
-0.2604190838
-0.2604190838
-0.2604190838
-0.2604190838
-0.2604190838
-1.350056426
-1.350056426
-1.350056426
-1.938105203
-1.938105203
-2.085105426
-2.085105426
-2.085105426
-0.2272989255
-0.2272989255
-0.2272989255
-0.2272989255
-0.2272989255
-0.2272989255
-0.2272989255
-0.2272989255
-0.2272989255
-0.2272989255
-0.2272989255
-0.2272989255
-0.2272989255
-0.747777638
-0.2615564462
-0.3671790663
-2.140173464
-2.140173464
-2.140173464
-1.150211238
-1.009829995
-1.009829995
-1.009829995
-1.009829995
-1.009829995
-0.585784565
-0.2763138284
-0.2763138284
-0.2763138284
-0.2763138284
-0.2382498152
-0.2382498152
-0.2382498152
-0.2382498152
-0.2382498152
-0.2382498152
-0.4397111001
-0.8870376148
-0.2610881575
-0.2610881575
-0.2610881575
-0.2610881575
-0.2610881575
-0.2610881575
-0.2610881575
-0.396063928
-0.396063928
-0.396063928
-0.396063928
-0.396063928
-0.396063928
-1.673538508
-1.673538508
-1.673538508
-1.673538508
-0.2804718678
-0.2804718678
-0.2804718678
-1.155632044
-1.155632044
-1.155632044
-1.155632044
-1.155632044
-1.155632044
-1.858298529
-0.3267229801
-0.3267229801
-0.3267229801
-0.3267229801
-0.3267229801
-0.3267229801
-0.3875956612
-0.3875956612
-0.3875956612
-0.3875956612
-0.3875956612
-0.3875956612
-0.3875956612
-0.3875956612
-0.3875956612
-0.3875956612
-0.228067155
-0.228067155
-0.228067155
-0.228067155
-0.4455818178
-0.4455818178
-0.4455818178
-0.4455818178
-0.4455818178
-0.4455818178
-0.4455818178
-0.4455818178
-0.4455818178
-0.4455818178
-0.8411843211
-0.8411843211
-0.8411843211
-0.5765848054
-0.4661556543
-0.4661556543
-0.4661556543
-0.4661556543
-0.4661556543
-0.4661556543
-1.030384029
-1.030384029
-1.030384029
-1.030384029
-1.030384029
-1.030384029
-1.155121412
-0.2398843161
-0.2398843161
-0.6701092939
-0.6701092939
-0.6701092939
-0.6701092939
-0.6701092939
-0.6701092939
-0.4759174464
-0.4759174464
-0.4759174464
-0.4759174464
-0.4759174464
-0.4759174464
-1.427050198
-1.427050198
-0.7196179914
-0.7196179914
-0.7196179914
-0.7196179914
-0.7196179914
-0.7196179914
-0.7196179914
-0.7196179914
-0.7196179914
-1.225222082
-1.225222082
-1.225222082
-1.225222082
-1.225222082
-1.225222082
-1.534498796
-1.534498796
-0.3518511822
-0.3518511822
-0.7022385247
-0.7022385247
-0.7022385247
-0.7022385247
-0.7022385247
-0.226241394
-0.2517389782
-0.2517389782
-0.2355363594
-0.2355363594
-0.2355363594
-0.2355363594
-0.2355363594
-0.2355363594
-1.038779907
-1.038779907
-1.038779907
-1.038779907
-0.4974818139
-0.2355996392
-0.2355996392
-0.4055445075
-0.4055445075
-0.4055445075
-1.189190403
-1.189190403
-1.189190403
-0.5257803272
-0.5257803272
-0.5257803272
-0.5257803272
-0.5257803272
-0.5257803272
-0.5257803272
-0.5257803272
-1.35511396
-1.35511396
-1.35511396
-0.8944339467
-0.8944339467
-0.5386985754
-0.5386985754
-0.5386985754
-0.5386985754
-0.5386985754
-0.5981975089
-1.151081068
-1.151081068
-0.8362768125
-0.8362768125
-0.8362768125
-0.8362768125
-0.8362768125
-0.8576711561
-0.8576711561
-0.8576711561
-0.8576711561
-0.8576711561
-0.8576711561
-0.6877347878
-0.6877347878
-0.6877347878
-0.6877347878
-0.6877347878
-0.6877347878
-0.6877347878
-0.6877347878
-0.6877347878
-0.6877347878
-0.6877347878
-0.6877347878
-0.6877347878
-0.6877347878
-0.6877347878
-0.6877347878
-0.6877347878
-0.6877347878
-0.6877347878
-0.412972112
-0.412972112
-0.412972112
-0.412972112
-0.412972112
-0.412972112
-0.412972112
-0.412972112
-0.412972112
-0.412972112
-0.412972112
-0.412972112
-0.412972112
-0.412972112
-1.825090108
-1.825090108
-1.825090108
-1.825090108
-1.825090108
-1.630713786
-1.630713786
-1.630713786
-0.2654722884
-0.2654722884
-0.2654722884
-0.2654722884
-0.2654722884
-0.2654722884
-0.2654722884
-0.2654722884
-0.2654722884
-0.2654722884
-1.950294277
-1.950294277
-0.3186548644
-1.014680641
-1.014680641
-1.014680641
-1.173008817
-1.173008817
-1.81704817
-1.81704817
-0.3688820622
-0.3688820622
-0.3688820622
-0.3688820622
-0.3688820622
-0.3688820622
-0.3688820622
-0.3688820622
-0.3688820622
-0.3688820622
-0.3688820622
-0.3688820622
-3.972966548
-3.972966548
-0.4656888288
-0.4656888288
-0.4656888288
-0.4656888288
-0.4656888288
-0.4656888288
-0.4331132294
-0.4331132294
-0.4331132294
-0.4331132294
-0.4331132294
-0.2546818703
-0.2546818703
-0.2546818703
-0.2546818703
-0.2546818703
-0.2445629577
-0.2535076908
-0.311167313
-1.149408506
-1.149408506
-1.149408506
-0.5115425736
-0.5115425736
-0.5115425736
-0.6807882625
-0.6807882625
-0.6807882625
-0.6807882625
-0.6807882625
-0.6807882625
-0.5718443651
-0.5718443651
-0.3678703489
-0.3678703489
-0.3678703489
-0.3678703489
-0.3678703489
-0.3678703489
-0.3678703489
-0.3678703489
-0.3678703489
-0.3678703489
-0.408012218
-0.2497950025
-0.8802631529
-0.8802631529
-0.8802631529
-0.8802631529
-0.8802631529
-0.8802631529
-0.8802631529
-0.8802631529
-1.059182694
-0.3062960064
-0.3062960064
-0.3062960064
-0.3062960064
-0.6658589467
-0.6658589467
-0.6658589467
-0.6658589467
-0.6658589467
-0.6658589467
-0.6658589467
-0.6658589467
-0.6658589467
-0.2259592708
-0.7249729508
-0.7249729508
-0.7249729508
-0.7249729508
-0.7249729508
-0.7249729508
-0.7249729508
-0.7249729508
-0.7249729508
-0.7249729508
-0.3540033208
-0.3540033208
-0.6462843455
-0.6462843455
-0.6462843455
-0.6462843455
-0.6462843455
-0.2575667993
-0.2575667993
-0.5933857628
-0.5933857628
-0.5933857628
-0.5933857628
-0.5933857628
-0.5933857628
-0.5933857628
-0.5933857628
-0.2917053374
-0.6808077876
-0.6808077876
-0.6808077876
-0.6808077876
-1.273048745
-1.273048745
-0.3199941106
-0.9724012654
-0.9724012654
-0.9724012654
-0.9724012654
-1.06064966
-1.06064966
-1.06064966
-1.06064966
-1.06064966
-1.06064966
-1.06064966
-1.06064966
-0.3993809884
-0.3993809884
-1.78436678
-1.78436678
-0.7954621604
-0.7954621604
-0.7954621604
-0.886859025
-0.886859025
-0.886859025
-0.886859025
-0.886859025
-0.887212961
-0.887212961
-0.887212961
-0.887212961
-0.887212961
-0.8415738751
-0.8415738751
-0.8415738751
-0.8415738751
-0.8415738751
-0.8415738751
-0.8415738751
-0.8415738751
-0.8415738751
-0.8415738751
-0.8704527273
-0.8704527273
-1.19730442
-1.19730442
-1.19730442
-1.19730442
-1.19730442
-0.3542286841
-0.3542286841
-0.3542286841
-0.3542286841
-0.3542286841
-0.3542286841
-0.3542286841
-0.3542286841
-0.3542286841
-0.3542286841
-0.6509523188
-0.6509523188
-0.6509523188
-0.6509523188
-0.6509523188
-1.087382148
-1.087382148
-1.087382148
-1.087382148
-1.807530838
-1.424564179
-1.424564179
-0.6072037036
-0.6072037036
-0.7968670646
-0.7968670646
-0.7968670646
-0.7968670646
-0.2387737132
-0.2387737132
-0.2387737132
-0.2387737132
-0.2387737132
-1.020113181
-1.006889939
-1.006889939
-1.006889939
-1.006889939
-1.006889939
-1.006889939
-1.006889939
-1.006889939
-0.4630508133
-0.23109953
-0.23109953
-0.23109953
-0.23109953
-0.23109953
-0.23109953
-0.4169971839
-0.4169971839
-0.2263494376
-0.2263494376
-0.2263494376
-0.2334333657
-0.265131617
-0.2333775563
-0.2687766388
-0.2687766388
-0.5842031399
-0.5842031399
-0.5842031399
-0.5842031399
-0.5842031399
-0.5842031399
-0.5842031399
-0.5842031399
-0.5842031399
-0.5842031399
-0.5842031399
-0.5842031399
-0.5842031399
-0.5842031399
-0.5842031399
-0.5842031399
-0.5842031399
-0.5842031399
-0.5842031399
-0.3871748428
-0.3871748428
-0.3871748428
-0.3871748428
-0.3871748428
-0.3871748428
-0.2707484869
-0.2707484869
-0.2707484869
-0.2707484869
-0.2707484869
-0.2707484869
-0.4855593653
-0.4855593653
-0.4855593653
-0.4855593653
-0.4855593653
-0.4855593653
-3.163462522
-2.481732384
-3.7379759
-3.7379759
-0.8226366795
-0.6810909177
-0.6810909177
-0.6810909177
-0.6810909177
-0.6810909177
-0.6810909177
-1.134682676
-1.134682676
-1.134682676
-1.134682676
-0.2363734385
-0.2363734385
-0.225798646
-0.4837053545
-0.4837053545
-0.4837053545
-0.4837053545
-0.3857078434
-0.2646583931
-1.270085748
-1.270085748
-1.270085748
-1.270085748
-1.270085748
-0.9507630436
-0.9507630436
-0.9507630436
-0.9507630436
-0.9507630436
-0.9507630436
-0.9507630436
-0.9507630436
-0.9507630436
-0.9507630436
-0.9507630436
-0.9507630436
-0.9507630436
-0.9507630436
-0.9787352096
-1.677023486
-1.677023486
-1.677023486
-1.677023486
-0.4102800164
-0.4102800164
-0.4102800164
-2.380383629
-0.3170077083
-0.3170077083
-0.3170077083
-0.3170077083
-0.3420034303
-0.3420034303
-0.2790847825
-0.2790847825
-0.2790847825
-1.406189068
-1.602662867
-1.602662867
-2.070856204
-0.3258336437
-0.3258336437
-0.3258336437
-0.3258336437
-0.3258336437
-0.3258336437
-1.402766329
-1.402766329
-1.013869729
-1.013869729
-1.013869729
-1.013869729
-1.013869729
-1.013869729
-0.5567580278
-0.5567580278
-0.5567580278
-0.6640350494
-0.6640350494
-2.966309896
-2.966309896
-2.966309896
-0.2726616366
-0.2726616366
-0.4151640303
-0.4151640303
-0.4151640303
-0.4151640303
-0.4151640303
-0.4151640303
-0.4151640303
-0.4151640303
-2.010014844
-2.010014844
-1.367904952
-1.367904952
-1.367904952
-1.367904952
-1.367904952
-1.367904952
-1.367904952
-1.367904952
-0.5290974026
-0.5290974026
-0.5290974026
-0.5290974026
-0.5290974026
-0.5290974026
-1.336086928
-1.707130644
-1.707130644
-1.707130644
-1.311901727
-1.311901727
-2.099073665
-2.099073665
-2.099073665
-2.099073665
-2.099073665
-2.099073665
-1.980636592
-1.980636592
-1.980636592
-1.132571703
-1.132571703
-0.4632196585
-0.4632196585
-0.2622375297
-0.3833538998
-0.3833538998
-0.3833538998
-0.3833538998
-0.3833538998
-0.3833538998
-0.3157643778
-0.3157643778
-0.3157643778
-0.3157643778
-0.3120436519
-0.3120436519
-0.380177347
-0.380177347
-0.380177347
-0.380177347
-2.209445779
-2.209445779
-2.209445779
-1.423131138
-1.423131138
-1.423131138
-1.423131138
-1.423131138
-1.423131138
-0.351242813
-0.351242813
-0.351242813
-0.5895862429
-0.8071950937
-0.8071950937
-0.3567496537
-0.3567496537
-0.2829925645
-0.5314449306
-0.5314449306
-0.5314449306
-0.5314449306
-0.5314449306
-0.5314449306
-0.5314449306
-0.5314449306
-0.5314449306
-0.5314449306
-0.5314449306
-0.6044052841
-0.6044052841
-0.6044052841
-1.137090604
-1.137090604
-0.2459422764
-0.2459422764
-0.2459422764
-0.2459422764
-0.2459342506
-0.6131461073
-0.6131461073
-0.3216525822
-0.3216525822
-0.3216525822
-0.3563737781
-0.3563737781
-0.3563737781
-0.3563737781
-0.3563737781
-0.4943477731
-0.4943477731
-0.4943477731
-0.4943477731
-0.4943477731
-0.4943477731
-0.4943477731
-0.4943477731
-0.4943477731
-0.8468687315
-0.8468687315
-0.4451249593
-0.5543102673
-0.5543102673
-0.5543102673
-0.5543102673
-0.5543102673
-0.5543102673
-1.484944663
-1.484944663
-1.484944663
-1.484944663
-1.484944663
-1.484944663
-1.512129272
-1.512129272
-1.512129272
-1.512129272
-1.512129272
-1.005105355
-1.005105355
-1.005105355
-1.005105355
-2.260885448
-2.260885448
-2.260885448
-2.260885448
-2.260885448
-2.260885448
-1.729907299
-0.2708560313
-0.2708560313
-0.3639121721
-0.3639121721
-0.3639121721
-1.346545438
-1.346545438
-1.346545438
-1.346545438
-1.346545438
-1.346545438
-1.346545438
-1.346545438
-1.346545438
-0.227292177
-0.227292177
-0.227292177
-0.227292177
-0.227292177
-0.227292177
-0.227292177
-0.227292177
-0.227292177
-0.2591247416
-0.2591247416
-0.2591247416
-0.2591247416
-0.2591247416
-0.2591247416
-0.2591247416
-0.2591247416
-0.2591247416
-0.2591247416
-0.2591247416
-0.2591247416
-0.2591247416
-0.4294929288
-1.223401761
-1.223401761
-1.223401761
-1.223401761
-1.223401761
-1.223401761
-1.223401761
-0.2305955743
-0.2305955743
-0.2305955743
-0.4317993748
-0.4317993748
-0.4317993748
-0.4317993748
-0.4317993748
-0.4317993748
-0.4317993748
-0.4317993748
-0.4317993748
-0.4317993748
-0.9980628733
-0.9980628733
-0.9980628733
-1.413066319
-1.413066319
-1.413066319
-0.3303480991
-1.196912337
-0.6152188009
-0.6152188009
-0.6152188009
-0.6152188009
-0.6152188009
-0.3390268132
-0.3390268132
-0.3390268132
-0.3390268132
-0.3390268132
-0.2275817496
-0.2275817496
-0.2275817496
-0.2275817496
-1.125479703
-1.125479703
-1.304613455
-0.8639812454
-0.8639812454
-0.8639812454
-0.8639812454
-0.8639812454
-0.9176850961
-0.9176850961
-2.233857309
-0.2313383207
-0.2313383207
-0.2313383207
-0.3626611301
-1.702648309
-1.702648309
-1.702648309
-0.2334988402
-0.2334988402
-0.2334988402
-2.102832781
-2.102832781
-2.102832781
-2.102832781
-2.102832781
-2.102832781
-2.102832781
-2.102832781
-0.8430460149
-0.755920809
-1.244552191
-0.6230143105
-0.6230143105
-0.6230143105
-0.6230143105
-0.2259415849
-0.2259415849
-0.2259415849
-0.2259415849
-0.2259415849
-0.2259415849
-0.2259415849
-0.2259415849
-0.2259774554
-0.2259774554
-0.2259774554
-0.2259774554
-0.2259774554
-0.2259774554
-0.2376648589
-0.2376648589
-0.6276420632
-0.6276420632
-0.6276420632
-0.6276420632
-0.2633345799
-0.2633345799
-0.2633345799
-0.2633345799
-0.2633345799
-0.2633345799
-0.2633345799
-0.2633345799
-0.2633345799
-0.2633345799
-0.2633345799
-0.2633345799
-0.612674321
-0.612674321
-0.612674321
-0.612674321
-1.019205319
-1.019205319
-1.019205319
-1.019205319
-1.019205319
-2.777215924
-2.777215924
-3.173090184
-3.173090184
-0.3369921628
-0.4412411923
-0.4412411923
-0.4412411923
-0.4412411923
-0.4412411923
-0.4412411923
-0.4412411923
-0.4412411923
-0.4412411923
-0.4412411923
-0.4412411923
-0.4412411923
-0.4412411923
-0.2397613103
-0.2397613103
-0.2735442951
-0.2735442951
-0.2266456251
-0.2266456251
-0.2266456251
-0.2266456251
-0.2266456251
-0.2266456251
-0.2266456251
-0.2266456251
-0.2266456251
-0.6005645674
-0.6005645674
-0.6005645674
-0.6005645674
-0.6005645674
-0.446710054
-0.446710054
-0.446710054
-0.446710054
-0.2294029926
-0.2294029926
-0.2294029926
-0.2294029926
-0.2294029926
-0.2294029926
-0.2294029926
-0.2294029926
-0.2294029926
-0.2294029926
-0.3448302679
-0.3448302679
-0.3448302679
-0.3448302679
-0.2287657506
-0.2287657506
-0.2287657506
-0.2287657506
-0.2287657506
-0.2287657506
-0.2287657506
-0.2287657506
-0.2287657506
-0.5888164484
-0.5888164484
-0.5888164484
-0.6184464457
-0.6184464457
-0.6184464457
-0.6184464457
-0.2297327583
-0.2297327583
-0.4070395582
-0.4070395582
-0.4070395582
-0.6766773686
-0.6766773686
-0.2566367521
-0.2566367521
-0.2566367521
-0.2566367521
-0.2367944652
-0.3110317862
-0.3110317862
-0.3110317862
-0.3110317862
-0.3110317862
-0.3110317862
-0.3110317862
-0.3110317862
-0.3110317862
-0.4112637234
-0.4112637234
-0.4112637234
-0.3060983475
-0.2626204468
-0.2626204468
-0.2626204468
-0.2626204468
-0.2626204468
-0.2626204468
-0.2626204468
-0.2626204468
-0.2626204468
-0.2626204468
-0.3655255343
-0.3655255343
-0.3655255343
-0.3655255343
-0.6185467627
-0.6185467627
-0.6185467627
-0.6185467627
-0.6185467627
-0.6185467627
-0.6185467627
-0.6185467627
-0.6185467627
-0.6185467627
-0.6185467627
-0.6008739056
-0.2408604297
-0.2408604297
-0.3842966741
-2.286997428
-0.6857887098
-0.6857887098
-0.4089419847
-0.4089419847
-0.4089419847
-0.4089419847
-0.4089419847
-0.4089419847
-0.4089419847
-0.4089419847
-0.4089419847
-0.4089419847
-1.265314663
-1.265314663
-1.265314663
-0.3188244755
-0.3188244755
-1.69927687
-1.69927687
-1.69927687
-1.69927687
-1.69927687
-0.8068609409
-0.8068609409
-0.2263997274
-0.2263997274
-0.2263997274
-0.2263997274
-0.2263997274
-0.2263997274
-0.7148603735
-0.2940086308
-0.2940086308
-0.2940086308
-0.2268847883
-0.2268847883
-0.2268847883
-0.2268847883
-0.2268847883
-0.2268847883
-0.2268847883
-0.2268847883
-0.2268847883
-0.2268847883
-0.2268847883
-0.2268847883
-0.2268847883
-0.2268847883
-0.9550965653
-0.3161052709
-0.3161052709
-0.2881351026
-0.2881351026
-0.2881351026
-0.2881351026
-0.2881351026
-0.2881351026
-0.2881351026
-0.2881351026
-0.2266319959
-0.2266319959
-0.2266319959
-0.2266319959
-0.2266319959
-0.2266319959
-0.2288924785
-0.2288924785
-0.2288924785
-0.2288924785
-0.2288924785
-0.2288924785
-0.2263068596
-0.2263068596
-0.2263068596
-0.2263068596
-0.2545595826
-0.2545595826
-0.2545595826
-0.8860491818
-0.8860491818
-0.8860491818
-0.8860491818
-0.8860491818
-0.8860491818
-0.8860491818
-0.8860491818
-0.8860491818
-0.8860491818
-0.8860491818
-0.8860491818
-0.2282909128
-0.2282909128
-0.2282909128
-0.2282909128
-0.2282909128
-0.2282909128
-0.2282909128
-0.2282909128
-0.2282909128
-0.2282909128
-0.2282909128
-0.2282909128
-0.2282909128
-0.2282909128
-0.2282909128
-0.2282909128
-0.2282909128
-0.2282909128
-0.2282909128
-0.2282909128
-0.2282909128
-0.2282909128
-0.2282909128
-0.2973308724
-0.2973308724
-0.618181022
-0.4855988648
-0.2312651588
-0.5347996935
-0.5347996935
-0.5347996935
-0.3185026549
-0.3185026549
-0.389025856
-0.389025856
-0.389025856
-0.389025856
-0.389025856
-0.507816163
-0.7056970625
-0.5800090751
-0.6206568531
-0.6206568531
-0.6206568531
-0.6485791939
-0.6485791939
-0.6485791939
-0.6485791939
-0.6485791939
-0.6485791939
-0.6485791939
-0.4752173714
-0.4752173714
-0.4752173714
-2.967832339
-1.847011436
-1.847011436
-1.847011436
-1.529288443
-1.529288443
-1.529288443
-0.253463914
-0.253463914
-0.253463914
-0.253463914
-0.253463914
-0.253463914
-0.253463914
-0.247822781
-0.247822781
-0.247822781
-0.247822781
-0.247822781
-0.247822781
-0.247822781
-0.247822781
-0.5003847526
-0.5003847526
-0.5003847526
-0.5003847526
-0.5003847526
-1.692691764
-1.692691764
-1.692691764
-1.284274837
-1.284274837
-1.284274837
-1.284274837
-2.212843304
-2.212843304
-2.212843304
-2.212843304
-2.212843304
-2.212843304
-0.2264351373
-2.303992257
-2.303992257
-2.303992257
-2.303992257
-0.239860569
-0.239860569
-0.239860569
-0.239860569
-0.239860569
-0.239860569
-0.3151700204
-0.3151700204
-0.6718787981
-0.6718787981
-0.6718787981
-0.6718787981
-0.6718787981
-0.6718787981
-0.6718787981
-0.6718787981
-0.6718787981
-0.6718787981
-0.6718787981
-2.149780961
-2.149780961
-0.3356856332
-0.3356856332
-0.3356856332
-0.3356856332
-0.3356856332
-0.3356856332
-0.3356856332
-0.3356856332
-0.3356856332
-0.3356856332
-0.3356856332
-0.3356856332
-0.3356856332
-0.3356856332
-0.3356856332
-0.7168823371
-0.7168823371
-0.7168823371
-0.7168823371
-0.7168823371
-1.394572549
-0.473694692
-0.473694692
-0.473694692
-0.473694692
-0.473694692
-0.2418108167
-0.2418108167
-0.2418108167
-2.057865336
-0.2274085849
-0.2274085849
-0.2274085849
-0.9875188373
-0.9875188373
-0.9875188373
-0.9875188373
-0.9875188373
-0.2304012843
-0.2304012843
-0.2304012843
-0.2304012843
-0.2304012843
-0.2304012843
-0.2304012843
-0.2304012843
-0.2304012843
-0.2304012843
-0.2304012843
-1.433278177
-1.433278177
-0.3967235358
-0.5356300926
-0.5356300926
-0.5356300926
-0.5356300926
-0.3549064455
-0.3549064455
-0.3549064455
-0.3549064455
-0.3549064455
-0.3549064455
-0.3549064455
-0.3549064455
-0.8089878713
-0.8089878713
-0.8089878713
-0.8089878713
-0.8089878713
-0.8089878713
-0.9326974396
-0.9326974396
-0.9326974396
-0.9326974396
-1.042906838
-1.042906838
-1.418835931
-1.418835931
-0.2293971056
-1.324859577
-1.246091064
-1.246091064
-1.246091064
-1.246091064
-1.246091064
-0.2264194363
-0.2264194363
-0.2264194363
-0.2264194363
-0.2264194363
-0.2264194363
-0.2264194363
-0.2264194363
-0.2339611705
-0.2339611705
-0.2339611705
-0.2339611705
-0.2339611705
-0.2339611705
-0.2339611705
-0.6697123084
-0.6697123084
-0.6697123084
-0.6697123084
-0.6697123084
-0.6697123084
-0.4845957042
-2.050852723
-2.050852723
-2.050852723
-0.2370178909
-0.2370178909
-0.6329346532
-0.6329346532
-0.6329346532
-0.6344922036
-0.6344922036
-0.6344922036
-1.054003915
-1.398234244
-1.398234244
-1.398234244
-2.610420359
-2.610420359
-2.811384031
-2.811384031
-0.2309926464
-0.2309926464
-0.2309926464
-0.4606586531
-0.4606586531
-0.4606586531
-0.4606586531
-0.4451205199
-0.6442507551
-0.6442507551
-0.6442507551
-0.6442507551
-0.6442507551
-0.6442507551
-0.6442507551
-0.6442507551
-0.4776725839
-0.4776725839
-0.4776725839
-0.4776725839
-0.4776725839
-0.4776725839
-0.4776725839
-0.3841835816
-0.3816205759
-0.2834126283
-0.2834126283
-0.2834126283
-0.2834126283
-0.2834126283
-0.2834126283
-0.2834126283
-0.2834126283
-0.2368930511
-0.2368930511
-0.2368930511
-0.2368930511
-0.2368930511
-0.33412417
-0.33412417
-0.33412417
-0.33412417
-0.33412417
-0.33412417
-0.33412417
-0.2277891918
-0.2277891918
-0.2269086344
-0.2269086344
-0.2269086344
-0.2269086344
-0.2269086344
-0.2269086344
-0.2269086344
-0.2269086344
-0.2269086344
-0.2269086344
-0.73563556
-0.73563556
-0.73563556
-0.73563556
-0.4195564695
-0.4195564695
-0.4195564695
-0.4195564695
-1.027351565
-1.027351565
-0.4450300377
-1.532498982
-1.505999853
-0.5017351596
-0.2268515748
-0.2268515748
-0.2268515748
-0.2268515748
-0.3827085196
-0.3827085196
-0.3827085196
-0.6288433635
-0.6288433635
-0.2319382509
-0.2319382509
-0.2319382509
-0.4069288655
-0.4069288655
-0.4069288655
-0.4069288655
-0.3384308459
-0.3384308459
-1.033497073
-1.033497073
-1.033497073
-0.8281931831
-0.8281931831
-0.8281931831
-0.8281931831
-0.8281931831
-0.8281931831
-0.8281931831
-0.8281931831
-0.8281931831
-0.8281931831
-0.8281931831
-0.8281931831
-0.8281931831
-0.8281931831
-0.8281931831
-0.3452727901
-0.3452727901
-0.3307714595
-0.3307714595
-0.3307714595
-0.3307714595
-0.3307714595
-0.5340013524
-0.5340013524
-0.5340013524
-0.22587023
-0.5361906487
-0.4760801914
-0.4760801914
-0.4760801914
-0.4760801914
-0.4760801914
-0.4760801914
-0.4760801914
-0.4760801914
-0.4760801914
-0.4760801914
-0.4760801914
-0.4760801914
-0.4760801914
-0.4760801914
-1.197616442
-1.714657784
-1.714657784
-0.4708645841
-0.7858160277
-0.7858160277
-1.455156966
-1.455156966
-0.2317216139
-0.2317216139
-0.6292113278
-0.6292113278
-0.2871321578
-0.2871321578
-0.2871321578
-0.2577472493
-0.2577472493
-0.2577472493
-0.2577472493
-0.2577472493
-0.2577472493
-0.2274218035
-0.2274218035
-0.2274218035
-0.2274218035
-0.2274218035
-0.2274218035
-0.2274218035
-0.2274218035
-0.7852014127
-0.7852014127
-0.8059701563
-0.8059701563
-0.8109946209
-0.8109946209
-0.8109946209
-1.415213864
-1.415213864
-1.415213864
-1.415213864
-1.415213864
-1.415213864
-1.415213864
-1.415213864
-1.415213864
-1.414826503
-1.414826503
-1.414826503
-1.281411948
-1.281411948
-1.281411948
-1.150700268
-1.150700268
-1.150700268
-1.150700268
-1.150700268
-0.5854915355
-0.5854915355
-0.5854915355
-0.5854915355
-0.3265509502
-0.7159488755
-0.7159488755
-0.7159488755
-0.7159488755
-0.2435698992
-0.7329111812
-0.7329111812
-0.7329111812
-1.697188708
-0.5915042574
-0.5915042574
-0.5915042574
-0.6941596423
-0.7519115465
-0.7519115465
-0.7519115465
-0.7519115465
-0.7519115465
-0.7519115465
-0.7519115465
-0.7519115465
-0.7519115465
-0.7519115465
-0.7519115465
-0.7519115465
-0.9800204805
-0.2800062334
-0.2800062334
-0.2800062334
-0.2800062334
-0.386022978
-0.386022978
-0.386022978
-0.386022978
-0.386022978
-0.386022978
-0.386022978
-0.2361983009
-0.2361983009
-0.2361983009
-0.2361983009
-0.2361983009
-0.2361983009
-0.2361983009
-0.2361983009
-0.2797054041
-0.2797054041
-0.2797054041
-0.2797054041
-0.2797054041
-0.2371789127
-0.2371789127
-0.2371789127
-0.2371789127
-0.2371789127
-0.2371789127
-0.2371789127
-0.2371789127
-0.2371789127
-0.2371789127
-0.2371789127
-0.2371789127
-0.2371789127
-0.2371789127
-0.2371789127
-0.2371789127
-0.2371789127
-0.2371789127
-0.2371789127
-0.2371789127
-0.2371789127
-0.2371789127
-0.2371789127
-1.334217181
-1.334217181
-1.334217181
-1.334217181
-1.334217181
-1.334217181
-1.334217181
-1.334217181
-1.257862085
-1.257862085
-1.257862085
-1.257862085
-0.2744209822
-0.2744209822
-0.2744209822
-0.2744209822
-1.280568317
-0.7753553627
-0.7753553627
-0.2329087585
-0.2329087585
-0.2329087585
-0.2329087585
-0.2329087585
-0.2329087585
-0.230669497
-0.230669497
-0.3163317151
-0.3163317151
-0.3163317151
-0.3163317151
-0.3163317151
-0.3163317151
-0.3163317151
-0.3163317151
-0.3163317151
-0.3163317151
-0.3163317151
-0.3163317151
-0.3163317151
-0.3163317151
-0.3163317151
-1.104387139
-1.104387139
-1.104387139
-1.104387139
-1.104387139
-0.3642957381
-0.3642957381
-0.3642957381
-1.115704327
-2.266609161
-2.266609161
-2.266609161
-2.54140253
-2.54140253
-0.3960890237
-0.3960890237
-0.3960890237
-0.2365486992
-0.7566231334
-0.7566231334
-0.7566231334
-0.7566231334
-0.6383437589
-0.3418380441
-0.3418380441
-1.805695908
-1.805695908
-1.805695908
-1.805695908
-1.805695908
-1.014777447
-1.014777447
-0.3312467617
-0.3312467617
-0.3312467617
-0.3293351523
-0.3293351523
-0.3293351523
-0.3293351523
-0.3293351523
-0.3293351523
-0.3293351523
-0.3293351523
-0.3293351523
-0.3293351523
-0.3293351523
-0.3275042959
-0.3275042959
-0.3275042959
-0.3275042959
-0.7220716546
-1.220046281
-1.220046281
-1.220046281
-0.3840274667
-0.3840274667
-0.3840274667
-0.3840274667
-0.4341683237
-0.4341683237
-0.4341683237
-0.4341683237
-0.2998473507
-1.378059859
-1.378059859
-1.841907947
-1.841907947
-1.541785776
-0.7662583601
-0.7662583601
-0.2518690093
-0.2518690093
-0.2518690093
-0.2518690093
-0.2518690093
-0.2518690093
-0.2518690093
-0.6481595515
-0.6481595515
-0.6481595515
-0.6481595515
-0.6481595515
-0.6481595515
-0.6481595515
-0.6481595515
-1.784090449
-0.8137649139
-0.7960267414
-0.7960267414
-0.7960267414
-0.7960267414
-0.7960267414
-0.4608828046
-0.4608828046
-0.5541492352
-0.5626328692
-0.5626328692
-0.5626328692
-0.5626328692
-1.186691046
-1.186691046
-1.186691046
-1.186691046
-1.186691046
-1.186691046
-1.186691046
-1.186691046
-1.28336996
-0.4719858612
-0.4719858612
-0.4719858612
-0.4719858612
-0.4719858612
-0.4719858612
-0.4719858612
-0.4719858612
-0.4719858612
-0.275542553
-0.275542553
-1.075375691
-0.239712425
-0.239712425
-0.239712425
-0.239712425
-0.7113941919
-0.7113941919
-0.7113941919
-1.038286326
-1.038286326
-1.038286326
-1.038286326
-3.0019061
-2.622925307
-2.622925307
-2.622925307
-0.679922193
-1.065950929
-1.065950929
-0.6946200634
-1.518975788
-1.518975788
-1.518975788
-1.518975788
-0.8014307631
-0.8148183328
-0.8914896467
-0.8914896467
-0.8914896467
-0.8914896467
-0.8914896467
-0.8914896467
-0.8914896467
-0.8914896467
-0.8914896467
-0.8914896467
-0.8914896467
-0.5123482755
-0.2848554677
-0.2848554677
-0.2848554677
-0.2848554677
-0.2305955682
-0.2305955682
-0.2305955682
-0.2305955682
-0.2305955682
-0.2305955682
-0.2305955682
-0.2305955682
-0.6444238096
-0.6444238096
-0.6444238096
-0.6444238096
-0.6444238096
-0.6528824104
-0.6528824104
-0.6528824104
-1.234930462
-1.234930462
-1.234930462
-1.234930462
-1.978706825
-1.249454567
-0.2898033788
-0.2898033788
-0.2898033788
-0.2898033788
-0.2322352341
-2.958719911
-2.958719911
-1.13590705
-1.13590705
-0.7937864127
-0.7937864127
-0.7937864127
-0.7937864127
-0.7937864127
-0.5605143081
-0.6621074127
-0.6621074127
-0.6621074127
-0.6621074127
-0.6621074127
-0.6621074127
-0.6621074127
-0.6621074127
-0.2386313097
-0.2386313097
-0.3635052714
-0.3635052714
-0.3635052714
-0.3635052714
-0.3635052714
-0.3635052714
-0.3635052714
-0.3635052714
-0.3635052714
-1.546482545
-1.546482545
-1.239827166
-1.239827166
-1.239827166
-1.239827166
-0.2268872344
-0.2268872344
-0.2268872344
-0.437098976
-0.4199377958
-0.4199377958
-0.4199377958
-0.4199377958
-0.4199377958
-0.5503173011
-0.3438423013
-0.3438423013
-0.5720158768
-0.5720158768
-0.5720158768
-0.9703713793
-0.9703713793
-0.9703713793
-0.9703713793
-0.6363482373
-0.6363482373
-0.2541545249
-0.2866051641
-0.2866051641
-0.287631147
-0.287631147
-0.287631147
-0.287631147
-0.2733937068
-0.2733937068
-0.2733937068
-0.2733937068
-0.2733937068
-0.8217908472
-0.2517984053
-0.549551391
-0.549551391
-0.549551391
-0.549551391
-0.549551391
-0.549551391
-0.549551391
-0.549551391
-0.549551391
-0.549551391
-0.549551391
-0.549551391
-0.549551391
-0.549551391
-0.549551391
-0.2590821559
-0.2590821559
-0.2590821559
-0.2590821559
-0.2590821559
-0.2590821559
-0.2590821559
-0.2590821559
-0.2590821559
-0.2590821559
-0.2590821559
-1.068987041
-0.9542147758
-0.5073935315
-0.5073935315
-0.5073935315
-0.5073935315
-0.5073935315
-0.5073935315
-0.5073935315
-0.5073935315
-0.3524045097
-0.3524045097
-0.3524045097
-0.3524045097
-0.3524045097
-0.2998940275
-0.2998940275
-0.2998940275
-0.2998940275
-0.2998940275
-0.2998940275
-0.2998940275
-0.2998940275
-0.2285710926
-0.2285710926
-0.2285710926
-0.2285710926
-0.4452978758
-0.4452978758
-0.4452978758
-0.4452978758
-1.765624636
-1.765624636
-0.3192878324
-0.3278246195
-0.3278246195
-0.3278246195
-0.6612900005
-0.6612900005
-0.8506044013
-0.8506044013
-0.8506044013
-0.8506044013
-0.8506044013
-0.8506044013
-0.8506044013
-1.157751832
-1.157751832
-1.741517906
-1.741517906
-1.741517906
-1.741517906
-1.741517906
-1.741517906
-0.8071523451
-0.8071523451
-0.8071523451
-0.8071523451
-0.8071523451
-0.8071523451
-0.8071523451
-0.557934289
-0.3008435929
-0.3475100333
-0.3475100333
-0.3475100333
-0.3475100333
-0.3475100333
-0.3475100333
-0.3475100333
-1.263236044
-0.5547807426
-0.5547807426
-0.231547826
-0.231547826
-0.6077926293
-0.6077926293
-0.6077926293
-0.6077926293
-0.6077926293
-0.6077926293
-0.6077926293
-0.6077926293
-0.6077926293
-0.6077926293
-0.6077926293
-0.5317698255
-0.5317698255
-0.5317698255
-0.5317698255
-0.5317698255
-0.5317698255
-0.5317698255
-0.5317698255
-0.5317698255
-0.5317698255
-0.2496154854
-0.2496154854
-0.2496154854
-0.2496154854
-0.2496154854
-0.2496154854
-0.2496154854
-1.905132307
-0.6908916954
-1.785311186
-1.785311186
-1.785311186
-1.785311186
-1.785311186
-1.785311186
-1.937275769
-1.937275769
-0.7281277458
-0.7281277458
-0.7281277458
-0.7281277458
-0.4348815968
-0.4348815968
-1.136762999
-1.136762999
-1.099207718
-0.6130919861
-0.6130919861
-0.6130919861
-0.6130919861
-0.6130919861
-0.6130919861
-0.6130919861
-0.6130919861
-0.6130919861
-0.2477154508
-0.2477154508
-0.2477154508
-0.2477154508
-0.9645230723
-0.9645230723
-0.9645230723
-1.423718917
-1.423718917
-0.2268613603
-0.2268613603
-0.2268613603
-2.79306095
-2.79306095
-0.442177215
-0.442177215
-0.442177215
-0.442177215
-0.442177215
-0.445378319
-0.9361164737
-0.9361164737
-0.2406841529
-0.2406841529
-0.2406841529
-0.2406841529
-0.2406841529
-0.2406841529
-0.2406841529
-1.228532081
-1.228532081
-1.228532081
-1.228532081
-1.228532081
-1.455469868
-1.455469868
-1.455469868
-2.349167683
-2.349167683
-2.349167683
-2.349167683
-2.349167683
-2.349167683
-2.349167683
-0.409580225
-0.409580225
-0.409580225
-0.409580225
-0.409580225
-0.409580225
-0.409580225
-0.409580225
-0.409580225
-0.409580225
-0.4868097667
-0.4868097667
-1.041736514
-1.041736514
-1.041736514
-0.3781450626
-0.3781450626
-0.3781450626
-0.3781450626
-0.3781450626
-0.3781450626
-0.3781450626
-0.3781450626
-0.2548587955
-0.2548587955
-0.2548587955
-0.2548587955
-0.2548587955
-0.2548587955
-0.2531966541
-0.2531966541
-0.9338913359
-0.9338913359
-1.100884495
-1.100884495
-1.100884495
-1.100884495
-1.100884495
-0.2323840895
-0.2323840895
-0.2323840895
-0.2323840895
-0.2323840895
-0.442164914
-0.7491659068
-0.2271960717
-0.3332135516
-0.3332135516
-0.3332135516
-0.3332135516
-0.9247508501
-0.3549857427
-0.2695469019
-0.2695469019
-0.2695469019
-0.2695469019
-0.2811904536
-0.2915329987
-0.2915329987
-0.2915329987
-0.2915329987
-0.2915329987
-0.2915329987
-0.2915329987
-0.2915329987
-0.2317243403
-0.2317243403
-0.2317243403
-0.2317243403
-0.246731517
-0.2663464361
-0.2663464361
-0.2663464361
-0.2663464361
-0.2663464361
-0.2663464361
-0.2663464361
-0.2663464361
-0.2663464361
-1.039880249
-1.039880249
-1.039880249
-1.039880249
-1.236307333
-1.052374711
-1.052374711
-0.2292431588
-0.2292431588
-0.2292431588
-0.2292431588
-0.2292431588
-0.2292431588
-0.2292431588
-0.6224109404
-0.6224109404
-0.6224109404
-0.6224109404
-0.3656509623
-2.959763556
-2.959763556
-2.959763556
-2.959763556
-0.4131408456
-0.4131408456
-0.4131408456
-0.4131408456
-0.4131408456
-0.9537381534
-0.8838019121
-0.8838019121
-0.8838019121
-0.5235620583
-1.151018367
-0.7418624352
-0.7418624352
-0.7418624352
-0.7418624352
-0.7418624352
-0.3468855753
-0.3468855753
-0.3468855753
-4.189897959
-4.189897959
-4.189897959
-4.189897959
-4.189897959
-4.189897959
-2.963743279
-2.963743279
-1.239699729
-0.5488059814
-0.5488059814
-0.2328304919
-0.2328304919
-0.2328304919
-0.4995438013
-0.4995438013
-0.4995438013
-0.4995438013
-0.4995438013
-0.8227877178
-0.8227877178
-0.8227877178
-0.8227877178
-0.8227877178
-0.8227877178
-0.8227877178
-0.8227877178
-0.3059411848
-0.3059411848
-0.3059411848
-0.3059411848
-1.02421518
-1.02421518
-1.009680092
-1.009680092
-1.009680092
-0.3492889476
-0.3492889476
-0.3492889476
-0.3492889476
-0.3492889476
-0.3492889476
-0.3492889476
-0.3492889476
-0.7264459259
-0.7264459259
-0.7264459259
-0.7264459259
-0.7264459259
-0.7264459259
-0.7264459259
-0.4320128326
-0.4056827896
-0.4056827896
-0.4056827896
-0.3812217228
-0.3812217228
-0.3812217228
-0.3812217228
-0.3812217228
-0.3812217228
-0.4943106613
-1.348142429
-1.21431408
-1.21431408
-1.21431408
-0.2519175362
-0.2519175362
-0.2519175362
-0.337564401
-0.2277996378
-0.2277996378
-0.5341779586
-0.5341779586
-0.5341779586
-0.5341779586
-0.2826090665
-0.2826090665
-0.2826090665
-0.2826090665
-0.2826090665
-0.2826090665
-0.2826090665
-0.2345026352
-0.2345026352
-0.2345026352
-0.2345026352
-0.2345026352
-0.2489507231
-0.2489507231
-1.557193781
-1.557193781
-1.557193781
-0.270140011
-0.270140011
-0.4331723023
-0.5822765326
-0.5634695928
-0.230283325
-0.230283325
-0.3497788746
-0.3497788746
-0.3497788746
-0.3497788746
-0.3497788746
-0.3497788746
-0.3497788746
-0.3497788746
-0.3497788746
-1.021416315
-1.021416315
-1.021416315
-1.021416315
-1.021416315
-1.021416315
-1.021416315
-1.021416315
-1.021416315
-1.021416315
-0.2824772161
-0.2824772161
-0.2824772161
-0.2824772161
-0.2824772161
-0.3898316644
-0.3898316644
-0.3898316644
-0.3898316644
-0.3898316644
-0.3898316644
-0.3898316644
-0.3898316644
-0.3898316644
-0.3898316644
-0.3898316644
-0.3898316644
-0.3898316644
-0.3898316644
-0.3898316644
-0.3898316644
-0.3972559201
-0.9180534021
-0.8964132478
-0.8964132478
-0.8964132478
-0.8964132478
-0.8964132478
-0.8964132478
-1.553271976
-1.553271976
-1.553271976
-1.553271976
-1.553271976
-0.5487539263
-0.5487539263
-0.5487539263
-0.5487539263
-0.5487539263
-0.5487539263
-0.5487539263
-0.694958409
-1.151567448
-1.151567448
-1.151567448
-1.151567448
-1.151567448
-1.151567448
-1.151567448
-1.151567448
-1.151567448
-1.151567448
-1.151567448
-1.362208034
-0.2759561206
-0.5132061356
-0.5132061356
-0.5132061356
-0.5132061356
-0.2742781528
-0.2742781528
-0.2742781528
-0.7723501102
-0.7723501102
-0.7723501102
-0.7481275587
-0.7481275587
-0.7481275587
-0.7481275587
-0.7481275587
-0.7481275587
-0.9900512891
-0.9900512891
-0.9900512891
-0.9900512891
-0.9900512891
-0.9900512891
-0.9900512891
-0.9900512891
-0.9900512891
-0.9900512891
-0.9900512891
-0.9900512891
-0.9900512891
-0.9900512891
-0.9900512891
-0.9900512891
-1.76502043
-1.76502043
-1.76502043
-1.76502043
-1.76502043
-1.76502043
-1.76502043
-1.76502043
-0.4768938181
-0.4768938181
-0.5559900124
-0.3239610282
-0.3239610282
-0.2452361437
-0.2452361437
-1.868562944
-1.868562944
-0.2265620063
-0.2265620063
-0.2265620063
-0.5041733169
-0.5041733169
-0.5041733169
-0.2807747871
-0.3125605287
-0.3125605287
-0.3125605287
-0.3125605287
-0.3125605287
-1.175857681
-1.175857681
-1.175857681
-1.175857681
-0.2364044218
-0.2364044218
-0.2364044218
-0.2364044218
-0.2364044218
-0.2364044218
-0.2364044218
-0.2364044218
-0.2364044218
-0.2364044218
-0.2364044218
-0.2364044218
-0.2364044218
-0.2364044218
-0.2364044218
-0.2364044218
-0.2364044218
-0.2364044218
-0.2364044218
-0.2364044218
-0.2364044218
-0.7077285639
-0.7077285639
-0.7077285639
-0.7077285639
-0.7077285639
-0.7077285639
-0.7077285639
-0.4172429754
-0.4172429754
-0.4172429754
-0.6653051667
-1.202812178
-1.202812178
-0.8474035092
-0.8474035092
-0.8474035092
-0.8474035092
-0.2445539406
-0.2586066602
-0.2586066602
-0.2586066602
-0.2586066602
-0.2586066602
-0.2586066602
-0.2586066602
-0.2586066602
-0.2586066602
-0.2586066602
-0.2586066602
-0.2586066602
-0.6589782702
-0.6589782702
-0.4197420487
-0.4197420487
-0.4197420487
-0.4197420487
-0.5070683136
-0.5070683136
-0.5070683136
-0.5070683136
-0.5070683136
-0.5070683136
-0.9777620015
-0.9777620015
-0.9777620015
-0.9777620015
-0.9777620015
-0.9777620015
-0.9777620015
-0.9777620015
-0.9777620015
-0.9777620015
-0.9777620015
-0.9777620015
-0.7956885261
-0.7956885261
-0.7956885261
-0.2602391831
-1.856425278
-1.856425278
-2.364264612
-2.320910434
-0.4489940311
-0.9129023794
-0.4394572975
-1.799710368
-0.3949904967
-1.757844698
-1.757844698
-1.757844698
-2.506860471
-1.579581194
-0.6720217186
-0.6044978764
-0.6044978764
-0.6044978764
-0.6044978764
-0.6044978764
-0.6044978764
-0.6044978764
-0.6044978764
-0.6044978764
-0.8111399104
-0.3050154527
-0.3050154527
-0.3050154527
-0.4103297283
-0.4103297283
-0.4103297283
-0.4103297283
-0.4103297283
-0.4103297283
-1.592985156
-2.560844937
-2.560844937
-2.560844937
-0.2953831625
-0.2953831625
-0.5349758867
-0.5349758867
-0.5349758867
-0.3856801265
-1.81346197
-1.81346197
-1.474376403
-1.474376403
-1.474376403
-1.206473956
-1.206473956
-0.3174212758
-0.2486483841
-0.2486483841
-0.2486483841
-0.2486483841
-0.2486483841
-0.2686796762
-0.2686796762
-0.2686796762
-0.2686796762
-0.2686796762
-0.2686796762
-0.2686796762
-0.2686796762
-0.2686796762
-0.2686796762
-0.2686796762
-0.2686796762
-0.2686796762
-0.4874492927
-0.4874492927
-0.4874492927
-0.4874492927
-0.5548744018
-0.5548744018
-0.5548744018
-1.310936073
-1.310936073
-1.310936073
-0.4133409452
-0.4133409452
-0.2388086244
-0.2388086244
-0.2388086244
-0.2388086244
-0.2422761452
-0.2422761452
-0.2422761452
-0.2422761452
-0.2422761452
-0.2422761452
-0.2422761452
-0.2422761452
-0.2422761452
-0.2422761452
-0.2422761452
-0.2422761452
-0.2422761452
-0.2422761452
-0.2506504577
-0.2506504577
-0.9875693652
-0.9875693652
-1.354017738
-1.354017738
-1.354017738
-1.354017738
-1.354017738
-0.8786877577
-0.8786877577
-0.8786877577
-0.8786877577
-0.8786877577
-0.8310991806
-0.8310991806
-0.8310991806
-0.8310991806
-0.8310991806
-0.8310991806
-0.8310991806
-0.5526922219
-0.5526922219
-0.7261750174
-0.2258244758
-0.7673752893
-0.7673752893
-0.7673752893
-0.7673752893
-0.7673752893
-0.7673752893
-0.435198932
-0.435198932
-0.435198932
-0.2554708695
-0.2554708695
-0.2554708695
-3.085924053
-3.085924053
-0.3124598836
-0.3124598836
-0.3124598836
-0.3124598836
-0.3124598836
-0.3124598836
-0.2775248675
-0.2775248675
-0.2775248675
-0.2775248675
-0.2775248675
-0.2775248675
-0.2775248675
-0.2775248675
-0.2775248675
-0.2775248675
-1.639197841
-1.639197841
-0.2266009191
-0.2266009191
-0.2266009191
-1.043035047
-0.3170531429
-0.3170531429
-0.3170531429
-0.6799005662
-0.6799005662
-0.6799005662
-1.418455474
-1.418455474
-1.418455474
-0.9775027056
-0.9775027056
-0.6127434942
-0.8328494651
-3.447301214
-1.619863716
-1.619863716
-1.619863716
-1.698825424
-1.698825424
-1.698825424
-1.698825424
-1.448030085
-1.448030085
-1.448030085
-1.448030085
-1.448030085
-1.448030085
-0.3352253057
-0.3352253057
-0.3352253057
-0.3352253057
-0.3352253057
-0.3352253057
-0.3352253057
-0.3352253057
-0.2274487696
-0.2274487696
-0.2274487696
-0.2274487696
-1.412393269
-1.412393269
-1.412393269
-1.412393269
-0.3744779099
-0.3744779099
-0.3744779099
-0.3744779099
-0.3744779099
-0.3744779099
-0.3744779099
-0.3744779099
-0.3744779099
-0.3744779099
-0.3744779099
-0.3744779099
-1.910099028
-1.910099028
-1.910099028
-0.2589633918
-0.2589633918
-0.2589633918
-0.2589633918
-0.2589633918
-0.2589633918
-0.2589633918
-0.2589633918
-0.2589633918
-0.2589633918
-0.3236721931
-0.2975280275
-0.2975280275
-0.8510912545
-0.8510912545
-0.8510912545
-0.8510912545
-1.357353477
-1.357353477
-1.357353477
-0.9357839972
-0.9357839972
-2.529980733
-2.529980733
-2.529980733
-2.529980733
-3.738202268
-1.247637104
-1.247637104
-1.247637104
-1.247637104
-1.225264384
-0.2342701906
-0.6306896341
-0.6306896341
-0.6306896341
-0.3477118706
-0.3477118706
-1.466860523
-1.466860523
-1.466860523
-0.2302211377
-0.2302211377
-0.2302211377
-0.2302211377
-0.2302211377
-0.2302211377
-0.2302211377
-0.2302211377
-0.2302211377
-0.2302211377
-0.2302211377
-0.2302211377
-0.2302211377
-0.2302211377
-0.2302211377
-0.2302211377
-0.2302211377
-0.2302211377
-0.2302211377
-0.2302211377
-0.2302211377
-0.3014480103
-0.3014480103
-0.3014480103
-0.3014480103
-0.2257959916
-0.2257959916
-0.2257959916
-0.2257959916
-0.2257959916
-0.2257959916
-0.2266246396
-0.2266246396
-0.2266246396
-0.3549263468
-0.3549263468
-0.3549263468
-0.3480324952
-0.3480324952
-0.3480324952
-0.3480324952
-0.8184379499
-0.8184379499
-0.9207086631
-0.9207086631
-0.9207086631
-0.9207086631
-0.9207086631
-0.9207086631
-1.529653122
-1.529653122
-0.2266773638
-0.2266773638
-0.2266773638
-0.2266773638
-0.2266773638
-0.9080191663
-0.9080191663
-0.9080191663
-0.9080191663
-0.9080191663
-0.9080191663
-0.6205348796
-0.6205348796
-0.984897152
-0.3151497025
-0.3151497025
-0.3151497025
-0.3151497025
-0.3151497025
-0.4350409131
-0.3961112862
-0.9551501954
-0.9551501954
-0.9551501954
-0.9551501954
-0.9551501954
-0.9551501954
-0.9551501954
-0.9551501954
-0.9551501954
-0.2434398871
-0.2434398871
-0.2434398871
-0.2434398871
-0.2434398871
-0.2549447827
-0.2549447827
-0.2549447827
-0.2549447827
-0.2549447827
-0.2394162243
-0.2394162243
-1.885471525
-0.284645686
-0.2560562646
-1.112586769
-1.112586769
-0.3276686717
-1.407166696
-1.407166696
-1.407166696
-1.407166696
-1.407166696
-1.407166696
-1.407166696
-1.407166696
-1.407166696
-1.696540525
-0.9631599015
-0.9631599015
-0.9631599015
-0.9631599015
-2.525459127
-0.4683080603
-0.4683080603
-0.4683080603
-1.045496588
-0.2277271399
-0.2277271399
-0.2277271399
-0.2277271399
-0.2264596124
-0.2264596124
-0.2264596124
-0.2264596124
-0.2264596124
-0.2264596124
-0.2264596124
-0.2264596124
-0.2264596124
-0.2264596124
-0.2264596124
-0.2264596124
-0.2264596124
-0.2264596124
-0.2264596124
-0.2264596124
-0.2264596124
-0.2264596124
-0.2264596124
-0.2264596124
-0.2264596124
-0.2264596124
-0.2264596124
-0.2264596124
-0.2264596124
-0.2264596124
-0.434539564
-0.434539564
-0.434539564
-0.434539564
-0.434539564
-0.434539564
-0.434539564
-0.434539564
-0.434539564
-0.434539564
-0.434539564
-0.3065924134
-0.3065924134
-0.2940279431
-0.2940279431
-0.2940279431
-0.379073925
-0.379073925
-0.3540297418
-0.3540297418
-0.3540297418
-0.3540297418
-0.3540297418
-0.3540297418
-0.3540297418
-0.3540297418
-0.3540297418
-0.3540297418
-0.3540297418
-0.3540297418
-0.3540297418
-0.420340862
-0.4974210146
-0.4974210146
-0.4974210146
-0.4974210146
-0.3208455318
-0.3208455318
-0.3208455318
-1.035248299
-1.035248299
-1.035248299
-1.035248299
-0.9310532177
-0.9310532177
-0.9310532177
-0.9310532177
-0.9310532177
-0.9310532177
-0.9310532177
-0.9310532177
-0.4575782421
-0.226272125
-0.226272125
-0.8776819498
-0.8776819498
-0.8776819498
-0.4137681563
-0.4137681563
-0.4137681563
-0.4137681563
-0.4137681563
-0.4137681563
-0.4137681563
-0.4137681563
-0.4137681563
-0.4137681563
-0.4137681563
-0.4137681563
-0.2287645423
-0.2287645423
-0.2287645423
-0.2379606757
-0.2379606757
-0.2379606757
-0.2379606757
-0.2379606757
-0.2379606757
-0.2379606757
-0.2379606757
-0.2379606757
-0.2379606757
-0.2379606757
-0.2379606757
-0.2379606757
-0.2379606757
-0.2379606757
-0.2379606757
-0.2379606757
-0.2379606757
-0.2379606757
-0.2379606757
-0.2261828313
-0.2261828313
-0.2261828313
-0.2261828313
-0.2261828313
-0.2261828313
-0.2261828313
-0.2261828313
-0.2261828313
-0.2261828313
-0.2261828313
-0.2261828313
-0.2261828313
-0.2261828313
-0.2261828313
-0.6275711236
-0.6275711236
-0.6275711236
-0.3013487115
-0.3013487115
-0.3013487115
-0.2328665753
-0.2328665753
-0.2328665753
-0.2328665753
-0.2328665753
-0.2328665753
-0.2328665753
-0.2328665753
-0.2328665753
-0.2328665753
-0.2328665753
-0.2328665753
-0.2328665753
-0.2328665753
-0.2328665753
-0.2328665753
-0.5339843991
-0.5339843991
-0.3583831247
-0.3583831247
-0.3583831247
-2.18615386
-2.18615386
-2.18615386
-2.41661873
-0.30110969
-0.30110969
-0.30110969
-0.30110969
-0.30110969
-1.603170026
-1.630621963
-1.630621963
-1.630621963
-1.630621963
-1.630621963
-1.630621963
-1.630621963
-1.630621963
-1.630621963
-1.630621963
-1.630621963
-1.630621963
-1.630621963
-1.630621963
-1.630621963
-1.630621963
-1.630621963
-1.630621963
-1.630621963
-1.630621963
-1.630621963
-0.5167820811
-0.5167820811
-0.5167820811
-0.5167820811
-0.3476069441
-0.3476069441
-0.3476069441
-0.3476069441
-0.3476069441
-0.3476069441
-0.3476069441
-0.2669105222
-0.2669105222
-0.2669105222
-0.2669105222
-0.2669105222
-0.2669105222
-0.2669105222
-0.2669105222
-0.2669105222
-0.2669105222
-0.2669105222
-0.5555745446
-0.5555745446
-0.5555745446
-0.5555745446
-0.5555745446
-0.5555745446
-0.5555745446
-0.5555745446
-0.5555745446
-0.5555745446
-0.5555745446
-0.5555745446
-0.5555745446
-0.5555745446
-0.5555745446
-0.5555745446
-0.5555745446
-0.5555745446
-0.5555745446
-0.5555745446
-0.5555745446
-0.5555745446
-0.5555745446
-0.5555745446
-0.5555745446
-0.5555745446
-0.5555745446
-0.5555745446
-0.5555745446
-1.394274888
-0.340180323
-0.340180323
-0.340180323
-0.340180323
-0.340180323
-0.2698665739
-0.2698665739
-0.2698665739
-0.4175304789
-0.3843534285
-0.3843534285
-0.3843534285
-0.2264425936
-0.2264425936
-0.2264425936
-0.2264425936
-0.2566776562
-0.2566776562
-0.3347597499
-0.3347597499
-0.3347597499
-0.867905874
-0.867905874
-0.867905874
-0.867905874
-0.3024988993
-0.3024988993
-0.3024988993
-0.3024988993
-0.3171474016
-0.5387227017
-0.5387227017
-0.5387227017
-0.5387227017
-0.5387227017
-0.5387227017
-0.5387227017
-0.5387227017
-0.2381612933
-0.2381612933
-0.2381612933
-0.2381612933
-0.2381612933
-1.951583518
-1.951583518
-1.951583518
-1.951583518
-1.951583518
-1.264214188
-1.264214188
-1.264214188
-1.264214188
-1.264214188
-0.5329648314
-0.5329648314
-0.5329648314
-0.5329648314
-0.5329648314
-0.5329648314
-0.5329648314
-0.5329648314
-0.5329648314
-0.5329648314
-0.7897590014
-0.7897590014
-0.7897590014
-1.122978226
-1.122978226
-0.2553881861
-0.2553881861
-0.3517794557
-0.3517794557
-0.3517794557
-0.3517794557
-0.3517794557
-0.3517794557
-0.3517794557
-0.3517794557
-0.3517794557
-0.3517794557
-0.3517794557
-0.3517794557
-0.3517794557
-0.3517794557
-0.2411847426
-0.2411847426
-0.2411847426
-0.2411847426
-0.2411847426
-0.2411847426
-0.2411847426
-0.2411847426
-2.238776082
-0.5274929336
-0.5274929336
-0.5274929336
-0.5274929336
-0.5274929336
-0.7551851629
-0.7551851629
-1.33480396
-0.952663861
-0.952663861
-2.105642458
-1.082376307
-1.082376307
-1.082376307
-1.082376307
-0.2313014544
-0.2313014544
-0.2313014544
-0.2289658883
-0.2289658883
-0.2289658883
-0.2289658883
-0.2289658883
-0.2289658883
-0.2289658883
-0.2289658883
-0.2289658883
-0.2289658883
-0.2289658883
-0.2289658883
-0.2289658883
-0.2289658883
-0.2289658883
-0.2289658883
-1.011220506
-1.011220506
-0.2713417882
-0.2713417882
-0.2713417882
-0.2713417882
-0.2713417882
-0.2713417882
-0.2713417882
-0.5211845836
-0.5211845836
-0.5211845836
-0.2382499935
-0.2382499935
-0.2382499935
-0.2382499935
-0.2382499935
-0.2382499935
-0.2382499935
-0.2382499935
-0.2382499935
-0.305131853
-0.4577093086
-0.4577093086
-0.4577093086
-0.4577093086
-0.8334037117
-0.8334037117
-0.3445507743
-0.3445507743
-0.9322606974
-0.9322606974
-0.9322606974
-0.9322606974
-1.769471678
-1.769471678
-1.365266861
-1.365266861
-1.365266861
-1.365266861
-1.365266861
-1.365266861
-1.365266861
-1.365266861
-2.282484369
-2.576901521
-2.576901521
-1.179956008
-1.179956008
-1.179956008
-1.179956008
-1.179956008
-1.179956008
-1.179956008
-1.179956008
-0.2293295561
-0.2293295561
-0.2293295561
-0.2293295561
-0.2293295561
-0.2293295561
-0.2293295561
-0.2293295561
-0.2293295561
-1.730967661
-4.073346882
-4.073346882
-4.073346882
-1.216958096
-1.216958096
-0.3114648844
-0.3114648844
-0.3114648844
-0.7148301353
-0.7148301353
-0.7148301353
-0.7148301353
-0.5782262052
-0.5782262052
-0.5782262052
-0.5782262052
-0.5782262052
-0.2305263272
-0.2305263272
-0.2305263272
-0.2305263272
-0.2305263272
-0.2305263272
-0.2305263272
-0.2305263272
-0.2305263272
-0.2305263272
-0.2305263272
-0.2305263272
-0.9242110329
-0.9242110329
-0.5113956785
-0.5113956785
-0.5113956785
-0.5113956785
-0.5113956785
-0.5113956785
-0.5113956785
-0.5113956785
-0.2645417449
-0.2645417449
-1.665680235
-1.441389996
-1.441389996
-1.441389996
-1.441389996
-1.441389996
-1.597372148
-1.597372148
-0.3037054465
-0.3037054465
-0.3037054465
-0.3037054465
-0.3037054465
-0.3037054465
-0.3037054465
-0.3037054465
-0.3037054465
-0.3037054465
-0.3037054465
-0.3037054465
-0.3037054465
-0.3037054465
-0.3037054465
-0.2326288157
-0.2326288157
-0.2326288157
-0.2326288157
-0.2326288157
-0.2326288157
-0.2326288157
-0.2326288157
-0.2326288157
-0.2326288157
-0.36859675
-0.36859675
-0.36859675
-1.125407103
-0.6880956449
-0.6880956449
-0.6880956449
-0.6880956449
-0.6880956449
-0.6880956449
-0.6880956449
-0.6880956449
-0.6880956449
-0.6880956449
-1.345138261
-1.345138261
-1.345138261
-1.345138261
-1.345138261
-1.345138261
-1.345138261
-1.345138261
-0.7652013864
-0.5294457522
-0.5294457522
-0.5294457522
-0.5294457522
-0.5294457522
-0.5294457522
-1.901921496
-0.2291174846
-0.2291174846
-0.2291174846
-0.6844884985
-2.513755508
-5.011046505
-5.011046505
-3.635942015
-3.635942015
-3.635942015
-1.706358084
-1.706358084
-0.2280173356
-0.2280173356
-0.2280173356
-0.2280173356
-0.2280173356
-0.2280173356
-0.2280173356
-2.274791353
-2.274791353
-3.165911215
-3.165911215
-3.165911215
-3.165911215
-3.165911215
-0.4449728825
-0.4449728825
-0.4449728825
-0.4449728825
-0.4449728825
-0.9336244849
-0.2526035233
-0.2526035233
-0.2526035233
-0.2526035233
-1.031431915
-0.431369801
-1.725542097
-1.725542097
-0.3264623152
-0.5472574021
-0.5472574021
-0.5472574021
-0.3677579077
-0.3677579077
-0.3677579077
-0.3677579077
-0.3677579077
-0.3623255358
-0.5371808229
-0.5371808229
-0.5371808229
-0.5371808229
-0.5371808229
-0.5371808229
-0.5371808229
-0.5371808229
-0.5371808229
-0.7861676491
-0.7861676491
-0.7861676491
-0.7861676491
-0.7861676491
-0.7861676491
-0.7861676491
-0.7046641866
-0.7046641866
-0.7046641866
-0.7046641866
-0.7046641866
-0.7046641866
-1.70729729
-1.70729729
-1.70729729
-1.70729729
-1.70729729
-0.397614746
-0.397614746
-0.397614746
-0.397614746
-0.397614746
-0.397614746
-0.397614746
-2.222806718
-2.222806718
-1.54038595
-0.5773879937
-0.5773879937
-0.2326648732
-0.2326648732
-0.2326648732
-0.2326648732
-0.2326648732
-0.2326648732
-0.2326648732
-0.2326648732
-0.2326648732
-0.2326648732
-0.2326648732
-0.2326648732
-0.2326648732
-0.2316391938
-0.5361371817
-0.5361371817
-0.5361371817
-0.5361371817
-0.5361371817
-0.5361371817
-0.5361371817
-0.5361371817
-0.5361371817
-0.5361371817
-0.7056406514
-0.7056406514
-0.7056406514
-0.868829584
-0.868829584
-0.868829584
-0.868829584
-0.868829584
-0.868829584
-0.868829584
-0.4173754211
-0.4173754211
-0.4173754211
-0.4489528612
-0.4489528612
-0.2259697945
-0.2259697945
-0.2259697945
-0.2259697945
-0.2259697945
-1.170185449
-1.170185449
-1.170185449
-1.170185449
-1.170185449
-1.557689435
-1.557689435
-1.557689435
-1.557689435
-0.4135078158
-0.4135078158
-0.4135078158
-0.4135078158
-0.4135078158
-0.4135078158
-0.4135078158
-0.4135078158
-0.6276742192
-0.6276742192
-0.6276742192
-0.238501688
-0.238501688
-0.238501688
-0.238501688
-0.238501688
-0.238501688
-0.238501688
-0.238501688
-0.238501688
-0.238501688
-0.238501688
-0.238501688
-0.238501688
-0.4214773015
-0.4214773015
-0.4046346789
-0.4046346789
-0.4046346789
-0.4046346789
-0.4250870235
-0.4250870235
-0.4250870235
-0.2264042242
-0.3666572164
-0.2991563519
-1.392024448
-1.392024448
-1.392024448
-1.392024448
-1.392024448
-1.392024448
-1.02680074
-1.02680074
-1.02680074
-1.02680074
-1.02680074
-1.02680074
-1.02680074
-1.02680074
-1.02680074
-0.237724819
-0.237724819
-0.237724819
-0.9985227292
-0.9985227292
-0.2391883922
-0.2391883922
-0.2391883922
-0.2391883922
-0.2391883922
-0.2391883922
-0.2391883922
-1.285265435
-1.285265435
-1.285265435
-1.285265435
-1.285265435
-1.285265435
-1.285265435
-1.285265435
-1.285265435
-1.285265435
-0.3376966346
-0.3376966346
-0.3376966346
-0.3376966346
-0.3376966346
-0.3376966346
-0.3376966346
-0.2262587498
-0.2262587498
-0.2262587498
-0.2262587498
-0.2262587498
-1.585943311
-1.585943311
-1.585943311
-0.8256113402
-0.8256113402
-0.8944041601
-0.8944041601
-0.4128143021
-0.4128143021
-0.4128143021
-0.4128143021
-0.4128143021
-0.4128143021
-0.4128143021
-0.4128143021
-0.4128143021
-0.4128143021
-0.4128143021
-0.2280129303
-0.226029859
-0.226029859
-1.346607897
-1.813778875
-1.813778875
-1.813778875
-1.813778875
-1.813778875
-1.813778875
-1.813778875
-1.813778875
-1.813778875
-1.397245815
-1.397245815
-1.397245815
-1.397245815
-1.397245815
-0.2258064502
-0.2258064502
-0.2258064502
-0.2258064502
-0.2385033755
-0.2385033755
-0.2385033755
-1.193932466
-0.23596944
-0.23596944
-1.613734218
-1.011064578
-1.011064578
-1.011064578
-1.011064578
-1.011064578
-1.011064578
-1.011064578
-1.011064578
-1.289633572
-1.289633572
-1.289633572
-1.289633572
-1.289633572
-1.289633572
-1.289633572
-2.060237952
-2.060237952
-1.393882817
-0.5949680061
-0.5949680061
-0.5949680061
-0.5949680061
-0.5949680061
-0.3213325124
-0.3213325124
-0.3213325124
-0.3213325124
-0.3213325124
-0.3213325124
-0.3213325124
-0.2995884373
-0.2622678615
-0.2291503753
-0.2291503753
-0.2291503753
-0.2291503753
-0.2291503753
-0.2291503753
-0.2315419571
-0.2315419571
-0.2513533716
-0.2513533716
-0.2513533716
-0.2513533716
-0.2513533716
-0.2513533716
-2.197834652
-2.197834652
-2.197834652
-2.197834652
-2.197834652
-2.197834652
-0.7542256986
-0.7542256986
-0.7542256986
-0.4647719741
-0.4647719741
-0.4647719741
-0.4647719741
-0.4647719741
-0.4647719741
-0.4647719741
-0.4606075786
-0.6334831222
-0.6334831222
-0.6334831222
-0.6334831222
-0.6334831222
-0.6334831222
-0.6334831222
-0.6334831222
-0.6334831222
-0.6181045387
-2.230180561
-2.230180561
-2.230180561
-2.230180561
-2.230180561
-2.230180561
-2.230180561
-2.26023107
-2.26023107
-2.26023107
-0.2905462107
-0.2905462107
-0.2905462107
-0.8107599494
-0.8107599494
-0.3373201761
-0.3373201761
-0.591028446
-0.591028446
-0.591028446
-0.591028446
-0.591028446
-0.591028446
-0.591028446
-0.591028446
-0.591028446
-0.591028446
-0.591028446
-0.591028446
-0.4362354473
-0.4362354473
-0.4362354473
-0.4362354473
-0.235860901
-0.235860901
-0.235860901
-0.235860901
-0.235860901
-0.2299482317
-0.2299482317
-0.2299482317
-0.2299482317
-0.2299482317
-0.2299482317
-0.2299482317
-0.2299482317
-0.2299482317
-0.2299482317
-0.2299482317
-0.2299482317
-0.2299482317
-0.2299482317
-0.2299482317
-0.2299482317
-0.2299482317
-0.2299482317
-0.2299482317
-0.2276458012
-0.2276458012
-0.2276458012
-0.2276458012
-0.2276458012
-0.2276458012
-0.2276458012
-0.2276458012
-0.2276458012
-0.2276458012
-0.2276458012
-0.2276458012
-0.2276458012
-0.2276458012
-0.2276458012
-0.2276458012
-0.2276458012
-0.2276458012
-0.2276458012
-0.2276458012
-0.2276458012
-1.488447637
-1.488447637
-0.226522585
-0.226522585
-0.226522585
-0.226522585
-0.226522585
-0.226522585
-0.226522585
-0.226522585
-0.226522585
-0.226522585
-0.226522585
-0.226522585
-0.226522585
-0.6948544393
-0.6948544393
-0.6948544393
-0.6948544393
-0.6948544393
-0.6948544393
-0.6948544393
-0.6948544393
-0.753690565
-0.2258915637
-0.2258915637
-2.16058553
-2.16058553
-2.16058553
-0.3399423251
-0.3399423251
-0.3399423251
-0.3399423251
-0.3399423251
-0.3399423251
-0.3399423251
-0.3399423251
-0.3399423251
-0.3399423251
-0.3399423251
-0.3399423251
-0.3399423251
-0.2806949507
-1.026071331
-1.026071331
-1.026071331
-1.026071331
-1.026071331
-0.239848585
-0.239848585
-0.239848585
-0.3623083502
-0.3623083502
-0.3623083502
-0.3623083502
-0.3623083502
-0.3623083502
-1.79637432
-2.246336599
-2.246336599
-2.246336599
-2.246336599
-2.246336599
-2.246336599
-2.246336599
-1.12600072
-2.237592487
-2.237592487
-2.237592487
-0.7091762819
-1.002877463
-0.7699434257
-1.216183638
-1.216183638
-1.216183638
-1.216183638
-1.547427223
-1.547427223
-1.547427223
-1.341928597
-1.341928597
-1.341928597
-1.343560463
-1.343560463
-1.343560463
-1.343560463
-1.343560463
-1.540857037
-1.540857037
-0.5521308778
-0.5521308778
-0.5521308778
-0.5521308778
-0.5521308778
-0.5521308778
-0.5521308778
-0.5521308778
-2.059886069
-0.6310219761
-0.6310219761
-2.234104976
-2.234104976
-2.234104976
-1.131505728
-1.131505728
-1.131505728
-1.131505728
-1.131505728
-1.131505728
-0.2919948931
-0.2919948931
-0.4437177902
-0.4437177902
-0.4437177902
-0.3084810663
-0.3084810663
-0.3084810663
-0.3084810663
-0.3084810663
-0.3084810663
-0.3084810663
-0.3084810663
-0.3084810663
-0.3084810663
-0.3909371666
-0.3909371666
-0.3909371666
-1.551314981
-1.551314981
-1.551314981
-1.551314981
-1.551314981
-1.551314981
-2.134469402
-2.134469402
-2.134469402
-1.640272341
-1.640272341
-1.640272341
-1.640272341
-1.640272341
-1.640272341
-1.640272341
-1.640272341
-1.640272341
-1.640272341
-1.147344371
-1.147344371
-1.147344371
-1.147344371
-1.147344371
-1.147344371
-3.160688305
-0.2262310233
-0.2262310233
-0.2262310233
-0.2262310233
-0.2262310233
-0.2262310233
-0.2262310233
-0.2262310233
-0.2262310233
-0.2262310233
-0.2262310233
-1.612870635
-1.612870635
-1.612870635
-1.146919726
-1.146919726
-1.146919726
-1.146919726
-1.125876064
-0.3106204519
-0.3106204519
-0.3106204519
-0.3106204519
-0.2309400823
-0.2309400823
-0.2309400823
-0.2309400823
-0.2309400823
-0.6601649107
-0.5963843404
-0.5963843404
-0.5963843404
-0.295199317
-0.295199317
-0.295199317
-0.2801410671
-0.2801410671
-0.2272967653
-0.2272967653
-0.2272967653
-0.2272967653
-0.2272967653
-0.2272967653
-0.2258639289
-0.2258639289
-0.2258639289
-0.4456877013
-0.5466223548
-0.5466223548
-0.5466223548
-0.5466223548
-0.5080984495
-1.161110124
-1.161110124
-1.161110124
-1.161110124
-1.161110124
-1.161110124
-0.3405385586
-0.3405385586
-0.3405385586
-0.3405385586
-0.3405385586
-0.3405385586
-0.3405385586
-0.3405385586
-0.3405385586
-0.3405385586
-0.3405385586
-0.3405385586
-0.3405385586
-0.3405385586
-0.3796401656
-0.3796401656
-2.803883856
-2.803883856
-0.8568477648
-0.8568477648
-0.8568477648
-0.8568477648
-0.8568477648
-0.8568477648
-0.8568477648
-0.8568477648
-0.8568477648
-0.8568477648
-0.8568477648
-0.8568477648
-0.8568477648
-0.8568477648
-0.8568477648
-0.8568477648
-0.8568477648
-0.8568477648
-0.8568477648
-0.7523411099
-0.7523411099
-0.7523411099
-0.7523411099
-0.7523411099
-0.2306380636
-0.2306380636
-0.2306380636
-0.2306380636
-0.7959110854
-0.4581350468
-0.4581350468
-1.050816715
-1.050816715
-1.237646396
-1.237646396
-1.237646396
-0.2391060268
-0.2391060268
-0.2391060268
-0.2391060268
-0.2391060268
-0.2391060268
-0.2391060268
-0.4055643741
-0.4055643741
-0.4055643741
-0.4055643741
-0.4055643741
-0.4055643741
-0.4055643741
-0.4055643741
-0.4055643741
-0.4055643741
-0.8534393952
-0.6077543645
-0.6077543645
-0.3809578407
-0.3809578407
-0.3809578407
-0.3809578407
-0.3809578407
-0.3809578407
-0.3809578407
-0.3809578407
-0.3809578407
-0.3809578407
-0.3809578407
-2.381062749
-0.3445000481
-0.3445000481
-0.3445000481
-0.3445000481
-0.3445000481
-1.062933466
-2.023787558
-2.023787558
-2.023787558
-2.023787558
-2.023787558
-2.023787558
-2.023787558
-2.023787558
-2.023787558
-1.516242884
-1.516242884
-1.516242884
-1.516242884
-1.516242884
-1.516242884
-1.516242884
-0.3703316289
-0.3703316289
-0.3703316289
-0.3703316289
-0.3703316289
-0.2263527214
-0.2263527214
-0.2263527214
-0.2263527214
-0.2263527214
-0.2263527214
-0.2263527214
-0.2263527214
-0.3414140085
-0.3414140085
-0.3414140085
-0.3414140085
-0.3414140085
-0.2296135683
-0.2296135683
-0.2296135683
-0.2296135683
-0.2296135683
-0.2710521831
-0.2710521831
-0.2710521831
-0.2710521831
-1.27952216
-1.056441165
-1.056441165
-1.056441165
-0.2511166047
-0.2511166047
-0.6011341198
-0.6011341198
-0.6011341198
-0.6011341198
-0.6011341198
-0.6011341198
-0.6011341198
-0.6011341198
-0.6011341198
-0.6011341198
-0.6011341198
-0.6011341198
-0.5997179128
-0.5997179128
-0.5997179128
-0.5997179128
-0.5997179128
-0.5997179128
-0.5997179128
-0.5997179128
-0.5997179128
-0.5997179128
-0.3793830533
-0.3793830533
-0.3793830533
-0.2258262516
-3.376531224
-3.376531224
-3.376531224
-3.376531224
-3.376531224
-1.29436574
-1.29436574
-1.29436574
-1.29436574
-1.29436574
-0.801156795
-0.801156795
-0.2910536035
-0.2910536035
-1.463247295
-1.463247295
-0.5823631158
-0.6536019574
-0.5088339877
-0.5088339877
-0.5088339877
-0.5088339877
-0.5088339877
-0.5088339877
-0.5088339877
-0.5088339877
-0.5088339877
-0.5088339877
-0.5088339877
-0.5088339877
-0.5088339877
-0.5088339877
-0.5088339877
-0.5088339877
-0.5088339877
-0.5088339877
-0.3543985859
-0.3543985859
-4.679727691
-4.679727691
-0.436372333
-0.436372333
-0.436372333
-0.436372333
-0.3030525178
-0.3030525178
-0.3030525178
-2.010202137
-2.010202137
-0.3402024219
-0.3402024219
-0.3402024219
-0.3402024219
-0.3402024219
-0.3402024219
-0.3402024219
-0.3402024219
-0.3402024219
-0.3402024219
-0.3402024219
-0.3402024219
-0.3402024219
-0.3402024219
-0.3402024219
-0.3402024219
-1.100269079
-1.100269079
-0.4061989162
-0.4061989162
-0.4061989162
-0.4061989162
-0.4061989162
-0.4061989162
-0.4061989162
-0.4061989162
-0.4061989162
-0.4061989162
-0.2265089767
-0.2265089767
-0.4660721402
-0.4660721402
-0.2260897534
-0.2380174374
-0.2380174374
-0.2380174374
-0.2380174374
-0.2259729155
-1.61894524
-1.61894524
-1.61894524
-1.61894524
-1.61894524
-0.2745529603
-0.2745529603
-0.2745529603
-0.2688710009
-0.2688710009
-0.2573825416
-0.2573825416
-0.2573825416
-0.2573825416
-0.2573825416
-0.2573825416
-0.2573825416
-0.2573825416
-0.2573825416
-0.2573825416
-0.2573825416
-0.2270378429
-0.2270378429
-0.2270378429
-0.2270378429
-0.2333605014
-0.2312216053
-0.2312216053
-0.2312216053
-0.2312216053
-0.2312216053
-0.2312216053
-0.2312216053
-0.2312216053
-0.2312216053
-0.5026292387
-0.5026292387
-0.5026292387
-0.5026292387
-0.5026292387
-0.5026292387
-0.5026292387
-0.2492250095
-0.2492250095
-0.2492250095
-0.2492250095
-0.2492250095
-0.2492250095
-0.2492250095
-0.2492250095
-0.2884242718
-0.2884242718
-0.2884242718
-0.2884242718
-0.2884242718
-0.2884242718
-0.2884242718
-0.2884242718
-0.2884242718
-0.2884242718
-0.2884242718
-0.2884242718
-0.2884242718
-0.2884242718
-0.2884242718
-0.2884242718
-0.2884242718
-0.2884242718
-0.2884242718
-0.2884242718
-0.23355766
-0.3378182762
-0.3378182762
-0.3378182762
-0.3378182762
-0.3378182762
-0.3378182762
-0.3378182762
-0.2826308742
-0.2826308742
-0.2826308742
-0.6949734698
-0.6949734698
-0.6949734698
-0.6949734698
-0.6949734698
-0.6949734698
-0.8659714564
-0.8659714564
-0.8659714564
-0.8659714564
-0.8659714564
-0.8659714564
-0.8659714564
-0.8659714564
-0.8659714564
-0.8659714564
-0.8659714564
-0.8659714564
-0.8659714564
-0.5444133652
-0.9576324999
-0.9576324999
-0.9576324999
-0.9576324999
-3.16570773
-3.16570773
-1.501777118
-1.798858048
-1.798858048
-1.798858048
-0.2436827155
-0.2436827155
-1.521810828
-1.521810828
-1.521810828
-1.521810828
-1.521810828
-1.521810828
-1.521810828
-1.521810828
-1.521810828
-0.7102945584
-0.7102945584
-0.7102945584
-0.4375890388
-0.4375890388
-0.5568708498
-0.5568708498
-0.5568708498
-0.5568708498
-0.4088648327
-0.4088648327
-0.4088648327
-0.4088648327
-0.4088648327
-0.4088648327
-0.4088648327
-0.6795903958
-0.6795903958
-0.6795903958
-0.6795903958
-0.6795903958
-0.2338379574
-0.2441407711
-0.2441407711
-0.2441407711
-0.2441407711
-0.2441407711
-0.2441407711
-0.2441407711
-0.2441407711
-0.2454326722
-0.2454326722
-0.2454326722
-0.3977526467
-0.3977526467
-0.3977526467
-0.3977526467
-0.3977526467
-1.436223254
-1.436223254
-1.436223254
-1.436223254
-0.6851172733
-0.6851172733
-0.6851172733
-0.6851172733
-1.177724791
-1.177724791
-1.177724791
-1.177724791
-1.177724791
-1.177724791
-0.7412105966
-0.7412105966
-2.131605314
-2.131605314
-0.5216443731
-0.5216443731
-0.5216443731
-0.5216443731
-0.5216443731
-0.5216443731
-0.5216443731
-0.5216443731
-0.4901720161
-0.4901720161
-0.2347545075
-0.2347545075
-0.4919189868
-0.4919189868
-0.4919189868
-0.4919189868
-0.983657349
-1.018848552
-1.018848552
-1.018848552
-1.018848552
-1.018848552
-1.676783768
-1.676783768
-1.676783768
-0.2419945662
-0.7093274249
-0.7093274249
-0.7093274249
-0.3951030628
-0.2777600538
-0.2777600538
-0.2777600538
-0.2777600538
-0.2777600538
-0.2777600538
-0.2777600538
-2.829389027
-1.70517134
-1.70517134
-1.454311395
-1.454311395
-0.5113494341
-0.5155280669
-0.4654109717
-0.4654109717
-0.8132268136
-0.8132268136
-0.8132268136
-0.8132268136
-0.6042803824
-0.6042803824
-0.6042803824
-0.6042803824
-0.2406478531
-0.2406478531
-0.2406478531
-0.2406478531
-0.2406478531
-0.2406478531
-0.2406478531
-0.2406478531
-0.2406478531
-0.2406478531
-1.653328019
-0.3293251959
-0.3293251959
-0.3293251959
-0.3293251959
-0.3293251959
-0.2395134817
-0.2395134817
-0.2395134817
-0.2395134817
-0.2395134817
-0.2395134817
-0.2284396593
-0.2284396593
-0.2284396593
-0.2284396593
-0.2284396593
-0.2284396593
-0.2284396593
-0.2284396593
-0.2284396593
-0.2284396593
-0.5168811142
-1.70998506
-1.679835575
-1.679835575
-0.3183430108
-0.3640750317
-0.3640750317
-0.3640750317
-0.2785629519
-0.2785629519
-0.4270017761
-0.3382733489
-0.3382733489
-0.3382733489
-0.8436713217
-0.8436713217
-0.8436713217
-0.8436713217
-0.8436713217
-0.8436713217
-0.2602923679
-0.2602923679
-0.2602923679
-0.2602923679
-0.2602923679
-0.2602923679
-0.2602923679
-0.2602923679
-0.2602923679
-0.2602923679
-0.2602923679
-0.2602923679
-0.2602923679
-0.2602923679
-0.2602923679
-0.2602923679
-0.2602923679
-0.2602923679
-0.3526983173
-0.2473657639
-0.2473657639
-0.2473657639
-0.2473657639
-0.2473657639
-0.4777678149
-0.2433174247
-0.2433174247
-0.2433174247
-0.2433174247
-0.2433174247
-0.2433174247
-0.2433174247
-0.2433174247
-0.2433174247
-0.3452031485
-0.5699362677
-0.5699362677
-0.5699362677
-0.5699362677
-0.5699362677
-0.5699362677
-0.3222201503
-0.3222201503
-0.3222201503
-0.3222201503
-0.2556732095
-0.2556732095
-0.2556732095
-0.2556732095
-0.2556732095
-0.2556732095
-0.2556732095
-0.2326625608
-0.5395026904
-0.5395026904
-1.045317959
-1.045317959
-1.045317959
-1.045317959
-1.045317959
-1.045317959
-1.045317959
-1.045317959
-3.762362022
-4.798043826
-0.2837503371
-0.4138917485
-0.4138917485
-0.2726209684
-0.2726209684
-1.329266597
-0.22611256
-0.2626102697
-2.018479746
-2.018479746
-2.380316692
-2.380316692
-2.380316692
-2.380316692
-1.713953335
-0.7563165507
-0.7563165507
-0.7563165507
-0.4295619335
-0.4295619335
-0.4295619335
-0.9223410755
-0.6685922123
-0.7400245579
-0.7400245579
-1.659698622
-1.659698622
-1.659698622
-1.659698622
-1.659698622
-1.659698622
-1.659698622
-1.659698622
-1.659698622
-1.362874525
-1.362874525
-1.362874525
-1.362874525
-1.362874525
-0.702850275
-0.702850275
-0.2708028565
-0.2708028565
-0.2708028565
-0.2708028565
-0.2708028565
-0.2846671537
-0.2846671537
-0.2846671537
-0.2846671537
-0.2846671537
-0.2846671537
-0.2846671537
-0.2846671537
-0.8590241798
-0.8590241798
-0.8590241798
-0.7526207579
-0.7526207579
-0.7526207579
-3.183648406
-3.183648406
-0.6811641056
-0.6811641056
-0.6265455338
-0.6265455338
-2.350849736
-2.350849736
-2.350849736
-2.350849736
-2.350849736
-2.350849736
-0.9293301602
-0.9293301602
-1.070655046
-1.070655046
-1.070655046
-1.070655046
-1.070655046
-0.4368549848
-0.4368549848
-0.4368549848
-0.4368549848
-0.4368549848
-0.4368549848
-1.015166876
-1.015166876
-0.2779193314
-0.3174915035
-0.3174915035
-0.4653306561
-0.4653306561
-0.4653306561
-0.4653306561
-0.6458413033
-0.6458413033
-0.6458413033
-0.6458413033
-0.6458413033
-0.6458413033
-0.6458413033
-0.6458413033
-0.6458413033
-0.6458413033
-0.6458413033
-0.3203967757
-0.3203967757
-0.8081929078
-0.8081929078
-0.8081929078
-0.3320719381
-0.3320719381
-0.3320719381
-0.3320719381
-0.3320719381
-0.4111570499
-0.4021149267
-0.4021149267
-0.4021149267
-0.4503280984
-0.4503280984
-0.4503280984
-0.4503280984
-0.4503280984
-0.4503280984
-0.4503280984
-0.4503280984
-0.4503280984
-0.8704216267
-0.8704216267
-0.8704216267
-0.3236421129
-0.3236421129
-0.3236421129
-0.3236421129
-0.3236421129
-0.3236421129
-0.3808806096
-0.3808806096
-0.3808806096
-0.3808806096
-0.2985772851
-0.2985772851
-0.2985772851
-0.2985772851
-0.2985772851
-0.2985772851
-0.2985772851
-0.2985772851
-0.2985772851
-0.2985772851
-0.2985772851
-0.2985772851
-0.2985772851
-0.2985772851
-0.2985772851
-0.2985772851
-0.2985772851
-0.2985772851
-0.6317785132
-0.6317785132
-0.6317785132
-0.6470727769
-0.6470727769
-0.3207114952
-0.3207114952
-0.3207114952
-0.3207114952
-0.3207114952
-0.3207114952
-0.3207114952
-0.3207114952
-0.2387159491
-0.8112246288
-0.8112246288
-0.8112246288
-0.8112246288
-0.8112246288
-0.8112246288
-0.8112246288
-2.342548128
-2.342548128
-0.4880607571
-0.3922417557
-0.3922417557
-0.3922417557
-0.3922417557
-0.3922417557
-0.3922417557
-0.3922417557
-0.6038830628
-0.6038830628
-0.6038830628
-0.6038830628
-0.6038830628
-0.6038830628
-0.6038830628
-0.6038830628
-0.6038830628
-0.6038830628
-0.6038830628
-0.6038830628
-0.6038830628
-0.6038830628
-0.4456378781
-0.4456378781
-0.4456378781
-0.4456378781
-0.4092366352
-0.4092366352
-0.4092366352
-0.7640991633
-0.7640991633
-0.7640991633
-0.7640991633
-0.7640991633
-0.7640991633
-0.4569408251
-0.4569408251
-0.4569408251
-0.4569408251
-0.4569408251
-0.4569408251
-0.4569408251
-0.4569408251
-0.4569408251
-0.4569408251
-0.4569408251
-6.940728594
-6.940728594
-0.3517041378
-0.3517041378
-0.2283248606
-0.2283248606
-0.2283248606
-0.2283248606
-0.2283248606
-0.2283248606
-0.2283248606
-0.2283248606
-0.6373950956
-0.6373950956
-0.6373950956
-0.6373950956
-0.6373950956
-0.6373950956
-0.6373950956
-0.6373950956
-0.6373950956
-0.6373950956
-0.6373950956
-0.6373950956
-0.6373950956
-0.6373950956
-0.6373950956
-0.6373950956
-0.324672768
-0.3146430964
-0.3146430964
-0.3146430964
-0.3146430964
-0.3146430964
-0.3146430964
-0.3146430964
-0.3146430964
-0.3146430964
-0.3146430964
-0.3146430964
-0.3146430964
-0.3146430964
-0.3146430964
-0.2823529151
-0.2823529151
-0.2823529151
-0.2823529151
-0.2823529151
-0.225927899
-0.2345746246
-0.2345746246
-0.2345746246
-0.2345746246
-0.2345746246
-0.2345746246
-0.2345746246
-0.2345746246
-0.2345746246
-0.2345746246
-0.3067057573
-0.2364848512
-0.2364848512
-0.2364848512
-0.2364848512
-0.2364848512
-0.2510951808
-0.2510951808
-0.2510951808
-0.2510951808
-0.2510951808
-0.2510951808
-0.2510951808
-0.2510951808
-0.2510951808
-1.129489214
-0.956975195
-2.087044247
-2.530412442
-2.530412442
-2.530412442
-2.530412442
-2.530412442
-2.530412442
-1.401256564
-3.184730917
-3.65348815
-3.65348815
-3.65348815
-3.65348815
-3.65348815
-3.65348815
-3.65348815
-3.65348815
-0.3635170032
-0.3635170032
-0.3635170032
-0.3635170032
-0.3635170032
-0.3635170032
-1.137699551
-1.137699551
-1.137699551
-0.2578496131
-0.2578496131
-0.2578496131
-0.4364263861
-0.4364263861
-0.4364263861
-0.4364263861
-0.4364263861
-0.4364263861
-0.4364263861
-0.4364263861
-0.4364263861
-0.4364263861
-0.4364263861
-0.4364263861
-0.4364263861
-0.2516179833
-0.2516179833
-0.2802538272
-0.2802538272
-0.2802538272
-2.238381168
-2.238381168
-2.238381168
-1.281584942
-1.281584942
-1.196565204
-1.196565204
-1.196565204
-1.196565204
-0.3054463422
-0.3054463422
-0.3570553993
-0.3570553993
-0.3570553993
-0.3570553993
-0.4328312948
-1.572177032
-1.572177032
-1.572177032
-1.572177032
-1.572177032
-1.572177032
-0.4146916047
-0.4146916047
-0.3922115561
-0.3922115561
-0.2602867964
-0.2602867964
-0.2602867964
-0.2602867964
-0.2602867964
-0.2602867964
-0.2602867964
-0.7846296138
-0.5872439739
-0.5872439739
-0.5872439739
-0.2913717252
-0.2913717252
-0.2913717252
-0.2913717252
-0.2913717252
-0.2913717252
-0.2451366588
-0.6021026084
-0.6021026084
-0.273896422
-0.273896422
-0.273896422
-0.3193589882
-0.3193589882
-0.2282265469
-0.2282265469
-0.2282265469
-0.2282265469
-0.2282265469
-0.2282265469
-0.3903775464
-0.4901000347
-0.4901000347
-0.5953598785
-0.5953598785
-0.5953598785
-0.2289756705
-0.2289756705
-0.2289756705
-0.2289756705
-0.2289756705
-0.2289756705
-0.2289756705
-0.2289756705
-0.2289756705
-0.2289756705
-0.2289756705
-0.7324631447
-0.7324631447
-0.7324631447
-0.3304163607
-0.3304163607
-0.3304163607
-0.6607097736
-0.5289357205
-0.5764869767
-0.5764869767
-2.194425817
-1.684330095
-0.2265095115
-1.763858306
-1.763858306
-1.763858306
-1.763858306
-1.763858306
-2.176408635
-2.176408635
-2.176408635
-2.176408635
-2.176408635
-2.176408635
-2.176408635
-1.644325652
-2.206781307
-2.206781307
-2.206781307
-2.206781307
-0.293571572
-0.293571572
-0.293571572
-0.3468987256
-0.3468987256
-0.3468987256
-1.258200291
-0.243598785
-0.2265964595
-0.2265964595
-0.2265964595
-0.2265964595
-0.2265964595
-0.2265964595
-0.2265964595
-0.2265964595
-0.2265964595
-0.3682588539
-0.3682588539
-0.3682588539
-0.4739336022
-0.4739336022
-0.4739336022
-0.2296353214
-0.2296353214
-0.2296353214
-0.2296353214
-0.2296353214
-0.7171471053
-0.2695075895
-0.2695075895
-0.2695075895
-0.2695075895
-0.2695075895
-0.2695075895
-0.2695075895
-0.2695075895
-0.2695075895
-0.2695075895
-0.2695075895
-0.2695075895
-0.2695075895
-0.2695075895
-0.2695075895
-1.980647507
-1.980647507
-1.980647507
-1.980647507
-1.980647507
-1.980647507
-1.009523953
-1.009523953
-1.386414278
-1.366862764
-1.366862764
-0.2900647553
-0.2302919949
-0.2302919949
-0.2302919949
-0.2302919949
-0.2302919949
-0.3289210148
-0.3289210148
-0.3289210148
-0.3289210148
-0.3289210148
-0.3289210148
-0.3289210148
-0.3289210148
-0.3289210148
-0.3289210148
-0.3289210148
-0.3289210148
-0.3289210148
-2.80115253
-2.80115253
-1.082998903
-1.082998903
-1.082998903
-1.365881635
-1.365881635
-1.365881635
-1.365881635
-1.365881635
-1.365881635
-1.365881635
-1.365881635
-2.357501708
-1.447492212
-1.447492212
-1.447492212
-1.447492212
-1.447492212
-1.447492212
-1.447492212
-1.598405436
-0.2260946917
-0.2260946917
-0.2260946917
-0.2260946917
-0.2260946917
-0.2260946917
-0.2260946917
-0.2815197689
-0.2815197689
-0.2815197689
-0.2377057744
-0.2377057744
-0.2377057744
-0.2377057744
-0.2377057744
-0.2377057744
-0.2377057744
-0.2377057744
-1.020355753
-1.020355753
-0.4448206876
-0.4448206876
-0.4448206876
-0.4616630714
-0.4616630714
-0.4616630714
-0.4616630714
-0.3661094058
-0.3661094058
-0.2825696937
-0.2825696937
-0.2825696937
-0.2825696937
-0.392439299
-0.392439299
-0.6183768749
-0.6125072717
-0.6125072717
-0.2860592613
-0.2860592613
-0.2860592613
-0.2860592613
-0.2860592613
-0.2860592613
-0.2860592613
-0.2860592613
-0.2860592613
-0.2860592613
-0.2860592613
-1.032696047
-1.032696047
-0.247922761
-1.056759744
-0.6464917452
-0.6464917452
-0.6464917452
-0.2258828356
-0.2258828356
-0.2258828356
-0.2258828356
-0.2258828356
-0.2258828356
-0.2258828356
-0.2258828356
-0.2258828356
-0.2258828356
-0.2258828356
-0.2258828356
-0.2258828356
-0.2258828356
-0.2258828356
-0.2258828356
-0.6081425073
-0.6081425073
-0.6081425073
-0.6081425073
-0.6081425073
-0.6081425073
-0.2344435395
-0.2344435395
-0.2344435395
-0.3208781538
-0.3208781538
-0.2303586499
-0.2303586499
-0.2303586499
-0.2303586499
-0.2303586499
-0.2303586499
-0.2303586499
-0.2303586499
-0.2303586499
-0.2303586499
-0.2303586499
-0.3254802214
-0.3254802214
-0.3254802214
-0.3254802214
-0.3254802214
-0.5087939359
-0.5087939359
-0.5087939359
-0.5087939359
-0.4931889124
-0.291286953
-0.291286953
-0.291286953
-0.291286953
-0.291286953
-0.3023968339
-0.3023968339
-0.3023968339
-0.4607481894
-0.9004301008
-0.9004301008
-1.228397457
-1.228397457
-0.2294526984
-0.2294526984
-0.2294526984
-0.2294526984
-0.2724118984
-0.2724118984
-0.2724118984
-0.2371528578
-0.2371528578
-0.2371528578
-0.2371528578
-0.2371528578
-0.2371528578
-0.2371528578
-0.2371528578
-0.2371528578
-0.2371528578
-0.2371528578
-0.2371528578
-0.2539919047
-0.2539919047
-0.2539919047
-0.2539919047
-0.2539919047
-0.2539919047
-1.379433086
-1.379433086
-1.379433086
-1.379433086
-1.587471059
-0.2258469563
-0.2258469563
-0.2258469563
-2.597239787
-1.496388033
-0.4460648484
-0.4460648484
-0.4460648484
-0.4460648484
-0.4460648484
-0.4460648484
-1.455200959
-1.455200959
-1.455200959
-1.455200959
-1.455200959
-0.3144322677
-0.3144322677
-0.3144322677
-0.3144322677
-0.3144322677
-0.3144322677
-0.2843917151
-0.2843917151
-0.2843917151
-0.2843917151
-0.2843917151
-0.2843917151
-0.5939882847
-0.5939882847
-0.5939882847
-0.5939882847
-3.379193031
-3.379193031
-3.379193031
-3.379193031
-3.379193031
-3.379193031
-1.27199022
-1.27199022
-2.236542426
-2.20462581
-2.20462581
-2.20462581
-2.20462581
-0.3258563181
-0.3258563181
-0.3258563181
-0.3258563181
-0.3258563181
-0.3258563181
-0.3258563181
-0.3258563181
-0.270088634
-0.270088634
-0.270088634
-0.270088634
-0.270088634
-0.270088634
-0.270088634
-0.270088634
-0.270088634
-0.270088634
-0.270088634
-0.270088634
-0.270088634
-1.767723305
-1.767723305
-1.767723305
-1.767723305
-1.767723305
-1.767723305
-1.747918287
-1.747918287
-1.747918287
-1.747918287
-2.760727139
-0.2539178547
-0.2539178547
-0.3989129574
-0.3295231808
-0.3295231808
-0.3295231808
-0.3295231808
-0.3295231808
-0.3295231808
-0.3604764988
-0.3604764988
-0.2593269404
-0.2593269404
-0.2593269404
-0.2593269404
-0.2593269404
-0.2593269404
-0.2593269404
-0.2607504887
-0.2607504887
-0.2607504887
-0.4631596914
-0.4631596914
-0.2911908461
-0.2911908461
-0.2911908461
-0.2911908461
-0.2911908461
-0.2911908461
-0.2586444949
-0.2586444949
-0.2586444949
-0.2586444949
-0.2586444949
-0.2586444949
-0.2586444949
-0.2586444949
-0.2586444949
-0.2586444949
-0.3838471376
-0.3838471376
-0.3838471376
-0.3838471376
-0.3838471376
-0.2925437922
-0.2925437922
-0.2925437922
-1.586981204
-0.6302931484
-0.6302931484
-0.6302931484
-0.8147277354
-0.8147277354
-0.511748159
-0.511748159
-0.511748159
-0.511748159
-0.511748159
-0.9168105088
-0.9168105088
-0.9168105088
-0.9168105088
-0.9168105088
-0.9168105088
-0.5522615173
-0.5522615173
-0.5522615173
-0.5522615173
-0.5522615173
-0.3074327376
-0.3074327376
-0.3074327376
-0.3074327376
-0.3074327376
-0.3074327376
-0.2257935543
-0.2257935543
-0.2257935543
-0.2601126969
-0.2601126969
-0.2601126969
-0.2601126969
-0.3453237819
-0.2800394813
-0.2800394813
-0.2800394813
-0.2800394813
-0.2800394813
-0.2800394813
-0.2800394813
-0.2800394813
-0.2800394813
-0.2800394813
-0.2800394813
-0.8130701857
-0.2762807954
-0.2762807954
-0.2762807954
-0.7404941081
-0.7404941081
-0.7404941081
-0.2441298077
-0.3492237523
-0.3468929608
-0.3468929608
-0.3468929608
-0.3468929608
-0.3468929608
-0.3468929608
-0.3468929608
-0.3468929608
-0.3468929608
-0.3468929608
-0.3468929608
-0.2453012614
-0.2453012614
-0.2453012614
-0.2453012614
-0.2453012614
-0.2453012614
-0.3786815699
-0.3786815699
-0.3786815699
-0.3786815699
-0.3786815699
-0.3786815699
-0.2375775862
-0.2375775862
-0.2375775862
-0.2375775862
-0.2375775862
-0.2267495832
-0.2267495832
-0.2267495832
-0.2267495832
-0.2267495832
-0.2267495832
-0.2267495832
-0.2681458956
-0.3208185576
-0.3208185576
-0.3208185576
-0.3208185576
-0.3208185576
-0.3208185576
-0.9897887024
-0.9897887024
-0.9897887024
-0.9897887024
-0.9897887024
-0.9897887024
-0.9897887024
-0.9897887024
-0.9897887024
-0.3551995013
-0.3551995013
-0.3551995013
-0.2406228769
-0.2406228769
-0.2406228769
-0.2406228769
-0.2406228769
-0.2406228769
-0.2406228769
-0.2406228769
-0.3309781015
-0.3309781015
-0.3309781015
-0.3309781015
-0.3309781015
-0.3309781015
-1.88614385
-1.88614385
-1.88614385
-1.88614385
-1.88614385
-1.88614385
-1.88614385
-1.88614385
-1.88614385
-1.88614385
-0.2342511132
-0.2342511132
-0.3399428631
-0.2526193848
-0.2526193848
-0.9476471914
-0.2744754782
-0.2744754782
-0.2744754782
-0.2744754782
-0.2744754782
-0.2499754271
-0.2499754271
-0.2499754271
-0.2499754271
-0.2499754271
-0.2499754271
-0.2499754271
-0.2499754271
-0.2499754271
-0.2809686598
-0.2809686598
-0.2809686598
-0.2809686598
-1.999685374
-1.326301926
-0.2288267626
-0.2288267626
-0.2288267626
-0.2288267626
-0.2288267626
-0.2288267626
-0.2288267626
-0.2288267626
-0.2288267626
-0.2288267626
-0.2681134655
-0.2681134655
-0.2681134655
-0.2681134655
-0.2681134655
-0.362526636
-0.362526636
-0.362526636
-0.362526636
-0.362526636
-0.362526636
-0.362526636
-0.362526636
-0.362526636
-0.362526636
-0.362526636
-0.362526636
-0.362526636
-0.362526636
-0.362526636
-0.4230310291
-0.4230310291
-0.3473360512
-0.3473360512
-0.3473360512
-0.3473360512
-0.3473360512
-0.3473360512
-0.3473360512
-0.3473360512
-0.4494542814
-0.4494542814
-0.2260456601
-0.2260456601
-0.2260456601
-0.2260456601
-0.2260456601
-0.2260456601
-0.2260456601
-0.2284821056
-1.369718757
-1.369718757
-1.369718757
-1.369718757
-1.369718757
-1.369718757
-0.347046018
-0.347046018
-0.347046018
-0.347046018
-0.347046018
-0.347046018
-0.347046018
-0.347046018
-0.347046018
-0.347046018
-0.347046018
-0.347046018
-0.347046018
-0.2405028452
-0.2405028452
-0.2405028452
-0.5443294475
-0.5443294475
-0.5443294475
-0.5443294475
-0.5199895518
-0.3251305175
-0.3251305175
-0.3251305175
-0.3251305175
-0.3251305175
-0.3251305175
-0.3251305175
-0.3251305175
-0.3251305175
-0.2868547175
-0.2868547175
-0.2868547175
-0.3321856065
-0.3321856065
-0.3321856065
-0.3321856065
-0.3321856065
-0.3321856065
-0.3321856065
-0.3321856065
-0.3321856065
-0.3321856065
-0.3321856065
-0.8075954266
-0.8075954266
-0.8075954266
-0.8075954266
-0.8075954266
-4.651320584
-0.2875864699
-0.2875864699
-0.2875864699
-0.2875864699
-0.2875864699
-0.2875864699
-0.2875864699
-0.2875864699
-0.2875864699
-0.2297060912
-0.2297060912
-0.2297060912
-0.2297060912
-0.2297060912
-0.2297060912
-0.2297060912
-0.2297060912
-0.2297060912
-0.2297060912
-0.2297060912
-0.6915889987
-0.6915889987
-0.6915889987
-1.909225241
-0.3796863734
-0.3796863734
-0.3796863734
-0.3796863734
-0.3796863734
-0.3796863734
-0.3796863734
-0.3796863734
-1.205431796
-0.8433315112
-0.8433315112
-0.8433315112
-0.8433315112
-0.8433315112
-1.772111114
-1.772111114
-0.2362844658
-0.2362844658
-0.2362844658
-0.2362844658
-0.2362844658
-0.2362844658
-0.6990160616
-0.6990160616
-0.6990160616
-0.6990160616
-0.6990160616
-0.6990160616
-1.883832351
-1.883832351
-1.883832351
-1.088327666
-1.088327666
-1.088327666
-1.088327666
-0.3069637375
-0.3069637375
-0.3069637375
-0.3069637375
-0.3069637375
-0.3069637375
-0.3069637375
-0.3069637375
-0.3069637375
-0.3069637375
-0.3069637375
-0.3069637375
-0.7270738575
-2.209506377
-2.209506377
-2.209506377
-2.209506377
-2.209506377
-2.209506377
-2.209506377
-2.209506377
-2.209506377
-2.209506377
-2.209506377
-2.209506377
-0.5263886057
-0.5263886057
-0.5263886057
-0.5263886057
-0.5263886057
-0.5263886057
-0.5263886057
-0.5263886057
-1.176812067
-0.2414950383
-0.2414950383
-0.8046572185
-0.8046572185
-0.8046572185
-0.8046572185
-0.4049571524
-0.4049571524
-0.4049571524
-0.4049571524
-0.5057478415
-0.5057478415
-0.5057478415
-0.5057478415
-0.5057478415
-0.5057478415
-0.5057478415
-0.5057478415
-0.5057478415
-0.5057478415
-0.5057478415
-0.6940349933
-0.6940349933
-0.6940349933
-0.6940349933
-0.333226643
-0.333226643
-1.269546004
-1.269546004
-1.269546004
-1.269546004
-1.269546004
-0.3533315584
-0.3533315584
-0.3533315584
-0.3533315584
-0.3533315584
-0.3533315584
-0.3533315584
-0.3533315584
-0.4899638874
-0.4899638874
-0.4899638874
-0.2607461098
-0.2607461098
-0.5450626012
-0.5450626012
-0.5450626012
-0.5450626012
-0.5450626012
-0.5450626012
-0.5450626012
-0.5450626012
-0.5450626012
-0.5450626012
-0.5450626012
-0.5450626012
-0.5450626012
-0.6551166353
-0.4287354035
-0.4287354035
-0.4287354035
-0.4287354035
-0.4287354035
-0.8861783634
-0.8861783634
-0.8861783634
-0.8861783634
-0.8861783634
-0.8861783634
-0.8861783634
-0.8861783634
-0.8861783634
-0.8861783634
-0.8861783634
-0.8861783634
-0.8861783634
-0.3215229438
-0.3215229438
-0.6591464878
-0.2845019131
-0.2845019131
-0.2845019131
-0.2845019131
-0.2845019131
-0.2845019131
-0.2357748077
-0.2357748077
-0.2357748077
-0.4898925334
-0.4898925334
-0.4898925334
-0.4898925334
-0.4898925334
-0.4898925334
-0.4898925334
-0.4898925334
-0.4898925334
-0.4898925334
-0.4898925334
-0.4898925334
-0.4898925334
-0.4898925334
-0.4898925334
-0.4898925334
-0.4898925334
-0.4898925334
-0.2258451972
-0.2258451972
-0.2258451972
-0.2258451972
-0.2258451972
-0.2258451972
-0.6686583366
-0.6686583366
-0.6686583366
-0.6686583366
-0.6686583366
-0.6686583366
-0.6686583366
-0.6686583366
-0.6686583366
-0.6686583366
-0.6686583366
-0.6686583366
-0.6686583366
-0.6686583366
-0.289612945
-0.289612945
-0.289612945
-0.289612945
-0.289612945
-0.289612945
-0.8728835742
-0.8728835742
-0.383752745
-0.5638081814
-0.5638081814
-0.5638081814
-0.5638081814
-0.5012519518
-0.3789458799
-0.3789458799
-0.3789458799
-0.3789458799
-0.3789458799
-0.3789458799
-1.348557865
-1.348557865
-1.348557865
-0.9787681494
-2.554268989
-2.409184393
-2.452897972
-2.452897972
-2.452897972
-2.452897972
-2.452897972
-1.0818237
-1.0818237
-1.0818237
-1.0818237
-1.320718523
-1.320718523
-1.320718523
-0.7957117611
-0.7957117611
-0.7957117611
-0.7957117611
-0.7957117611
-0.7957117611
-0.7957117611
-0.7957117611
-1.002529252
-1.002529252
-1.002529252
-0.2266782137
-0.2266782137
-0.2266782137
-0.2266782137
-0.2266782137
-0.2266782137
-0.2266782137
-0.3098895669
-0.3098895669
-0.3098895669
-0.3098895669
-0.3098895669
-0.2946470366
-0.2946470366
-0.2709818879
-0.2709818879
-0.2709818879
-0.2709818879
-0.2709818879
-0.2709818879
-0.2496181864
-0.2496181864
-0.2496181864
-0.2496181864
-0.2404829273
-0.2404829273
-0.2404829273
-0.2404829273
-0.2404829273
-0.3031260823
-0.3459025444
-0.3459025444
-1.119461104
-1.119461104
-1.119461104
-0.3252315366
-0.3625157477
-0.3625157477
-0.3625157477
-0.3625157477
-0.3625157477
-0.3625157477
-0.2381724386
-0.9072980794
-0.9072980794
-0.9072980794
-0.5215666756
-0.5215666756
-0.2678684506
-0.2678684506
-0.2920794962
-0.2920794962
-0.2920794962
-0.2258281423
-0.2258281423
-0.2258281423
-0.2258281423
-0.2258281423
-0.2258281423
-0.2258281423
-2.701828705
-0.4500823601
-0.4500823601
-0.4500823601
-0.4500823601
-1.600637533
-1.374117145
-0.8589239578
-3.37800294
-3.37800294
-3.37800294
-3.37800294
-3.37800294
-3.1443456
-3.1443456
-3.1443456
-3.1443456
-0.6343340376
-0.6343340376
-0.6343340376
-0.6343340376
-1.252295158
-1.252295158
-1.006709037
-0.22805287
-0.22805287
-0.22805287
-0.22805287
-0.22805287
-0.22805287
-0.22805287
-0.8544983453
-0.6993977088
-0.2712772591
-0.5616639323
-0.8948923218
-0.8948923218
-2.799149346
-1.634940249
-1.634940249
-1.634940249
-0.3470816937
-0.3470816937
-0.3470816937
-0.3470816937
-0.3470816937
-0.3470816937
-0.3470816937
-0.3470816937
-0.3470816937
-0.3470816937
-0.3470816937
-0.3470816937
-0.3470816937
-0.3470816937
-0.3470816937
-0.3003259065
-0.3003259065
-0.3003259065
-0.3003259065
-0.3003259065
-0.3003259065
-0.3003259065
-0.3003259065
-0.3003259065
-0.3003259065
-0.3003259065
-0.3003259065
-0.3003259065
-0.3003259065
-0.4102701301
-0.4102701301
-0.4102701301
-0.4102701301
-0.2303260411
-0.2303260411
-0.2939946297
-0.2939946297
-0.2939946297
-1.797184741
-0.6886527949
-0.6886527949
-0.6886527949
-1.020528265
-1.020528265
-1.020528265
-1.020528265
-0.4736002169
-3.853298636
-3.853298636
-3.853298636
-0.2981468484
-0.2981468484
-0.2981468484
-0.2981468484
-2.259673221
-2.259673221
-2.259673221
-2.259673221
-2.259673221
-0.2317287099
-0.2317287099
-0.3911262183
-0.3911262183
-0.3911262183
-0.3911262183
-1.333392866
-1.333392866
-1.333392866
-1.333392866
-1.333392866
-1.333392866
-0.5139552077
-0.5139552077
-0.5139552077
-0.2414061041
-0.2414061041
-0.2414061041
-0.2414061041
-0.2314080341
-0.2314080341
-0.2314080341
-0.2314080341
-0.2314080341
-0.2314080341
-0.2314080341
-0.2314080341
-0.2314080341
-0.2535805358
-0.2751882193
-0.2751882193
-0.2751882193
-0.2751882193
-0.2751882193
-0.3303900372
-0.3303900372
-0.3303900372
-0.3303900372
-0.3303900372
-0.2392481684
-0.2392481684
-0.2392481684
-0.2392481684
-0.2392481684
-0.2392481684
-1.698819249
-2.52564432
-2.52564432
-1.230295378
-1.489916283
-1.489916283
-1.489916283
-1.489916283
-1.489916283
-1.489916283
-0.8103575665
-0.8103575665
-0.4312245302
-0.4312245302
-0.4312245302
-0.4312245302
-0.7249686731
-0.7249686731
-0.7249686731
-0.7249686731
-0.7249686731
-0.7249686731
-0.9839862629
-0.9839862629
-0.7077624948
-0.7077624948
-0.7077624948
-1.799838568
-0.6270428619
-1.080045042
-0.9502369344
-0.9502369344
-0.9502369344
-0.9502369344
-0.9502369344
-0.9502369344
-0.9502369344
-0.2421070882
-0.2421070882
-0.3842821079
-0.3842821079
-0.3842821079
-0.3842821079
-0.3842821079
-0.3842821079
-0.3366206065
-0.3366206065
-0.3366206065
-0.9186136131
-2.360278578
-2.360278578
-3.033275785
-3.033275785
-0.2658929038
-0.2658929038
-0.2658929038
-0.2658929038
-0.2658929038
-0.2658929038
-0.2658929038
-0.2438298214
-0.2438298214
-0.2438298214
-0.2438298214
-0.2438298214
-0.2438298214
-0.2438298214
-0.2438298214
-0.2438298214
-0.2438298214
-0.2692847958
-0.5677582688
-0.4712388251
-0.4712388251
-0.3652075016
-0.3652075016
-0.3652075016
-0.3652075016
-0.3652075016
-0.3652075016
-0.3652075016
-0.3652075016
-0.3652075016
-0.3652075016
-0.2415355752
-0.2415355752
-0.3448368089
-0.3448368089
-0.6519447961
-0.6519447961
-0.6519447961
-0.6519447961
-2.779371992
-2.779371992
-2.779371992
-2.182657915
-2.182657915
-2.182657915
-0.8107812713
-3.463710536
-3.463710536
-2.411209433
-2.411209433
-2.411209433
-2.411209433
-2.411209433
-2.411209433
-0.9637608863
-0.9637608863
-0.8369691731
-0.8369691731
-0.8369691731
-0.9204722661
-0.9204722661
-0.9204722661
-1.304911607
-1.304911607
-1.066516198
-1.066516198
-1.066516198
-1.066516198
-1.066516198
-1.066516198
-1.066516198
-1.066516198
-0.2739265271
-0.2739265271
-0.2739265271
-0.2739265271
-0.2739265271
-0.2739265271
-0.2739265271
-0.2739265271
-0.2739265271
-0.2739265271
-2.547677512
-1.903179712
-1.903179712
-0.8110112534
-2.569281863
-1.751676188
-1.751676188
-1.751676188
-1.032558904
-1.032558904
-1.032558904
-1.032558904
-1.032558904
-1.013966088
-1.013966088
-1.013966088
-1.013966088
-1.013966088
-1.013966088
-0.9708717822
-0.9708717822
-0.9708717822
-0.9708717822
-0.4817630215
-0.3886009518
-0.3886009518
-0.3886009518
-0.4286606094
-0.4286606094
-0.4286606094
-0.2283243161
-0.2283243161
-0.2283243161
-0.2283243161
-0.2283243161
-0.2283243161
-0.2283243161
-0.2975268828
-0.2975268828
-0.2975268828
-0.2975268828
-0.2975268828
-1.417036381
-1.417036381
-1.417036381
-1.521318671
-0.2321580475
-0.2321580475
-0.2321580475
-0.2321580475
-0.2321580475
-0.5704905999
-0.5704905999
-0.5704905999
-0.321105745
-0.321105745
-0.321105745
-0.321105745
-0.321105745
-0.321105745
-0.321105745
-0.321105745
-0.321105745
-0.321105745
-0.321105745
-0.321105745
-0.321105745
-0.321105745
-0.321105745
-0.321105745
-0.321105745
-0.321105745
-0.321105745
-0.321105745
-0.321105745
-0.321105745
-0.321105745
-0.321105745
-0.321105745
-0.321105745
-0.321105745
-0.321105745
-0.321105745
-0.321105745
-0.321105745
-0.321105745
-0.321105745
-0.321105745
-0.3384993004
-0.3384993004
-0.3384993004
-0.3384993004
-0.3384993004
-0.6862791519
-0.6862791519
-0.6862791519
-0.6862791519
-0.6862791519
-0.9957767457
-0.3590088271
-0.3590088271
-0.3590088271
-0.3590088271
-0.6172478917
-0.6172478917
-1.183327357
-1.183327357
-0.3815577881
-0.3815577881
-0.3815577881
-0.3815577881
-0.4344355393
-0.4344355393
-0.4344355393
-0.4106862696
-0.4106862696
-0.4106862696
-0.3922203132
-0.3922203132
-0.3922203132
-0.3922203132
-0.3922203132
-0.3922203132
-0.3922203132
-0.3922203132
-0.3922203132
-0.7249468302
-0.4325365731
-0.4325365731
-0.4325365731
-0.4325365731
-0.4325365731
-0.4325365731
-0.4325365731
-0.4325365731
-0.4325365731
-0.4325365731
-0.4325365731
-0.4325365731
-0.7425846997
-0.7425846997
-0.7425846997
-0.7425846997
-0.7425846997
-0.7425846997
-0.7425846997
-0.7425846997
-0.7425846997
-0.7425846997
-1.099717163
-1.099717163
-0.2528292351
-0.4908027052
-0.4908027052
-0.4908027052
-0.4908027052
-0.4908027052
-0.4908027052
-0.4908027052
-0.4908027052
-0.4908027052
-0.2661059402
-0.2661059402
-1.466324217
-1.466324217
-1.466324217
-1.466324217
-0.2260503111
-0.2260503111
-1.739814238
-1.739814238
-1.739814238
-1.739814238
-1.739814238
-1.739814238
-1.739814238
-1.739814238
-1.739814238
-0.918391766
-0.2258005672
-0.2258005672
-0.2258005672
-0.2258005672
-0.2314079898
-0.2314079898
-0.2314079898
-0.6431700649
-0.6431700649
-0.6431700649
-0.6431700649
-0.5519161354
-0.5519161354
-0.5519161354
-0.5519161354
-0.5519161354
-0.5519161354
-0.5519161354
-0.5519161354
-0.5142266333
-0.5142266333
-0.5142266333
-0.5142266333
-1.339558287
-1.339558287
-1.339558287
-1.339558287
-1.339558287
-1.339558287
-1.339558287
-1.339558287
-1.242242835
-1.068261214
-0.2375861116
-0.7477539265
-0.7477539265
-0.7477539265
-0.7477539265
-0.7477539265
-0.7477539265
-0.7477539265
-0.7477539265
-0.7477539265
-0.6738861285
-0.6738861285
-0.2896160161
-0.2896160161
-0.2896160161
-0.2896160161
-0.2896160161
-0.2896160161
-0.2896160161
-0.2896160161
-0.2896160161
-0.2896160161
-0.2896160161
-0.2896160161
-0.2896160161
-0.2964517065
-0.2964517065
-0.2964517065
-0.2964517065
-1.410912832
-1.410912832
-1.484456244
-1.484456244
-0.2265349096
-0.2265349096
-0.2265349096
-0.9260582196
-2.094124141
-2.094124141
-3.235869256
-3.235869256
-3.235869256
-3.235869256
-3.235869256
-3.235869256
-2.061582499
-2.061582499
-0.5850928577
-0.5850928577
-0.5850928577
-0.5850928577
-0.5850928577
-0.5850928577
-0.5850928577
-0.5850928577
-0.2277539289
-0.2277539289
-0.2277539289
-0.2277539289
-0.2277539289
-0.2795872464
-0.2795872464
-0.2795872464
-0.2795872464
-0.2795872464
-0.2795872464
-0.2795872464
-0.502297161
-0.502297161
-0.502297161
-0.502297161
-0.502297161
-0.3657359677
-0.3657359677
-0.3657359677
-0.3657359677
-0.3657359677
-0.5472996364
-0.5472996364
-0.5472996364
-0.5472996364
-0.5472996364
-0.3700328777
-0.3700328777
-0.3700328777
-0.3700328777
-0.8595417937
-0.8595417937
-0.8595417937
-0.8595417937
-0.8595417937
-0.8595417937
-0.3798466043
-0.2274153903
-0.2274153903
-0.2274153903
-0.4188095186
-0.4188095186
-0.4188095186
-0.4188095186
-0.4188095186
-0.4188095186
-0.4188095186
-0.4188095186
-1.159419048
-0.5737143552
-0.5737143552
-0.5737143552
-0.5737143552
-0.2722336056
-0.2722336056
-0.2722336056
-0.2722336056
-1.99872509
-0.2460211439
-0.2460211439
-0.2460211439
-0.2460211439
-0.2460211439
-0.2460211439
-0.2460211439
-0.2460211439
-3.07039673
-3.07039673
-3.07039673
-3.07039673
-2.538144358
-0.4694786876
-0.4694786876
-0.4694786876
-0.4694786876
-0.4694786876
-0.4694786876
-0.4694786876
-0.4551272928
-0.4551272928
-0.4551272928
-0.4551272928
-0.4551272928
-0.4551272928
-0.4551272928
-0.4551272928
-0.4551272928
-0.4551272928
-0.4551272928
-2.313937509
-2.313937509
-2.313937509
-2.795666583
-2.795666583
-2.795666583
-0.7877125134
-0.7877125134
-0.7877125134
-0.5275677145
-0.5275677145
-0.5275677145
-0.5275677145
-0.5275677145
-0.5275677145
-0.6460931503
-2.555283042
-2.555283042
-2.555283042
-0.8731972217
-0.8731972217
-0.8731972217
-0.8731972217
-1.040534688
-1.040534688
-4.405247242
-4.405247242
-3.041046708
-3.106148693
-1.708609893
-1.708609893
-1.708609893
-1.708609893
-0.3143660466
-0.4928128541
-0.4928128541
-0.4244541509
-0.4244541509
-0.4244541509
-0.4244541509
-0.4244541509
-0.3004066728
-0.3004066728
-0.3004066728
-0.3004066728
-0.3004066728
-0.3004066728
-0.3004066728
-0.3004066728
-0.3004066728
-0.3004066728
-0.3004066728
-0.3004066728
-0.3004066728
-0.3004066728
-0.3004066728
-0.3004066728
-0.5143223212
-0.5143223212
-1.769277628
-1.769277628
-1.769277628
-0.270906712
-0.270906712
-0.5710645043
-0.5710645043
-1.914015952
-1.914015952
-1.914015952
-1.914015952
-1.914015952
-1.914015952
-1.914015952
-0.3138716452
-0.2445966485
-0.2445966485
-0.2445966485
-0.2445966485
-0.2445966485
-0.2445966485
-0.2445966485
-0.2445966485
-0.2445966485
-0.2445966485
-0.2445966485
-0.54630985
-0.338646139
-0.338646139
-0.338646139
-0.338646139
-0.338646139
-1.155152805
-1.155152805
-1.155152805
-1.155152805
-1.155152805
-1.155152805
-0.2429105989
-0.2259567411
-0.2259567411
-0.2259567411
-0.2259567411
-0.2259567411
-0.2259567411
-0.2259567411
-0.2259567411
-0.2259567411
-0.7263185624
-0.2536334827
-0.2536334827
-0.2536334827
-0.2536334827
-0.2536334827
-0.2536334827
-0.2536334827
-0.2536334827
-0.2536334827
-0.2365968877
-0.2365968877
-1.080248893
-1.080248893
-1.080248893
-1.080248893
-1.080248893
-1.127807869
-1.127807869
-1.127807869
-1.005812524
-1.005812524
-1.005812524
-1.005812524
-0.2417561824
-0.2417561824
-0.2258362894
-0.2258362894
-0.2258362894
-0.2258362894
-0.2258362894
-0.2258362894
-0.236379447
-0.236379447
-0.236379447
-0.2903883324
-0.2903883324
-0.2964097446
-0.2964097446
-0.2964097446
-0.2964097446
-2.68291284
-1.401945275
-1.401945275
-0.2930735344
-0.2930735344
-0.2930735344
-0.3399863823
-0.3399863823
-0.3399863823
-0.3399863823
-0.2284672634
-0.2284672634
-2.398111537
-2.398111537
-2.398111537
-1.857538073
-0.2289654797
-0.2289654797
-0.2289654797
-0.6262781261
-0.2777869993
-0.2777869993
-0.2443775541
-0.2443775541
-0.2443775541
-0.2443775541
-0.2443775541
-0.2443775541
-0.2443775541
-0.2443775541
-0.2443775541
-0.2443775541
-0.2443775541
-0.2443775541
-1.89577752
-1.89577752
-1.89577752
-1.89577752
-2.175759484
-0.5263888453
-0.5263888453
-0.232692215
-0.232692215
-0.232692215
-0.232692215
-0.232692215
-0.232692215
-0.232692215
-0.232692215
-2.714849599
-2.714849599
-1.216180174
-1.216180174
-1.216180174
-1.216180174
-1.026681306
-1.026681306
-1.96963382
-1.358346467
-1.358346467
-1.358346467
-1.358346467
-1.358346467
-0.3759060197
-0.3759060197
-0.3759060197
-0.2326303591
-0.2326303591
-1.618784169
-1.618784169
-1.618784169
-1.618784169
-1.618784169
-1.618784169
-0.4160397456
-0.4160397456
-0.4160397456
-0.4160397456
-0.4160397456
-0.4160397456
-0.4160397456
-0.4160397456
-0.4160397456
-0.4160397456
-0.4160397456
-0.4160397456
-0.4160397456
-0.4160397456
-0.4160397456
-1.115496493
-1.115496493
-1.115496493
-1.115496493
-1.115496493
-1.115496493
-1.115496493
-1.115496493
-0.7350948187
-0.4933885813
-0.404650464
-0.404650464
-2.967335409
-2.967335409
-2.967335409
-4.292807141
-4.292807141
-0.6343767447
-0.6343767447
-0.6343767447
-0.6343767447
-0.6343767447
-0.6343767447
-0.6343767447
-0.6343767447
-2.179753445
-2.179753445
-2.179753445
-2.179753445
-2.179753445
-2.179753445
-1.432794442
-1.432794442
-1.432794442
-1.912456552
-1.912456552
-2.120982951
-2.120982951
-2.120982951
-2.30978255
-2.30978255
-2.30978255
-2.30978255
-2.30978255
-2.30978255
-2.30978255
-2.30978255
-2.30978255
-2.30978255
-2.297750462
-2.297750462
-2.297750462
-0.233328562
-0.233328562
-0.233328562
-0.233328562
-0.4924861104
-0.4924861104
-0.4924861104
-0.4924861104
-0.4924861104
-0.4924861104
-0.4924861104
-0.4924861104
-1.243059787
-1.243059787
-0.6214218987
-0.6214218987
-0.6214218987
-0.4525376816
-0.4525376816
-0.4525376816
-0.4525376816
-0.22831028
-0.7244046768
-0.7244046768
-0.7244046768
-0.7244046768
-0.464090217
-0.464090217
-0.464090217
-0.2461932159
-0.2461932159
-0.2461932159
-0.2461932159
-0.2461932159
-0.2461932159
-0.2461932159
-0.2461932159
-0.2461932159
-0.2461932159
-0.2461932159
-0.2461932159
-0.2461932159
-0.2461932159
-0.2461932159
-0.2461932159
-0.2461932159
-0.2461932159
-0.2461932159
-0.2461932159
-0.2461932159
-0.2461932159
-0.2461932159
-0.6221254066
-0.6221254066
-0.6221254066
-0.6221254066
-0.6221254066
-0.6221254066
-0.6221254066
-0.6221254066
-0.6221254066
-0.6221254066
-0.6221254066
-0.6221254066
-0.6221254066
-0.6221254066
-0.6221254066
-1.086396351
-1.086396351
-1.086396351
-1.086396351
-1.086396351
-1.086396351
-0.2750506546
-0.2750506546
-0.2750506546
-0.3644703647
-1.144545717
-0.6107156943
-0.2608143049
-0.2608143049
-0.2608143049
-0.2608143049
-0.2608143049
-0.7618361669
-0.7618361669
-0.7618361669
-0.7618361669
-0.7618361669
-0.7618361669
-0.7618361669
-0.7618361669
-0.7618361669
-0.7618361669
-0.7618361669
-0.7618361669
-0.7618361669
-0.7618361669
-0.7618361669
-0.7618361669
-0.7618361669
-0.7618361669
-0.7618361669
-0.6045911744
-0.6045911744
-0.6902761089
-0.6902761089
-0.6902761089
-0.6902761089
-0.6902761089
-0.6902761089
-0.321046452
-0.321046452
-0.321046452
-0.321046452
-1.581566555
-1.581566555
-0.2951045019
-0.2951045019
-0.2951045019
-0.2951045019
-0.2951045019
-0.2430346546
-0.2430346546
-0.2430346546
-0.2430346546
-0.2430346546
-0.2271505147
-0.2271505147
-0.2271505147
-2.165581966
-2.165581966
-2.165581966
-2.165581966
-2.165581966
-0.3625617327
-0.3625617327
-1.468486524
-1.468486524
-1.468486524
-1.468486524
-1.468486524
-1.468486524
-1.468486524
-1.79364329
-1.847327183
-1.781107725
-1.781107725
-1.781107725
-4.536373602
-4.536373602
-4.536373602
-4.536373602
-4.536373602
-4.536373602
-4.536373602
-4.536373602
-5.037993849
-2.66825291
-2.66825291
-2.764373004
-2.406715709
-1.489362195
-1.489362195
-1.489362195
-1.489362195
-1.489362195
-1.489362195
-0.2970557742
-0.2970557742
-0.2970557742
-0.2970557742
-0.2970557742
-0.2970557742
-0.2970557742
-0.2970557742
-0.2970557742
-1.592872808
-1.592872808
-1.246244874
-1.246244874
-0.8970240525
-0.8970240525
-0.2358167517
-0.2358167517
-0.2358167517
-0.2358167517
-0.2358167517
-0.2358167517
-0.2358167517
-0.2358167517
-0.2358167517
-0.2358167517
-0.2358167517
-0.2358167517
-0.2358167517
-0.2358167517
-0.2358167517
-0.2358167517
-0.2358167517
-0.2358167517
-0.2358167517
-0.2358167517
-0.2358167517
-0.2358167517
-1.698301215
-1.698301215
-1.698301215
-0.3376779048
-0.3376779048
-0.3376779048
-0.3376779048
-0.3376779048
-0.3376779048
-0.3376779048
-0.6307536865
-0.6307536865
-0.6307536865
-0.6307536865
-0.6307536865
-0.6307536865
-0.6307536865
-0.6307536865
-0.6307536865
-0.2267735558
-0.2267735558
-0.2263545684
-0.2263545684
-0.2263545684
-0.2263545684
-0.6557478073
-0.6557478073
-0.6557478073
-0.6557478073
-0.446108474
-0.446108474
-0.3627432282
-0.3627432282
-0.3627432282
-0.3627432282
-0.3627432282
-0.3627432282
-0.3627432282
-0.3627432282
-2.048184716
-2.048184716
-2.048184716
-1.779971165
-0.9972456793
-0.9972456793
-0.9972456793
-0.9428482341
-0.2770868099
-0.2770868099
-0.4015965816
-0.4015965816
-0.4015965816
-0.4015965816
-0.4015965816
-0.4015965816
-0.4015965816
-0.4015965816
-0.4015965816
-0.4015965816
-0.4015965816
-0.4015965816
-0.2618758157
-0.2618758157
-0.2618758157
-0.2618758157
-0.2618758157
-0.2618758157
-0.2618758157
-0.2618758157
-0.2618758157
-0.2618758157
-0.2618758157
-0.2618758157
-0.2618758157
-0.2618758157
-0.2618758157
-0.2618758157
-0.2618758157
-0.2810100857
-0.2810100857
-0.2810100857
-0.2810100857
-0.2810100857
-0.2810100857
-0.2810100857
-0.2810100857
-0.2291945683
-0.2291945683
-0.2291945683
-0.2291945683
-0.2291945683
-0.2291945683
-0.2291945683
-0.7383869422
-2.057734239
-0.2722568282
-0.2722568282
-0.2722568282
-0.2722568282
-0.2722568282
-0.2722568282
-1.337811215
-2.18577872
-2.18577872
-2.18577872
-2.18577872
-2.18577872
-2.388417118
-2.388417118
-2.388417118
-1.185716922
-1.185716922
-0.826098742
-0.826098742
-0.826098742
-0.826098742
-0.826098742
-0.826098742
-0.826098742
-0.826098742
-0.826098742
-0.826098742
-0.826098742
-0.826098742
-1.427195949
-1.427195949
-1.427195949
-1.427195949
-1.398571425
-1.523611313
-1.523611313
-1.523611313
-1.523611313
-0.2683302245
-0.2683302245
-0.8915286249
-1.47313725
-1.47313725
-1.47313725
-1.47313725
-1.47313725
-1.47313725
-1.47313725
-1.47313725
-1.47313725
-1.47313725
-1.47313725
-1.47313725
-1.47313725
-1.300184967
-1.300184967
-1.300184967
-1.335207898
-1.335207898
-1.335207898
-2.329817388
-2.329817388
-2.329817388
-2.329817388
-0.6365062639
-0.6365062639
-0.6365062639
-0.6365062639
-0.2587695069
-0.2587695069
-0.2587695069
-0.2587695069
-0.2587695069
-0.2587695069
-0.2587695069
-0.2587695069
-0.2587695069
-0.2587695069
-0.2587695069
-0.3640786381
-0.3640786381
-0.3640786381
-0.3640786381
-0.3640786381
-0.6188954889
-0.6188954889
-2.998764587
-2.998764587
-2.998764587
-2.998764587
-2.998764587
-2.998764587
-2.998764587
-2.998764587
-2.998764587
-2.998764587
-2.998764587
-2.998764587
-1.079465759
-1.079465759
-1.079465759
-2.098601903
-2.098601903
-2.642486388
-2.078293104
-0.2361791022
-0.2361791022
-0.2361791022
-0.2361791022
-0.2361791022
-0.2361791022
-0.2361791022
-0.2361791022
-0.2361791022
-0.2361791022
-0.5702174452
-0.426224288
-0.426224288
-0.426224288
-0.426224288
-0.426224288
-0.426224288
-0.4084050122
-0.228818344
-0.228818344
-0.228818344
-0.6357877326
-0.8469762933
-0.8469762933
-0.8469762933
-0.8469762933
-0.8469762933
-0.8469762933
-0.8469762933
-0.8469762933
-0.8469762933
-0.8469762933
-0.8469762933
-0.8469762933
-0.8469762933
-0.2584160516
-0.2584160516
-0.2584160516
-0.2584160516
-0.2584160516
-0.2584160516
-1.679294526
-0.2360456386
-0.2360456386
-0.2360456386
-0.2360456386
-0.2360456386
-0.2360456386
-0.2360456386
-0.2360456386
-0.2360456386
-0.2360456386
-0.2360456386
-0.2360456386
-0.2360456386
-0.2360456386
-0.2475430933
-0.2475430933
-0.3799590389
-1.842124207
-1.842124207
-1.842124207
-0.6769700816
-0.6769700816
-0.6769700816
-0.6769700816
-0.6769700816
-0.6769700816
-0.6769700816
-0.6769700816
-0.6769700816
-0.6769700816
-0.6769700816
-0.4740597727
-0.4740597727
-0.2359720034
-0.2359720034
-0.2359720034
-0.2359720034
-0.5788541228
-0.2263033205
-1.134833852
-1.134833852
-1.134833852
-1.134833852
-1.134833852
-1.134833852
-0.3339264893
-0.271208625
-0.271208625
-0.3006813106
-0.3006813106
-0.9334309884
-0.9334309884
-2.718855695
-2.718855695
-0.8912916157
-0.8912916157
-0.8912916157
-1.71554598
-1.71554598
-1.71554598
-1.71554598
-1.71554598
-1.71554598
-1.71554598
-1.71554598
-1.71554598
-1.71554598
-1.71554598
-1.71554598
-0.3497212488
-0.3497212488
-0.3497212488
-0.3497212488
-0.3497212488
-0.3497212488
-0.2512995279
-0.3065272543
-0.3065272543
-0.3065272543
-0.3065272543
-0.9848511638
-0.9848511638
-0.9848511638
-0.9848511638
-0.9848511638
-0.9848511638
-0.8127064117
-0.8127064117
-0.8127064117
-0.8127064117
-0.2477114282
-0.2477114282
-0.2477114282
-1.369566201
-3.950635604
-3.950635604
-3.950635604
-3.950635604
-3.950635604
-1.378591989
-0.3650982235
-0.3650982235
-0.3650982235
-0.3993327144
-0.3993327144
-0.3993327144
-0.3993327144
-0.3993327144
-0.3410668163
-0.3410668163
-0.2291391042
-0.2291391042
-0.4659996828
-0.4659996828
-0.4659996828
-0.4659996828
-0.2296910206
-0.2296910206
-0.2296910206
-0.2296910206
-0.2296910206
-0.2296910206
-0.2296910206
-0.2258422673
-0.2258422673
-0.2258422673
-0.2258422673
-0.4919944274
-0.4328512566
-1.820530165
-1.820530165
-1.820530165
-1.820530165
-0.2806618546
-0.8788511358
-0.8788511358
-0.8788511358
-0.8788511358
-0.8788511358
-0.8788511358
-0.2894976001
-0.2894976001
-0.6500095478
-0.6500095478
-0.2543018595
-0.2543018595
-0.2543018595
-0.2543018595
-0.2543018595
-0.2543018595
-0.2543018595
-0.2543018595
-0.2543018595
-0.2543018595
-0.2543018595
-0.9268474007
-0.9268474007
-0.9268474007
-0.9268474007
-0.9268474007
-0.9268474007
-0.9268474007
-0.9268474007
-0.9268474007
-0.9268474007
-0.2427358826
-0.2427358826
-0.2925560734
-0.2925560734
-0.2658483308
-0.2658483308
-0.2658483308
-0.2658483308
-0.2280808479
-0.2280808479
-0.2280808479
-0.246721069
-0.279210105
-0.279210105
-0.279210105
-0.475227775
-0.475227775
-0.475227775
-0.475227775
-0.475227775
-0.475227775
-0.475227775
-0.475227775
-0.475227775
-0.475227775
-0.2314584155
-0.2314584155
-0.2314584155
-0.2314584155
-0.3104106239
-0.3104106239
-0.3104106239
-0.3104106239
-0.3104106239
-0.3104106239
-0.3104106239
-1.34278825
-0.2342671218
-0.2342671218
-0.2342671218
-0.2342671218
-0.2342671218
-0.2342671218
-0.2262024776
-0.2262024776
-0.2262024776
-0.2262024776
-0.2652058185
-0.2652058185
-0.2652058185
-0.2494891792
-0.2494891792
-0.2494891792
-0.2494891792
-0.2494891792
-0.2494891792
-0.332021839
-0.3952955469
-0.3952955469
-0.3952955469
-0.3952955469
-0.3952955469
-1.858233132
-1.858233132
-1.858233132
-1.858233132
-1.858233132
-1.858233132
-1.858233132
-1.17216786
-1.17216786
-1.17216786
-1.17216786
-1.17216786
-1.151973244
-1.151973244
-0.5702975591
-0.5702975591
-0.3580571352
-0.3580571352
-0.3580571352
-0.3580571352
-0.3580571352
-0.2701972455
-0.2701972455
-0.2701972455
-0.2701972455
-0.2701972455
-0.2701972455
-0.2701972455
-0.2701972455
-0.2701972455
-0.2701972455
-0.2701972455
-0.2701972455
-0.2701972455
-0.270156106
-0.3126925858
-0.3126925858
-0.3126925858
-0.3785668312
-0.3785668312
-0.5076339357
-0.2707385167
-0.2707385167
-0.9369492324
-0.9369492324
-3.424356407
-0.3005346689
-0.3432532735
-0.3432532735
-0.3432532735
-0.3432532735
-0.3432532735
-0.3432532735
-0.3432532735
-0.3432532735
-0.3432532735
-0.3432532735
-0.3432532735
-0.3432532735
-0.2258419258
-0.2258419258
-0.2277680869
-0.2277680869
-0.2277680869
-0.2277680869
-0.2277680869
-0.2277680869
-0.2277680869
-0.3994396556
-0.3994396556
-0.7848985332
-0.7848985332
-0.7848985332
-0.7848985332
-0.6752161755
-0.2731918304
-0.9097581025
-0.3702946316
-0.3702946316
-0.3702946316
-0.3702946316
-0.3702946316
-0.3702946316
-0.2535295605
-0.2535295605
-1.276955737
-1.276955737
-1.573989588
-1.573989588
-1.573989588
-0.2369645874
-0.2369645874
-0.2369645874
-0.2369645874
-0.2524018363
-0.2524018363
-0.2818151713
-0.2818151713
-0.2818151713
-0.2818151713
-0.2818151713
-0.2818151713
-0.2818151713
-0.2818151713
-0.2818151713
-0.2818151713
-0.2818151713
-0.2818151713
-0.2818151713
-0.2750977203
-0.2750977203
-0.2750977203
-0.2750977203
-0.2750977203
-0.5448522252
-0.5448522252
-1.148699341
-1.148699341
-0.5109038991
-0.4929410136
-0.4929410136
-0.4929410136
-0.4929410136
-0.4929410136
-0.4929410136
-0.4929410136
-0.4929410136
-1.8523086
-1.8523086
-1.8523086
-0.3612462387
-2.88373105
-2.88373105
-2.88373105
-0.2266399243
-0.2266399243
-0.2266399243
-0.2266399243
-0.2266399243
-0.2266399243
-0.2266399243
-0.2266399243
-0.2266399243
-0.2266399243
-0.2266399243
-0.2266399243
-0.2266399243
-0.2266399243
-0.2266399243
-0.2266399243
-0.713286539
-0.713286539
-0.713286539
-0.713286539
-0.713286539
-0.4105613908
-0.4105613908
-0.4105613908
-0.4105613908
-0.4105613908
-0.4105613908
-0.4105613908
-0.4105613908
-0.4105613908
-0.4105613908
-0.4105613908
-0.4105613908
-0.4105613908
-1.103941777
-1.103941777
-1.103941777
-0.6735046621
-0.2261302132
-0.2261302132
-0.2261302132
-0.2261302132
-0.2261302132
-0.2261302132
-0.2422063468
-0.2422063468
-0.2422063468
-0.3223207352
-0.3223207352
-0.3223207352
-0.3223207352
-0.2293591359
-0.2293591359
-0.2293591359
-0.2293591359
-0.2293591359
-0.2293591359
-0.2963102616
-0.2963102616
-0.2963102616
-0.2963102616
-0.2963102616
-0.2963102616
-0.2963102616
-1.116685452
-1.116685452
-1.116685452
-1.882774493
-0.2285231211
-0.2285231211
-0.2285231211
-0.2285231211
-0.2285231211
-0.2285231211
-0.2285231211
-0.2285231211
-0.2285231211
-0.2285231211
-0.5949683401
-0.5949683401
-0.5949683401
-1.198404635
-1.198404635
-0.5506863744
-0.5506863744
-0.5506863744
-0.5506863744
-0.5506863744
-0.5506863744
-0.5506863744
-0.5506863744
-0.5506863744
-0.5506863744
-0.2817997373
-0.2817997373
-0.2817997373
-0.2817997373
-0.2817997373
-0.2817997373
-0.2856536106
-0.2856536106
-0.2856536106
-0.2856536106
-0.2856536106
-0.2856536106
-0.227934566
-0.227934566
-0.227934566
-0.227934566
-0.9169017929
-0.9807524829
-0.9807524829
-0.9807524829
-0.9807524829
-0.9807524829
-0.9807524829
-0.9807524829
-0.9807524829
-0.5083752952
-0.5083752952
-0.5083752952
-0.5083752952
-0.5083752952
-0.6087059175
-0.8939057135
-0.8939057135
-0.8939057135
-0.8939057135
-0.8939057135
-0.3568263651
-0.3568263651
-0.3568263651
-0.3568263651
-0.3568263651
-0.3568263651
-0.3568263651
-0.6336898985
-0.6336898985
-0.6336898985
-0.7177827929
-1.02025024
-1.02025024
-1.02025024
-1.02025024
-1.02025024
-1.02025024
-2.129146278
-0.9057525239
-0.8276592341
-0.8276592341
-0.8276592341
-0.8276592341
-0.8276592341
-0.8276592341
-0.3615492178
-0.3615492178
-0.3615492178
-0.3615492178
-0.3615492178
-0.3615492178
-0.2591915524
-0.2591915524
-0.2591915524
-0.269040119
-0.269040119
-0.269040119
-0.269040119
-0.269040119
-0.269040119
-0.3318567431
-0.3318567431
-0.3318567431
-0.3318567431
-1.023177965
-1.023177965
-1.023177965
-1.023177965
-1.023177965
-0.8226217932
-0.8226217932
-0.8226217932
-0.8226217932
-0.8226217932
-0.8226217932
-0.2291928585
-0.2291928585
-0.2375224778
-0.2375224778
-0.2375224778
-0.2375224778
-1.608202852
-1.608202852
-1.608549233
-1.608549233
-1.608549233
-1.608549233
-0.9246556379
-0.9246556379
-0.9246556379
-0.9246556379
-0.9246556379
-0.2359201441
-0.2359201441
-0.2359201441
-0.2359201441
-0.2325825493
-0.2325825493
-0.2325825493
-0.2325825493
-0.2325825493
-0.2325825493
-0.500553702
-0.500553702
-0.4171427043
-0.371878585
-0.371878585
-0.371878585
-0.371878585
-0.7192783438
-0.7192783438
-0.7192783438
-0.7192783438
-0.7192783438
-0.292079611
-0.292079611
-0.292079611
-0.292079611
-0.292079611
-0.292079611
-0.292079611
-0.292079611
-0.292079611
-0.292079611
-0.292079611
-0.292079611
-0.292079611
-0.292079611
-0.292079611
-0.292079611
-0.292079611
-0.292079611
-0.292079611
-0.292079611
-0.292079611
-0.292079611
-0.292079611
-0.292079611
-0.292079611
-0.292079611
-0.292079611
-0.292079611
-0.292079611
-0.292079611
-0.292079611
-0.292079611
-0.292079611
-0.292079611
-0.292079611
-0.292079611
-0.292079611
-0.2610674384
-0.2610674384
-0.2610674384
-0.2610674384
-0.2610674384
-0.2610674384
-0.2610674384
-0.3062628773
-0.3062628773
-0.3062628773
-0.3062628773
-0.8001461009
-0.8576957253
-0.8576957253
-0.8576957253
-0.8576957253
-0.7925954188
-0.7925954188
-0.7925954188
-0.7925954188
-0.7925954188
-0.7925954188
-0.2991524639
-0.2991524639
-0.2991524639
-0.2991524639
-0.2991524639
-1.731055238
-1.731055238
-1.731055238
-1.731055238
-0.595010113
-1.738461998
-1.738461998
-1.738461998
-1.738461998
-1.738461998
-0.4233451872
-0.4233451872
-0.4233451872
-0.4233451872
-0.4233451872
-0.4233451872
-0.4233451872
-0.615689907
-0.615689907
-0.615689907
-0.615689907
-0.615689907
-0.3531355978
-0.3531355978
-0.3531355978
-0.2310167018
-0.2310167018
-0.3046407049
-0.3046407049
-0.3046407049
-0.3765441215
-0.3765441215
-0.3765441215
-0.3765441215
-0.3765441215
-0.3481499409
-0.3481499409
-0.3481499409
-0.3481499409
-0.3082492714
-0.3082492714
-0.3082492714
-0.3082492714
-0.3082492714
-0.3082492714
-0.3082492714
-0.3082492714
-0.3082492714
-0.3082492714
-0.3082492714
-0.3082492714
-0.8792661417
-0.8792661417
-0.8792661417
-0.8792661417
-0.8792661417
-0.2614805185
-0.2614805185
-0.2614805185
-0.2614805185
-0.2614805185
-0.2614805185
-0.2614805185
-0.2614805185
-0.2614805185
-0.2614805185
-0.2614805185
-0.2659617005
-1.645414995
-1.645414995
-1.645414995
-0.3402721696
-0.3402721696
-0.3402721696
-0.3402721696
-1.069286692
-1.069286692
-1.069286692
-0.7382436609
-0.7382436609
-0.7382436609
-0.7382436609
-0.7382436609
-0.7382436609
-0.7382436609
-0.2385872511
-0.2385872511
-0.2385872511
-0.607288452
-0.607288452
-0.5984137876
-1.083655806
-0.3649270669
-0.3649270669
-0.3649270669
-0.4048915463
-0.4048915463
-0.4048915463
-0.4108033775
-1.649828054
-1.649828054
-1.649828054
-1.649828054
-1.649828054
-1.649828054
-1.649828054
-1.649828054
-1.649828054
-1.649828054
-1.649828054
-1.649828054
-1.649828054
-1.649828054
-1.649828054
-0.9776568163
-0.9776568163
-0.9776568163
-0.9776568163
-0.9776568163
-0.9776568163
-0.9776568163
-0.9776568163
-2.166222436
-2.166222436
-2.166222436
-0.2275876517
-0.2275876517
-0.2275876517
-0.2275876517
-0.2275876517
-0.2275876517
-0.3000927353
-0.9492181468
-0.9492181468
-0.5787667974
-0.5787667974
-0.5787667974
-0.5787667974
-0.5787667974
-0.5787667974
-0.5787667974
-0.5787667974
-0.5787667974
-1.096164617
-1.096164617
-0.2435618026
-0.2435618026
-0.2435618026
-0.2435618026
-0.2435618026
-0.2435618026
-0.2435618026
-0.2435618026
-0.7249312766
-0.7249312766
-0.5625635737
-1.961088619
-1.961088619
-1.961088619
-1.961088619
-0.4406529366
-0.7361420537
-0.7361420537
-0.7361420537
-0.7361420537
-0.4157828334
-0.4157828334
-0.4157828334
-0.4157828334
-0.4157828334
-0.6292849959
-0.6292849959
-0.6292849959
-0.6292849959
-0.6292849959
-0.6292849959
-0.6292849959
-1.088214494
-1.088214494
-1.645730329
-1.645730329
-1.645730329
-1.645730329
-1.645730329
-1.645730329
-0.2585328453
-0.2585328453
-0.2585328453
-0.2585328453
-0.2585328453
-0.2585328453
-2.588068478
-2.588068478
-2.588068478
-2.588068478
-2.588068478
-2.588068478
-2.588068478
-0.8793143756
-0.8793143756
-0.2623566163
-0.2623566163
-0.2412662821
-0.2412662821
-0.2412662821
-0.2412662821
-0.2412662821
-0.2412662821
-0.2412662821
-0.2412662821
-0.3808301858
-0.280338843
-0.280338843
-1.515719258
-2.537825452
-0.5542579497
-0.5542579497
-0.5542579497
-0.5542579497
-0.5542579497
-0.4029553963
-0.4029553963
-2.288618135
-2.288618135
-2.288618135
-2.288618135
-3.103574221
-2.9674349
-2.413917767
-2.413917767
-2.413917767
-2.413917767
-2.413917767
-2.413917767
-2.958356228
-2.958356228
-0.4511156618
-0.4511156618
-0.4511156618
-0.4511156618
-0.4511156618
-0.4511156618
-0.4511156618
-0.5462734842
-0.7301278318
-0.2759538532
-0.4388700827
-0.4388700827
-0.4388700827
-0.4388700827
-0.4388700827
-0.4388700827
-0.3736867253
-0.3736867253
-0.3736867253
-0.3736867253
-0.3736867253
-0.3736867253
-0.3736867253
-0.3736867253
-0.3736867253
-0.3437470447
-0.3437470447
-0.3437470447
-0.3437470447
-2.678983827
-2.678983827
-0.4475815679
-0.4475815679
-0.4475815679
-0.3708074667
-0.3497426551
-0.3497426551
-0.3497426551
-0.3497426551
-0.3497426551
-0.3497426551
-0.3497426551
-4.594086131
-0.232650172
-0.232650172
-1.581469189
-1.581469189
-0.3823012396
-0.3823012396
-0.3823012396
-0.3823012396
-0.3823012396
-0.3823012396
-0.3823012396
-0.3823012396
-0.2275493106
-0.2275493106
-0.3001560542
-0.3001560542
-0.3001560542
-0.3001560542
-0.3001560542
-0.3001560542
-0.4228852362
-0.6287611607
-0.6287611607
-0.6287611607
-0.6287611607
-0.4900817264
-0.4900817264
-0.4900817264
-0.4900817264
-0.4900817264
-0.4900817264
-0.2312822329
-0.2312822329
-0.2312822329
-0.2312822329
-0.3943387257
-0.3943387257
-2.527940298
-0.283349239
-0.283349239
-0.283349239
-0.283349239
-0.283349239
-0.283349239
-0.283349239
-0.283349239
-0.283349239
-0.283349239
-0.283349239
-0.283349239
-0.283349239
-0.283349239
-0.283349239
-0.283349239
-0.6392315948
-0.6392315948
-0.6392315948
-0.3991936042
-0.3991936042
-0.3991936042
-0.3991936042
-0.9681744843
-0.9681744843
-0.9681744843
-0.9681744843
-0.9681744843
-0.9681744843
-0.9681744843
-0.8803558802
-0.8803558802
-0.8803558802
-0.8803558802
-0.8803558802
-0.8803558802
-0.8803558802
-1.605847502
-1.605847502
-1.605847502
-1.605847502
-1.605847502
-1.605847502
-1.605847502
-0.5371852697
-0.5371852697
-0.5371852697
-0.5371852697
-0.5371852697
-0.5371852697
-0.5371852697
-0.5371852697
-0.5371852697
-0.5371852697
-0.5371852697
-0.7489871666
-0.7489871666
-0.7489871666
-0.7489871666
-0.7489871666
-0.7489871666
-0.7489871666
-0.7489871666
-0.7489871666
-0.7489871666
-0.7489871666
-0.7489871666
-0.7489871666
-0.7489871666
-1.634853709
-1.634853709
-0.2718002807
-0.2718002807
-0.436879585
-0.436879585
-0.436879585
-0.436879585
-1.465039248
-1.465039248
-1.465039248
-0.3666170065
-0.3666170065
-0.3666170065
-0.3666170065
-0.3666170065
-0.2273132284
-0.2273132284
-0.2273132284
-1.40677933
-1.40677933
-1.40677933
-0.487057588
-0.487057588
-0.487057588
-0.487057588
-0.487057588
-0.487057588
-0.487057588
-0.487057588
-0.487057588
-0.487057588
-0.487057588
-0.487057588
-0.487057588
-0.487057588
-0.487057588
-0.487057588
-0.487057588
-0.487057588
-0.487057588
-0.487057588
-0.487057588
-0.487057588
-0.487057588
-0.487057588
-0.487057588
-0.2354030818
-0.2354030818
-0.2354030818
-0.2354030818
-0.2354030818
-0.2354030818
-0.2354030818
-1.161046401
-1.681631878
-1.681631878
-1.681631878
-0.5817695019
-0.5817695019
-0.5817695019
-0.5817695019
-0.5817695019
-0.5817695019
-0.2338344503
-0.4288682417
-0.226131202
-0.226131202
-0.226131202
-0.226131202
-0.226131202
-0.226131202
-0.226131202
-0.226131202
-0.226131202
-0.226131202
-0.226131202
-0.226131202
-0.226131202
-0.226131202
-0.226131202
-0.226131202
-0.226131202
-0.226131202
-0.226131202
-0.226131202
-0.226131202
-0.226131202
-0.226131202
-0.3768335381
-0.3768335381
-0.3573132402
-0.3573132402
-0.3573132402
-0.3573132402
-0.3573132402
-0.3573132402
-0.3573132402
-0.3573132402
-0.3573132402
-0.2356158192
-0.2356158192
-0.2356158192
-0.2291146752
-0.2291146752
-0.2291146752
-0.2291146752
-0.2291146752
-0.2291146752
-0.2584055085
-0.2584055085
-0.2584055085
-0.2584055085
-0.3150612987
-0.3150612987
-0.3150612987
-0.3150612987
-0.3150612987
-0.3150612987
-0.3150612987
-0.3150612987
-0.3150612987
-0.3150612987
-0.3150612987
-0.3150612987
-0.3824410744
-1.673316508
-0.2258413207
-0.2258413207
-0.2258413207
-0.2258413207
-0.2258413207
-0.2258413207
-0.2258413207
-0.2258413207
-0.2258413207
-0.2258413207
-0.2258413207
-0.2258413207
-0.2258413207
-0.2258413207
-0.2258413207
-0.2258413207
-0.2258413207
-0.2258413207
-0.2258413207
-0.2258413207
-0.2846879016
-0.2846879016
-0.2803325939
-0.2803325939
-0.2803325939
-0.2803325939
-0.2803325939
-0.2803325939
-0.2803325939
-0.2803325939
-0.2803325939
-0.2803325939
-0.2803325939
-0.2803325939
-2.25550674
-2.330796533
-1.215481326
-1.215481326
-1.215481326
-1.215481326
-1.07962712
-1.07962712
-1.07962712
-1.07962712
-1.07962712
-1.523765047
-1.523765047
-1.523765047
-1.523765047
-1.523765047
-1.523765047
-0.2851792401
-0.2851792401
-0.2851792401
-0.2851792401
-0.4674416168
-0.4674416168
-0.4674416168
-0.4674416168
-0.4674416168
-0.4674416168
-0.4674416168
-1.159770077
-1.159770077
-1.159770077
-1.159770077
-1.159770077
-1.159770077
-1.159770077
-1.159770077
-4.170395255
-0.2872940882
-0.2872940882
-0.2872940882
-0.2872940882
-0.2297089167
-0.2297089167
-0.2297089167
-0.2297089167
-0.2297089167
-0.2297089167
-0.4137900585
-0.4137900585
-0.4137900585
-0.625663194
-0.625663194
-0.625663194
-0.625663194
-0.625663194
-0.625663194
-0.625663194
-0.625663194
-0.625663194
-0.625663194
-0.625663194
-0.625663194
-0.625663194
-0.625663194
-0.625663194
-0.4408671054
-0.4408671054
-0.4408671054
-0.4408671054
-0.4408671054
-0.4408671054
-0.4190543715
-0.4190543715
-0.2477784427
-0.2477784427
-0.2592374002
-0.2592374002
-0.2592374002
-0.2592374002
-0.2802953703
-0.2802953703
-0.2802953703
-0.2936443957
-0.2936443957
-2.686435848
-3.243225073
-0.2511091887
-0.2511091887
-0.2511091887
-0.236567158
-0.236567158
-0.236567158
-0.236567158
-0.236567158
-0.236567158
-0.4168465375
-0.4168465375
-0.4168465375
-0.4168465375
-0.4168465375
-0.4168465375
-0.4168465375
-0.4168465375
-0.4168465375
-0.4168465375
-0.4168465375
-0.4168465375
-0.4168465375
-0.4168465375
-2.121613565
-2.121613565
-2.121613565
-2.121613565
-1.526551933
-1.526551933
-1.526551933
-1.526551933
-0.2666541842
-0.2666541842
-0.2666541842
-0.2666541842
-0.2666541842
-0.2666541842
-0.2666541842
-0.9075441508
-0.9075441508
-0.559857659
-0.559857659
-0.559857659
-0.6879630992
-0.6879630992
-0.6879630992
-0.6879630992
-0.6879630992
-0.6879630992
-0.6879630992
-0.6879630992
-0.6879630992
-0.6879630992
-0.4051057266
-0.4051057266
-0.4051057266
-0.4051057266
-0.4051057266
-0.4051057266
-0.4051057266
-0.229359878
-0.229359878
-0.229359878
-0.229359878
-0.229359878
-0.229359878
-0.229359878
-0.229359878
-0.229359878
-0.229359878
-0.229359878
-0.229359878
-0.229359878
-0.229359878
-0.229359878
-0.229359878
-0.2266655924
-0.2266655924
-0.2266655924
-1.103732675
-1.103732675
-0.5584344268
-0.5584344268
-1.080643314
-0.2577183932
-0.2577183932
-0.2577183932
-0.2301950259
-0.4818670741
-0.3375157094
-0.3375157094
-0.3375157094
-0.3375157094
-1.258200081
-1.258200081
-1.258200081
-1.258200081
-1.258200081
-1.258200081
-1.459718612
-1.812510307
-0.8939352966
-0.2732487159
-0.2732487159
-0.2637891222
-0.2637891222
-0.2637891222
-0.2637891222
-0.2637891222
-0.2637891222
-0.2637891222
-0.2637891222
-0.2637891222
-0.2637891222
-0.2637891222
-0.2637891222
-0.2637891222
-0.2637891222
-0.7141791919
-0.2534018141
-0.2534018141
-0.2534018141
-0.4079658407
-0.4079658407
-0.4079658407
-0.4079658407
-0.4079658407
-0.4079658407
-0.4079658407
-1.878535018
-1.878535018
-1.878535018
-3.008292497
-3.008292497
-3.150998173
-1.837288398
-1.837288398
-2.471698343
-2.471698343
-2.471698343
-2.471698343
-1.309364314
-1.309364314
-0.2386439454
-0.2386439454
-0.2386439454
-0.2386439454
-0.2386439454
-0.2386439454
-0.2386439454
-0.2386439454
-0.2386439454
-0.2386439454
-0.2386439454
-0.3646694957
-0.3646694957
-0.3646694957
-0.3646694957
-0.3646694957
-0.3646694957
-0.3646694957
-0.3646694957
-0.3646694957
-0.3646694957
-0.3646694957
-0.3646694957
-0.3646694957
-0.3646694957
-0.3646694957
-1.227801701
-1.227801701
-1.227801701
-1.227801701
-0.2292829648
-0.2292829648
-0.3680616364
-0.3680616364
-0.7602765724
-0.7602765724
-0.7602765724
-0.7602765724
-0.7602765724
-0.2455270037
-0.2455270037
-0.2455270037
-0.2455270037
-0.2455270037
-0.8944889117
-0.8944889117
-0.8944889117
-1.655809515
-1.655809515
-1.655809515
-1.655809515
-1.655809515
-1.655809515
-1.655809515
-0.7607477023
-0.2268461065
-0.5162238014
-0.5162238014
-0.5162238014
-0.5162238014
-0.2389104274
-0.2389104274
-0.2389104274
-0.2389104274
-0.2389104274
-0.2389104274
-0.2389104274
-0.2389104274
-0.6227596154
-0.6227596154
-0.2821969947
-0.2767309051
-0.2327370619
-0.2327370619
-0.7298628294
-0.7298628294
-0.6824618195
-0.2518753015
-0.3822023219
-0.3822023219
-0.3822023219
-0.3822023219
-0.3822023219
-0.3822023219
-0.3822023219
-0.3822023219
-0.7780737773
-0.7780737773
-0.7780737773
-0.7780737773
-0.7780737773
-0.7780737773
-0.7780737773
-0.7780737773
-0.7780737773
-0.7483644301
-1.15611449
-0.2819545773
-0.2819545773
-0.2819545773
-0.2819545773
-0.3122015571
-0.3122015571
-0.3122015571
-0.3122015571
-0.3122015571
-0.2258165978
-0.2258165978
-0.2929612998
-0.2929612998
-0.2929612998
-0.2929612998
-0.2929612998
-0.2929612998
-0.2929612998
-0.2929612998
-0.2929612998
-0.7184186707
-1.04946211
-1.04946211
-1.04946211
-1.04946211
-1.04946211
-1.04946211
-1.04946211
-1.04946211
-1.04946211
-0.5164274294
-0.5164274294
-0.5164274294
-0.5164274294
-0.5164274294
-0.7431146282
-0.2413591476
-0.2413591476
-0.2886489876
-0.2886489876
-0.2886489876
-0.2886489876
-0.2456448094
-0.2456448094
-0.2456448094
-0.2456448094
-0.2456448094
-1.001884614
-1.001884614
-1.001884614
-1.001884614
-1.001884614
-1.001884614
-1.001884614
-1.113952856
-1.113952856
-1.113952856
-1.113952856
-1.113952856
-1.113952856
-1.113952856
-1.113952856
-0.4044201805
-0.4044201805
-0.4044201805
-0.4044201805
-0.4044201805
-0.7438236243
-0.7438236243
-0.7438236243
-0.7438236243
-0.3357042014
-0.9915999796
-1.10171313
-1.643759462
-0.4902197421
-0.4902197421
-0.8879885773
-0.9787294141
-0.9787294141
-0.9787294141
-0.3229833287
-0.3229833287
-0.3229833287
-0.3229833287
-0.3229833287
-0.3229833287
-0.3229833287
-0.3229833287
-0.3229833287
-0.3229833287
-1.504519913
-0.9329311101
-0.9329311101
-0.9329311101
-0.9329311101
-0.9329311101
-0.9329311101
-0.9329311101
-0.9329311101
-0.9329311101
-3.796507196
-3.796507196
-0.7460870259
-0.7460870259
-0.7460870259
-2.172234691
-2.172234691
-2.172234691
-2.172234691
-2.172234691
-0.5447132406
-1.587005407
-1.587005407
-0.8935833345
-0.8935833345
-0.8935833345
-0.8935833345
-0.8935833345
-0.8935833345
-0.3201247508
-0.2568559525
-1.555625168
-1.037031054
-0.2326562413
-0.2326562413
-0.2326562413
-2.132493279
-2.132493279
-0.7580218629
-0.7580218629
-1.135503419
-1.318915746
-1.318915746
-1.318915746
-1.069333806
-1.508357097
-1.508357097
-1.508357097
-1.508357097
-1.508357097
-1.508357097
-1.508357097
-1.508357097
-1.508357097
-1.508357097
-1.508357097
-1.508357097
-0.7128687636
-0.4732902216
-0.6650442034
-0.5841084817
-0.5841084817
-0.5841084817
-0.5841084817
-0.5841084817
-0.5841084817
-0.5841084817
-0.5841084817
-0.5841084817
-0.5841084817
-0.2359775411
-0.2359775411
-0.3096552247
-0.3096552247
-0.3096552247
-0.3096552247
-0.3096552247
-0.3096552247
-0.3096552247
-0.2292950518
-0.2292950518
-0.2292950518
-0.2292950518
-0.2292950518
-0.2292950518
-0.2292950518
-0.2292950518
-0.2292950518
-0.2349779465
-0.2349779465
-0.2967926094
-0.2967926094
-0.2967926094
-0.2967926094
-0.2967926094
-0.2967926094
-0.2967926094
-0.2967926094
-0.3413574587
-0.3413574587
-0.3413574587
-0.3413574587
-0.3413574587
-0.3413574587
-0.551510583
-0.551510583
-0.551510583
-0.7356318124
-0.7356318124
-0.7356318124
-0.7191862359
-0.7191862359
-0.7191862359
-0.7191862359
-0.7191862359
-0.7191862359
-0.7191862359
-0.7191862359
-0.7191862359
-0.2269072323
-0.2269072323
-0.7827090687
-0.7827090687
-0.7827090687
-0.7827090687
-0.7827090687
-0.3217479455
-0.3217479455
-0.3217479455
-0.440848887
-0.440848887
-0.440848887
-0.440848887
-0.440848887
-0.440848887
-0.440848887
-0.440848887
-0.440848887
-0.2454683476
-0.2454683476
-0.2454683476
-0.2454683476
-0.2454683476
-0.2454683476
-0.2454683476
-0.2454683476
-0.2454683476
-0.2454683476
-0.2454683476
-0.2454683476
-0.2454683476
-0.2454683476
-0.2454683476
-0.2454683476
-0.2454683476
-0.2454683476
-0.2665537667
-0.2992865336
-0.2992865336
-0.2992865336
-0.2992865336
-0.2992865336
-0.2992865336
-0.2992865336
-1.651338076
-1.651338076
-1.651338076
-1.651338076
-2.99903158
-4.034790297
-4.034790297
-4.034790297
-0.2426276247
-0.2426276247
-0.2426276247
-0.2426276247
-0.2426276247
-0.2426276247
-0.2426276247
-0.2426276247
-0.2426276247
-0.2426276247
-0.2426276247
-0.2426276247
-0.2426276247
-0.2426276247
-0.2426276247
-0.7938410254
-0.7938410254
-0.8597867377
-0.8597867377
-0.3377570261
-0.3377570261
-0.3377570261
-0.3377570261
-0.3377570261
-0.3377570261
-0.3025944525
-0.3025944525
-0.3025944525
-0.2688088784
-0.5594474818
-0.5594474818
-0.5583840255
-0.5583840255
-0.5583840255
-0.5583840255
-0.5583840255
-0.5583840255
-0.2273185457
-0.2273185457
-0.2273185457
-0.2443035951
-0.2443035951
-0.2443035951
-0.2443035951
-0.2443035951
-0.2443035951
-0.2443035951
-0.2443035951
-0.2443035951
-0.2443035951
-0.2443035951
-0.3309400854
-0.3309400854
-0.3309400854
-0.3309400854
-0.3309400854
-0.3309400854
-0.3309400854
-0.3309400854
-0.2518431061
-0.2518431061
-0.2518431061
-0.2467820638
-0.2467820638
-0.2467820638
-0.2467820638
-0.2467820638
-0.5897334492
-0.5897334492
-0.5897334492
-0.5897334492
-0.3080856672
-0.3080856672
-0.3080856672
-0.7065714795
-0.8650838332
-0.8650838332
-0.4125065822
-0.7128467801
-0.7128467801
-0.8981742735
-0.8981742735
-1.297195742
-1.297195742
-1.297195742
-0.3560906729
-0.3560906729
-0.3560906729
-0.3560906729
-0.3520341263
-0.3520341263
-0.3520341263
-0.3520341263
-0.7542203495
-0.7542203495
-0.7542203495
-0.7542203495
-0.7542203495
-0.7542203495
-0.7542203495
-0.7542203495
-0.7542203495
-1.695288905
-1.695288905
-1.695288905
-1.695288905
-1.695288905
-0.7867008354
-0.7867008354
-0.7867008354
-0.2988016055
-1.795919961
-0.3939042953
-0.3939042953
-0.3939042953
-0.3939042953
-0.3939042953
-0.2271933678
-0.2271933678
-0.2271933678
-0.2271933678
-0.2271933678
-0.2271933678
-0.2271933678
-0.2271933678
-0.2271933678
-0.2271933678
-0.2271933678
-0.2271933678
-0.2271933678
-0.2271933678
-0.2271933678
-0.2271933678
-0.2271933678
-0.4931422627
-0.8892652512
-0.8892652512
-0.8892652512
-0.8892652512
-0.8892652512
-0.4565019445
-2.910509388
-0.2438785452
-0.2438785452
-0.2287770334
-0.6025134626
-0.5737348043
-0.5737348043
-0.5737348043
-0.4272120313
-0.4272120313
-0.4272120313
-0.4272120313
-0.4272120313
-0.4272120313
-0.2391873377
-0.2391873377
-0.2391873377
-0.2391873377
-0.2391873377
-0.77118863
-0.77118863
-0.77118863
-0.77118863
-0.77118863
-0.77118863
-0.77118863
-0.77118863
-1.759221863
-1.759221863
-1.387852244
-1.387852244
-1.387852244
-1.387852244
-1.387852244
-1.387852244
-1.387852244
-0.2289821825
-0.2289821825
-0.2289821825
-0.2289821825
-0.2289821825
-0.2289821825
-0.2289821825
-0.2685116831
-0.2685116831
-0.2685116831
-0.2685116831
-0.2685116831
-0.2685116831
-0.2685116831
-0.2685116831
-0.2685116831
-0.2685116831
-0.2685116831
-0.2685116831
-0.2685116831
-0.2685116831
-1.754012589
-0.3364556769
-0.4864210972
-0.4864210972
-0.3261233434
-0.3261233434
-0.3261233434
-0.3261233434
-0.3261233434
-0.3261233434
-0.3261233434
-0.3261233434
-0.2726686884
-0.2726686884
-0.2726686884
-0.2726686884
-0.2726686884
-0.2726686884
-0.2726686884
-0.2726686884
-0.2726686884
-0.2726686884
-0.4646566506
-0.4646566506
-0.4646566506
-0.4646566506
-1.077461235
-1.077461235
-1.077461235
-1.077461235
-1.077461235
-0.9729490412
-0.9729490412
-0.3834758588
-0.3834758588
-0.2260649058
-0.2260649058
-0.2260649058
-0.2260649058
-0.4832425561
-0.4832425561
-1.132243399
-1.132243399
-1.132243399
-0.6813382334
-0.6813382334
-0.6813382334
-0.6813382334
-0.6813382334
-1.768425874
-1.768425874
-1.768425874
-1.702531974
-1.702531974
-1.702531974
-1.702531974
-1.702531974
-1.531345142
-1.531345142
-1.531345142
-1.531345142
-1.583465007
-1.583465007
-0.3199689001
-0.3199689001
-0.3199689001
-0.3199689001
-0.3199689001
-0.3199689001
-0.3134597749
-0.240474741
-0.240474741
-0.240474741
-0.240474741
-0.240474741
-2.169050965
-1.234781274
-0.3348936742
-0.3348936742
-0.3348936742
-0.3348936742
-0.3348936742
-0.3348936742
-0.3348936742
-0.3348936742
-0.3348936742
-0.8813325258
-0.3829232439
-0.3829232439
-0.3090501973
-0.3090501973
-0.3090501973
-0.6059401491
-0.4586463192
-0.4586463192
-0.2909713113
-0.2909713113
-0.2366204537
-0.2462743789
-0.2462743789
-0.2462743789
-0.2462743789
-0.2462743789
-0.2462743789
-0.2462743789
-0.2462743789
-0.2462743789
-0.2462743789
-0.2462743789
-0.2462743789
-0.2462743789
-0.2462743789
-0.2462743789
-0.2462743789
-0.4755551079
-0.4755551079
-1.705927383
-1.705927383
-1.705927383
-1.705927383
-1.705927383
-1.705927383
-1.705927383
-1.705927383
-0.9882702339
-0.9882702339
-0.9882702339
-0.9882702339
-0.9882702339
-0.9882702339
-0.9882702339
-0.9882702339
-0.9882702339
-0.9882702339
-0.9882702339
-0.9882702339
-0.6612288261
-0.6934537641
-0.6934537641
-0.6934537641
-0.6934537641
-0.6934537641
-0.6934537641
-0.6934537641
-0.3866356468
-0.3866356468
-0.3866356468
-0.3866356468
-0.3866356468
-0.3866356468
-0.2680842432
-0.2680842432
-0.2680842432
-0.2680842432
-0.2680842432
-0.2680842432
-0.2680842432
-0.8488775206
-0.8488775206
-0.8488775206
-0.8488775206
-0.8488775206
-0.8488775206
-0.8488775206
-0.8488775206
-0.8488775206
-0.8488775206
-1.963180434
-1.963180434
-0.7315165984
-0.7315165984
-0.7315165984
-0.7315165984
-0.4073425352
-0.4073425352
-0.4073425352
-0.4073425352
-0.4073425352
-0.3267970281
-0.3267970281
-0.3863590246
-0.3863590246
-0.3863590246
-0.8630509233
-0.8630509233
-0.8630509233
-0.8630509233
-0.5648143228
-0.5648143228
-0.5648143228
-0.5648143228
-0.5648143228
-0.5648143228
-0.5648143228
-0.2265374215
-0.2265374215
-0.2265374215
-0.2265374215
-0.2265374215
-0.2265374215
-0.2265374215
-0.2265374215
-0.2265374215
-0.2265374215
-0.2265374215
-0.2265374215
-0.2265374215
-0.2265374215
-0.2265374215
-0.2265374215
-0.2265374215
-0.2265374215
-0.2265374215
-0.2265374215
-0.2265374215
-0.2265374215
-0.3233368833
-0.3233368833
-0.3233368833
-0.3233368833
-0.2411007469
-0.2411007469
-1.032908805
-1.032908805
-1.032908805
-1.032908805
-1.032908805
-1.032908805
-1.032908805
-2.941264684
-2.941264684
-0.6459319074
-0.6459319074
-0.6459319074
-1.311677723
-1.311677723
-1.311677723
-1.311677723
-0.9159890076
-0.9159890076
-0.9159890076
-1.241826361
-1.241826361
-1.241826361
-1.241826361
-1.241826361
-1.241826361
-1.241826361
-1.241826361
-1.495028853
-1.495028853
-1.495028853
-1.495028853
-1.085496904
-1.803447637
-0.5792582417
-0.5792582417
-0.3112862267
-0.3112862267
-0.3112862267
-0.3112862267
-0.5579642754
-0.2272953554
-0.2272953554
-0.2272953554
-0.2272953554
-0.2272953554
-0.2272953554
-0.2676022398
-0.2676022398
-0.2676022398
-0.406298443
-0.406298443
-0.406298443
-0.406298443
-0.406298443
-0.406298443
-0.406298443
-0.406298443
-0.406298443
-0.406298443
-0.406298443
-0.406298443
-0.406298443
-0.406298443
-0.406298443
-0.406298443
-0.2262468262
-0.2262468262
-0.2262468262
-0.2262468262
-0.2262468262
-0.3531001922
-0.3531001922
-0.3531001922
-0.3531001922
-0.3531001922
-0.243440181
-0.502879011
-0.502879011
-0.3374801824
-0.3374801824
-0.3374801824
-0.3374801824
-0.3374801824
-0.3374801824
-0.3374801824
-4.950011559
-0.5351392779
-1.061994791
-1.061994791
-1.061994791
-0.9207158981
-0.9207158981
-0.9207158981
-0.9207158981
-0.2528356508
-0.2528356508
-0.2528356508
-0.2528356508
-0.2528356508
-0.2528356508
-0.2528356508
-0.2528356508
-0.8353864847
-0.8353864847
-0.8353864847
-1.171890213
-1.171890213
-0.2708718275
-0.2708718275
-0.2708718275
-0.2708718275
-0.2273991149
-0.2273991149
-0.2273991149
-0.2273991149
-0.5282653066
-0.3691863212
-0.6804496373
-0.6804496373
-0.62464045
-0.62464045
-0.62464045
-0.62464045
-0.62464045
-0.62464045
-0.62464045
-0.62464045
-0.62464045
-0.62464045
-0.62464045
-0.5550407452
-0.5550407452
-0.8428645674
-1.967801217
-0.2323527249
-0.2323527249
-0.2323527249
-0.2323527249
-0.9139887706
-0.9139887706
-0.9139887706
-0.9139887706
-0.9139887706
-0.9139887706
-0.9139887706
-0.9139887706
-0.3316908048
-0.3316908048
-1.000207757
-0.2937730869
-0.2937730869
-0.2937730869
-0.2937730869
-0.2937730869
-1.300652885
-1.300652885
-0.991999786
-0.991999786
-0.991999786
-0.991999786
-0.3469513008
-0.3469513008
-0.2264183675
-0.2264183675
-0.2264183675
-0.2264183675
-0.2264183675
-2.622592149
-2.622592149
-2.622592149
-2.622592149
-1.431913708
-1.431913708
-1.431913708
-1.431913708
-1.431913708
-1.431913708
-1.431913708
-1.431913708
-0.2450908417
-0.2450908417
-0.2553401461
-0.2553401461
-0.2553401461
-0.2553401461
-0.8267119142
-0.8267119142
-0.8267119142
-0.8267119142
-0.8267119142
-0.8267119142
-0.8267119142
-1.137785509
-0.6101758307
-0.6101758307
-0.6101758307
-0.6101758307
-4.11041858
-4.11041858
-2.065620808
-2.065620808
-1.445034626
-1.445034626
-1.445034626
-1.445034626
-1.445034626
-1.445034626
-1.445034626
-1.445034626
-1.445034626
-0.2863507559
-0.2863507559
-0.2863507559
-0.2863507559
-0.2863507559
-0.2863507559
-0.2863507559
-0.2863507559
-0.2863507559
-0.2863507559
-0.2863507559
-0.352877716
-0.352877716
-0.352877716
-0.352877716
-0.352877716
-0.352877716
-3.071091107
-3.071091107
-3.071091107
-3.071091107
-0.6591328763
-0.6591328763
-0.6591328763
-0.6591328763
-0.6591328763
-0.6591328763
-0.6591328763
-0.6591328763
-0.6591328763
-0.6591328763
-0.6591328763
-0.6591328763
-0.6591328763
-0.4291586003
-0.4291586003
-0.4291586003
-0.4291586003
-0.4291586003
-0.4291586003
-0.4291586003
-0.4291586003
-0.4291586003
-0.4291586003
-0.4291586003
-0.4291586003
-0.4291586003
-0.4291586003
-0.4291586003
-0.4291586003
-0.4291586003
-0.4291586003
-0.4291586003
-0.4291586003
-0.4291586003
-0.4291586003
-0.4291586003
-0.6145101198
-0.6145101198
-0.6145101198
-0.6145101198
-0.6145101198
-0.3249198781
-0.3249198781
-0.3249198781
-0.3249198781
-0.3249198781
-0.9225171548
-0.9225171548
-0.9225171548
-0.9225171548
-0.9225171548
-0.9225171548
-0.9225171548
-1.006699555
-1.006699555
-1.006699555
-1.006699555
-3.537015458
-3.537015458
-1.754330681
-1.177847859
-1.177847859
-1.177847859
-1.177847859
-1.177847859
-1.177847859
-1.177847859
-1.177847859
-1.177847859
-1.177847859
-1.177847859
-1.177847859
-1.177847859
-1.177847859
-1.177847859
-0.279383539
-0.279383539
-0.279383539
-0.279383539
-0.279383539
-0.279383539
-0.279383539
-0.279383539
-0.279383539
-0.279383539
-0.279383539
-0.279383539
-0.279383539
-0.279383539
-0.279383539
-0.2759826551
-0.2759826551
-0.2759826551
-0.2759826551
-0.2759826551
-0.2759826551
-0.2759826551
-0.2759826551
-0.2759826551
-0.2759826551
-0.2759826551
-0.2759826551
-0.2759826551
-0.2759826551
-1.142569679
-1.142569679
-1.142569679
-0.4338272642
-1.408374843
-1.007157127
-1.007157127
-0.5811810256
-0.5811810256
-0.5811810256
-0.5811810256
-0.2376213496
-0.2685059529
-0.2685059529
-0.2685059529
-0.2685059529
-0.2685059529
-0.2685059529
-0.2685059529
-0.2685059529
-0.2685059529
-0.2345428769
-0.2345428769
-0.2345428769
-1.518313266
-1.518313266
-1.518313266
-1.518313266
-3.038760884
-1.785137179
-1.329986163
-1.329986163
-1.329986163
-1.329986163
-0.2890421202
-0.2890421202
-0.2890421202
-0.2890421202
-0.2890421202
-0.2890421202
-0.4807908196
-0.4807908196
-0.4807908196
-0.4807908196
-0.4807908196
-0.4807908196
-0.4807908196
-0.537472577
-0.5288819011
-0.2273358224
-0.2273358224
-0.2273358224
-0.2273358224
-0.2273358224
-1.070045269
-1.070045269
-1.070045269
-1.070045269
-0.6691633343
-0.6691633343
-0.6691633343
-0.6691633343
-0.6691633343
-0.6691633343
-0.6691633343
-0.6691633343
-0.6691633343
-0.2913014159
-0.2913014159
-0.5574141428
-0.5574141428
-0.5574141428
-0.5574141428
-0.5574141428
-0.5574141428
-0.2260398
-0.2260398
-0.2260398
-0.2260398
-0.2711387671
-0.2711387671
-0.2711387671
-0.2711387671
-0.2711387671
-0.8230304833
-0.8230304833
-0.337748199
-0.337748199
-0.337748199
-0.337748199
-0.7097317229
-0.7097317229
-0.7097317229
-0.7097317229
-0.7097317229
-0.5053225292
-0.5053225292
-0.5053225292
-0.5053225292
-0.5053225292
-0.5053225292
-0.5053225292
-0.5053225292
-0.5053225292
-0.3497675177
-0.3497675177
-0.2504831466
-0.2504831466
-0.2504831466
-0.2591204551
-0.2591204551
-0.2812312104
-0.2812312104
-0.2812312104
-0.2812312104
-0.3570623603
-0.2904245709
-0.2904245709
-0.2904245709
-0.2904245709
-0.7134885182
-0.7134885182
-0.2816793854
-0.2816793854
-0.2816793854
-0.507950433
-0.507950433
-0.507950433
-0.507950433
-0.7019098079
-0.7019098079
-0.7019098079
-0.7019098079
-0.7019098079
-1.07188065
-1.07188065
-1.07188065
-1.07188065
-0.2284033983
-0.2284033983
-0.2284033983
-0.3347514275
-0.3347514275
-0.3347514275
-0.3347514275
-0.3347514275
-0.3347514275
-0.6285737532
-0.2304689887
-0.2304689887
-0.2304689887
-0.2304689887
-0.2304689887
-0.2304689887
-0.2304689887
-0.2304689887
-0.2304689887
-0.2304689887
-0.2260880965
-0.2260880965
-0.2679069462
-0.2679069462
-0.2685302848
-0.2685302848
-0.2685302848
-0.2310568509
-0.2310568509
-0.2310568509
-0.2310568509
-0.2310568509
-0.2310568509
-0.2310568509
-0.2310568509
-0.2310568509
-0.2310568509
-0.2310568509
-0.2310568509
-0.2310568509
-0.2444209537
-0.2444209537
-0.2444209537
-0.2444209537
-0.2444209537
-0.2444209537
-0.2444209537
-0.2444209537
-0.2979960892
-0.2979960892
-0.2979960892
-0.2979960892
-0.2979960892
-0.2979960892
-0.2979960892
-0.2979960892
-0.2979960892
-0.2979960892
-0.2979960892
-0.2979960892
-0.2979960892
-0.2979960892
-0.2979960892
-0.2979960892
-0.2979960892
-0.2979960892
-0.2979960892
-0.2979960892
-0.3675717362
-2.865260956
-2.865260956
-0.3136750007
-0.3136750007
-0.9418776587
-0.9418776587
-0.9418776587
-0.9418776587
-0.9418776587
-0.9418776587
-0.439685634
-0.921183204
-0.921183204
-0.4699924874
-0.4699924874
-0.4954608125
-0.4954608125
-0.3268174513
-0.3268174513
-0.8473098814
-0.3073229898
-0.3073229898
-1.371908062
-1.371908062
-1.061541499
-1.061541499
-1.061541499
-1.061541499
-1.061541499
-1.061541499
-0.4686669586
-0.2347371268
-0.2347371268
-0.2347371268
-0.2347371268
-0.9684020177
-0.9684020177
-0.9684020177
-0.9684020177
-0.9684020177
-2.029706735
-0.3136056978
-0.3136056978
-0.2280101819
-0.2280101819
-0.2280101819
-0.2280101819
-0.2280101819
-0.2280101819
-0.2280101819
-0.2733771372
-0.2733771372
-0.2733771372
-0.3136536048
-0.3136536048
-0.3136536048
-0.3136536048
-0.3136536048
-0.3136536048
-0.3136536048
-0.3136536048
-0.6107860987
-3.164848501
-3.164848501
-3.164848501
-3.164848501
-3.164848501
-3.164848501
-3.164848501
-3.164848501
-3.164848501
-3.164848501
-0.8564884214
-0.8564884214
-0.8564884214
-0.8564884214
-0.8564884214
-0.8564884214
-0.8564884214
-0.8564884214
-2.267442749
-2.267442749
-3.138262072
-3.138262072
-3.138262072
-3.138262072
-3.138262072
-3.138262072
-0.5105760393
-0.5105760393
-0.5105760393
-0.5105760393
-0.5105760393
-0.493114356
-0.493114356
-0.493114356
-0.493114356
-0.493114356
-0.493114356
-0.493114356
-0.493114356
-0.493114356
-0.493114356
-0.493114356
-0.493114356
-0.493114356
-0.493114356
-0.493114356
-0.6659144574
-0.6659144574
-0.6659144574
-0.2259144884
-0.2259144884
-0.2259144884
-0.2259144884
-0.2259144884
-0.2259144884
-0.2259144884
-0.2259144884
-0.2259144884
-0.244649648
-0.244649648
-1.016338393
-1.016338393
-0.8941444541
-0.8941444541
-0.8941444541
-1.492903527
-1.492903527
-0.4314215915
-0.4314215915
-1.093121152
-1.093121152
-1.093121152
-1.093121152
-0.5285347958
-1.066964382
-1.066964382
-1.066964382
-1.066964382
-1.066964382
-1.066964382
-1.066964382
-1.066964382
-1.066964382
-1.066964382
-1.066964382
-1.066964382
-1.066964382
-1.066964382
-1.066964382
-0.2271540477
-0.2271540477
-0.2271540477
-0.5403596088
-0.5403596088
-1.446343321
-1.881701415
-1.881701415
-0.4597592189
-0.4597592189
-0.4597592189
-0.4597592189
-0.4597592189
-0.4597592189
-0.4597592189
-0.4597592189
-0.4597592189
-1.265870594
-0.2307773581
-0.2809906271
-0.2809906271
-0.2809906271
-0.2809906271
-0.2809906271
-0.7487648857
-0.7487648857
-0.7487648857
-0.7487648857
-0.7487648857
-0.7487648857
-0.7487648857
-0.7487648857
-0.7487648857
-1.01403102
-1.01403102
-1.01403102
-1.01403102
-1.01403102
-1.01403102
-1.01403102
-1.785916004
-1.785916004
-1.048356082
-1.048356082
-1.048356082
-1.450955783
-1.464724158
-1.464724158
-0.5844356749
-0.5844356749
-2.004961604
-0.2663420059
-0.2663420059
-0.2663420059
-0.3976145377
-0.3976145377
-0.3976145377
-0.3516357225
-0.6891842827
-0.6891842827
-0.6891842827
-0.6891842827
-0.6891842827
-0.6891842827
-0.6891842827
-0.6891842827
-0.6891842827
-0.6891842827
-0.2975213322
-0.2975213322
-0.2975213322
-0.2975213322
-0.2975213322
-0.3692924954
-0.3692924954
-0.3692924954
-0.3692924954
-0.3692924954
-0.3692924954
-0.3692924954
-0.3692924954
-0.3692924954
-0.2360482603
-0.2360482603
-1.135240502
-1.135240502
-0.3082844058
-0.3082844058
-0.3082844058
-0.3082844058
-0.3082844058
-0.3082844058
-0.3082844058
-0.3082844058
-2.276753424
-2.276753424
-2.276753424
-3.668590033
-2.968495143
-2.968495143
-2.968495143
-2.968495143
-2.968495143
-2.968495143
-0.2742802447
-0.2742802447
-0.5067557906
-0.5067557906
-0.506365069
-0.506365069
-0.506365069
-0.506365069
-0.2258007789
-2.085796578
-2.085796578
-2.085796578
-2.085796578
-2.085796578
-2.085796578
-0.9816784046
-0.9816784046
-0.9816784046
-0.4087358302
-0.4087358302
-0.4087358302
-0.4087358302
-0.4087358302
-0.4087358302
-0.4087358302
-0.4686747979
-0.3435939816
-0.3435939816
-0.3435939816
-0.3435939816
-0.2676461876
-0.2676461876
-0.5617761035
-0.5617761035
-0.5617761035
-0.335104783
-0.335104783
-0.335104783
-0.335104783
-0.335104783
-0.2434512854
-0.2434512854
-0.2434512854
-0.2672402249
-0.2672402249
-0.2672402249
-0.2672402249
-0.8785279197
-0.8785279197
-0.8785279197
-0.8785279197
-0.8785279197
-1.02133161
-1.02133161
-0.8925355938
-0.8925355938
-0.8925355938
-0.8205626753
-1.319251713
-1.319251713
-1.319251713
-0.342362643
-0.342362643
-0.342362643
-0.342362643
-0.342362643
-0.342362643
-0.342362643
-0.2281124842
-0.2281124842
-0.2281124842
-0.2281124842
-0.2281124842
-0.2281124842
-0.2281124842
-0.2281124842
-0.2281124842
-0.2281124842
-0.2281124842
-0.2283104573
-0.2283104573
-0.2283104573
-0.2283104573
-0.8033236606
-1.395086746
-1.395086746
-1.395086746
-0.2569173469
-0.2569173469
-0.2569173469
-0.2569173469
-0.2569173469
-3.135678215
-3.143595496
-2.536447953
-2.536447953
-2.536447953
-2.536447953
-2.91419578
-0.2260539158
-0.2260539158
-1.263823313
-1.263823313
-0.4416977231
-3.152857732
-3.152857732
-3.152857732
-1.474741371
-1.474741371
-1.474741371
-1.474741371
-1.474741371
-0.4388569807
-0.4388569807
-0.4388569807
-0.3604822821
-0.3604822821
-0.227956997
-0.227956997
-0.227956997
-0.227956997
-0.227956997
-0.227956997
-0.227956997
-0.227956997
-0.227956997
-1.944809257
-1.944809257
-0.4655081008
-0.4655081008
-0.4655081008
-0.4655081008
-0.4655081008
-0.227570789
-0.227570789
-0.227570789
-0.227570789
-0.227570789
-0.227570789
-0.227570789
-0.227570789
-0.227570789
-0.227570789
-0.227570789
-0.227570789
-0.227570789
-0.227570789
-0.4057819221
-0.4057819221
-0.4057819221
-0.4057819221
-0.4057819221
-0.4057819221
-0.4057819221
-0.4057819221
-0.4057819221
-0.9454228916
-0.893908379
-0.893908379
-0.893908379
-0.893908379
-0.893908379
-0.4448476192
-0.4448476192
-0.4448476192
-0.4448476192
-0.6269631301
-0.6269631301
-0.6269631301
-0.6269631301
-0.6269631301
-0.6269631301
-0.6269631301
-0.6269631301
-0.6269631301
-0.6269631301
-0.6269631301
-0.6269631301
-0.6269631301
-0.6269631301
-0.6269631301
-0.3328729091
-0.3328729091
-0.3328729091
-0.4135744131
-0.4135744131
-0.4135744131
-0.4135744131
-0.4135744131
-0.4135744131
-0.4135744131
-0.4135744131
-0.4685627504
-0.4685627504
-0.4685627504
-0.4685627504
-0.4685627504
-0.4685627504
-0.4685627504
-0.3255806153
-0.3255806153
-0.3255806153
-0.3255806153
-0.3255806153
-0.3255806153
-1.208059616
-1.208059616
-1.208059616
-1.208059616
-1.208059616
-1.208059616
-1.208059616
-1.208059616
-1.208059616
-1.208059616
-1.208059616
-1.208059616
-1.208059616
-1.208059616
-1.208059616
-0.2731101756
-0.2643322305
-0.2643322305
-0.4161420239
-0.4161420239
-0.2804545215
-0.2804545215
-0.2804545215
-0.2804545215
-0.2804545215
-0.2804545215
-1.256812021
-1.256812021
-1.256812021
-1.256812021
-1.256812021
-0.6266395714
-0.6266395714
-0.77556669
-0.77556669
-0.77556669
-1.190069962
-1.448340868
-1.448340868
-0.2287493551
-0.3018481259
-0.3018481259
-0.3018481259
-0.3018481259
-0.4443836777
-0.4443836777
-0.4443836777
-0.241988364
-0.241988364
-0.241988364
-0.241988364
-0.241988364
-0.241988364
-0.241988364
-0.241988364
-0.241988364
-0.241988364
-0.241988364
-0.241988364
-0.241988364
-0.241988364
-0.241988364
-0.724699658
-0.2338843283
-0.225792417
-0.225792417
-0.225792417
-0.225792417
-0.225792417
-0.225792417
-0.225792417
-0.225792417
-0.225792417
-0.225792417
-0.237071935
-0.237071935
-0.237071935
-0.237071935
-0.237071935
-0.237071935
-0.237071935
-0.237071935
-0.237071935
-0.237071935
-0.2285503781
-0.296288304
-0.296288304
-0.296288304
-0.2348690942
-0.3055025544
-0.3055025544
-0.3055025544
-0.3055025544
-0.3055025544
-0.3055025544
-0.8103606529
-0.8627853288
-0.8627853288
-0.8627853288
-0.3151009624
-0.3151009624
-0.3151009624
-0.3151009624
-0.3151009624
-2.349292297
-2.228505413
-2.228505413
-4.140855381
-4.140855381
-4.140855381
-4.140855381
-0.2538534856
-0.2538534856
-0.2538534856
-0.2538534856
-0.2538534856
-0.2538534856
-0.2538534856
-0.2538534856
-0.2538534856
-0.2538534856
-0.3913949677
-0.3913949677
-0.3913949677
-0.3913949677
-0.3913949677
-0.3913949677
-0.3913949677
-0.3913949677
-0.3913949677
-0.3913949677
-0.3913949677
-0.3913949677
-0.3913949677
-0.4273850769
-0.4273850769
-0.4273850769
-0.4273850769
-0.4273850769
-0.4273850769
-0.4273850769
-0.5294347866
-0.5294347866
-0.5294347866
-0.2699834796
-0.2699834796
-0.2699834796
-0.3750513463
-0.3750513463
-0.3750513463
-0.3750513463
-0.3750513463
-0.3750513463
-0.3750513463
-0.3750513463
-0.3750513463
-0.3750513463
-0.3750513463
-0.3750513463
-0.3750513463
-0.3750513463
-0.3750513463
-1.833478978
-1.833478978
-1.833478978
-1.833478978
-1.816212788
-1.816212788
-1.816212788
-0.2278672023
-0.2278672023
-0.2278672023
-0.2278672023
-0.2278672023
-0.2278672023
-0.2278672023
-0.2278672023
-0.2278672023
-1.153737312
-1.153737312
-1.153737312
-1.153737312
-0.4694191195
-0.4694191195
-0.4694191195
-1.052366576
-1.052366576
-1.052366576
-1.052366576
-1.052366576
-1.052366576
-1.052366576
-1.052366576
-1.052366576
-1.284134626
-1.284134626
-1.284134626
-1.284134626
-1.284134626
-1.284134626
-1.416880013
-2.089614584
-2.089614584
-2.089614584
-2.089614584
-1.940564725
-1.940564725
-1.940564725
-1.337760936
-1.270086737
-1.270086737
-0.2491785931
-0.2491785931
-0.2491785931
-0.2491785931
-0.2491785931
-1.620808467
-0.4799446409
-0.4799446409
-0.4799446409
-0.4799446409
-0.2918929457
-0.2918929457
-0.2918929457
-0.2918929457
-0.2918929457
-0.2918929457
-0.2918929457
-0.2918929457
-0.2918929457
-0.2918929457
-0.2918929457
-0.2918929457
-0.2918929457
-0.2918929457
-0.2918929457
-0.2918929457
-0.2918929457
-0.2918929457
-0.2918929457
-0.2918929457
-0.2918929457
-0.2918929457
-0.2918929457
-0.2918929457
-0.2918929457
-0.2918929457
-0.5607178346
-0.4419262869
-2.154228637
-2.154228637
-2.154228637
-1.721071688
-1.721071688
-1.721071688
-1.415465811
-1.415465811
-1.025131948
-1.025131948
-0.8401649387
-0.8401649387
-0.8401649387
-0.8401649387
-0.8401649387
-0.8401649387
-0.8401649387
-1.243937303
-1.243937303
-1.243937303
-0.57676535
-0.57676535
-0.57676535
-0.57676535
-0.57676535
-0.3354201275
-0.3354201275
-0.3354201275
-0.3775751518
-0.3775751518
-0.3775751518
-0.3775751518
-0.3775751518
-0.3775751518
-0.3775751518
-0.3775751518
-0.2941080013
-0.2941080013
-0.2941080013
-0.2941080013
-0.2941080013
-1.326021735
-0.6513306033
-0.6513306033
-0.6513306033
-0.4654751514
-0.4654751514
-0.4654751514
-0.4654751514
-0.4654751514
-0.4654751514
-0.4654751514
-4.81391971
-0.2815061036
-0.2815061036
-0.2815061036
-0.2815061036
-0.2815061036
-0.2815061036
-0.2815061036
-0.8918660755
-0.8918660755
-0.8918660755
-0.8918660755
-0.9781364235
-0.9781364235
-0.9781364235
-0.9781364235
-0.9781364235
-0.9781364235
-0.9781364235
-0.9781364235
-0.2408227223
-0.2408227223
-0.2408227223
-0.7474326933
-1.890643739
-1.452793631
-1.425710915
-1.425710915
-1.027311472
-1.027311472
-1.529921738
-1.068148508
-1.068148508
-1.068148508
-1.068148508
-1.068148508
-1.068148508
-1.068148508
-0.2667562464
-0.2667562464
-0.2667562464
-0.2667562464
-0.2787209741
-0.2285467081
-0.2285467081
-0.2285467081
-0.2285467081
-0.2285467081
-1.233008011
-1.233008011
-1.233008011
-1.233008011
-0.9954922555
-2.225989908
-0.4013632226
-0.4013632226
-0.4013632226
-0.4013632226
-0.4013632226
-0.4013632226
-0.4013632226
-0.4013632226
-0.4013632226
-0.4013632226
-0.4013632226
-0.3357742865
-0.2882073939
-0.2882073939
-0.2882073939
-0.2882073939
-0.2882073939
-0.2882073939
-0.2882073939
-0.2375982359
-0.2375982359
-0.8742231221
-0.8742231221
-0.8742231221
-0.8742231221
-0.8742231221
-0.8742231221
-0.8742231221
-0.4381253997
-0.4381253997
-0.4381253997
-0.4381253997
-0.4381253997
-0.4381253997
-0.3051833168
-0.3051833168
-0.3051833168
-0.3051833168
-0.3051833168
-0.3051833168
-0.3051833168
-0.3051833168
-1.230650194
-1.230650194
-0.4624832997
-2.748518458
-2.128536263
-2.128536263
-2.128536263
-2.128536263
-2.128536263
-2.128536263
-2.128536263
-2.128536263
-2.128536263
-2.128536263
-1.539030536
-1.539030536
-1.539030536
-1.279439907
-1.279439907
-1.279439907
-2.567244151
-2.567244151
-2.567244151
-1.36227097
-1.36227097
-1.36227097
-1.36227097
-0.226275126
-0.226275126
-0.226275126
-0.226275126
-0.226275126
-0.226275126
-0.226275126
-0.2803742167
-0.4226657015
-0.4226657015
-0.4226657015
-0.2724499844
-0.2724499844
-0.2724499844
-0.2724499844
-0.2724499844
-0.2724499844
-0.2724499844
-0.2724499844
-0.2724499844
-0.2724499844
-0.2724499844
-0.2724499844
-0.2724499844
-0.2724499844
-0.4020980223
-0.4020980223
-0.2264703023
-0.2264703023
-0.2264703023
-0.2463145104
-0.2463145104
-0.2463145104
-0.2463145104
-0.2463145104
-0.2463145104
-0.2463145104
-0.2463145104
-0.2463145104
-0.2463145104
-0.2463145104
-0.2463145104
-0.2463145104
-0.2463145104
-0.2463145104
-0.2712770449
-0.2712770449
-1.01537306
-0.6145744612
-0.6145744612
-0.6145744612
-0.6145744612
-0.6145744612
-0.2690663441
-0.2690663441
-0.2690663441
-0.2690663441
-0.2690663441
-0.2690663441
-0.2690663441
-0.2690663441
-0.2690663441
-0.2690663441
-0.2690663441
-0.2690663441
-0.2690663441
-0.2690663441
-0.974895109
-0.974895109
-0.974895109
-0.974895109
-0.974895109
-0.974895109
-0.974895109
-0.3316064931
-0.3316064931
-0.3316064931
-0.3316064931
-0.2925906251
-0.2925906251
-0.2925906251
-0.2925906251
-0.3352227807
-0.3352227807
-0.3352227807
-0.3352227807
-0.3352227807
-0.3352227807
-2.724022771
-2.724022771
-2.724022771
-2.724022771
-2.724022771
-2.724022771
-0.4239970092
-0.4239970092
-0.2298287955
-0.2298287955
-0.5197015111
-0.5197015111
-0.9653926398
-0.5925825405
-0.5925825405
-0.2577653982
-0.3969809025
-0.8822916741
-0.8822916741
-0.8822916741
-0.8822916741
-2.947009663
-2.947009663
-2.947009663
-0.864754775
-0.864754775
-0.864754775
-0.864754775
-0.864754775
-0.864754775
-0.864754775
-0.864754775
-0.864754775
-0.864754775
-0.864754775
-0.864754775
-0.864754775
-0.2398158686
-0.4555822568
-0.4555822568
-0.4555822568
-0.4555822568
-0.4555822568
-0.4555822568
-0.4555822568
-0.4555822568
-1.115992297
-0.2740856135
-0.2740856135
-0.2907261258
-0.2368005529
-0.2612159221
-0.2612159221
-0.6435643883
-0.6435643883
-0.6435643883
-0.2257940986
-0.2257940986
-0.2257940986
-0.2257940986
-0.2257940986
-0.2257940986
-0.230902496
-0.230902496
-0.230902496
-0.230902496
-0.230902496
-0.3693694867
-0.3693694867
-0.3693694867
-0.3693694867
-0.3693694867
-0.3693694867
-3.329692934
-3.329692934
-3.329692934
-0.2980679893
-0.2980679893
-0.2980679893
-0.2980679893
-0.2980679893
-0.2980679893
-0.2980679893
-0.2980679893
-0.2980679893
-0.2980679893
-0.2980679893
-0.2980679893
-0.2980679893
-0.2980679893
-0.2980679893
-0.2980679893
-1.124259774
-1.124259774
-1.124259774
-1.124259774
-1.124259774
-1.124259774
-0.7918248505
-0.7918248505
-1.086264699
-1.086264699
-1.086264699
-1.086264699
-1.086264699
-1.086264699
-1.086264699
-1.086264699
-1.086264699
-1.086264699
-1.086264699
-1.086264699
-1.086264699
-1.086264699
-1.086264699
-1.086264699
-1.086264699
-1.086264699
-1.360083121
-1.360083121
-1.360083121
-1.360083121
-1.884730642
-1.884730642
-1.884730642
-2.749147298
-2.749147298
-1.423149461
-1.423149461
-1.466674969
-0.6697860669
-0.6697860669
-0.6697860669
-0.6697860669
-0.9663544588
-0.9663544588
-0.9663544588
-0.9663544588
-0.9663544588
-0.9663544588
-0.9663544588
-1.168887205
-1.168887205
-1.071249877
-1.071249877
-1.071249877
-1.071249877
-0.344425784
-0.344425784
-0.344425784
-0.344425784
-0.344425784
-0.344425784
-0.344425784
-0.344425784
-0.344425784
-0.2565181611
-0.2565181611
-0.2565181611
-0.5382400496
-0.5382400496
-0.5382400496
-0.5382400496
-0.2371139781
-0.6190049446
-0.6190049446
-0.8080267043
-0.8080267043
-0.2533660114
-0.2533660114
-0.2533660114
-0.2533660114
-0.2533660114
-0.2533660114
-0.2533660114
-0.2533660114
-0.2533660114
-0.2533660114
-0.365832678
-0.365832678
-0.365832678
-0.365832678
-0.3577966189
-1.601398547
-1.601398547
-0.4109909368
-0.4109909368
-0.4733394608
-0.4733394608
-0.4733394608
-0.4733394608
-0.3091261627
-0.3091261627
-0.3091261627
-0.3091261627
-0.3091261627
-0.3091261627
-0.3091261627
-0.3420392252
-0.3420392252
-0.3420392252
-0.3420392252
-0.3420392252
-0.3420392252
-0.3420392252
-0.3420392252
-0.3420392252
-0.3420392252
-0.3420392252
-0.3420392252
-0.4470455746
-0.4470455746
-0.4470455746
-0.4209681258
-0.4209681258
-0.3789489002
-0.3789489002
-0.3789489002
-0.2323611218
-0.2260609962
-0.2260609962
-0.2260609962
-0.2260609962
-0.2260609962
-0.2260609962
-0.2892641823
-0.2409139169
-0.2409139169
-0.2409139169
-0.2409139169
-0.2409139169
-1.873032817
-1.106640893
-1.106640893
-1.106640893
-1.106640893
-1.106640893
-1.106640893
-0.2899036614
-0.467992904
-0.467992904
-0.467992904
-0.467992904
-0.2298536499
-0.2298536499
-0.2298536499
-0.2298536499
-0.2298536499
-1.154701909
-1.154701909
-1.154701909
-1.154701909
-0.3703754866
-0.3703754866
-0.3703754866
-0.3703754866
-0.3703754866
-0.7099757923
-0.2723098481
-0.2723098481
-0.2723098481
-0.2723098481
-0.2271066021
-0.2271066021
-0.2271066021
-0.2271066021
-0.2271066021
-0.2271066021
-0.2271066021
-0.2271066021
-0.2271066021
-0.2271066021
-0.2271066021
-0.2271066021
-0.2271066021
-0.2271066021
-0.2273827937
-0.2273827937
-0.2273827937
-0.2273827937
-0.2273827937
-0.5921140351
-0.5921140351
-0.728192421
-0.6855747647
-0.2861828102
-0.2861828102
-0.2861828102
-0.2861828102
-0.2861828102
-0.2305298918
-0.2305298918
-0.2305298918
-0.2305298918
-2.311774985
-2.311774985
-0.4517856452
-0.4517856452
-0.8286713909
-0.8286713909
-0.8286713909
-0.8286713909
-0.8286713909
-0.8286713909
-0.8286713909
-0.8286713909
-0.8286713909
-0.8286713909
-0.8286713909
-0.8286713909
-0.8286713909
-0.8286713909
-0.8286713909
-1.249318571
-1.249318571
-1.249318571
-0.2856945934
-0.2856945934
-0.2856945934
-1.175825961
-0.2353326076
-0.2353326076
-0.2353326076
-0.2353326076
-0.2353326076
-0.2353326076
-0.2353326076
-0.2353326076
-0.2353326076
-0.2353326076
-0.2353326076
-0.2353326076
-0.2417556014
-0.2417556014
-0.2417556014
-0.2417556014
-0.2417556014
-0.2417556014
-0.2417556014
-0.2417556014
-0.2417556014
-0.2417556014
-0.2417556014
-0.2417556014
-0.2417556014
-0.2417556014
-0.2329077103
-0.2570205314
-1.960738093
-1.960738093
-1.960738093
-0.490759926
-0.490759926
-0.490759926
-0.7510628581
-0.7510628581
-0.7510628581
-0.7510628581
-0.4807230338
-0.4807230338
-0.4807230338
-0.4807230338
-1.096155498
-1.096155498
-1.096155498
-1.096155498
-1.096155498
-0.902020031
-0.902020031
-0.902020031
-1.125535315
-1.125535315
-1.125535315
-0.2749207186
-0.2749207186
-0.2749207186
-0.3046430293
-0.5434295431
-0.2515307868
-0.2515307868
-0.2515307868
-0.2681912394
-0.3754828196
-0.3754828196
-0.3754828196
-0.3754828196
-0.3754828196
-0.2778944205
-0.2778944205
-0.2264884896
-0.2264884896
-0.2264884896
-0.2264884896
-0.2264884896
-0.2264884896
-0.2264884896
-0.2264884896
-0.2284029426
-0.2284029426
-0.2284029426
-0.2284029426
-0.2284029426
-0.2284029426
-0.2284029426
-0.2284029426
-0.2284029426
-0.2284029426
-0.2284029426
-0.2284029426
-0.2284029426
-0.2284029426
-0.2284029426
-0.2284029426
-0.2284029426
-0.2284029426
-0.2284029426
-0.2284029426
-0.2258225853
-1.582307174
-1.582307174
-1.582307174
-1.582307174
-1.582307174
-1.582307174
-1.582307174
-1.160242614
-1.160242614
-1.160242614
-1.160242614
-1.160242614
-1.160242614
-1.160242614
-2.361320837
-2.361320837
-2.361320837
-2.361320837
-2.361320837
-0.2383105262
-0.2383105262
-0.2383105262
-0.2383105262
-0.2383105262
-0.2383105262
-0.2383105262
-0.2383105262
-0.5023521112
-0.2850607693
-0.2850607693
-0.2850607693
-0.2850607693
-0.2850607693
-0.2850607693
-0.2850607693
-0.323591056
-0.323591056
-0.323591056
-0.323591056
-0.323591056
-0.323591056
-0.323591056
-0.323591056
-0.323591056
-0.4432071087
-0.4432071087
-0.4432071087
-0.4432071087
-0.4432071087
-0.4432071087
-0.4495416858
-0.4495416858
-0.4495416858
-0.4495416858
-0.4495416858
-0.4495416858
-0.4495416858
-0.4495416858
-0.4495416858
-0.4495416858
-0.4495416858
-0.4495416858
-0.4495416858
-0.4495416858
-0.4495416858
-0.4495416858
-0.4495416858
-0.4495416858
-0.4495416858
-0.4495416858
-0.4286065291
-0.4286065291
-0.4286065291
-0.4286065291
-0.4286065291
-0.4286065291
-0.4286065291
-0.4286065291
-0.4286065291
-0.4286065291
-0.4286065291
-0.4286065291
-4.944270539
-0.3063387377
-0.3063387377
-0.7530080681
-0.7530080681
-0.7530080681
-0.7530080681
-0.7530080681
-0.7530080681
-0.2580995697
-0.2580995697
-0.2580995697
-0.2275886471
-0.2275886471
-0.2275886471
-0.2275886471
-0.2275886471
-0.2275886471
-0.2275886471
-0.2275886471
-0.2275886471
-0.4082673261
-0.4082673261
-0.4082673261
-0.4082673261
-0.4082673261
-0.5464381787
-0.5464381787
-0.5464381787
-0.5464381787
-0.5464381787
-0.5464381787
-0.5464381787
-0.5464381787
-0.5169191948
-0.5169191948
-0.5169191948
-0.3793347012
-0.3793347012
-0.3793347012
-0.3793347012
-0.3793347012
-0.3793347012
-0.3793347012
-0.3793347012
-0.553173815
-0.6336190247
-0.8815122349
-0.8815122349
-0.8815122349
-0.8815122349
-0.2708292744
-0.2708292744
-0.2708292744
-0.402179589
-0.402179589
-1.485266846
-1.485266846
-0.7572750021
-0.7572750021
-1.399649507
-1.399649507
-0.3320385458
-1.389060865
-1.389060865
-1.389060865
-1.107406936
-1.107406936
-1.107406936
-0.5990347699
-0.5990347699
-0.5990347699
-0.5990347699
-0.5990347699
-0.5990347699
-0.5990347699
-0.5990347699
-0.6559516898
-0.6559516898
-2.591560452
-2.975455081
-3.195799119
-3.195799119
-0.2263696413
-0.2263696413
-0.2263696413
-0.2263696413
-0.2263696413
-0.2263696413
-0.2263696413
-0.2257977274
-0.2257977274
-0.4682045636
-0.4682045636
-0.5018897986
-0.5018897986
-0.4723684982
-0.4723684982
-0.4723684982
-0.4723684982
-0.4723684982
-0.4723684982
-0.4723684982
-0.9421692747
-0.9421692747
-0.9421692747
-0.9421692747
-0.9421692747
-0.8696955171
-0.8696955171
-0.8696955171
-0.8696955171
-0.8696955171
-2.024978606
-2.024978606
-0.312578389
-0.312578389
-0.312578389
-0.9486810558
-0.9486810558
-0.9486810558
-0.9486810558
-0.9486810558
-0.9486810558
-0.9486810558
-0.2270337561
-0.2270337561
-0.2270337561
-0.2270337561
-0.3994216283
-0.3994216283
-0.3994216283
-0.9410478268
-0.9410478268
-0.9410478268
-0.9410478268
-0.9410478268
-0.9410478268
-0.6182413472
-0.6182413472
-0.6182413472
-0.4584677922
-0.4584677922
-0.4584677922
-0.3276746592
-0.3276746592
-0.3276746592
-0.2332436123
-0.2332436123
-0.2332436123
-0.2332436123
-0.2332436123
-0.2461870784
-0.2461870784
-0.2461870784
-0.2461870784
-0.2461870784
-0.2461870784
-0.2461870784
-0.2461870784
-0.2461870784
-0.2461870784
-0.7568078234
-0.2272818213
-0.2272818213
-0.2272818213
-0.2272818213
-0.2272818213
-0.2272818213
-0.2272818213
-0.2272818213
-0.2272818213
-0.2272818213
-0.2272818213
-0.2272818213
-0.2272818213
-0.2561577064
-0.2281855501
-0.2281855501
-0.3709531041
-0.3709531041
-0.3709531041
-0.3709531041
-0.3709531041
-0.3709531041
-0.3709531041
-0.3709531041
-0.3709531041
-0.3709531041
-0.3709531041
-0.8966502474
-0.8966502474
-0.4095400174
-0.4095400174
-0.4095400174
-0.4095400174
-0.4095400174
-0.4095400174
-0.4435342011
-0.4435342011
-0.6391639023
-0.6391639023
-0.2257966988
-0.2257966988
-0.2257966988
-0.2257966988
-0.2257966988
-0.2257966988
-0.2257966988
-0.2257966988
-0.2257966988
-0.2257966988
-0.2257966988
-0.2257966988
-0.2257966988
-0.2257966988
-0.2257966988
-0.2257966988
-0.2257966988
-0.2257966988
-0.2257966988
-0.2257966988
-0.2257966988
-0.6195726293
-0.6195726293
-0.6195726293
-0.6195726293
-0.6195726293
-1.073564847
-3.448594962
-3.448594962
-0.8016339197
-0.8016339197
-0.8016339197
-0.8016339197
-0.8016339197
-0.2287208217
-0.2287208217
-0.2287208217
-0.2287208217
-0.2287208217
-0.9463314846
-0.3360989922
-0.3360989922
-0.3360989922
-0.5571605354
-0.5571605354
-0.5571605354
-0.5571605354
-0.5571605354
-0.3307198655
-0.3307198655
-0.3307198655
-0.3307198655
-0.3307198655
-3.837891228
-3.837891228
-0.2325922817
-1.368904174
-1.368904174
-0.5199993845
-1.168207147
-1.168207147
-1.168207147
-1.168207147
-3.48998709
-3.48998709
-3.48998709
-0.2284305603
-0.2284305603
-0.2284305603
-3.498243218
-3.498243218
-3.498243218
-3.498243218
-3.498243218
-1.035316841
-1.035316841
-1.126777054
-1.126777054
-1.126777054
-1.126777054
-1.126777054
-1.126777054
-0.2593534835
-0.2593534835
-0.2593534835
-0.2593534835
-0.2593534835
-0.2593534835
-0.2593534835
-0.2593534835
-0.2593534835
-0.2593534835
-0.2593534835
-0.2593534835
-0.2593534835
-0.2593534835
-0.2593534835
-2.857728483
-2.857728483
-4.981848714
-0.7478328683
-0.7478328683
-0.7478328683
-0.7478328683
-0.7478328683
-0.7478328683
-0.7478328683
-0.7478328683
-0.3387192329
-0.3669702449
-0.5563451963
-0.5563451963
-0.5563451963
-0.5563451963
-0.5563451963
-0.5563451963
-0.5563451963
-0.5563451963
-0.5563451963
-0.5563451963
-1.002509691
-1.002509691
-1.002509691
-1.002509691
-5.123073351
-5.123073351
-2.127440065
-0.6630061019
-0.6630061019
-0.6630061019
-0.6630061019
-0.4865934368
-0.4865934368
-0.4865934368
-0.4865934368
-0.6264276105
-0.6264276105
-0.6264276105
-0.4607187159
-0.5184153338
-0.5184153338
-0.2290172962
-0.2290172962
-0.2290172962
-0.344554466
-0.344554466
-0.344554466
-0.344554466
-0.344554466
-0.344554466
-0.344554466
-0.344554466
-0.344554466
-0.344554466
-0.344554466
-0.2874138986
-0.2874138986
-0.3043954044
-0.3043954044
-0.3043954044
-1.335008266
-1.574620997
-1.574620997
-0.7501292056
-0.7501292056
-0.9023320178
-0.9023320178
-0.9023320178
-0.9023320178
-4.42810255
-1.805152863
-1.805152863
-1.805152863
-1.805152863
-1.805152863
-1.805152863
-0.2294099065
-0.2294099065
-0.2648428841
-0.2648428841
-0.2325773818
-0.2325773818
-0.2325773818
-0.2325773818
-0.2325773818
-0.2325773818
-0.2325773818
-0.2325773818
-0.2325773818
-0.2325773818
-0.2325773818
-0.2325773818
-0.2325773818
-0.2325773818
-0.2325773818
-0.2576999894
-0.2281460825
-0.2281460825
-0.2281460825
-0.2281460825
-0.2281460825
-0.2281460825
-0.2281460825
-0.227745735
-0.9170009926
-0.9170009926
-0.9170009926
-0.9170009926
-0.9489511761
-0.9489511761
-0.9489511761
-0.6786646834
-0.6786646834
-0.2955683748
-0.2955683748
-0.5596220975
-0.5596220975
-0.5596220975
-0.5596220975
-0.5596220975
-0.5596220975
-0.5596220975
-0.2890172093
-0.2890172093
-0.2890172093
-0.2890172093
-0.2890172093
-0.3314321114
-0.3314321114
-0.3314321114
-0.3314321114
-0.3314321114
-0.3314321114
-0.3314321114
-0.3314321114
-0.3314321114
-0.3314321114
-0.3314321114
-0.254733346
-0.254733346
-0.254733346
-0.254733346
-0.254733346
-0.254733346
-0.254733346
-0.254733346
-0.254733346
-0.254733346
-0.291746311
-0.291746311
-0.291746311
-2.131878343
-2.131878343
-2.131878343
-2.131878343
-1.427522957
-1.427522957
-1.427522957
-0.7766842067
-0.7766842067
-0.7766842067
-0.7766842067
-0.7766842067
-0.7766842067
-0.7766842067
-1.425297505
-1.425297505
-0.9351021622
-0.9351021622
-0.9351021622
-0.265757479
-0.265757479
-0.265757479
-0.265757479
-0.2454415022
-0.2454415022
-0.2454415022
-0.2454415022
-0.2454415022
-0.2454415022
-0.2454415022
-0.2454415022
-0.2454415022
-0.2454415022
-0.2454415022
-0.5000753084
-0.5000753084
-0.5000753084
-0.5000753084
-2.378053835
-2.008244033
-2.008244033
-1.246228309
-1.246228309
-1.246228309
-1.246228309
-1.246228309
-0.2988367894
-0.2988367894
-0.2988367894
-0.2988367894
-0.2988367894
-0.2988367894
-0.2988367894
-1.410097242
-1.410097242
-1.410097242
-1.410097242
-1.410097242
-1.308385427
-0.5836828724
-0.5836828724
-0.5836828724
-0.5836828724
-0.2259963255
-0.2259963255
-0.2259963255
-0.2259963255
-0.2259963255
-0.2259963255
-0.5640166895
-0.5640166895
-0.5640166895
-0.5640166895
-1.058971613
-1.691947551
-1.691947551
-1.691947551
-1.691947551
-1.114132518
-1.114132518
-0.2261597589
-0.2261597589
-0.2261597589
-0.2261597589
-0.2261597589
-0.2261597589
-0.287577892
-0.287577892
-0.287577892
-0.287577892
-0.287577892
-0.287577892
-1.278530645
-1.278530645
-1.278530645
-1.278530645
-1.278530645
-1.278530645
-0.9426499732
-1.487182561
-0.2352323959
-0.8693301541
-1.241310093
-1.241310093
-0.8075087095
-1.926541191
-0.3368342724
-0.3368342724
-0.3368342724
-0.3368342724
-0.3368342724
-0.3368342724
-1.93381905
-1.93381905
-1.93381905
-1.93381905
-0.556438941
-0.556438941
-0.556438941
-0.556438941
-0.556438941
-0.556438941
-0.3542044287
-0.3542044287
-0.3542044287
-0.3542044287
-0.8601396953
-0.8601396953
-0.3281596329
-0.3281596329
-0.3281596329
-0.3281596329
-0.2346647204
-0.2346647204
-0.2346647204
-0.2346647204
-0.2346647204
-0.2346647204
-0.2346647204
-0.493604805
-0.493604805
-0.493604805
-0.493604805
-0.493604805
-0.493604805
-0.4559470304
-0.4559470304
-0.4559470304
-0.4559470304
-0.4559470304
-0.4559470304
-0.4559470304
-1.621249547
-1.621249547
-1.621249547
-1.621249547
-1.621249547
-1.621249547
-0.5836911784
-0.5836911784
-0.5836911784
-0.5836911784
-0.5836911784
-0.5836911784
-2.582517438
-1.603393166
-1.603393166
-0.2715060778
-0.2715060778
-0.2715060778
-0.2715060778
-2.537346924
-2.537346924
-2.537346924
-2.537346924
-2.537346924
-0.66679973
-0.66679973
-0.66679973
-0.66679973
-0.66679973
-0.66679973
-1.042363278
-1.042363278
-1.679567809
-1.679567809
-1.679567809
-1.679567809
-1.679567809
-1.679567809
-1.679567809
-0.8958104624
-0.8958104624
-0.8958104624
-0.8958104624
-0.3352431077
-0.3352431077
-0.3352431077
-0.3352431077
-0.3352431077
-0.3352431077
-0.3352431077
-0.3352431077
-0.3352431077
-0.3352431077
-0.3352431077
-0.3352431077
-0.3352431077
-0.3352431077
-0.3352431077
-0.3352431077
-0.3352431077
-0.2460660913
-1.01987691
-1.01987691
-1.299513372
-1.299513372
-0.3571248478
-0.2264555589
-0.2264555589
-0.2264555589
-0.2264555589
-0.2264555589
-0.3327250575
-0.2312067349
-0.2312067349
-0.2775365318
-0.2775365318
-0.2775365318
-0.2775365318
-0.2775365318
-0.2775365318
-0.2775365318
-5.196212608
-5.196212608
-4.258845821
-1.043179762
-1.043179762
-1.043179762
-1.619565248
-1.619565248
-0.2347741885
-0.2347741885
-0.2347741885
-0.3991264737
-0.3991264737
-0.3991264737
-0.5221940228
-0.8275558122
-0.8275558122
-0.2673061449
-0.2673061449
-0.2673061449
-0.2673061449
-0.2673061449
-0.2673061449
-0.2323955358
-0.2323955358
-0.5814439539
-0.5814439539
-1.189671321
-1.189671321
-1.189671321
-1.189671321
-1.189671321
-1.189671321
-1.189671321
-1.189671321
-1.189671321
-1.189671321
-1.189671321
-1.189671321
-1.189671321
-1.189671321
-0.4023777814
-0.4023777814
-0.4023777814
-0.4023777814
-0.4023777814
-0.4023777814
-0.2364607457
-0.2364607457
-0.2364607457
-0.2364607457
-0.2364607457
-0.2364607457
-0.2364607457
-0.2364607457
-0.2364607457
-0.739398918
-1.030402724
-1.030402724
-1.030402724
-0.9383305249
-0.9383305249
-0.4986306461
-2.285496067
-2.285496067
-0.4531820339
-0.4531820339
-0.4531820339
-0.4531820339
-3.44921639
-3.44921639
-3.44921639
-3.44921639
-3.922920059
-1.634919672
-0.2512233103
-0.2512233103
-0.2757649612
-0.2757649612
-0.2757649612
-0.2757649612
-0.2757649612
-0.5836855803
-0.5083115409
-0.5083115409
-0.5083115409
-0.5083115409
-0.3821543186
-0.3821543186
-0.3821543186
-0.3821543186
-0.3821543186
-0.3821543186
-0.3821543186
-0.5026939365
-0.5026939365
-0.5026939365
-0.4502477947
-0.4502477947
-0.921607277
-0.921607277
-0.921607277
-0.921607277
-0.921607277
-0.921607277
-0.921607277
-1.428486392
-1.428486392
-0.3368543622
-0.3368543622
-0.3368543622
-0.3368543622
-1.1352987
-1.1352987
-5.376720347
-5.376720347
-5.376720347
-5.376720347
-0.3487667424
-0.3487667424
-0.3487667424
-0.3487667424
-0.3487667424
-0.3487667424
-0.502120063
-0.502120063
-0.502120063
-1.043905476
-2.907813367
-0.2981917236
-0.2981917236
-0.2981917236
-0.2643913082
-0.2643913082
-0.2643913082
-0.2844967154
-0.2844967154
-0.2261427668
-0.2261427668
-0.2261427668
-0.2261427668
-0.2261427668
-0.2261427668
-0.2261427668
-0.2261427668
-0.2261427668
-0.2261427668
-0.2261427668
-0.2261427668
-0.2261427668
-0.2261427668
-0.2261427668
-0.2261427668
-0.2261427668
-0.2261427668
-0.2261427668
-0.2261427668
-0.2261427668
-0.2261427668
-0.2261427668
-0.2261427668
-0.2261427668
-0.2261427668
-0.8588013323
-0.4643589036
-0.4643589036
-0.4643589036
-0.5187918241
-0.5187918241
-0.5187918241
-0.5187918241
-0.7574522907
-0.7067702073
-0.7067702073
-0.7067702073
-0.3260102259
-0.3260102259
-0.3260102259
-0.3260102259
-0.8521075657
-0.8521075657
-0.8521075657
-0.8521075657
-0.5854751315
-0.5854751315
-0.5854751315
-0.5854751315
-0.5854751315
-0.8949258155
-0.8949258155
-0.8949258155
-0.8949258155
-0.8949258155
-0.8949258155
-0.8949258155
-0.8949258155
-0.8949258155
-0.8949258155
-0.8949258155
-0.8949258155
-1.009773865
-1.009773865
-1.009773865
-1.009773865
-0.2591586684
-0.2863034767
-0.2863034767
-0.2863034767
-0.2863034767
-0.2863034767
-0.2863034767
-0.2863034767
-0.2863034767
-0.2863034767
-0.2863034767
-0.2863034767
-0.9617251262
-0.9617251262
-0.9617251262
-0.9617251262
-0.4397732708
-1.114769643
-1.114769643
-1.336460149
-0.4076443792
-0.4076443792
-0.4076443792
-1.252959282
-1.252959282
-1.252959282
-4.836883578
-4.56260484
-4.56260484
-1.974332223
-1.616701243
-1.616701243
-2.351248409
-2.351248409
-2.351248409
-2.351248409
-2.351248409
-2.351248409
-2.351248409
-2.351248409
-2.351248409
-2.463146936
-3.030603042
-4.219334941
-4.219334941
-4.219334941
-0.7778338522
-0.7778338522
-0.4121106043
-0.4121106043
-0.4121106043
-0.4121106043
-0.4121106043
-0.4121106043
-0.4121106043
-0.4121106043
-0.4121106043
-0.4121106043
-0.4121106043
-0.4121106043
-0.4121106043
-0.4121106043
-0.4121106043
-0.4121106043
-0.4121106043
-0.4121106043
-0.4121106043
-0.4121106043
-0.4121106043
-0.4121106043
-0.4121106043
-1.264767965
-1.078602229
-1.078602229
-1.078602229
-1.078602229
-1.078602229
-1.078602229
-0.7152277286
-0.7152277286
-0.7152277286
-0.6250242546
-0.6250242546
-0.6250242546
-0.6250242546
-0.6250242546
-0.6148889067
-0.6148889067
-0.6148889067
-0.6148889067
-0.6148889067
-0.6148889067
-0.6148889067
-0.6148889067
-0.6148889067
-0.6148889067
-1.973064226
-1.837340956
-0.5128309936
-0.5128309936
-0.6876296574
-0.6876296574
-0.6876296574
-0.6876296574
-0.6876296574
-0.6876296574
-0.6876296574
-0.6876296574
-0.6730547641
-0.6730547641
-0.6730547641
-0.6730547641
-0.6730547641
-0.6730547641
-1.045735691
-1.045735691
-1.045735691
-1.045735691
-1.045735691
-1.045735691
-1.045735691
-0.2489951504
-0.2489951504
-0.2489951504
-0.2489951504
-0.3216887867
-0.3216887867
-0.3179690255
-0.3179690255
-0.3179690255
-0.3179690255
-0.3179690255
-0.3179690255
-0.2303147428
-0.2303147428
-0.2303147428
-0.2303147428
-0.2303147428
-0.2303147428
-0.2303147428
-0.2303147428
-0.2303147428
-0.2303147428
-0.2303147428
-0.2303147428
-0.2303147428
-0.2303147428
-0.2303147428
-0.2303147428
-0.2303147428
-0.2303147428
-0.2303147428
-0.2303147428
-0.2303147428
-0.2303147428
-0.2303147428
-0.2303147428
-0.2303147428
-0.2303147428
-0.2303147428
-0.2303147428
-0.2303147428
-0.2303147428
-0.2303147428
-0.2303147428
-0.2303147428
-0.235340398
-0.235340398
-0.235340398
-0.235340398
-0.235340398
-0.235340398
-0.235340398
-0.235340398
-0.235340398
-0.235340398
-0.235340398
-0.235340398
-0.235340398
-0.2405074433
-0.2405074433
-0.2269680493
-0.2269680493
-0.2269680493
-1.522157013
-0.3954456067
-0.3954456067
-0.3954456067
-0.3954456067
-0.3954456067
-0.3450125785
-0.3450125785
-0.3450125785
-0.3450125785
-1.33537074
-1.33537074
-1.33537074
-1.33537074
-1.33537074
-1.33537074
-1.299543666
-1.41528057
-0.2432915105
-0.2432915105
-0.2432915105
-0.3376134522
-0.3376134522
-0.3376134522
-0.6786118106
-0.6786118106
-0.6786118106
-0.6786118106
-1.556226369
-1.556226369
-1.556226369
-1.556226369
-1.556226369
-1.556226369
-1.556226369
-0.2558921537
-0.2558921537
-0.2558921537
-0.4997934287
-1.191606854
-1.191606854
-1.191606854
-1.191606854
-0.2810864915
-0.2810864915
-0.2810864915
-1.013819774
-1.013819774
-1.013819774
-1.013819774
-1.013819774
-1.013819774
-1.013819774
-1.013819774
-1.013819774
-1.013819774
-1.013819774
-1.013819774
-1.013819774
-1.013819774
-1.013819774
-1.013819774
-1.013819774
-1.013819774
-1.013819774
-1.013819774
-1.013819774
-1.013819774
-1.013819774
-1.013819774
-0.2259401868
-1.072492495
-1.072492495
-1.072492495
-0.8049597233
-3.139203981
-3.139203981
-3.139203981
-3.139203981
-3.139203981
-3.139203981
-0.9970206894
-0.9970206894
-0.9970206894
-0.9801468296
-0.9801468296
-0.9801468296
-0.8865009419
-0.8865009419
-0.8865009419
-0.8865009419
-0.8865009419
-0.8865009419
-0.8865009419
-0.8865009419
-0.8865009419
-0.8865009419
-0.8865009419
-0.8865009419
-0.8865009419
-0.8865009419
-0.8865009419
-0.8865009419
-0.8865009419
-0.8865009419
-0.8865009419
-0.8865009419
-0.7389953871
-0.7389953871
-0.7389953871
-3.663457113
-3.835308417
-3.835308417
-4.568183333
-4.568183333
-4.568183333
-3.977353371
-5.6107165
-0.3854277781
-0.3854277781
-0.3854277781
-0.3854277781
-0.2352403399
-0.3415935042
-0.3415935042
-0.3415935042
-0.3415935042
-0.3415935042
-0.3415935042
-0.3415935042
-0.3415935042
-0.3415935042
-1.245162429
-0.6190936912
-0.6190936912
-0.3643968567
-0.3643968567
-0.3643968567
-0.3643968567
-0.4998986994
-0.4998986994
-0.4998986994
-0.4998986994
-0.4998986994
-1.781119915
-1.781119915
-0.2358784874
-0.2358784874
-0.2358784874
-0.5051075156
-0.5051075156
-0.5051075156
-0.5051075156
-0.5051075156
-0.2965972244
-0.2965972244
-0.4711487638
-0.4711487638
-1.546995605
-1.546995605
-1.526578463
-1.526578463
-1.526578463
-1.526578463
-1.526578463
-1.526578463
-0.8359918023
-0.8359918023
-0.8359918023
-0.8359918023
-0.8359918023
-0.8359918023
-0.8359918023
-0.8359918023
-0.3415255534
-0.2275419481
-0.2275419481
-0.2275419481
-0.3411652437
-0.3411652437
-1.611127309
-1.611127309
-1.062180285
-1.062180285
-0.2458781171
-0.9116557649
-0.9116557649
-0.9116557649
-0.9116557649
-0.9116557649
-0.9116557649
-0.9116557649
-0.9116557649
-0.9116557649
-0.9116557649
-0.9116557649
-1.080596353
-1.080596353
-1.080596353
-1.080596353
-1.080596353
-1.080596353
-1.080596353
-1.080596353
-1.080596353
-1.080596353
-0.8265507664
-0.8265507664
-0.8265507664
-0.8265507664
-0.8265507664
-1.845469047
-1.845469047
-1.845469047
-1.845469047
-1.845469047
-1.845469047
-1.845469047
-1.845469047
-2.712616949
-2.712616949
-0.3970878415
-0.3970878415
-0.3970878415
-0.3970878415
-0.3970878415
-0.3970878415
-0.3970878415
-0.5521360196
-0.5521360196
-2.067178663
-1.00065002
-1.00065002
-1.00065002
-1.00065002
-1.00065002
-1.706408967
-0.3003406851
-0.3003406851
-0.3003406851
-0.3003406851
-1.907215327
-1.907215327
-1.907215327
-1.907215327
-1.907215327
-1.912000386
-1.912000386
-1.912000386
-1.912000386
-1.912000386
-1.912000386
-1.912000386
-3.157421663
-0.8474364114
-0.8474364114
-0.8474364114
-0.8474364114
-0.8474364114
-0.8474364114
-0.227415861
-0.227415861
-0.227415861
-0.4012176105
-0.4012176105
-0.4012176105
-0.4012176105
-0.4012176105
-0.4012176105
-0.4012176105
-0.4012176105
-0.4012176105
-0.4012176105
-0.4012176105
-0.4012176105
-0.4012176105
-0.4012176105
-0.3207997982
-0.3207997982
-0.3207997982
-0.3207997982
-0.3207997982
-0.3207997982
-0.3207997982
-0.3207997982
-1.906907967
-1.906907967
-1.906907967
-1.906907967
-1.906907967
-1.906907967
-1.906907967
-1.906907967
-1.906907967
-2.088923665
-2.088923665
-2.088923665
-2.088923665
-0.2636822424
-0.2636822424
-1.860532514
-0.7880870398
-0.8749638675
-0.8749638675
-0.7708171468
-0.7708171468
-0.7708171468
-0.7708171468
-2.642797494
-3.348235443
-3.348235443
-3.348235443
-1.711583734
-1.711583734
-1.711583734
-1.711583734
-1.711583734
-1.711583734
-1.711583734
-1.711583734
-1.711583734
-1.711583734
-1.711583734
-1.711583734
-1.711583734
-0.4335466136
-0.4335466136
-0.2888580916
-0.2888580916
-0.2888580916
-0.2888580916
-1.018107575
-0.8299946862
-0.660289838
-0.2258561971
-0.2258561971
-0.2258561971
-0.2258561971
-0.3080599333
-0.3080599333
-0.3080599333
-0.3080599333
-0.3080599333
-0.3080599333
-0.3080599333
-0.2607534039
-0.2257920567
-0.2305805092
-0.2305805092
-0.2305805092
-0.2305805092
-0.2305805092
-0.2305805092
-0.2305805092
-0.2305805092
-0.2305805092
-0.2603288085
-0.958548083
-0.6306660923
-0.6306660923
-0.6306660923
-0.6306660923
-0.4210180231
-0.4210180231
-2.216947752
-2.216947752
-2.216947752
-2.216947752
-0.2538492127
-0.2538492127
-0.7530934781
-0.7530934781
-0.7530934781
-0.7530934781
-0.7530934781
-0.7530934781
-1.553533413
-1.553533413
-1.553533413
-0.8907050445
-0.8907050445
-0.8907050445
-0.8907050445
-0.9746390794
-0.6762614614
-0.274616345
-0.274616345
-0.274616345
-0.274616345
-0.2270910663
-0.2270910663
-0.2270910663
-0.2270910663
-0.2270910663
-0.2270910663
-0.2270910663
-0.2270910663
-0.2270910663
-0.2270910663
-0.2270910663
-0.2270910663
-0.2270910663
-0.2270910663
-0.4087153741
-0.4087153741
-0.4087153741
-0.4087153741
-0.2793544329
-0.2793544329
-0.2793544329
-0.2259879291
-0.2259879291
-0.2259879291
-0.2259879291
-1.599976924
-1.599976924
-2.360510964
-1.011590289
-1.011590289
-1.011590289
-1.011590289
-0.4010646551
-0.4010646551
-0.4865051704
-0.2586216666
-0.2586216666
-0.2586216666
-0.2586216666
-2.410357233
-2.410357233
-0.4197320229
-0.4197320229
-0.4197320229
-0.4197320229
-0.4197320229
-0.4197320229
-0.4197320229
-0.4197320229
-0.4197320229
-0.4197320229
-0.4169109643
-0.4169109643
-0.4169109643
-0.773656351
-0.773656351
-0.773656351
-0.773656351
-0.773656351
-0.326811122
-0.326811122
-0.326811122
-0.3228598833
-0.5822166329
-0.5822166329
-0.5822166329
-0.5822166329
-0.5822166329
-0.5822166329
-0.5822166329
-0.5310190512
-0.5310190512
-0.5310190512
-0.5310190512
-0.8764262251
-0.8764262251
-0.8764262251
-0.2299347263
-0.2299347263
-0.2299347263
-0.2299347263
-2.19334006
-2.19334006
-0.7962547969
-0.7962547969
-0.7962547969
-0.3246703398
-0.3246703398
-1.446771551
-0.4113415742
-0.4113415742
-0.6346409271
-0.6346409271
-0.6346409271
-0.2672461356
-0.2672461356
-0.2672461356
-0.2672461356
-0.7243741515
-0.7243741515
-0.7243741515
-0.5853546514
-0.5853546514
-0.5853546514
-0.5853546514
-0.5853546514
-0.5853546514
-0.5853546514
-0.5853546514
-0.2259317519
-0.2259317519
-0.2259317519
-0.2259317519
-0.2259317519
-0.2259317519
-0.2259317519
-0.2259317519
-0.2259317519
-0.2259317519
-0.2259317519
-0.5634640384
-0.5634640384
-0.5634640384
-0.5634640384
-0.2584963664
-0.2584963664
-0.2584963664
-0.2584963664
-0.2598490683
-0.2598490683
-0.5824203948
-0.5824203948
-0.5824203948
-0.5824203948
-0.5824203948
-0.5824203948
-0.2500929274
-0.2500929274
-0.2500929274
-0.3056539904
-1.618614647
-1.013454283
-1.013454283
-1.013454283
-1.013454283
-0.2433022825
-0.2433022825
-0.2433022825
-0.2411855258
-1.172970432
-1.172970432
-0.7714174542
-0.7714174542
-0.6720841201
-0.6720841201
-0.6720841201
-0.6720841201
-0.6720841201
-0.6720841201
-0.3455542555
-0.3455542555
-1.769459651
-1.373271757
-1.373271757
-1.373271757
-3.388971329
-3.388971329
-3.388971329
-3.388971329
-3.388971329
-2.251154116
-2.251154116
-0.6575166034
-0.6575166034
-0.6575166034
-0.6575166034
-1.738626651
-1.738626651
-1.738626651
-1.351693241
-1.351693241
-1.351693241
-1.351693241
-1.351693241
-1.011926346
-1.011926346
-1.011926346
-1.011926346
-1.011926346
-1.011926346
-1.011926346
-1.011926346
-1.011926346
-1.011926346
-0.228774222
-0.228774222
-0.228774222
-0.228774222
-0.228774222
-0.3967319225
-0.244259164
-0.244259164
-0.244259164
-0.244259164
-0.244259164
-0.244259164
-0.244259164
-0.244259164
-0.244259164
-0.244259164
-0.244259164
-0.244259164
-0.244259164
-0.244259164
-0.244259164
-1.544747278
-1.544747278
-1.544747278
-0.2708295747
-0.2708295747
-0.2708295747
-0.2708295747
-0.2708295747
-1.567050954
-1.923984729
-1.923984729
-1.923984729
-1.923984729
-1.923984729
-1.923984729
-0.2341054423
-0.2341054423
-5.618267157
-6.060905038
-6.060905038
-6.060905038
-0.4118440001
-0.2407147945
-1.449624768
-1.449624768
-1.449624768
-0.7421764771
-0.7421764771
-0.7421764771
-0.7421764771
-1.848665256
-1.848665256
-1.848665256
-1.848665256
-1.848665256
-1.848665256
-0.2264254009
-0.2264254009
-0.2264254009
-0.3698190223
-0.3698190223
-0.2584341803
-0.2584341803
-0.2584341803
-0.2584341803
-0.2584341803
-0.2584341803
-0.2584341803
-0.2584341803
-0.2584341803
-0.2584341803
-0.2584341803
-0.2257972184
-0.2257972184
-0.2257972184
-0.2257972184
-0.2257972184
-0.2257972184
-0.2257972184
-0.2257972184
-0.2257972184
-1.276989699
-1.276989699
-1.276989699
-1.276989699
-1.276989699
-0.4030216964
-0.4030216964
-0.4030216964
-0.4030216964
-0.4030216964
-0.4030216964
-0.4030216964
-0.4030216964
-0.4030216964
-0.4030216964
-0.2690095721
-0.2690095721
-0.2690095721
-0.2690095721
-0.2690095721
-0.2690095721
-0.2690095721
-0.2690095721
-0.2690095721
-0.2690095721
-0.2690095721
-0.2690095721
-0.5935835211
-0.5935835211
-0.5935835211
-0.5935835211
-0.5935835211
-0.5935835211
-0.5935835211
-0.5935835211
-0.5935835211
-0.5935835211
-0.2632099871
-0.6442353306
-0.6442353306
-0.6442353306
-0.6442353306
-0.6442353306
-0.6442353306
-0.7971751415
-0.7971751415
-0.7425594805
-0.7425594805
-0.7425594805
-0.7425594805
-0.7425594805
-0.7425594805
-0.7425594805
-0.227175114
-0.227175114
-0.227175114
-0.227175114
-0.7109009472
-0.4926524544
-0.4926524544
-0.4926524544
-0.4926524544
-2.232055917
-2.232055917
-2.232055917
-2.232055917
-2.232055917
-2.232055917
-2.232055917
-3.669883946
-0.2492609829
-0.2492609829
-0.2492609829
-0.2492609829
-0.2492609829
-0.2492609829
-0.2492609829
-0.2492609829
-0.2492609829
-0.3894819413
-0.3894819413
-0.3894819413
-0.3894819413
-0.3894819413
-0.3969196964
-0.9942549663
-0.9942549663
-0.9942549663
-0.9942549663
-0.9942549663
-0.9942549663
-0.6226517039
-0.232145766
-0.232145766
-0.232145766
-0.232145766
-0.232145766
-0.232145766
-0.232145766
-0.232145766
-0.232145766
-0.232145766
-0.232145766
-0.232145766
-0.232145766
-1.555428704
-1.870545921
-1.870545921
-0.267706766
-0.267706766
-0.267706766
-0.267706766
-0.267706766
-0.2915993162
-0.2915993162
-0.2915993162
-0.2915993162
-0.2915993162
-0.2915993162
-0.2915993162
-0.2469753309
-0.2469753309
-0.2469753309
-0.2469753309
-0.2469753309
-0.2469753309
-0.2262680096
-0.2262680096
-0.2262680096
-0.2262680096
-0.2262680096
-0.2262680096
-0.2262680096
-0.2262680096
-0.5185516336
-0.5185516336
-0.5185516336
-0.5185516336
-0.5185516336
-0.5185516336
-1.391296717
-0.7780277434
-0.7780277434
-0.7780277434
-0.855398517
-0.855398517
-0.4948440237
-0.4948440237
-0.2880664184
-0.2880664184
-0.2880664184
-0.2880664184
-0.2880664184
-0.2880664184
-0.2880664184
-0.2880664184
-0.2880664184
-0.2880664184
-0.2880664184
-0.2887175524
-0.2887175524
-1.565059598
-1.565059598
-1.565059598
-1.565059598
-1.565059598
-0.8764152506
-0.8764152506
-0.8764152506
-0.8764152506
-0.8764152506
-0.4103105143
-0.6061597632
-0.6061597632
-0.6061597632
-0.846880247
-0.846880247
-0.2946719993
-0.3843931393
-0.3843931393
-0.3843931393
-0.3843931393
-0.8906853156
-0.8906853156
-0.8906853156
-0.8906853156
-0.4789194434
-0.5969194528
-0.5969194528
-0.4341168361
-0.4341168361
-0.4341168361
-0.4341168361
-0.4341168361
-0.4341168361
-0.4341168361
-0.4341168361
-0.4341168361
-0.4341168361
-0.4341168361
-0.4341168361
-0.4341168361
-0.4341168361
-0.4341168361
-0.4341168361
-0.4341168361
-0.4341168361
-0.4341168361
-0.4341168361
-0.4341168361
-0.4341168361
-0.4341168361
-0.4341168361
-0.4341168361
-0.4341168361
-0.4341168361
-0.4341168361
-0.4341168361
-1.184001657
-1.184001657
-1.184001657
-1.184001657
-1.184001657
-1.184001657
-1.184001657
-1.184001657
-1.184001657
-1.184001657
-1.184001657
-0.2781491594
-5.485289003
-5.485289003
-5.485289003
-5.485289003
-5.485289003
-5.485289003
-1.301732694
-1.301732694
-1.301732694
-1.301732694
-1.301732694
-1.141656545
-0.3575517734
-0.3575517734
-0.5462300176
-0.5462300176
-1.487402428
-1.594852214
-1.594852214
-1.594852214
-1.594852214
-1.594852214
-0.5415256624
-0.2477201888
-0.2477201888
-0.2418581387
-0.2418581387
-0.2418581387
-0.2418581387
-0.2418581387
-0.2418581387
-0.2418581387
-0.2418581387
-0.2418581387
-1.063653108
-1.063653108
-0.4038260291
-0.4038260291
-0.4038260291
-0.3272967723
-0.3272967723
-0.3272967723
-0.3272967723
-0.3272967723
-0.3272967723
-0.3272967723
-0.5243855548
-0.3153281729
-0.2859130309
-0.2859130309
-0.2734993676
-0.5139224568
-0.5139224568
-0.5139224568
-1.164162983
-1.164162983
-1.164162983
-1.164162983
-1.164162983
-1.164162983
-0.4437663046
-0.4437663046
-0.4437663046
-0.4437663046
-0.4437663046
-1.634712476
-1.634712476
-1.634712476
-0.7477212962
-0.7477212962
-0.7477212962
-0.7477212962
-0.7477212962
-0.7477212962
-0.8195598121
-0.8195598121
-0.8195598121
-0.8195598121
-0.8195598121
-0.8195598121
-0.8195598121
-0.8195598121
-0.8195598121
-0.8195598121
-0.2321348022
-0.2321348022
-0.4938330808
-0.4357974548
-0.4357974548
-0.4357974548
-0.4357974548
-1.332337706
-1.528563652
-1.528563652
-0.290120147
-0.290120147
-0.290120147
-0.4513272572
-0.399481081
-0.399481081
-0.226251834
-0.226251834
-0.226251834
-0.3079595598
-0.3079595598
-0.3079595598
-0.3079595598
-0.3079595598
-0.3079595598
-0.4079662152
-0.4079662152
-0.4079662152
-0.4079662152
-0.4079662152
-0.4079662152
-0.4079662152
-0.4079662152
-0.4079662152
-0.4079662152
-0.4079662152
-0.4079662152
-0.4079662152
-0.4079662152
-0.4079662152
-0.4079662152
-0.4079662152
-0.6488751593
-0.6488751593
-0.6488751593
-0.6488751593
-0.6488751593
-0.6488751593
-0.6488751593
-0.6488751593
-0.6488751593
-0.6488751593
-0.6488751593
-0.6488751593
-0.6581533323
-0.6581533323
-0.6581533323
-0.6581533323
-2.727052604
-2.727052604
-2.727052604
-0.2257932043
-0.2257932043
-0.2257932043
-0.3290224825
-0.3290224825
-0.3290224825
-0.3290224825
-0.3290224825
-0.3290224825
-0.3290224825
-0.3290224825
-0.2263728512
-0.2263728512
-0.2263728512
-0.2263728512
-0.2263728512
-0.2263728512
-0.2263728512
-0.2263728512
-0.2263728512
-0.2263728512
-0.2263728512
-0.2263728512
-0.2263728512
-0.2263728512
-0.2260522398
-0.2260522398
-0.2260522398
-0.2260522398
-0.2260522398
-0.2260522398
-0.2260522398
-0.2260522398
-0.2260522398
-0.2260522398
-0.2260522398
-0.2260522398
-0.2260522398
-0.2260522398
-0.2260522398
-0.7106561912
-0.2685440311
-0.2685440311
-0.2685440311
-0.2685440311
-0.2685440311
-0.2685440311
-0.2685440311
-0.2685440311
-0.3585211041
-0.3585211041
-0.5617274185
-0.5617274185
-0.5617274185
-0.4196303429
-0.6046884285
-0.6046884285
-0.3371619755
-0.3371619755
-0.3371619755
-0.3371619755
-0.3371619755
-0.3371619755
-0.3371619755
-4.917006247
-0.2965383624
-0.7075177242
-0.7199897193
-0.7199897193
-1.073943286
-1.073943286
-1.073943286
-1.073943286
-1.073943286
-0.3566440809
-0.3566440809
-0.3566440809
-0.3566440809
-0.3566440809
-0.3566440809
-0.2265557
-0.2265557
-0.2265557
-0.6031600713
-0.430616705
-1.227813277
-1.227813277
-1.227813277
-1.271543657
-1.271543657
-1.052819991
-1.052819991
-1.052819991
-1.052819991
-1.052819991
-1.919860446
-1.919860446
-1.919860446
-1.228945489
-1.228945489
-1.228945489
-1.228945489
-1.231936232
-1.231936232
-0.4503931763
-0.4503931763
-0.2257968636
-0.2257968636
-1.960128317
-1.960128317
-0.2929173926
-0.2929173926
-0.2929173926
-0.2929173926
-0.2929173926
-0.2929173926
-0.2929173926
-0.2929173926
-0.2929173926
-0.2929173926
-0.2929173926
-0.3703371493
-0.9692418732
-0.9692418732
-0.9692418732
-0.9692418732
-0.9692418732
-0.8333751905
-0.8333751905
-0.8333751905
-0.8333751905
-0.8333751905
-0.7763361627
-0.7763361627
-0.7763361627
-0.7763361627
-1.05518765
-0.2769913079
-0.2769913079
-0.2769913079
-0.2769913079
-0.5195232452
-0.5195232452
-0.2483799874
-0.2483799874
-0.2483799874
-0.2483799874
-0.4109022263
-0.4109022263
-0.4109022263
-0.4109022263
-0.4109022263
-0.2498463633
-2.38341307
-2.38341307
-2.38341307
-0.7041115977
-0.7041115977
-0.7041115977
-0.7041115977
-0.7041115977
-0.7041115977
-0.7041115977
-0.7041115977
-0.7041115977
-0.7041115977
-0.7041115977
-0.7041115977
-0.7041115977
-0.7293177245
-0.7293177245
-0.7293177245
-1.888050164
-1.888050164
-2.299058088
-0.9123298853
-0.9123298853
-0.227449341
-0.227449341
-0.227449341
-0.227449341
-2.77806318
-2.77806318
-2.77806318
-2.77806318
-0.2598641283
-0.2598641283
-0.2598641283
-0.2598641283
-0.2598641283
-0.2598641283
-0.2598641283
-0.2598641283
-0.2598641283
-0.2598641283
-0.2598641283
-0.2598641283
-0.2598641283
-1.749686731
-0.3820309538
-0.3820309538
-0.2294334025
-0.2294334025
-0.2294334025
-0.2294334025
-0.2294334025
-0.2294334025
-0.2294334025
-0.2294334025
-0.2294334025
-0.2294334025
-0.8177712103
-0.8177712103
-0.8177712103
-0.8177712103
-1.012769302
-1.012769302
-1.012769302
-1.012769302
-1.012769302
-1.012769302
-1.012769302
-1.012769302
-1.012769302
-1.012769302
-1.012769302
-1.012769302
-1.012769302
-1.012769302
-1.012769302
-1.012769302
-1.012769302
-1.012769302
-1.012769302
-1.012769302
-1.012769302
-1.012769302
-1.012769302
-1.012769302
-1.012769302
-1.012769302
-1.012769302
-1.012769302
-2.576639726
-2.576639726
-2.576639726
-2.576639726
-1.043224261
-1.043224261
-0.3515317582
-0.3515317582
-0.3515317582
-0.3515317582
-0.3515317582
-0.3515317582
-0.3257146077
-0.3257146077
-0.3257146077
-0.3257146077
-0.3257146077
-0.2411545018
-0.2411545018
-0.2411545018
-0.2411545018
-0.8637013554
-0.2937005499
-0.2937005499
-0.2937005499
-0.2503309493
-0.2503309493
-0.2503309493
-0.2503309493
-0.2503309493
-0.2503309493
-0.545724341
-0.545724341
-0.545724341
-0.545724341
-0.545724341
-0.3180679956
-0.3180679956
-0.3180679956
-0.3180679956
-0.3180679956
-0.3180679956
-0.3180679956
-0.3180679956
-0.3180679956
-0.3180679956
-0.3180679956
-0.3180679956
-0.3180679956
-0.3180679956
-0.3180679956
-0.3180679956
-0.3180679956
-0.3180679956
-0.3180679956
-0.3180679956
-0.3180679956
-0.3180679956
-0.3180679956
-0.2258012816
-0.2840778146
-0.2840778146
-0.8126239476
-0.8126239476
-0.8126239476
-0.8126239476
-0.8126239476
-0.8126239476
-0.8126239476
-0.8126239476
-0.8126239476
-0.8126239476
-0.8126239476
-0.3761064592
-0.3761064592
-0.3761064592
-0.2300263075
-0.2300263075
-0.2300263075
-0.2300263075
-0.2300263075
-0.6871505187
-2.030349198
-2.030349198
-0.2322423388
-0.2322423388
-0.2322423388
-0.2557837961
-0.2557837961
-0.2557837961
-2.007772923
-2.007772923
-2.007772923
-0.2429387858
-0.2429387858
-0.2429387858
-0.2429387858
-0.2429387858
-0.2429387858
-0.8546374958
-0.8546374958
-0.8546374958
-0.7957178596
-0.7957178596
-0.7957178596
-0.7957178596
-0.7957178596
-0.7957178596
-0.2640806219
-0.2640806219
-0.2640806219
-0.4736012035
-0.2982979848
-0.2982979848
-0.2982979848
-0.3162267845
-1.816367149
-1.816367149
-0.2261820899
-0.5029934907
-0.5029934907
-0.5029934907
-0.5029934907
-0.5029934907
-0.5029934907
-0.5029934907
-0.5029934907
-0.5029934907
-0.5029934907
-0.5029934907
-0.5029934907
-0.8053149358
-0.8053149358
-0.8053149358
-0.8053149358
-0.8053149358
-0.2678982418
-0.2678982418
-0.2678982418
-0.2678982418
-0.2678982418
-2.217551369
-2.217551369
-2.217551369
-0.6338044264
-0.6338044264
-0.6338044264
-0.837858653
-0.837858653
-0.837858653
-0.837858653
-0.2295303621
-0.2295303621
-0.2295303621
-0.2295303621
-0.2295303621
-0.2295303621
-0.2295303621
-0.2295303621
-0.2295303621
-0.2295303621
-0.5077527712
-0.5077527712
-0.5077527712
-0.7452717089
-0.7452717089
-0.4271916688
-0.4271916688
-0.4271916688
-2.287904648
-2.287904648
-0.5247156005
-0.5247156005
-0.4653973705
-0.4653973705
-0.4653973705
-0.4041517586
-0.4041517586
-0.4041517586
-0.4041517586
-0.4041517586
-0.233069018
-0.6879159741
-0.6879159741
-0.6879159741
-0.6879159741
-0.6879159741
-0.6879159741
-0.6879159741
-0.6879159741
-0.6879159741
-0.7751703152
-0.7751703152
-0.2279373001
-0.2279373001
-1.493478291
-0.3488944604
-0.3488944604
-0.3488944604
-0.3488944604
-0.3488944604
-0.6191680171
-0.6191680171
-0.6191680171
-0.6191680171
-0.6191680171
-0.6191680171
-1.092635721
-1.092635721
-1.092635721
-1.092635721
-1.092635721
-1.092635721
-1.579762599
-1.359103982
-1.359103982
-1.359103982
-1.359103982
-1.359103982
-1.359103982
-1.359103982
-1.359103982
-1.359103982
-1.359103982
-1.359103982
-0.3008800186
-0.3008800186
-0.3008800186
-0.756142136
-0.756142136
-0.756142136
-0.756142136
-0.756142136
-0.756142136
-0.756142136
-0.756142136
-2.215974979
-2.215974979
-2.215974979
-0.4132665573
-0.4132665573
-0.4132665573
-0.4132665573
-0.4132665573
-0.4132665573
-0.4132665573
-0.4132665573
-0.2309865357
-0.2309865357
-0.2309865357
-0.2309865357
-0.2309865357
-0.2309865357
-0.2595384772
-0.2595384772
-0.2595384772
-0.2595384772
-0.2595384772
-0.2595384772
-0.2802086453
-0.2802086453
-0.2802086453
-0.2802086453
-0.2802086453
-0.2802086453
-0.2802086453
-0.3133297389
-0.3133297389
-0.3133297389
-0.3133297389
-0.3133297389
-0.3133297389
-0.3133297389
-0.3133297389
-0.3133297389
-0.2570480795
-0.2570480795
-0.2570480795
-0.2570480795
-0.2570480795
-0.2570480795
-0.2281999699
-0.2281999699
-0.2281999699
-0.6860390267
-0.6860390267
-0.6860390267
-1.275166872
-1.303246767
-1.026734281
-1.026734281
-1.026734281
-1.026734281
-1.026734281
-1.026734281
-1.026734281
-1.360891175
-0.4922905544
-0.4922905544
-0.2272839643
-0.2272839643
-0.2272839643
-0.2272839643
-0.2272839643
-0.2272839643
-0.2272839643
-0.2272839643
-0.2272839643
-0.2272839643
-0.264711018
-0.264711018
-0.264711018
-0.264711018
-1.42838739
-1.42838739
-1.01046668
-1.01046668
-1.01046668
-0.3525919944
-0.3525919944
-0.3525919944
-0.3525919944
-0.3525919944
-0.3525919944
-0.3525919944
-0.3525919944
-0.3525919944
-0.3525919944
-0.3525919944
-0.3525919944
-0.3525919944
-0.6074596584
-0.326727651
-0.326727651
-0.326727651
-0.326727651
-0.326727651
-0.326727651
-0.326727651
-0.326727651
-0.326727651
-0.326727651
-0.6337253662
-0.6337253662
-0.6337253662
-0.6337253662
-0.3777198822
-0.3777198822
-0.2276827852
-0.2276827852
-0.2276827852
-0.706510385
-0.706510385
-0.706510385
-0.6206861371
-0.6206861371
-1.008912871
-1.80982904
-1.80982904
-1.80982904
-1.80982904
-0.782579468
-0.782579468
-0.782579468
-0.782579468
-0.253253476
-0.253253476
-0.253253476
-0.253253476
-0.253253476
-0.253253476
-0.2529654617
-0.3325998368
-0.3325998368
-0.3325998368
-0.3325998368
-0.2302421045
-0.2302421045
-0.2302421045
-0.2900959747
-0.2900959747
-0.452027684
-0.5472351983
-1.531583945
-1.531583945
-1.531583945
-1.531583945
-1.531583945
-1.531583945
-1.531583945
-1.531583945
-1.531583945
-2.279698801
-0.3520039119
-0.3520039119
-0.3520039119
-1.057524033
-1.057524033
-1.057524033
-1.057524033
-0.3087569612
-0.3087569612
-0.3087569612
-0.3087569612
-0.3087569612
-0.3087569612
-0.3087569612
-0.3087569612
-0.2301157817
-0.6054740209
-0.6054740209
-0.6054740209
-0.2270172432
-0.2270172432
-0.2270172432
-0.2270172432
-0.2792614167
-0.2792614167
-0.2792614167
-0.2792614167
-0.2792614167
-0.2792614167
-0.478000525
-0.478000525
-0.478000525
-0.4709935025
-0.4709935025
-0.4709935025
-0.4709935025
-0.4709935025
-0.4709935025
-0.4709935025
-1.134199428
-1.134199428
-1.134199428
-1.134199428
-1.134199428
-1.134199428
-1.134199428
-1.9404777
-1.9404777
-0.4639912264
-0.4639912264
-0.4639912264
-0.4639912264
-0.3607426605
-0.3607426605
-1.161152515
-1.161152515
-1.161152515
-1.161152515
-1.161152515
-1.161152515
-1.161152515
-0.6374435598
-0.6374435598
-0.6374435598
-0.6374435598
-0.6374435598
-0.6374435598
-0.6374435598
-0.6374435598
-0.6374435598
-0.6374435598
-0.6374435598
-0.6374435598
-0.9036649662
-0.9036649662
-0.9036649662
-1.407510789
-1.407510789
-0.4476617861
-0.4476617861
-0.4476617861
-0.4476617861
-0.4476617861
-0.4476617861
-0.4476617861
-0.4476617861
-0.4476617861
-0.4476617861
-0.4476617861
-0.4476617861
-0.4476617861
-0.4476617861
-0.4476617861
-0.3395177868
-0.3395177868
-0.2956017411
-0.9051082182
-0.9051082182
-0.9051082182
-0.9051082182
-0.9051082182
-0.9051082182
-0.9051082182
-0.9051082182
-0.5762773345
-0.2873328737
-0.2873328737
-0.2873328737
-0.2873328737
-0.2873328737
-0.2873328737
-0.2355922866
-0.2355922866
-0.2355922866
-0.6671095647
-0.6671095647
-0.6671095647
-0.6671095647
-0.6671095647
-0.6671095647
-0.6671095647
-0.6671095647
-0.6671095647
-0.6671095647
-0.6671095647
-0.6671095647
-0.6671095647
-0.6671095647
-0.6671095647
-0.6671095647
-0.6671095647
-0.6671095647
-0.6671095647
-0.6671095647
-0.6671095647
-0.6671095647
-0.6671095647
-1.092341444
-1.092341444
-1.721092843
-1.721092843
-1.721092843
-1.721092843
-2.389724939
-2.389724939
-2.389724939
-1.039762795
-1.039762795
-1.039762795
-1.039762795
-1.039762795
-1.039762795
-1.039762795
-1.353103839
-1.353103839
-1.353103839
-1.353103839
-1.353103839
-0.2523210258
-0.2523210258
-0.2523210258
-0.2523210258
-0.5471754972
-0.5471754972
-0.5471754972
-0.5471754972
-0.5471754972
-0.5471754972
-1.578469826
-0.3948528955
-1.893121305
-0.5300634808
-0.5300634808
-0.4865183557
-3.417117177
-1.103407549
-1.571959618
-1.571959618
-0.2420790613
-0.2420790613
-0.2420790613
-0.2420790613
-0.2420790613
-0.2420790613
-0.2420790613
-0.2420790613
-0.2420790613
-0.2420790613
-0.2420790613
-0.2420790613
-0.2420790613
-0.2420790613
-0.2420790613
-0.2420790613
-0.2420790613
-0.2420790613
-0.2420790613
-0.2420790613
-0.9015545215
-1.030749858
-1.030749858
-1.030749858
-1.030749858
-1.030749858
-1.030749858
-1.030749858
-1.030749858
-1.030749858
-1.030749858
-1.030749858
-1.030749858
-1.030749858
-1.030749858
-1.197517192
-1.197517192
-1.197517192
-1.197517192
-0.3027670937
-0.3027670937
-0.3027670937
-0.3027670937
-0.3027670937
-0.3027670937
-0.3027670937
-0.3027670937
-2.185964707
-2.185964707
-2.185964707
-1.359458222
-1.359458222
-1.359458222
-1.359458222
-1.359458222
-1.359458222
-0.29176102
-0.29176102
-0.29176102
-0.29176102
-0.8323164545
-0.8323164545
-0.8323164545
-1.496768595
-1.496768595
-1.496768595
-1.496768595
-1.496768595
-1.496768595
-1.496768595
-1.496768595
-1.496768595
-1.496768595
-1.496768595
-1.467064362
-1.467064362
-1.135045815
-1.135045815
-1.135045815
-1.135045815
-1.135045815
-0.514913339
-0.3859574531
-0.3859574531
-0.3859574531
-0.3859574531
-2.022210753
-2.022210753
-2.022210753
-2.022210753
-2.022210753
-2.022210753
-2.022210753
-2.022210753
-2.022210753
-2.022210753
-0.2258614818
-0.2258614818
-0.2258614818
-0.2258614818
-0.2258614818
-0.6152022063
-0.6152022063
-0.3284910361
-0.3284910361
-0.2526604808
-0.2526604808
-0.2526604808
-0.2526604808
-0.2526604808
-0.7189984986
-0.7189984986
-0.7189984986
-0.6332394769
-0.2587479419
-0.3395432862
-0.3395432862
-0.2578700422
-0.2578700422
-0.2578700422
-0.2578700422
-0.2578700422
-0.2578700422
-0.2578700422
-0.3531490018
-1.090351485
-1.090351485
-1.090351485
-1.090351485
-1.090351485
-1.241569947
-0.2418477716
-0.2418477716
-0.4066747752
-0.4066747752
-0.4066747752
-0.2681336052
-0.2681336052
-0.7828305973
-0.7828305973
-0.5280437551
-0.5280437551
-0.5280437551
-0.407488114
-0.407488114
-0.225911117
-0.4477787969
-0.4477787969
-0.4477787969
-0.2861869641
-0.2861869641
-0.2825176336
-0.2825176336
-0.2825176336
-0.2825176336
-0.2825176336
-0.2268261893
-0.2268261893
-0.2268261893
-0.2268261893
-0.2268261893
-0.2268261893
-0.7830662656
-0.7830662656
-0.7830662656
-0.2316127978
-0.2316127978
-0.2316127978
-0.2316127978
-0.2316127978
-0.2316127978
-0.2389443593
-0.3266302979
-0.3266302979
-0.3266302979
-0.3266302979
-0.3266302979
-0.3266302979
-0.3266302979
-0.2272969896
-0.2349435051
-0.2602896457
-0.2602896457
-0.2602896457
-0.2602896457
-0.3461195694
-0.3041030949
-0.3041030949
-0.3005333967
-0.2370653837
-0.2370653837
-0.2370653837
-0.2370653837
-0.5366180917
-0.5366180917
-0.5366180917
-0.5366180917
-0.5366180917
-0.5366180917
-0.5366180917
-0.5366180917
-0.5366180917
-0.5366180917
-0.5366180917
-0.3238189008
-0.3238189008
-0.3238189008
-0.3238189008
-0.3238189008
-0.3238189008
-0.3238189008
-0.3550787708
-0.3550787708
-0.3550787708
-0.2267865097
-0.2267865097
-0.2267865097
-2.250910146
-2.250910146
-2.250910146
-2.250910146
-0.9752195604
-0.9752195604
-0.9752195604
-0.9752195604
-0.2260253957
-0.2260253957
-0.2260253957
-0.2260253957
-0.2260253957
-0.2260253957
-0.2260253957
-0.3649340928
-0.3649340928
-0.3649340928
-0.3649340928
-0.3649340928
-0.3649340928
-0.3649340928
-0.3649340928
-0.3649340928
-0.3649340928
-0.3649340928
-0.3649340928
-0.4697833624
-0.5307506632
-1.044578167
-1.044578167
-2.003829712
-2.003829712
-0.9087106313
-0.9087106313
-0.9087106313
-0.9087106313
-0.9087106313
-0.5808954452
-0.5808954452
-0.5808954452
-1.487606149
-0.6708675564
-0.6708675564
-0.6708675564
-0.6708675564
-0.6708675564
-0.6708675564
-0.6708675564
-0.6708675564
-0.6708675564
-0.6708675564
-0.6708675564
-0.6708675564
-0.6708675564
-0.6708675564
-2.325407675
-2.325407675
-2.325407675
-1.893239654
-1.893239654
-1.893239654
-1.893239654
-1.893239654
-1.763583675
-1.763583675
-1.763583675
-1.763583675
-2.9632884
-0.2610731937
-0.2610731937
-0.2610731937
-0.2610731937
-0.2610731937
-0.2610731937
-0.2297468627
-0.2297468627
-0.2297468627
-0.2297468627
-0.2297468627
-0.2297468627
-0.2297468627
-0.2297468627
-0.2297468627
-0.2297468627
-0.2297468627
-0.2297468627
-0.2297468627
-0.2297468627
-0.2297468627
-0.2297468627
-1.214135878
-0.4514143511
-0.4514143511
-1.604851218
-1.604851218
-0.4441504544
-0.2594210004
-0.2594210004
-0.2594210004
-1.135011425
-1.135011425
-1.135011425
-1.135011425
-1.135011425
-1.135011425
-1.135011425
-1.036365144
-1.036365144
-1.036365144
-1.036365144
-1.036365144
-1.055922081
-1.055922081
-2.804837306
-2.804837306
-2.804837306
-2.804837306
-2.804837306
-2.804837306
-2.804837306
-0.2279897839
-2.420227101
-0.3298588213
-0.3298588213
-0.3298588213
-0.3298588213
-0.3298588213
-0.3298588213
-0.2267088352
-0.2267088352
-0.3661325021
-0.3661325021
-0.3661325021
-0.3661325021
-0.350921736
-0.350921736
-0.350921736
-0.350921736
-0.2258005984
-0.2258005984
-0.2258005984
-0.2258005984
-0.2258005984
-0.2258005984
-0.2258005984
-0.2258005984
-0.2258005984
-0.2258005984
-0.2258005984
-0.2258005984
-0.2258005984
-0.2808670891
-0.2808670891
-0.2808670891
-0.2808670891
-0.2808670891
-0.2808670891
-0.2808670891
-2.507542193
-2.507542193
-0.9505539434
-0.9505539434
-0.9505539434
-0.9505539434
-0.9505539434
-0.9505539434
-0.9505539434
-2.70606418
-1.005894701
-0.4746844406
-2.184226848
-0.5753446773
-0.5753446773
-2.179365286
-2.179365286
-2.179365286
-1.07644675
-1.239464006
-0.8923373297
-0.8923373297
-0.8923373297
-0.8923373297
-1.101827042
-1.101827042
-0.3351305834
-0.3351305834
-0.3351305834
-0.3351305834
-0.3351305834
-0.3351305834
-0.3485900242
-0.3485900242
-0.3485900242
-0.3485900242
-0.3485900242
-0.3485900242
-0.3485900242
-0.7825758952
-0.7825758952
-0.7825758952
-0.7825758952
-0.7825758952
-1.469183313
-1.469183313
-1.469183313
-1.469183313
-1.469183313
-1.469183313
-1.469183313
-1.161340688
-1.161340688
-1.161340688
-1.161340688
-1.161340688
-1.161340688
-1.161340688
-1.161340688
-1.161340688
-0.4328100541
-0.4328100541
-0.4328100541
-0.4328100541
-0.4328100541
-0.4328100541
-0.4328100541
-0.4328100541
-0.4328100541
-0.4328100541
-0.4328100541
-0.4193320765
-0.4193320765
-0.4193320765
-0.4193320765
-0.4193320765
-0.4193320765
-0.5071026139
-0.896033145
-0.896033145
-0.896033145
-0.896033145
-1.081776392
-1.081776392
-1.081776392
-1.081776392
-1.081776392
-1.081776392
-1.081776392
-1.081776392
-3.055510451
-3.055510451
-0.2281740047
-0.2281740047
-0.2281740047
-0.2281740047
-0.2281740047
-0.2281740047
-3.156057109
-3.156057109
-1.224225213
-1.224225213
-1.224225213
-1.224225213
-1.224225213
-1.224225213
-1.224225213
-1.224225213
-1.224225213
-1.224225213
-1.666910827
-1.666910827
-1.666910827
-1.666910827
-1.666910827
-1.666910827
-1.666910827
-1.666910827
-1.666910827
-1.666910827
-1.666910827
-1.666910827
-1.666910827
-1.666910827
-1.6407341
-1.6407341
-0.2295263347
-0.2295263347
-0.2295263347
-0.2295263347
-0.2295263347
-0.3463601668
-0.9475334342
-0.9475334342
-0.9475334342
-0.9475334342
-0.7050945825
-0.7050945825
-0.7050945825
-0.7050945825
-0.7050945825
-0.7050945825
-0.7050945825
-0.7050945825
-1.397459753
-1.397459753
-1.102511547
-1.102511547
-1.102511547
-1.102511547
-1.102511547
-0.2726081963
-0.2726081963
-1.563793197
-1.563793197
-1.224089061
-1.224089061
-1.224089061
-1.224089061
-1.224089061
-0.2327282706
-0.2327282706
-0.2327282706
-0.2359415224
-0.9713524139
-0.9713524139
-0.9713524139
-0.9713524139
-0.9713524139
-0.9713524139
-0.9713524139
-0.7802265596
-0.7802265596
-0.7802265596
-0.3934950175
-0.3934950175
-0.3934950175
-0.3934950175
-0.3934950175
-0.3934950175
-0.3934950175
-0.858871365
-0.858871365
-0.858871365
-0.858871365
-0.6842937384
-0.8178578654
-0.8178578654
-0.8178578654
-0.8178578654
-0.8178578654
-0.8178578654
-0.8178578654
-0.2348863841
-0.2348863841
-0.5311002783
-0.5311002783
-0.5311002783
-0.5311002783
-0.5311002783
-0.5311002783
-0.5311002783
-0.5311002783
-0.5311002783
-0.2853489097
-0.2853489097
-0.2853489097
-1.125353693
-1.125353693
-2.584564439
-2.584564439
-2.584564439
-2.584564439
-2.584564439
-2.584564439
-2.584564439
-2.584564439
-2.584564439
-2.584564439
-1.79999967
-1.79999967
-1.79999967
-1.79999967
-1.79999967
-1.79999967
-1.79999967
-1.79999967
-1.103359797
-1.103359797
-1.103359797
-1.103359797
-1.103359797
-0.3609230605
-0.2874537514
-0.808988654
-1.085136298
-1.085136298
-1.085136298
-1.085136298
-1.085136298
-1.085136298
-1.504351549
-1.504351549
-0.2408610183
-0.2408610183
-0.2408610183
-0.2408610183
-0.3567324704
-0.3567324704
-0.3567324704
-0.3567324704
-0.3567324704
-0.3567324704
-0.3567324704
-0.3567324704
-0.3567324704
-0.3567324704
-0.2289060772
-0.2289060772
-0.2289060772
-0.6184726048
-1.440687655
-1.440687655
-1.440687655
-1.440687655
-1.440687655
-1.440687655
-1.440687655
-1.440687655
-2.209219054
-2.209219054
-2.209219054
-2.209219054
-2.209219054
-2.209219054
-2.209219054
-2.560824103
-2.560824103
-2.560824103
-0.9746532529
-1.005248166
-1.005248166
-1.295528592
-1.295528592
-1.295528592
-3.699552756
-3.699552756
-0.7209720342
-0.7209720342
-0.3381884908
-0.3381884908
-2.032096033
-2.032096033
-2.032096033
-2.032096033
-2.032096033
-2.032096033
-2.43118906
-1.193072434
-1.267917335
-1.267917335
-1.267917335
-1.267917335
-1.267917335
-1.267917335
-1.267917335
-1.267917335
-1.267917335
-1.267917335
-1.267917335
-1.267917335
-1.267917335
-1.267917335
-0.3906339868
-0.3906339868
-0.3906339868
-0.2907181167
-0.2907181167
-0.2907181167
-0.2907181167
-0.2280772972
-0.2280772972
-0.2280772972
-0.2280772972
-0.2280772972
-2.344166784
-2.344166784
-0.4467194666
-0.4467194666
-0.4467194666
-0.2966703485
-0.2966703485
-0.2966703485
-0.2966703485
-0.2966703485
-0.2261350228
-0.2261350228
-0.2261350228
-0.2261350228
-0.2261350228
-0.2261350228
-0.2261350228
-0.2269972091
-0.2269972091
-0.2269972091
-0.2269972091
-0.2269972091
-0.2269972091
-0.6615500422
-0.6400060495
-0.6400060495
-0.6400060495
-0.6400060495
-0.6400060495
-0.6400060495
-1.824445989
-1.824445989
-1.824445989
-0.734034921
-0.6407933678
-0.6407933678
-0.6407933678
-0.6407933678
-0.6407933678
-0.6407933678
-0.6407933678
-0.6407933678
-0.6407933678
-0.3201083298
-0.3201083298
-0.3201083298
-0.3201083298
-0.3201083298
-0.3201083298
-2.598131626
-1.181756858
-1.181756858
-1.181756858
-1.227827586
-1.227827586
-1.227827586
-1.227827586
-1.227827586
-1.227827586
-1.227827586
-1.227827586
-0.9059539026
-0.9059539026
-0.9059539026
-0.9577979223
-0.9577979223
-1.757788261
-2.214171061
-1.140259026
-0.7766031522
-0.7766031522
-0.7766031522
-0.7766031522
-0.7766031522
-0.7766031522
-0.7766031522
-0.7766031522
-0.7766031522
-1.034394242
-1.034394242
-1.034394242
-1.034394242
-1.034394242
-1.034394242
-1.034394242
-0.2472689496
-0.4368407998
-1.116317292
-1.109901632
-1.109901632
-1.109901632
-1.109901632
-1.109901632
-1.109901632
-1.109901632
-1.109901632
-1.109901632
-0.8015831063
-0.8015831063
-1.667896874
-1.667896874
-1.667896874
-1.667896874
-1.667896874
-0.3731227174
-0.3731227174
-1.205248732
-1.205248732
-1.205248732
-1.205248732
-2.11196065
-2.11196065
-2.11196065
-0.8496032814
-2.565730769
-2.565730769
-2.565730769
-2.565730769
-0.670439411
-0.670439411
-0.5263845361
-0.5263845361
-0.5263845361
-0.5263845361
-0.7073280943
-0.500265608
-0.2631721589
-0.9654397195
-0.9654397195
-0.9654397195
-0.2877612294
-0.2877612294
-0.2877612294
-0.2877612294
-0.2877612294
-0.2877612294
-0.2877612294
-0.2877612294
-2.305280016
-2.305280016
-2.502100714
-2.502100714
-0.8272436661
-0.8272436661
-0.8272436661
-0.8272436661
-1.244746642
-0.897861343
-0.897861343
-0.2723424218
-0.3366940627
-0.3366940627
-1.010829384
-1.27539724
-1.27539724
-1.27539724
-1.27539724
-1.27539724
-1.27539724
-0.7529079482
-0.7529079482
-0.7529079482
-2.139253256
-2.139253256
-2.139253256
-0.2261933864
-0.2261933864
-0.2261933864
-0.2261933864
-0.5385392519
-0.5385392519
-0.5385392519
-0.5385392519
-0.5385392519
-0.5385392519
-0.5385392519
-0.5385392519
-0.5385392519
-0.9445205838
-0.4946292194
-0.4946292194
-0.4946292194
-0.4946292194
-0.4946292194
-0.4946292194
-0.4946292194
-0.4946292194
-0.4946292194
-0.4946292194
-0.4946292194
-0.297580141
-0.297580141
-0.297580141
-0.297580141
-0.297580141
-0.297580141
-0.297580141
-0.297580141
-0.297580141
-0.297580141
-0.297580141
-0.297580141
-0.297580141
-0.297580141
-0.297580141
-0.7114607802
-0.7114607802
-1.075977978
-1.075977978
-1.872335274
-0.275232664
-0.275232664
-0.275232664
-2.239511648
-0.7471641461
-0.7471641461
-0.7471641461
-0.2368833882
-0.2368833882
-0.2368833882
-0.2368833882
-0.2368833882
-0.2368833882
-0.2368833882
-0.2368833882
-0.2368833882
-0.2368833882
-1.216340209
-1.216340209
-1.216340209
-1.216340209
-0.2274131152
-1.62331715
-1.62331715
-1.62331715
-3.012839737
-3.012839737
-0.2260238596
-0.2260238596
-0.2260238596
-0.2260238596
-1.084762866
-1.084762866
-0.3033444792
-0.3033444792
-0.3033444792
-0.3033444792
-0.2330572185
-0.2330572185
-1.80377657
-1.80377657
-1.80377657
-1.80377657
-0.2581514981
-0.2581514981
-0.2581514981
-0.2334866676
-0.2334866676
-0.2334866676
-0.2334866676
-0.2334866676
-0.2334866676
-0.2334866676
-0.2334866676
-0.2334866676
-0.7600372583
-0.7600372583
-0.7600372583
-0.7600372583
-0.4884586414
-0.4520376859
-0.4520376859
-0.4520376859
-0.5113043023
-0.5113043023
-0.5113043023
-0.5113043023
-0.5113043023
-0.5113043023
-0.3826728717
-0.3826728717
-1.520611945
-1.520611945
-1.520611945
-1.520611945
-1.520611945
-1.520611945
-1.520611945
-1.520611945
-1.520611945
-1.520611945
-1.610339648
-1.053225207
-1.053225207
-1.053225207
-1.053225207
-1.053225207
-1.053225207
-0.3709756706
-0.3709756706
-0.3709756706
-2.687587573
-0.2858037804
-0.2858037804
-0.2858037804
-0.2858037804
-0.2858037804
-0.2858037804
-0.2858037804
-0.3957242582
-0.3957242582
-0.8535392681
-0.2257928954
-0.2257928954
-0.2257928954
-0.2257928954
-0.2257928954
-0.2257928954
-0.2257928954
-0.2257928954
-0.2257928954
-0.2503693104
-0.2503693104
-0.2503693104
-0.2563408497
-0.2485255678
-0.2485255678
-0.2485255678
-0.2485255678
-0.2485255678
-0.2485255678
-0.2485255678
-0.2485255678
-0.2485255678
-0.2485255678
-0.2485255678
-0.2485255678
-0.2485255678
-0.2485255678
-0.2485255678
-0.2485255678
-0.2485255678
-0.2485255678
-0.2485255678
-0.2485255678
-0.2485255678
-0.2485255678
-0.2485255678
-0.2485255678
-0.2485255678
-0.2485255678
-0.2485255678
-0.2422961626
-0.2422961626
-0.2422961626
-0.2274742526
-0.2274742526
-0.2274742526
-0.2274742526
-0.2274742526
-0.2274742526
-0.2274742526
-0.2274742526
-0.2274742526
-0.2274742526
-0.2274742526
-0.2274742526
-0.2517322886
-0.2517322886
-0.2517322886
-0.2517322886
-0.2517322886
-0.2517322886
-0.2517322886
-0.2517322886
-0.2517322886
-0.2517322886
-0.2517322886
-0.2517322886
-0.2517322886
-0.2517322886
-0.2517322886
-0.2517322886
-0.2517322886
-0.2517322886
-0.2517322886
-0.2517322886
-0.7534306421
-0.7534306421
-0.7534306421
-0.7534306421
-1.603581111
-0.8894899426
-0.8894899426
-0.8894899426
-1.512274966
-1.512274966
-1.512274966
-0.8758531546
-0.8758531546
-0.8758531546
-0.8758531546
-0.8758531546
-0.5201136078
-0.5201136078
-0.5201136078
-1.977604178
-0.2258703539
-0.2258703539
-0.2258703539
-0.2258703539
-0.2258703539
-0.2258703539
-0.2258703539
-0.2258703539
-0.2258703539
-0.2258703539
-0.8300014915
-0.8300014915
-0.8300014915
-0.2806089845
-0.2806089845
-0.2806089845
-0.2806089845
-0.2806089845
-0.2806089845
-0.2806089845
-0.2806089845
-0.2806089845
-0.2806089845
-0.2806089845
-0.2806089845
-0.2806089845
-0.2806089845
-0.2806089845
-0.2806089845
-0.2806089845
-0.2806089845
-0.2806089845
-0.2806089845
-0.2806089845
-0.2806089845
-0.2806089845
-0.2806089845
-0.2806089845
-0.2806089845
-0.2806089845
-0.2806089845
-0.2806089845
-0.2806089845
-0.2806089845
-0.2806089845
-0.4381895348
-0.4381895348
-0.4381895348
-0.4381895348
-0.310624837
-0.310624837
-0.310624837
-0.310624837
-0.3489811092
-0.3659140119
-0.6035647401
-0.6035647401
-0.6035647401
-0.6035647401
-0.6035647401
-0.4180431576
-0.63713642
-0.63713642
-0.63713642
-0.63713642
-2.77723778
-0.5278123639
-0.5278123639
-0.5278123639
-0.5278123639
-0.5278123639
-0.5278123639
-0.5278123639
-0.5278123639
-1.21648757
-1.21648757
-1.282448585
-1.282448585
-1.282448585
-0.3224565453
-0.3224565453
-0.2349769988
-0.2349769988
-0.2349769988
-0.2349769988
-0.4903379437
-0.4903379437
-0.4903379437
-0.4903379437
-0.2342469453
-0.2544631009
-0.2544631009
-1.423940476
-3.987633507
-3.987633507
-7.63480172
-7.63480172
-7.63480172
-7.63480172
-1.098253595
-1.098253595
-1.006866305
-0.4753398824
-0.4753398824
-0.529868772
-0.529868772
-0.529868772
-0.7344326761
-0.3621640553
-0.3621640553
-0.3621640553
-0.3621640553
-0.3621640553
-0.3621640553
-0.3621640553
-0.3243121044
-0.3243121044
-0.3243121044
-0.3243121044
-0.3243121044
-0.3243121044
-0.3243121044
-0.3243121044
-0.3243121044
-1.819847883
-1.819847883
-0.5905812352
-0.5905812352
-0.5905812352
-0.5905812352
-0.5155110773
-0.5155110773
-0.5155110773
-0.8404905601
-0.8404905601
-0.8404905601
-0.8404905601
-0.8404905601
-0.8404905601
-2.996278085
-2.996278085
-2.996278085
-2.996278085
-2.950718981
-2.443676846
-2.443676846
-0.2835616333
-0.2835616333
-0.2835616333
-0.2835616333
-0.2894884016
-0.4221082509
-0.4221082509
-0.4221082509
-0.4221082509
-0.4221082509
-0.4221082509
-0.4221082509
-0.4221082509
-0.4221082509
-0.4288807971
-0.4288807971
-0.246836396
-0.246836396
-0.264372819
-0.264372819
-0.264372819
-0.4743461707
-0.4743461707
-0.4743461707
-0.4743461707
-0.2380167475
-0.2380167475
-0.2380167475
-0.2380167475
-0.2380167475
-0.2380167475
-0.227125823
-0.227125823
-0.6666690143
-0.6666690143
-0.6666690143
-0.6666690143
-0.6666690143
-0.6666690143
-0.6666690143
-0.6666690143
-0.6666690143
-0.6666690143
-0.6666690143
-0.6666690143
-0.6666690143
-0.6666690143
-1.093886661
-1.093886661
-0.3198038042
-1.124278061
-0.3616232327
-0.3616232327
-0.3616232327
-0.3616232327
-0.3616232327
-0.3616232327
-0.2352997738
-0.2352997738
-0.2352997738
-0.2352997738
-0.2352997738
-0.2352997738
-0.2352997738
-0.2352997738
-0.2352997738
-0.2352997738
-0.2352997738
-0.2352997738
-0.2352997738
-0.2352997738
-0.6146355384
-0.6146355384
-0.6146355384
-0.6146355384
-1.034796562
-1.034796562
-1.034796562
-1.034796562
-1.034796562
-1.034796562
-0.2407994638
-0.2407994638
-0.3307229156
-0.3307229156
-0.3307229156
-0.7159939797
-0.7159939797
-0.7159939797
-0.7159939797
-0.7159939797
-0.7159939797
-0.7159939797
-0.7159939797
-0.7159939797
-0.7159939797
-0.7159939797
-0.7159939797
-0.7159939797
-0.7159939797
-0.7159939797
-0.7159939797
-0.7159939797
-0.7159939797
-0.7159939797
-0.3271590756
-0.3271590756
-0.3271590756
-0.3271590756
-0.3271590756
-0.3271590756
-0.3271590756
-0.3271590756
-0.3271590756
-0.3271590756
-0.3271590756
-0.3271590756
-0.3271590756
-0.3271590756
-0.3271590756
-0.3271590756
-0.3271590756
-0.7569234377
-0.7569234377
-0.7569234377
-0.7569234377
-0.7569234377
-0.7569234377
-0.7569234377
-0.7569234377
-0.7569234377
-0.7569234377
-0.7569234377
-0.7569234377
-0.7569234377
-0.7569234377
-0.7569234377
-0.3019998925
-0.3019998925
-0.3019998925
-0.3019998925
-0.3019998925
-0.3019998925
-2.459958294
-0.4136609878
-0.6857802851
-0.6857802851
-0.6857802851
-0.2512020549
-0.2512020549
-0.2814898905
-0.4592582126
-0.4592582126
-0.4592582126
-0.2322695679
-0.2322695679
-0.4672154401
-0.4672154401
-0.4672154401
-0.4672154401
-0.4672154401
-0.4672154401
-0.8596443056
-0.8596443056
-0.8596443056
-0.8596443056
-0.8596443056
-0.4140667206
-0.4140667206
-0.4140667206
-0.4140667206
-0.4140667206
-0.4140667206
-0.4953893888
-0.4953893888
-0.4953893888
-0.4953893888
-0.4953893888
-0.4953893888
-0.7194538718
-1.033438898
-1.033438898
-1.033438898
-1.033438898
-1.033438898
-0.9053984108
-1.577497208
-1.680074923
-1.680074923
-0.2567820118
-0.2567820118
-0.2567820118
-0.2567820118
-0.2567820118
-0.2567820118
-0.2567820118
-0.2567820118
-1.595802296
-1.595802296
-4.481220253
-4.481220253
-4.481220253
-0.3094668081
-0.3094668081
-0.3094668081
-0.3094668081
-0.253235481
-0.253235481
-1.207594298
-1.005295585
-1.005295585
-1.005295585
-0.6528839174
-4.875344775
-1.233689743
-1.233689743
-1.360462162
-1.360462162
-1.360462162
-2.361221227
-2.890791895
-0.6903497346
-0.2284744245
-0.2284744245
-0.2284744245
-0.2284744245
-0.3444853469
-0.3444853469
-0.3444853469
-0.3444853469
-0.3444853469
-0.3444853469
-0.3444853469
-0.3444853469
-0.3444853469
-0.686481225
-0.686481225
-0.686481225
-0.686481225
-0.686481225
-0.686481225
-0.686481225
-0.686481225
-0.686481225
-0.686481225
-0.686481225
-0.686481225
-0.686481225
-0.686481225
-0.2788048252
-0.4888427536
-0.4888427536
-0.4888427536
-0.4888427536
-0.4888427536
-0.4888427536
-0.2295077908
-0.976022546
-0.6141384429
-0.3297451097
-0.3297451097
-0.4588391474
-0.2399434632
-1.15730139
-1.15730139
-0.885527688
-1.69506529
-1.69506529
-1.69506529
-1.69506529
-1.69506529
-1.69506529
-1.69506529
-1.69506529
-1.69506529
-1.69506529
-1.760012689
-1.760012689
-1.760012689
-1.760012689
-0.2304722474
-0.2304722474
-0.2304722474
-0.9768091292
-0.9768091292
-0.9768091292
-0.9768091292
-0.9768091292
-0.9768091292
-0.9768091292
-1.126669424
-1.330725962
-1.330725962
-1.330725962
-1.330725962
-1.330725962
-0.2628705495
-0.2628705495
-0.2628705495
-0.2628705495
-0.2628705495
-0.2628705495
-0.2628705495
-0.2628705495
-0.2628705495
-0.2628705495
-1.782815752
-0.3076485951
-0.3076485951
-0.3076485951
-0.3076485951
-0.3076485951
-0.3076485951
-0.3076485951
-0.3076485951
-0.5488544682
-0.5488544682
-0.5488544682
-0.5488544682
-0.5488544682
-0.5488544682
-0.5488544682
-0.5488544682
-0.5488544682
-1.721280039
-1.721280039
-1.721280039
-1.721280039
-1.721280039
-1.721280039
-1.721280039
-1.721280039
-0.4634143482
-0.4634143482
-0.254001986
-0.254001986
-0.254001986
-0.254001986
-0.254001986
-0.254001986
-0.254001986
-0.254001986
-0.254001986
-0.254001986
-0.254001986
-0.3520655753
-0.3520655753
-0.3520655753
-0.8380472189
-0.8380472189
-0.8380472189
-0.5042012078
-0.5042012078
-0.5042012078
-0.5042012078
-0.5042012078
-0.5042012078
-0.5042012078
-0.5042012078
-0.5042012078
-0.5042012078
-0.5042012078
-0.5042012078
-0.5042012078
-0.5042012078
-0.5042012078
-0.5042012078
-0.5042012078
-0.2258872733
-0.2258872733
-0.2258872733
-0.2258872733
-0.702487705
-0.702487705
-0.702487705
-1.25844829
-0.7483899584
-0.2869100224
-0.2869100224
-0.2869100224
-0.2470322424
-0.2470322424
-0.3471721648
-0.3471721648
-0.3471721648
-0.3471721648
-0.3471721648
-0.3471721648
-0.3471721648
-0.3513623365
-0.427960052
-0.427960052
-0.346383076
-0.346383076
-0.346383076
-3.129302237
-3.129302237
-0.98334262
-0.98334262
-0.4019553838
-0.2276169187
-0.2276169187
-1.285193072
-0.9438890486
-0.9438890486
-0.9438890486
-0.9438890486
-0.9438890486
-0.9438890486
-0.9438890486
-0.9865657158
-0.9865657158
-0.9865657158
-0.5161751494
-0.5161751494
-0.5161751494
-0.5161751494
-0.5161751494
-0.7449248691
-0.7449248691
-0.7449248691
-0.7449248691
-0.7449248691
-0.7449248691
-0.4626053966
-0.4626053966
-0.4626053966
-0.4626053966
-0.4626053966
-0.4626053966
-0.4626053966
-0.4626053966
-0.4626053966
-0.4626053966
-0.4626053966
-0.4626053966
-0.4626053966
-0.4626053966
-0.7068851769
-0.7068851769
-2.562712855
-2.562712855
-0.9932319777
-0.394456575
-0.394456575
-0.394456575
-0.394456575
-0.394456575
-0.394456575
-0.394456575
-0.394456575
-0.394456575
-0.394456575
-0.394456575
-0.394456575
-0.394456575
-0.9567850095
-0.9567850095
-0.9567850095
-0.9567850095
-0.9567850095
-0.9567850095
-0.9567850095
-0.3360564302
-0.3360564302
-0.3360564302
-1.471146026
-0.2996510571
-0.2543062025
-0.2282165347
-0.2259880006
-0.2259880006
-0.5974249662
-0.5974249662
-0.2492068866
-0.2492068866
-0.6763728547
-0.6763728547
-0.6763728547
-0.3808620245
-0.3808620245
-0.3808620245
-0.3808620245
-0.3808620245
-0.3808620245
-0.3808620245
-0.6344227222
-0.7489957388
-0.7489957388
-0.3524364271
-0.3524364271
-0.3524364271
-0.3524364271
-0.887710483
-0.7968422267
-0.7968422267
-0.7968422267
-0.7968422267
-2.951911602
-2.951911602
-2.951911602
-0.2303454123
-0.2303454123
-0.2303454123
-0.2303454123
-0.226046141
-0.226046141
-0.226046141
-0.226046141
-0.226046141
-0.226046141
-0.226046141
-0.7367881414
-0.7367881414
-0.4138252277
-0.5324711543
-0.5324711543
-1.052864188
-1.052864188
-1.052864188
-1.052864188
-1.052864188
-1.052864188
-1.052864188
-1.052864188
-0.3863789105
-0.3863789105
-0.3863789105
-1.234117558
-1.234117558
-0.9811399022
-0.4961793666
-0.4961793666
-0.4961793666
-0.4961793666
-0.4961793666
-0.5354652235
-0.2390568781
-0.2390568781
-1.488108122
-0.6542185317
-0.6603461668
-0.5451971284
-0.5451971284
-0.5451971284
-0.6622935567
-0.6622935567
-0.6622935567
-0.6622935567
-0.9777085704
-1.410948902
-1.410948902
-1.410948902
-1.410948902
-1.410948902
-3.206809021
-0.2292263262
-0.2292263262
-0.2292263262
-0.2292263262
-0.2292263262
-0.2292263262
-0.2292263262
-0.2292263262
-0.83522012
-0.83522012
-0.83522012
-0.2275963819
-0.2275963819
-0.2275963819
-0.2275963819
-0.2793190519
-0.2793190519
-0.2793190519
-0.2793190519
-0.2867222511
-0.2867222511
-0.2867222511
-0.2926321326
-0.2926321326
-0.2926321326
-0.2587994917
-0.2587994917
-0.2587994917
-0.2587994917
-0.2587994917
-0.2587994917
-0.2587994917
-0.2587994917
-0.2587994917
-0.2263919785
-0.2263919785
-0.2263919785
-0.2263919785
-0.2263919785
-0.3860780574
-0.3118673319
-0.3118673319
-0.3986980291
-0.2522169122
-0.2522169122
-0.9969929912
-0.9969929912
-0.2321152801
-0.2321152801
-0.2321152801
-0.9878768081
-0.9878768081
-0.9878768081
-0.9878768081
-0.9878768081
-2.959473691
-1.768026813
-2.312858538
-2.312858538
-1.40366082
-1.40366082
-1.40366082
-1.40366082
-1.40366082
-1.40366082
-1.40366082
-1.611679506
-1.611679506
-1.611679506
-0.2324667757
-0.2324667757
-0.2324667757
-0.2324667757
-0.2324667757
-0.2324667757
-0.2324667757
-0.2324667757
-0.2324667757
-0.2324667757
-0.2324667757
-0.2324667757
-0.2324667757
-0.3071790609
-0.3071790609
-0.3071790609
-0.3071790609
-0.3071790609
-0.3071790609
-0.3071790609
-0.3071790609
-0.3071790609
-0.3071790609
-0.3071790609
-0.6412685696
-0.6412685696
-0.6412685696
-0.6412685696
-0.2274327049
-0.2274327049
-0.2274327049
-0.5740570529
-1.192247278
-1.192247278
-1.192247278
-1.192247278
-1.192247278
-0.2418132632
-0.2636271313
-0.2636271313
-0.5503067861
-0.5503067861
-0.5503067861
-0.242165874
-0.242165874
-0.3569475816
-0.3569475816
-0.4564847636
-0.4564847636
-0.4564847636
-0.2552491266
-0.4635810414
-0.4635810414
-0.4635810414
-0.4635810414
-0.4635810414
-0.4635810414
-0.4635810414
-0.4635810414
-1.621485161
-1.621485161
-0.5903097001
-0.5903097001
-0.5903097001
-0.2512212632
-0.2512212632
-0.2512212632
-0.2512212632
-0.2512212632
-0.2512212632
-0.2512212632
-0.2512212632
-0.3049506353
-0.3049506353
-0.3049506353
-0.3049506353
-0.3049506353
-0.7852632002
-0.2260662155
-0.2260662155
-0.5378922862
-0.8508316569
-0.8508316569
-0.8508316569
-0.8508316569
-0.8508316569
-1.057564245
-1.057564245
-0.5545191538
-0.5545191538
-0.5545191538
-0.5545191538
-0.5545191538
-0.5545191538
-0.5545191538
-0.5545191538
-0.5545191538
-0.5004393385
-0.5004393385
-0.5004393385
-0.5004393385
-0.3549201281
-0.7872971228
-0.7872971228
-0.7872971228
-0.7872971228
-0.7872971228
-0.7872971228
-0.7872971228
-0.7872971228
-0.7872971228
-0.7872971228
-0.3253821472
-0.3253821472
-0.3253821472
-0.227685819
-0.227685819
-0.5338890408
-0.2716574787
-0.2716574787
-0.2716574787
-0.2716574787
-0.2716574787
-0.2716574787
-0.2716574787
-0.2716574787
-0.2716574787
-0.2716574787
-0.2716574787
-0.2716574787
-0.2716574787
-0.2716574787
-0.4753470992
-0.4753470992
-0.304439837
-0.304439837
-0.304439837
-0.304439837
-0.304439837
-0.304439837
-0.304439837
-0.304439837
-0.6425704704
-0.6425704704
-0.6425704704
-0.6425704704
-0.6425704704
-0.4108722586
-0.4108722586
-0.4108722586
-0.4108722586
-0.4108722586
-0.4108722586
-0.4108722586
-0.4108722586
-0.4108722586
-0.4108722586
-0.3330441945
-0.3330441945
-0.3330441945
-0.3330441945
-0.3330441945
-0.4572668912
-0.4572668912
-0.4572668912
-0.4572668912
-0.4572668912
-0.4572668912
-0.4572668912
-0.4572668912
-0.4572668912
-0.4572668912
-0.2495711325
-0.3420913061
-0.4919033159
-0.4919033159
-0.5245107605
-2.069513686
-0.7535114478
-0.7535114478
-0.7535114478
-0.3991510895
-0.3991510895
-0.3991510895
-0.3991510895
-0.3991510895
-0.2467421295
-0.2467421295
-0.2467421295
-0.2467421295
-0.4073201069
-0.4073201069
-0.4073201069
-0.4073201069
-0.4114987227
-0.3097398329
-0.3097398329
-0.3259509908
-0.3259509908
-0.3259509908
-0.7147763021
-0.7147763021
-0.7147763021
-0.7147763021
-0.7147763021
-0.7147763021
-0.7147763021
-0.7147763021
-0.7147763021
-0.7147763021
-0.7147763021
-0.7147763021
-0.7147763021
-0.7147763021
-3.343283985
-2.269918955
-2.269918955
-2.269918955
-2.269918955
-2.269918955
-1.024387414
-1.024387414
-1.024387414
-1.024387414
-1.024387414
-0.2512610671
-0.2512610671
-0.2512610671
-1.3753366
-1.3753366
-1.3753366
-1.3753366
-0.2437028745
-0.2437028745
-0.2437028745
-0.2437028745
-0.2437028745
-0.2437028745
-0.2437028745
-0.2437028745
-0.5932631768
-0.5932631768
-0.5932631768
-0.5932631768
-0.5932631768
-0.5932631768
-0.5932631768
-0.239291209
-0.239291209
-0.239291209
-0.239291209
-0.239291209
-0.239291209
-0.239291209
-0.239291209
-0.2978119281
-0.2978119281
-0.2978119281
-0.2978119281
-0.2978119281
-0.2384224536
-0.2384224536
-0.2384224536
-0.2384224536
-0.3668240397
-0.3668240397
-0.3668240397
-0.2906132
-0.9611843075
-0.6458447104
-0.6458447104
-0.6458447104
-0.6458447104
-0.6458447104
-0.6458447104
-0.6458447104
-0.6458447104
-0.6458447104
-1.309867179
-1.309867179
-1.309867179
-1.309867179
-1.309867179
-1.309867179
-1.309867179
-2.134997631
-3.084950836
-3.249255461
-3.249255461
-3.249255461
-3.249255461
-3.249255461
-3.249255461
-2.361843381
-2.361843381
-2.361843381
-2.361843381
-1.241503104
-0.7600006986
-0.7600006986
-0.4252321624
-0.4252321624
-0.4252321624
-0.4252321624
-0.4252321624
-0.4252321624
-0.3379563456
-0.3379563456
-0.3379563456
-1.042724329
-0.2846533542
-0.2846533542
-0.2846533542
-0.2846533542
-0.7096760901
-0.4340908879
-0.3027305426
-0.3027305426
-0.3027305426
-0.3027305426
-0.3027305426
-0.3027305426
-1.210783097
-1.210783097
-1.210783097
-1.210783097
-0.5237066168
-0.5237066168
-0.5237066168
-0.5237066168
-0.5237066168
-0.5237066168
-0.5237066168
-0.5237066168
-1.73520868
-1.73520868
-0.4578755941
-0.4578755941
-0.4578755941
-0.4578755941
-0.4578755941
-0.4578755941
-0.4578755941
-0.4578755941
-0.4578755941
-0.2747701319
-0.2747701319
-0.2747701319
-0.2747701319
-0.2747701319
-0.2747701319
-1.655314034
-1.68719695
-1.68719695
-1.68719695
-2.646740217
-2.646740217
-1.075190829
-0.9489658141
-0.9489658141
-0.9489658141
-0.9489658141
-0.9489658141
-0.9489658141
-0.9489658141
-0.9489658141
-0.9489658141
-0.5660777969
-0.5660777969
-0.5660777969
-0.5660777969
-0.5660777969
-0.5660777969
-0.5660777969
-0.5660777969
-0.5660777969
-0.3751053813
-0.3751053813
-0.3751053813
-0.3751053813
-0.3751053813
-0.3751053813
-0.3751053813
-0.3751053813
-0.3751053813
-0.3751053813
-0.3751053813
-0.3751053813
-0.3751053813
-0.3751053813
-1.069428698
-1.069428698
-1.069428698
-1.74484963
-1.74484963
-1.74484963
-1.74484963
-1.74484963
-1.74484963
-0.6751543769
-0.6751543769
-0.4190727723
-0.4190727723
-0.4190727723
-0.4190727723
-0.4190727723
-0.4190727723
-0.4190727723
-0.4190727723
-0.4190727723
-0.4190727723
-0.4190727723
-0.4190727723
-0.4190727723
-0.4190727723
-0.4190727723
-0.3786223418
-1.713274227
-1.985268234
-1.985268234
-2.420349985
-1.281581356
-1.281581356
-1.281581356
-1.281581356
-1.281581356
-0.393231855
-0.393231855
-0.393231855
-0.393231855
-0.393231855
-0.393231855
-0.393231855
-0.2342041973
-0.2342041973
-0.3363900058
-0.3363900058
-0.3363900058
-2.345447791
-2.345447791
-2.345447791
-2.345447791
-2.345447791
-2.345447791
-2.235009164
-2.235009164
-1.115866119
-0.2689015112
-0.3562241867
-0.3562241867
-0.3562241867
-0.3562241867
-0.3562241867
-0.3562241867
-0.4000055767
-0.4000055767
-0.4000055767
-0.4000055767
-0.2278543384
-0.2278543384
-0.2278543384
-0.2278543384
-0.2278543384
-0.2278543384
-0.2278543384
-0.2278543384
-0.2278543384
-0.2278543384
-0.2278543384
-0.2787380531
-0.2637193939
-0.2637193939
-0.2637193939
-0.2316020329
-0.2316020329
-0.2316020329
-0.2316020329
-0.2316020329
-0.2316020329
-0.2316020329
-0.2316020329
-0.2316020329
-0.2316020329
-0.2316020329
-0.4635198693
-0.4635198693
-0.4635198693
-0.4635198693
-0.4635198693
-0.4635198693
-0.4635198693
-0.4635198693
-0.4635198693
-0.4635198693
-0.4635198693
-0.4635198693
-0.4635198693
-0.6094821045
-0.6094821045
-0.6094821045
-2.240679296
-2.240679296
-2.396393673
-1.719248493
-1.719248493
-1.719248493
-1.719248493
-0.293192574
-0.293192574
-0.293192574
-0.293192574
-0.293192574
-1.998334838
-1.998334838
-1.998334838
-1.998334838
-1.998334838
-1.998334838
-1.998334838
-1.998334838
-1.998334838
-1.998334838
-1.998334838
-1.998334838
-1.998334838
-1.998334838
-1.998334838
-0.9951981104
-0.9951981104
-0.9951981104
-0.9951981104
-0.9951981104
-1.238701501
-1.238701501
-0.6354121885
-0.6354121885
-0.2426707538
-0.2426707538
-0.2426707538
-0.2426707538
-0.2426707538
-0.2426707538
-0.2426707538
-0.2426707538
-0.2426707538
-0.2426707538
-0.2426707538
-0.2426707538
-0.2426707538
-0.2426707538
-0.2426707538
-0.2426707538
-0.2426707538
-0.2426707538
-0.2426707538
-0.2426707538
-0.2426707538
-0.2426707538
-1.239019048
-1.239019048
-1.239019048
-1.239019048
-0.6310063178
-0.6310063178
-0.2259413033
-0.2259413033
-0.2259413033
-0.2259413033
-0.2259413033
-0.6370398694
-0.6370398694
-0.6370398694
-0.6370398694
-0.6370398694
-0.6370398694
-0.6370398694
-0.2302416343
-0.6664557573
-0.6664557573
-0.6664557573
-0.6664557573
-0.6664557573
-0.2538487192
-0.2538487192
-0.2538487192
-0.2538487192
-0.2538487192
-0.2538487192
-0.2538487192
-0.2538487192
-0.2587079134
-0.2587079134
-0.2587079134
-0.2587079134
-0.2587079134
-0.2587079134
-0.2587079134
-0.2587079134
-0.2587079134
-1.080238358
-0.9342957538
-1.523179926
-1.523179926
-1.523179926
-1.523179926
-1.523179926
-1.523179926
-1.688099802
-1.478360021
-1.478360021
-1.478360021
-0.7979963939
-0.7979963939
-0.7979963939
-0.7979963939
-0.853400648
-0.853400648
-0.3258257928
-0.3297661645
-0.3297661645
-0.3297661645
-0.650204607
-0.650204607
-0.650204607
-0.650204607
-0.9770554325
-1.601665999
-1.601665999
-1.601665999
-1.601665999
-0.4156103357
-0.4156103357
-0.4156103357
-0.2882918799
-0.2882918799
-0.2882918799
-0.2882918799
-0.2882918799
-0.2882918799
-0.2882918799
-0.2882918799
-0.2882918799
-0.2882918799
-0.3788499648
-0.3223115384
-0.3223115384
-0.3223115384
-0.3223115384
-0.3223115384
-0.3223115384
-1.236342121
-1.236342121
-1.236342121
-1.413626032
-0.4069333265
-0.4069333265
-0.3888334786
-0.3888334786
-0.3888334786
-0.3888334786
-0.3888334786
-0.3888334786
-0.3888334786
-0.3888334786
-0.3888334786
-0.3888334786
-0.3888334786
-0.3888334786
-0.3888334786
-0.3888334786
-0.3888334786
-0.235930712
-0.235930712
-0.235930712
-0.235930712
-0.2297737621
-0.2297737621
-0.2297737621
-0.2297737621
-0.2297737621
-0.2297737621
-0.2297737621
-0.2297737621
-0.2297737621
-0.2308297097
-0.2308297097
-0.3796443385
-0.2553606788
-0.2553606788
-0.2553606788
-0.6376091794
-0.6376091794
-0.6376091794
-0.6376091794
-0.6376091794
-0.6376091794
-0.6376091794
-0.5890707066
-0.2258055707
-0.6445351693
-1.316333483
-1.316333483
-1.316333483
-1.316333483
-1.316333483
-1.301270704
-2.133320996
-2.133320996
-2.133320996
-0.3751608418
-0.3751608418
-1.649443062
-1.649443062
-0.4860102377
-0.4860102377
-0.4860102377
-0.4767524335
-0.4767524335
-0.4767524335
-0.4767524335
-0.4767524335
-0.4767524335
-0.4767524335
-0.4767524335
-0.4767524335
-0.4767524335
-0.4767524335
-0.7052120666
-0.4802205472
-0.4802205472
-0.5928229424
-0.3271102232
-0.3271102232
-0.3271102232
-0.3271102232
-0.2543762919
-0.2543762919
-0.2543762919
-0.2543762919
-0.2543762919
-0.2543762919
-0.2543762919
-0.2543762919
-0.2543762919
-0.2543762919
-0.2543762919
-0.2543762919
-0.2543762919
-0.4011026757
-0.4011026757
-0.4011026757
-0.4011026757
-0.4011026757
-0.4011026757
-1.035630585
-1.035630585
-1.035630585
-1.035630585
-1.035630585
-1.035630585
-1.035630585
-1.035630585
-1.035630585
-1.035630585
-1.035630585
-1.035630585
-1.035630585
-0.2408411865
-0.2408411865
-0.2408411865
-0.732032305
-0.9706805134
-0.9706805134
-0.9706805134
-0.9706805134
-0.9706805134
-0.9706805134
-0.9706805134
-0.9706805134
-0.9706805134
-0.9706805134
-0.9706805134
-0.9706805134
-0.9706805134
-0.9706805134
-0.9706805134
-0.9706805134
-0.9706805134
-1.726811429
-1.033754324
-0.9436284237
-0.2720915331
-0.2720915331
-0.2720915331
-0.2720915331
-0.2720915331
-0.2720915331
-0.2720915331
-0.2720915331
-0.2720915331
-0.2720915331
-0.2720915331
-0.2720915331
-0.2720915331
-0.2720915331
-0.2720915331
-0.4503861716
-0.4503861716
-0.4503861716
-0.4503861716
-0.4503861716
-0.46149881
-0.46149881
-0.46149881
-0.46149881
-0.46149881
-0.46149881
-0.46149881
-0.46149881
-0.46149881
-0.46149881
-0.46149881
-0.2966095587
-0.2332392087
-0.2332392087
-0.2332392087
-0.2332392087
-0.2332392087
-0.2332392087
-0.2281885422
-2.992910568
-2.992910568
-2.992910568
-2.350521862
-2.350521862
-1.137837183
-2.656591856
-2.656591856
-2.186683977
-0.3111080773
-0.3111080773
-0.2757964295
-0.2757964295
-0.2757964295
-0.2757964295
-0.2757964295
-0.2757964295
-0.2757964295
-0.2757964295
-0.2757964295
-0.2757964295
-1.412421829
-2.620938532
-2.620938532
-2.620938532
-0.3102982836
-0.3102982836
-0.3102982836
-0.3102982836
-0.3102982836
-0.3102982836
-0.3102982836
-0.3102982836
-0.3102982836
-0.3102982836
-0.3102982836
-0.3771560744
-0.2390359314
-0.2390359314
-0.2390359314
-0.2390359314
-0.2390359314
-0.2390359314
-0.2390359314
-0.2390359314
-0.2390359314
-0.2390359314
-0.2390359314
-0.2390359314
-0.2390359314
-0.2390359314
-0.2390359314
-0.2390359314
-0.2390359314
-0.2390359314
-1.230948133
-1.230948133
-1.230948133
-1.230948133
-1.230948133
-1.230948133
-1.230948133
-0.2732581693
-0.2732581693
-0.2732581693
-0.2732581693
-0.2732581693
-0.2732581693
-0.2732581693
-0.2365091955
-0.2365091955
-0.2365091955
-0.2365091955
-0.2365091955
-0.2365091955
-0.2365091955
-0.2365091955
-0.2365091955
-0.2365091955
-0.2365091955
-0.2365091955
-0.4510699538
-0.4510699538
-0.4510699538
-0.4510699538
-0.4510699538
-0.4510699538
-0.5836286338
-0.5836286338
-1.917987131
-1.917987131
-1.917987131
-1.917987131
-1.917987131
-1.917987131
-1.917987131
-1.917987131
-1.917987131
-1.917987131
-2.715577288
-2.715577288
-2.715577288
-1.896686752
-0.610606202
-0.610606202
-0.610606202
-0.935290175
-0.935290175
-0.935290175
-0.935290175
-0.935290175
-0.935290175
-0.935290175
-0.935290175
-0.935290175
-0.5248685759
-0.5248685759
-0.5248685759
-0.5248685759
-1.937043461
-1.937043461
-1.937043461
-1.937043461
-1.937043461
-0.6128142225
-0.6128142225
-0.6128142225
-0.5405814263
-0.2271073111
-0.2271073111
-0.2271073111
-0.2845606892
-0.2845606892
-0.2845606892
-0.2845606892
-0.3998790358
-0.3998790358
-0.7426424637
-0.7426424637
-0.7426424637
-0.7426424637
-0.7426424637
-0.7426424637
-0.7426424637
-0.7426424637
-0.7426424637
-0.7426424637
-0.241021012
-0.241021012
-0.241021012
-0.241021012
-0.241021012
-0.241021012
-0.241021012
-0.241021012
-0.241021012
-0.241021012
-0.241021012
-0.241021012
-0.241021012
-0.241021012
-0.241021012
-0.241021012
-0.241021012
-0.241021012
-0.241021012
-0.241021012
-0.241021012
-0.241021012
-0.2760438691
-0.2760438691
-0.2760438691
-0.2760438691
-0.2760438691
-0.8079684473
-0.8079684473
-1.320753952
-1.320753952
-1.320753952
-1.320753952
-1.320753952
-0.3523665139
-0.3523665139
-0.3287545061
-0.3287545061
-0.2259933424
-0.2259933424
-0.2259933424
-0.2259933424
-0.2259933424
-0.2259933424
-0.2576718667
-0.2576718667
-0.9817907518
-0.9817907518
-0.4068503351
-0.4068503351
-0.4068503351
-0.4068503351
-0.4068503351
-0.4068503351
-0.4068503351
-0.8343121734
-0.41811753
-0.41811753
-0.41811753
-0.2280552741
-0.6877476239
-0.6877476239
-0.6877476239
-0.6877476239
-0.6877476239
-0.3506166042
-0.3506166042
-0.3506166042
-0.3506166042
-0.3506166042
-0.3506166042
-0.3506166042
-0.3506166042
-0.3506166042
-0.3506166042
-0.3506166042
-0.3506166042
-0.3506166042
-0.3506166042
-1.016236387
-1.016236387
-1.016236387
-1.113112032
-1.422255166
-1.422255166
-0.6046266065
-0.6046266065
-0.2801973079
-0.2801973079
-0.2801973079
-0.2801973079
-0.2801973079
-0.2801973079
-0.2801973079
-0.2801973079
-0.2801973079
-0.2801973079
-0.2801973079
-0.5990507955
-0.5990507955
-0.5990507955
-0.5990507955
-0.5990507955
-0.5990507955
-0.5990507955
-0.5990507955
-0.5990507955
-0.5990507955
-0.5990507955
-0.4725638584
-0.4725638584
-0.4725638584
-0.4725638584
-0.4725638584
-0.4725638584
-0.9867091203
-0.9867091203
-0.9867091203
-0.9867091203
-0.9867091203
-0.5193136668
-0.5193136668
-0.5193136668
-0.5193136668
-0.5193136668
-0.5193136668
-0.5193136668
-0.5193136668
-0.4620805839
-0.4620805839
-0.4620805839
-0.4620805839
-0.4620805839
-0.4620805839
-0.4620805839
-0.4620805839
-0.4620805839
-0.4620805839
-0.4620805839
-0.4620805839
-0.4620805839
-0.4620805839
-0.4620805839
-0.4620805839
-0.4620805839
-0.4620805839
-0.4620805839
-0.4620805839
-0.4620805839
-0.3240889508
-0.3469714889
-0.3469714889
-0.3469714889
-0.3469714889
-0.3469714889
-0.5210044522
-1.568570866
-0.4109271111
-0.4109271111
-0.4109271111
-0.4109271111
-0.4109271111
-0.4109271111
-0.4109271111
-0.4109271111
-0.4109271111
-0.4109271111
-0.4109271111
-1.115513993
-1.115513993
-1.115513993
-2.297600037
-2.802607109
-2.802607109
-2.802607109
-2.554493316
-0.6086246994
-0.6086246994
-1.070943679
-1.070943679
-0.7907506681
-0.7907506681
-0.7907506681
-0.7907506681
-0.7907506681
-0.7270201731
-0.4022035355
-0.4022035355
-0.4022035355
-0.4022035355
-0.4022035355
-0.4022035355
-0.4022035355
-0.4022035355
-1.944530937
-1.944530937
-0.3372786866
-0.3372786866
-0.3372786866
-0.3372786866
-0.3372786866
-0.3372786866
-0.3372786866
-0.3372786866
-0.3372786866
-0.5741602689
-0.5741602689
-0.5741602689
-0.5741602689
-0.5741602689
-0.5741602689
-0.5741602689
-0.5741602689
-0.5741602689
-0.5741602689
-0.5741602689
-0.5741602689
-0.6883651975
-0.6677217786
-0.6677217786
-0.8365302241
-0.8365302241
-0.8365302241
-0.8365302241
-0.8365302241
-0.8365302241
-0.8365302241
-1.711588421
-1.711588421
-1.052584495
-1.052584495
-0.4299222803
-0.4299222803
-0.4299222803
-0.2543388534
-0.2543388534
-0.2543388534
-0.2543388534
-0.2543388534
-0.2543388534
-0.2543388534
-0.3312687181
-0.3312687181
-0.5141470168
-0.5141470168
-1.296269815
-0.6501243944
-0.8363346976
-0.8363346976
-1.966273977
-1.966273977
-1.966273977
-0.9299276533
-0.9299276533
-0.5679185261
-0.5679185261
-0.5679185261
-0.5679185261
-0.5679185261
-0.5679185261
-0.5679185261
-1.048471422
-1.048471422
-1.048471422
-1.048471422
-1.048471422
-0.2498687329
-0.2498687329
-0.2498687329
-0.2498687329
-0.2498687329
-0.2498687329
-0.2498687329
-0.2498687329
-0.2498687329
-0.2498687329
-0.2498687329
-0.9609524463
-0.9609524463
-0.2775853763
-0.4359254997
-0.4359254997
-1.530682046
-1.530682046
-1.530682046
-1.530682046
-1.530682046
-0.7560169303
-0.7560169303
-0.7560169303
-0.7560169303
-0.7560169303
-0.7560169303
-0.7560169303
-0.7560169303
-0.7560169303
-0.7560169303
-0.8212665965
-0.8212665965
-0.8212665965
-0.8212665965
-0.8212665965
-0.8212665965
-1.032909433
-1.032909433
-1.032909433
-1.032909433
-1.032909433
-1.032909433
-0.2693655721
-0.2693655721
-0.2693655721
-0.2693655721
-0.2693655721
-0.2693655721
-0.2316117611
-0.2316117611
-0.2316117611
-0.2316117611
-0.2316117611
-0.2316117611
-0.3332285954
-0.3332285954
-0.3332285954
-0.3332285954
-0.3332285954
-0.4091678334
-0.2414088606
-0.5182536686
-0.2419130164
-0.2419130164
-0.2419130164
-0.2419130164
-0.6894558171
-0.6894558171
-0.6894558171
-0.6894558171
-0.2294823291
-0.2294823291
-0.2294823291
-0.2294823291
-0.2294823291
-0.2294823291
-0.2294823291
-0.2294823291
-0.2294823291
-0.2294823291
-0.2263970715
-0.2263970715
-0.2263970715
-0.2263970715
-0.6001362179
-0.6001362179
-0.6001362179
-0.6001362179
-0.6001362179
-0.6001362179
-0.6001362179
-0.6001362179
-0.6001362179
-0.6001362179
-0.6001362179
-0.6001362179
-1.441975649
-1.441975649
-1.441975649
-2.730652379
-2.730652379
-0.2638651171
-0.2638651171
-0.2638651171
-0.2638651171
-0.2638651171
-0.3917797216
-0.3917797216
-0.3917797216
-0.4498444387
-0.4498444387
-0.4498444387
-0.3799546952
-0.3799546952
-0.3799546952
-2.119267758
-1.261955313
-1.261955313
-0.954159713
-0.954159713
-0.2267119343
-0.6831796147
-1.319295538
-1.319295538
-0.2612223687
-0.2612223687
-0.2612223687
-0.2612223687
-1.231468071
-0.2353400151
-0.2353400151
-0.3507861629
-0.3507861629
-0.3507861629
-0.3507861629
-0.3507861629
-0.3507861629
-0.3507861629
-0.3507861629
-0.3507861629
-0.3507861629
-0.3507861629
-0.3507861629
-0.3507861629
-0.3507861629
-2.625269958
-1.778753122
-1.778753122
-1.778753122
-1.778753122
-1.778753122
-1.778753122
-0.3019376464
-0.3019376464
-0.5786489492
-0.5786489492
-1.488813959
-1.488813959
-0.4252803469
-0.4252803469
-0.4252803469
-0.4252803469
-0.4252803469
-0.687197862
-0.687197862
-0.687197862
-0.687197862
-0.687197862
-0.687197862
-0.687197862
-0.687197862
-0.687197862
-0.687197862
-0.687197862
-0.2285344438
-0.2285344438
-0.2285344438
-0.2285344438
-0.2285344438
-0.2285344438
-0.2285344438
-0.2343077822
-0.2648014343
-0.4643678017
-0.4643678017
-0.4643678017
-0.4643678017
-0.4643678017
-0.4643678017
-0.4643678017
-2.234246654
-2.234246654
-2.234246654
-0.3497306014
-0.3497306014
-0.3497306014
-0.3497306014
-0.3497306014
-0.3497306014
-0.3497306014
-0.3497306014
-1.810092295
-0.4934989121
-0.4934989121
-0.4934989121
-1.199808499
-1.199808499
-1.199808499
-1.199808499
-1.199808499
-1.199808499
-1.199808499
-1.199808499
-1.199808499
-1.199808499
-1.199808499
-0.7811033172
-0.7811033172
-0.3134727113
-2.754441779
-0.8697603459
-0.8697603459
-0.8697603459
-1.36455406
-0.2264601131
-0.2264601131
-0.2264601131
-0.2264601131
-0.2264601131
-0.2358699748
-0.2358699748
-0.2358699748
-0.2358699748
-0.2358699748
-0.2358699748
-0.2358699748
-0.231589445
-0.231589445
-0.231589445
-0.231589445
-0.231589445
-0.3864137592
-3.246141574
-3.246141574
-3.246141574
-1.907098879
-1.907098879
-1.172538801
-1.172538801
-1.172538801
-1.172538801
-1.172538801
-1.172538801
-1.172538801
-0.6767840724
-0.6767840724
-0.6767840724
-0.6767840724
-0.6767840724
-0.2664304877
-0.2664304877
-0.2664304877
-0.2664304877
-0.2664304877
-0.2664304877
-0.2664304877
-0.2664304877
-0.8412696485
-0.8412696485
-0.8412696485
-0.8412696485
-0.8412696485
-0.8412696485
-0.8412696485
-0.9319590433
-0.9319590433
-0.9319590433
-0.2277774757
-0.2277774757
-0.2277774757
-0.3884771897
-0.2277136497
-0.2277136497
-0.2277136497
-0.2277136497
-0.2277136497
-0.2277136497
-0.2277136497
-0.2277136497
-2.198961217
-3.186343056
-3.582551768
-3.582551768
-3.582551768
-1.74778929
-0.2370860396
-0.2370860396
-0.2370860396
-0.2370860396
-0.2370860396
-0.2370860396
-0.2370860396
-0.2370860396
-0.2370860396
-0.2370860396
-0.2370860396
-0.4910447268
-0.4910447268
-0.4910447268
-0.4910447268
-0.4910447268
-0.4910447268
-0.4910447268
-0.4910447268
-0.4910447268
-0.4910447268
-0.4910447268
-0.4910447268
-0.4910447268
-0.4910447268
-0.4910447268
-0.4910447268
-0.4910447268
-0.4910447268
-0.4910447268
-0.4910447268
-0.4910447268
-0.4910447268
-0.4910447268
-0.4910447268
-0.4910447268
-0.4910447268
-0.4910447268
-0.4910447268
-0.4910447268
-0.4910447268
-0.4910447268
-0.4910447268
-0.2863725175
-0.2863725175
-0.2863725175
-0.2863725175
-0.2863725175
-0.2863725175
-0.2863725175
-0.2863725175
-0.2863725175
-5.533773543
-0.2260298436
-0.2260298436
-0.2260298436
-0.2346525344
-0.2346525344
-0.2346525344
-0.2346525344
-0.2346525344
-0.2346525344
-0.2346525344
-0.2346525344
-0.3622698002
-0.3622698002
-0.3622698002
-0.3622698002
-0.3622698002
-2.139634936
-2.139634936
-2.139634936
-2.139634936
-2.139634936
-2.139634936
-2.139634936
-2.139634936
-0.6604639585
-0.6604639585
-0.4254154577
-0.4254154577
-0.4254154577
-0.4254154577
-0.4254154577
-0.4254154577
-0.4254154577
-0.821712555
-0.821712555
-0.821712555
-0.821712555
-0.821712555
-2.853273107
-2.853273107
-1.853374242
-1.853374242
-1.853374242
-1.853374242
-1.853374242
-1.853374242
-1.853374242
-0.5266015538
-0.5266015538
-0.5266015538
-0.2273162035
-0.2273162035
-0.2273162035
-0.2273162035
-0.2273162035
-0.2273162035
-0.2259389894
-0.2259389894
-0.2259389894
-0.2355049075
-0.2260508508
-0.2260508508
-0.2260508508
-0.2260508508
-0.2260508508
-0.810537831
-0.2696931486
-0.2696931486
-0.4579001193
-0.4579001193
-0.4579001193
-0.9645696192
-0.530155733
-0.530155733
-0.530155733
-0.530155733
-2.339983765
-2.339983765
-2.339983765
-2.339983765
-2.339983765
-2.339983765
-2.339983765
-2.339983765
-2.339983765
-2.339983765
-1.230337925
-1.230337925
-1.230337925
-1.230337925
-1.230337925
-0.3758158563
-0.3758158563
-0.3758158563
-0.3758158563
-0.2826982987
-0.2826982987
-1.090097649
-1.090097649
-0.2338624399
-0.2338624399
-0.2338624399
-0.2623704799
-0.2623704799
-0.2623704799
-0.2623704799
-0.2623704799
-0.2623704799
-0.445911925
-0.445911925
-0.445911925
-0.445911925
-0.445911925
-0.445911925
-0.445911925
-0.445911925
-0.445911925
-0.445911925
-0.445911925
-0.445911925
-0.8054654403
-0.8054654403
-0.8054654403
-0.8054654403
-0.8054654403
-0.8054654403
-0.8054654403
-0.8054654403
-0.2390639341
-0.2390639341
-0.2390639341
-0.2390639341
-0.2390639341
-0.2335263437
-0.2335263437
-0.2335263437
-0.2335263437
-0.2335263437
-0.2335263437
-0.2335263437
-0.2335263437
-0.3699668701
-0.3699668701
-0.3699668701
-0.2260630846
-0.2260630846
-0.2260630846
-0.2260630846
-0.2260630846
-0.2260630846
-0.2260630846
-0.2260630846
-0.2260630846
-0.2599889435
-0.3689100448
-0.3689100448
-0.3689100448
-0.3317952785
-0.3317952785
-0.3317952785
-0.3317952785
-0.3317952785
-0.3317952785
-0.3317952785
-0.3317952785
-0.3317952785
-0.3317952785
-0.3317952785
-0.3226732689
-0.3226732689
-0.2714472727
-0.2714472727
-0.2714472727
-0.2714472727
-0.2714472727
-0.2714472727
-0.2714472727
-0.2714472727
-0.2714472727
-0.2714472727
-0.2714472727
-0.2714472727
-0.2714472727
-0.2714472727
-0.2714472727
-0.2714472727
-0.2714472727
-0.2714472727
-0.2714472727
-0.2714472727
-0.2714472727
-0.2714472727
-0.2714472727
-0.2712704789
-0.2712704789
-0.2712704789
-0.2712704789
-0.2675459295
-0.2675459295
-0.372926246
-0.372926246
-0.372926246
-2.093516254
-2.093516254
-2.093516254
-0.2361458173
-0.2361458173
-0.3632726165
-0.3632726165
-0.3632726165
-0.3632726165
-0.3632726165
-0.3632726165
-0.3632726165
-0.3632726165
-0.3632726165
-0.3632726165
-0.248167253
-0.248167253
-0.248167253
-0.248167253
-0.248167253
-0.248167253
-0.248167253
-0.248167253
-0.248167253
-0.248167253
-0.248167253
-1.762326987
-1.762326987
-0.3424488867
-0.3424488867
-0.3424488867
-0.3424488867
-0.3424488867
-0.3424488867
-0.3424488867
-0.3424488867
-0.3424488867
-0.3424488867
-0.3424488867
-0.2485897734
-0.2485897734
-1.086410988
-1.086410988
-1.086410988
-4.30216723
-4.30216723
-4.30216723
-1.402269787
-2.210091438
-2.210091438
-0.2269081272
-0.2269081272
-0.2269081272
-0.2269081272
-0.2269081272
-0.4019790991
-0.9574277421
-0.9574277421
-0.9574277421
-0.5397321866
-0.8538484527
-0.8538484527
-2.901274729
-2.901274729
-2.901274729
-2.233120897
-0.2290793897
-0.2290793897
-0.2290793897
-0.2290793897
-0.2290793897
-0.2290793897
-0.2290793897
-0.2962528922
-0.2962528922
-0.2962528922
-0.2962528922
-0.2962528922
-0.2962528922
-0.2962528922
-0.2962528922
-0.2804050877
-0.2804050877
-0.2804050877
-0.2804050877
-0.6776172308
-0.6776172308
-0.6776172308
-0.6776172308
-2.814594797
-0.4618043859
-0.4618043859
-0.2704014911
-0.3235849561
-0.3235849561
-0.3235849561
-0.3235849561
-0.4000342109
-0.4000342109
-0.5789499869
-0.5789499869
-0.3669670038
-0.3669670038
-0.3669670038
-0.3669670038
-0.3669670038
-0.3669670038
-0.3669670038
-0.3669670038
-0.3669670038
-0.3669670038
-0.3425220301
-0.3425220301
-0.3425220301
-0.3425220301
-0.3425220301
-0.3425220301
-0.3425220301
-0.3425220301
-0.3425220301
-0.8547081513
-0.4983565003
-0.4983565003
-0.4983565003
-0.4983565003
-0.4983565003
-0.4983565003
-0.4983565003
-0.4983565003
-0.4983565003
-0.4983565003
-0.4983565003
-1.842180358
-1.842180358
-0.236301335
-0.236301335
-0.236301335
-0.236301335
-0.4562398936
-0.7622130181
-0.7622130181
-0.2776416
-0.2776416
-0.2776416
-0.2776416
-0.2776416
-0.2776416
-0.2776416
-0.2776416
-0.2776416
-0.2776416
-0.2776416
-3.015698772
-3.015698772
-3.055436123
-2.913354312
-2.913354312
-2.913354312
-2.913354312
-2.620779052
-2.347495558
-4.225840952
-3.405142484
-0.8978727137
-0.8978727137
-0.8978727137
-0.8978727137
-1.230898598
-1.230898598
-1.230898598
-1.230898598
-1.230898598
-1.230898598
-1.230898598
-1.230898598
-1.230898598
-1.230898598
-1.230898598
-1.230898598
-1.230898598
-1.230898598
-1.230898598
-1.230898598
-2.134690037
-0.6877373352
-0.5364984398
-0.5364984398
-0.5364984398
-0.2293497971
-0.2293497971
-1.660594804
-1.660594804
-0.2660772862
-0.2292848315
-0.2292848315
-0.2294659609
-0.2294659609
-0.2290620025
-0.2290620025
-0.2290620025
-0.2290620025
-0.2290620025
-0.2290620025
-0.2290620025
-0.2290620025
-0.2290620025
-0.2290620025
-0.2290620025
-0.2290620025
-0.2290620025
-0.2290620025
-0.2290620025
-0.2290620025
-0.2290620025
-0.2290620025
-0.2290620025
-0.2290620025
-0.2290620025
-0.2290620025
-0.2290620025
-0.2290620025
-0.2290620025
-0.2290620025
-0.2290620025
-0.2290620025
-0.2290620025
-0.2290620025
-0.2290620025
-0.2633770865
-0.2772632017
-0.2772632017
-0.9896628144
-0.9896628144
-0.9896628144
-0.9896628144
-0.6181873023
-0.6181873023
-0.6181873023
-0.2392798777
-0.2392798777
-0.2392798777
-0.2392798777
-0.3862498784
-0.6465064137
-0.6465064137
-0.6465064137
-0.6465064137
-0.6465064137
-0.6465064137
-0.6465064137
-0.6465064137
-0.6465064137
-0.4999010449
-0.4999010449
-0.4999010449
-0.4999010449
-0.4999010449
-0.4999010449
-0.474678762
-0.474678762
-1.14769801
-1.14769801
-0.2579027512
-0.2579027512
-0.2579027512
-0.7853556112
-0.7853556112
-0.7366298898
-1.003515306
-1.003515306
-1.003515306
-1.003515306
-1.003515306
-1.003515306
-1.003515306
-1.078259338
-3.296020483
-3.296020483
-3.296020483
-3.296020483
-3.296020483
-1.010266247
-1.010266247
-1.010266247
-0.5379216333
-0.8865409871
-0.9747026421
-0.3351035106
-0.3351035106
-0.3351035106
-0.3351035106
-0.3351035106
-0.3351035106
-0.3351035106
-0.3351035106
-0.3351035106
-0.3351035106
-0.3351035106
-0.4559316143
-0.2263068331
-0.2264475978
-0.2264475978
-0.2264475978
-0.2264475978
-0.2264475978
-0.2264475978
-0.2264475978
-0.6958600408
-0.6958600408
-0.6958600408
-0.7719496379
-0.7719496379
-0.2796165507
-0.2796165507
-0.2796165507
-0.2796165507
-2.812690618
-2.812690618
-2.284527725
-2.284527725
-2.345365653
-2.345365653
-1.704918571
-1.704918571
-1.463647617
-1.463647617
-0.2258291047
-0.2258291047
-0.2258291047
-0.2258291047
-0.2260299798
-0.2260299798
-1.796490732
-1.796490732
-2.327116123
-2.327116123
-1.963037477
-1.963037477
-0.2892511199
-0.5171474545
-0.5171474545
-0.5171474545
-0.5171474545
-0.5171474545
-0.5171474545
-0.5171474545
-0.5171474545
-0.5171474545
-0.5171474545
-0.5171474545
-0.5171474545
-0.5171474545
-0.5171474545
-0.2714943047
-0.2714943047
-0.2714943047
-0.2714943047
-0.2258122894
-0.2258122894
-0.2258122894
-0.2258122894
-0.2258122894
-0.2258122894
-0.2258122894
-0.2258122894
-0.2258122894
-0.2258122894
-0.2258122894
-0.2258122894
-0.2258122894
-0.2258122894
-0.5804495928
-0.5804495928
-0.5804495928
-0.5804495928
-2.121567386
-2.121567386
-2.121567386
-2.121567386
-1.623887338
-0.2506890163
-0.2506890163
-0.2505694784
-0.2505694784
-0.2505694784
-0.2505694784
-0.8805007233
-1.740818107
-1.740818107
-1.740818107
-1.740818107
-1.740818107
-0.4197146907
-0.4197146907
-0.4197146907
-0.6773635795
-0.6773635795
-0.6773635795
-0.6773635795
-0.6773635795
-0.6773635795
-0.6773635795
-0.6773635795
-0.6773635795
-0.6773635795
-0.6773635795
-1.543273901
-1.543273901
-2.797670645
-2.473533916
-2.225890078
-2.225890078
-2.225890078
-2.225890078
-2.225890078
-2.225890078
-2.225890078
-2.225890078
-4.881234194
-1.894771434
-1.894771434
-0.3080207353
-0.3080207353
-0.3080207353
-0.3080207353
-0.3080207353
-0.3080207353
-0.6899855863
-0.6899855863
-0.6899855863
-0.6899855863
-0.6899855863
-0.6899855863
-0.6899855863
-0.6899855863
-0.6899855863
-0.6899855863
-0.6899855863
-0.5160183719
-0.5160183719
-0.4333959167
