1.12959  1.10276  0.560654  0.305359  0.783572  0.0107119  505.956
1.10384  1.103  0.560087  0.309967  0.769632  0.0106257  506.057
1.10765  1.09771  0.558951  0.310471  0.755265  0.010351  505.481
1.10321  1.07521  0.56024  0.298511  0.778086  0.0104891  505.629
1.08231  1.06026  0.556776  0.292512  0.76137  0.0105222  505.617
1.10826  1.07213  0.555752  0.294982  0.749002  0.010433  505.32
1.0827  1.05406  0.542701  0.294639  0.751941  0.010317  505.004
1.08928  1.04341  0.567085  0.297535  0.751691  0.010345  505.407
1.08384  1.04006  0.572767  0.292943  0.730517  0.0102576  505.135
1.07181  1.02682  0.573157  0.299087  0.746298  0.0101175  504.921
1.06701  1.02384  0.564442  0.302919  0.751542  0.0101879  505.145
1.06421  1.01695  0.569048  0.309763  0.759475  0.0101682  505.276
1.05444  1.00723  0.557589  0.314767  0.750858  0.0101297  505.111
1.04247  1.01425  0.545819  0.312981  0.75294  0.0100645  504.778
1.07076  1.01431  0.551769  0.313739  0.761253  0.0100464  504.67
1.07076  1.01431  0.551769  0.313739  0.761253  0.0100464  504.67
1.06512  1.01414  0.564545  0.306049  0.758302  0.00999307  504.533
1.06512  1.01414  0.564545  0.306049  0.758302  0.00999307  504.533
1.09227  1.04566  0.555467  0.311947  0.753979  0.0100196  504.501
1.08767  1.07153  0.564012  0.311057  0.765822  0.0100228  504.668
1.0705  1.06093  0.571648  0.309609  0.781875  0.00996065  504.598
1.10661  1.07383  0.57085  0.306112  0.793224  0.0101672  505.076
1.09347  1.06848  0.573905  0.301691  0.781592  0.0101794  505.139
1.0775  1.07667  0.563454  0.309096  0.795009  0.0101217  505.058
1.07983  1.08955  0.579429  0.314141  0.777618  0.0101516  505.408
1.09947  1.07789  0.615004  0.313463  0.736142  0.0102597  505.893
1.09947  1.07789  0.615004  0.313463  0.736142  0.0102597  505.893
1.10422  1.06783  0.610439  0.30847  0.726272  0.0101819  505.489
1.11539  1.07888  0.603584  0.300186  0.714596  0.0100526  504.749
1.12222  1.07634  0.610578  0.301517  0.738247  0.0101915  505.322
1.11962  1.03779  0.612282  0.303165  0.748027  0.0102134  505.439
1.12767  1.04827  0.588102  0.303455  0.743427  0.0101571  504.993
1.12767  1.04827  0.588102  0.303455  0.743427  0.0101571  504.993
1.12767  1.04827  0.588102  0.303455  0.743427  0.0101571  504.993
1.11393  1.06392  0.582824  0.301827  0.716607  0.01029  505.322
1.09038  1.04227  0.594148  0.298086  0.712007  0.0100516  504.725
1.04503  1.03927  0.595803  0.290938  0.69621  0.00997047  504.468
1.03818  1.02428  0.601873  0.29235  0.692696  0.00993973  504.435
1.04349  1.02899  0.612527  0.299183  0.705097  0.00986101  504.359
1.0217  1.01872  0.624424  0.288608  0.713331  0.00982254  504.181
1.02144  1.04888  0.635051  0.289479  0.702407  0.00992391  504.731
1.05285  1.04922  0.631804  0.291759  0.678288  0.00967994  503.329
1.04839  1.02503  0.641551  0.302718  0.675635  0.00966077  503.497
1.06267  1.02937  0.632751  0.309047  0.671053  0.00960025  503.11
1.01953  1.05969  0.631039  0.307825  0.658474  0.00949746  502.628
1.05297  1.07787  0.646196  0.306745  0.657765  0.00950706  502.617
1.05297  1.07787  0.646196  0.306745  0.657765  0.00950706  502.617
1.03964  1.09826  0.627537  0.306077  0.648921  0.00947632  502.292
1.03266  1.0981  0.608978  0.30821  0.648373  0.0096148  503.051
1.00343  1.0673  0.619686  0.30974  0.647806  0.00947896  502.465
1.00912  1.0656  0.602962  0.311616  0.642498  0.00945068  502.101
1.02463  1.07573  0.606748  0.316024  0.650421  0.00935538  501.528
1.01899  1.08057  0.599288  0.312363  0.666403  0.00935642  501.532
1.00378  1.07073  0.598713  0.318062  0.652661  0.0093405  501.483
0.973429  1.04299  0.622512  0.312146  0.655282  0.00943788  502.412
0.965353  1.06493  0.624147  0.299456  0.684004  0.00931357  501.523
0.966697  1.08598  0.631062  0.298358  0.704604  0.00917703  500.565
1.00231  1.0973  0.615059  0.307587  0.694688  0.00923092  500.859
0.997023  1.07737  0.625202  0.295879  0.689076  0.00920721  500.528
0.997023  1.07737  0.625202  0.295879  0.689076  0.00920721  500.528
1.03117  1.09566  0.633169  0.293934  0.684839  0.00922625  500.528
1.0454  1.0553  0.621908  0.296633  0.683275  0.00922714  500.408
1.0454  1.0553  0.621908  0.296633  0.683275  0.00922714  500.408
1.02762  1.04986  0.613826  0.298289  0.681007  0.00927398  500.815
1.02762  1.04986  0.613826  0.298289  0.681007  0.00927398  500.815
1.02762  1.04986  0.613826  0.298289  0.681007  0.00927398  500.815
1.02762  1.04986  0.613826  0.298289  0.681007  0.00927398  500.815
1.02459  1.04564  0.603897  0.296538  0.64682  0.00923041  500.168
1.02459  1.04564  0.603897  0.296538  0.64682  0.00923041  500.168
1.02459  1.04564  0.603897  0.296538  0.64682  0.00923041  500.168
1.00586  1.08532  0.587081  0.292769  0.654534  0.00920108  499.846
1.00586  1.08532  0.587081  0.292769  0.654534  0.00920108  499.846
1.03583  1.09355  0.600444  0.281582  0.638647  0.0092633  499.972
1.06619  1.09732  0.584015  0.278068  0.630569  0.00915941  498.656
1.04051  1.09301  0.598023  0.261623  0.614073  0.00920538  498.702
1.06044  1.09593  0.593216  0.263375  0.626097  0.00925712  499.119
1.082  1.11007  0.586339  0.263369  0.615576  0.00932711  499.376
1.11809  1.08531  0.577142  0.263045  0.619355  0.00923179  498.354
1.10864  1.07477  0.570564  0.2659  0.60535  0.00929781  498.811
1.09946  1.08481  0.561003  0.26478  0.594013  0.00947753  499.869
1.04496  1.0932  0.544188  0.263172  0.571744  0.00957314  500.245
1.04496  1.0932  0.544188  0.263172  0.571744  0.00957314  500.245
1.04653  1.07233  0.53329  0.257343  0.566811  0.00966128  500.324
1.04521  1.11566  0.521214  0.257934  0.573688  0.00983401  501.119
1.04521  1.11566  0.521214  0.257934  0.573688  0.00983401  501.119
1.04521  1.11566  0.521214  0.257934  0.573688  0.00983401  501.119
1.04484  1.09429  0.521675  0.254094  0.551204  0.00967051  499.892
1.04484  1.09429  0.521675  0.254094  0.551204  0.00967051  499.892
1.04484  1.09429  0.521675  0.254094  0.551204  0.00967051  499.892
1.09553  1.12049  0.516868  0.254823  0.550121  0.00989165  500.626
1.09553  1.12049  0.516868  0.254823  0.550121  0.00989165  500.626
1.1028  1.12831  0.504937  0.258555  0.543552  0.00980478  500.013
1.10647  1.1507  0.511704  0.257489  0.543028  0.0096326  499.16
1.07987  1.14549  0.50974  0.258369  0.54091  0.00953485  498.703
1.05491  1.14087  0.518807  0.265542  0.557211  0.00951483  499.328
1.06286  1.12279  0.523381  0.272171  0.557399  0.00947722  499.328
1.03218  1.13547  0.511625  0.267401  0.56847  0.00958397  499.943
1.04679  1.12866  0.49573  0.263317  0.561136  0.00962967  499.628
1.04679  1.12866  0.49573  0.263317  0.561136  0.00962967  499.628
1.07579  1.14357  0.50438  0.268876  0.539384  0.00964253  499.574
1.09817  1.18694  0.502533  0.269347  0.537529  0.00960234  499.129
1.09287  1.19588  0.51665  0.264131  0.534694  0.00941786  498.032
1.08878  1.21075  0.513471  0.274831  0.529496  0.0095888  499.298
1.09512  1.23132  0.501291  0.278767  0.529283  0.00965487  499.486
1.09449  1.20933  0.497737  0.277932  0.546229  0.0096732  499.789
1.09449  1.20933  0.497737  0.277932  0.546229  0.0096732  499.789
1.09952  1.27237  0.501986  0.280409  0.546314  0.00986588  500.735
1.11048  1.31146  0.510303  0.281995  0.546507  0.00988948  500.871
1.07637  1.30399  0.516021  0.272152  0.551914  0.00984772  500.812
1.0701  1.27877  0.530188  0.266464  0.546069  0.00980449  500.69
1.04645  1.30571  0.540346  0.262793  0.538113  0.00974076  500.358
1.04645  1.30571  0.540346  0.262793  0.538113  0.00974076  500.358
1.01304  1.33937  0.543486  0.262844  0.523696  0.00972962  500.195
0.992217  1.34522  0.552136  0.26956  0.51942  0.00980941  500.92
0.964504  1.34119  0.5502  0.274623  0.518628  0.00976115  500.916
0.964504  1.34119  0.5502  0.274623  0.518628  0.00976115  500.916
0.972756  1.37191  0.546321  0.275291  0.518679  0.00979337  500.912
0.972756  1.37191  0.546321  0.275291  0.518679  0.00979337  500.912
0.996729  1.41007  0.561643  0.271652  0.511567  0.00979939  500.691
0.96388  1.40792  0.589081  0.264771  0.505362  0.00978156  500.748
0.925728  1.39133  0.585132  0.259615  0.510601  0.00983119  501.061
0.938852  1.39745  0.572723  0.256952  0.500785  0.00981891  500.533
0.92999  1.35702  0.588365  0.25575  0.503671  0.00983249  500.942
0.917306  1.36153  0.599628  0.256121  0.508581  0.009802  501.039
0.929545  1.38132  0.580809  0.247757  0.506914  0.00996359  501.117
0.928713  1.33805  0.571036  0.245702  0.509991  0.00987028  500.722
0.914798  1.35473  0.567664  0.248154  0.507773  0.00982698  500.533
0.910386  1.34  0.565993  0.24969  0.514273  0.00971964  500.214
0.910386  1.34  0.565993  0.24969  0.514273  0.00971964  500.214
0.89283  1.33078  0.575888  0.256464  0.513404  0.0098019  501.045
0.928389  1.33637  0.587338  0.252417  0.514159  0.00983403  501.073
0.910902  1.33603  0.58253  0.248687  0.50813  0.00994813  501.328
0.862893  1.36033  0.57889  0.255535  0.510317  0.00990504  501.435
0.850395  1.37541  0.58118  0.251441  0.500887  0.00987808  500.996
0.834368  1.40168  0.581636  0.253148  0.492742  0.00973776  500.172
0.845691  1.43126  0.596575  0.259036  0.492783  0.0098401  500.91
0.879156  1.44605  0.578946  0.266752  0.484622  0.00977878  500.402
0.873288  1.48661  0.604272  0.270693  0.486077  0.00996896  501.505
0.881645  1.50457  0.598413  0.268223  0.492858  0.0100449  501.713
0.89138  1.43192  0.579709  0.268981  0.484872  0.0103351  502.53
0.873695  1.42042  0.565878  0.269157  0.482501  0.0103482  502.438
0.887961  1.4546  0.555516  0.263935  0.482694  0.01037  502.045
0.88196  1.43575  0.556  0.263142  0.487337  0.0103223  502.091
0.867061  1.42844  0.573228  0.264414  0.485456  0.0102858  502.268
0.882053  1.45935  0.579553  0.254053  0.49645  0.0102526  501.974
0.882053  1.45935  0.579553  0.254053  0.49645  0.0102526  501.974
0.882053  1.45935  0.579553  0.254053  0.49645  0.0102526  501.974
0.889035  1.43293  0.598715  0.250413  0.502039  0.0101638  501.965
0.880784  1.45623  0.596531  0.258079  0.496437  0.0102988  502.431
0.871736  1.46963  0.598397  0.259768  0.487568  0.0104123  502.571
0.86802  1.48542  0.606379  0.269847  0.479021  0.0105029  502.91
0.872916  1.50279  0.606501  0.272339  0.488232  0.0105668  503.206
0.872916  1.50279  0.606501  0.272339  0.488232  0.0105668  503.206
0.878864  1.47903  0.611571  0.262106  0.481184  0.0106311  502.98
0.878907  1.51122  0.622412  0.259407  0.503555  0.0104312  502.938
0.88194  1.50264  0.635762  0.268582  0.499267  0.0102925  502.947
0.892068  1.47379  0.646616  0.263431  0.492077  0.0104231  503.132
0.892068  1.47379  0.646616  0.263431  0.492077  0.0104231  503.132
0.881518  1.42927  0.652866  0.259146  0.480873  0.0103239  502.766
0.869361  1.44314  0.634886  0.261749  0.480609  0.0102587  502.525
0.860997  1.3812  0.63738  0.260599  0.493104  0.0102517  502.975
0.854424  1.40366  0.664744  0.258582  0.493526  0.0103061  503.171
0.825694  1.43475  0.679295  0.250779  0.484056  0.0102854  502.646
0.830224  1.40678  0.660596  0.254133  0.483057  0.0103224  502.842
0.80386  1.42969  0.66153  0.253015  0.485125  0.0105732  503.301
0.795544  1.41913  0.653419  0.248052  0.48568  0.0106188  503.187
0.795544  1.41913  0.653419  0.248052  0.48568  0.0106188  503.187
0.805547  1.40678  0.636865  0.250711  0.484203  0.010602  503.166
0.806035  1.40534  0.649761  0.249452  0.490631  0.0105085  503.183
0.823282  1.41601  0.648893  0.246237  0.504364  0.0105802  503.395
0.838476  1.41434  0.67055  0.250509  0.508879  0.0105465  503.703
0.840138  1.44395  0.665878  0.242562  0.519209  0.0106088  503.533
0.839003  1.45284  0.665716  0.236055  0.524586  0.0105723  503.251
0.849293  1.47486  0.659656  0.248987  0.522331  0.0106428  503.722
0.858573  1.47149  0.671457  0.254239  0.504824  0.0107079  503.762
0.859653  1.48719  0.704545  0.251235  0.500609  0.0107202  503.67
0.859653  1.48719  0.704545  0.251235  0.500609  0.0107202  503.67
0.867401  1.49019  0.702692  0.253019  0.502608  0.010652  503.654
0.866292  1.44156  0.707671  0.250847  0.501326  0.0107296  503.857
0.885195  1.46681  0.744045  0.244854  0.490262  0.0108663  503.497
0.849909  1.48912  0.73249  0.250047  0.491051  0.0108067  503.619
0.860049  1.47342  0.738682  0.253275  0.511652  0.0108774  504.238
0.855165  1.52621  0.742619  0.257621  0.528476  0.0109962  504.526
0.844352  1.49227  0.726461  0.253613  0.546603  0.0110033  504.776
0.829926  1.50391  0.700403  0.244937  0.566859  0.0110703  504.608
0.824622  1.4888  0.702471  0.241487  0.578842  0.0110959  504.683
0.824622  1.4888  0.702471  0.241487  0.578842  0.0110959  504.683
0.824622  1.4888  0.702471  0.241487  0.578842  0.0110959  504.683
0.818927  1.49163  0.705015  0.243022  0.592958  0.0112313  504.881
0.808486  1.53674  0.710797  0.244466  0.59713  0.0113384  504.768
0.808486  1.53674  0.710797  0.244466  0.59713  0.0113384  504.768
0.796781  1.50233  0.717962  0.240155  0.605691  0.0111383  504.905
0.787882  1.46335  0.727924  0.239911  0.62782  0.0110136  505.251
0.77636  1.43975  0.734993  0.241997  0.642739  0.0110292  505.552
0.776921  1.44764  0.729526  0.247653  0.642063  0.0106879  505.484
0.787136  1.44651  0.745095  0.248881  0.642432  0.0105252  505.332
0.787136  1.44651  0.745095  0.248881  0.642432  0.0105252  505.332
0.793564  1.42717  0.73023  0.248026  0.642176  0.0104515  505.197
0.791001  1.41213  0.757983  0.249311  0.628238  0.0106423  505.58
0.753284  1.41935  0.745395  0.246115  0.621375  0.0108319  505.528
0.717385  1.42326  0.73442  0.242094  0.61752  0.0109583  505.291
0.715112  1.46448  0.738966  0.246138  0.633543  0.01104  505.454
0.714564  1.42437  0.776738  0.247883  0.625812  0.0110327  505.666
0.729856  1.3969  0.790515  0.245525  0.630626  0.0110892  505.766
0.742115  1.37815  0.812038  0.25335  0.630803  0.011121  506.154
0.768603  1.37566  0.833675  0.260211  0.623492  0.01105  506.363
0.794373  1.35671  0.829665  0.268361  0.627686  0.0110153  506.723
0.806589  1.35793  0.793954  0.268671  0.623914  0.0108483  506.627
0.822625  1.31514  0.809662  0.266068  0.617728  0.0108536  506.619
0.848264  1.31272  0.808029  0.268498  0.596141  0.0108372  506.463
0.831181  1.31779  0.812666  0.26244  0.617028  0.0110031  506.561
0.841325  1.32675  0.810108  0.267082  0.62392  0.0107747  506.583
0.840174  1.34786  0.826408  0.265338  0.63063  0.0107789  506.516
0.831599  1.39231  0.818999  0.269828  0.626288  0.0107719  506.483
0.808971  1.37405  0.81056  0.268271  0.627807  0.0107535  506.508
0.820085  1.39579  0.815135  0.258453  0.63935  0.0107682  506.217
0.832474  1.40688  0.830709  0.264499  0.622542  0.0105719  505.972
0.820359  1.4139  0.822023  0.260919  0.608069  0.0105428  505.676
0.820359  1.4139  0.822023  0.260919  0.608069  0.0105428  505.676
0.820359  1.4139  0.822023  0.260919  0.608069  0.0105428  505.676
0.820359  1.4139  0.822023  0.260919  0.608069  0.0105428  505.676
0.820359  1.4139  0.822023  0.260919  0.608069  0.0105428  505.676
0.814693  1.39799  0.825891  0.27273  0.612842  0.010701  506.365
0.822195  1.44069  0.783467  0.262592  0.62748  0.010663  505.981
0.815179  1.43159  0.816575  0.25524  0.616822  0.010674  505.7
0.811908  1.41483  0.840929  0.259507  0.602563  0.0105728  505.613
0.812337  1.40262  0.833122  0.254592  0.606533  0.0105541  505.5
0.812337  1.40262  0.833122  0.254592  0.606533  0.0105541  505.5
0.798755  1.40509  0.851245  0.247761  0.603818  0.0106187  505.296
0.794588  1.43019  0.824157  0.242342  0.619613  0.0107585  505.332
0.813727  1.43406  0.853574  0.239384  0.631079  0.0107052  505.189
0.830525  1.44923  0.828806  0.2502  0.60749  0.0108815  505.551
0.830525  1.44923  0.828806  0.2502  0.60749  0.0108815  505.551
0.846509  1.44596  0.815243  0.245177  0.609318  0.0107087  505.219
0.866633  1.42171  0.80972  0.242897  0.623627  0.0107387  505.341
0.882813  1.39297  0.832541  0.25001  0.61183  0.0107909  505.628
0.896952  1.40801  0.825007  0.255428  0.650067  0.010825  506.063
0.866049  1.37828  0.826097  0.255824  0.637247  0.0109551  506.24
0.865791  1.36948  0.850479  0.256793  0.643901  0.0108952  506.29
0.858184  1.35345  0.834873  0.260317  0.634755  0.0108012  506.357
0.846005  1.36522  0.825109  0.253852  0.65148  0.0106819  506.11
0.845698  1.32641  0.811945  0.256336  0.663731  0.0104684  506.048
0.857771  1.32937  0.808931  0.254089  0.662991  0.0105748  506.131
0.857771  1.32937  0.808931  0.254089  0.662991  0.0105748  506.131
0.850184  1.34018  0.821132  0.253491  0.682707  0.0104822  506.021
0.850474  1.34361  0.810425  0.255085  0.695765  0.010613  506.354
0.850474  1.34361  0.810425  0.255085  0.695765  0.010613  506.354
0.826163  1.39171  0.825273  0.255689  0.698469  0.0106114  506.249
0.830728  1.37276  0.8128  0.258096  0.699715  0.010523  506.257
0.826688  1.38488  0.801881  0.25812  0.678362  0.0104627  506.016
0.832765  1.38737  0.834232  0.25154  0.679651  0.0104606  505.754
0.860126  1.35461  0.833027  0.250426  0.705036  0.0105302  506.021
0.850801  1.34743  0.837067  0.251576  0.710147  0.0106136  506.25
0.877228  1.36939  0.837758  0.253407  0.719173  0.010744  506.396
0.899566  1.37033  0.855002  0.246171  0.719161  0.0107327  506.032
0.913429  1.34799  0.84061  0.252393  0.714369  0.0105874  506.11
0.918996  1.37732  0.836207  0.263415  0.731965  0.0106369  506.505
0.933844  1.36608  0.863172  0.262189  0.748032  0.0105483  506.312
0.932291  1.35899  0.884379  0.253683  0.741754  0.0106816  506.194
0.946753  1.34698  0.917994  0.246004  0.73922  0.0106979  505.818
0.972233  1.32456  0.900145  0.247645  0.724296  0.0109294  506.063
0.935866  1.32566  0.880871  0.250106  0.708817  0.0109351  506.289
0.912352  1.31894  0.850527  0.254061  0.701139  0.0110376  506.59
0.914082  1.31725  0.856894  0.259153  0.701409  0.0110221  506.753
0.914858  1.35583  0.883434  0.272009  0.690996  0.0110276  506.944
0.945684  1.33941  0.88789  0.261509  0.691831  0.0108517  506.483
0.933409  1.31984  0.88533  0.257585  0.675967  0.0108525  506.384
0.907548  1.37397  0.914736  0.253439  0.691474  0.010863  506.156
0.911  1.35393  0.917561  0.261123  0.708487  0.010786  506.467
0.911  1.35393  0.917561  0.261123  0.708487  0.010786  506.467
0.907681  1.351  0.910014  0.261076  0.696234  0.010991  506.59
0.902715  1.32901  0.873716  0.259298  0.682507  0.0108159  506.535
0.902715  1.32901  0.873716  0.259298  0.682507  0.0108159  506.535
0.896407  1.32487  0.902825  0.254839  0.684474  0.0107456  506.283
0.874004  1.37117  0.926658  0.249622  0.705491  0.0107129  505.983
0.880125  1.36631  0.90215  0.250022  0.699609  0.0106646  505.991
0.857115  1.34502  0.908189  0.25273  0.696443  0.0108046  506.325
0.876956  1.3601  0.905095  0.243188  0.688065  0.0107738  505.819
0.884709  1.37205  0.918311  0.235006  0.680376  0.0107996  505.363
0.884606  1.3684  0.939466  0.235285  0.661519  0.0107176  505.136
0.885252  1.35087  0.924552  0.237299  0.666853  0.0107802  505.424
0.90452  1.34492  0.892451  0.241236  0.657767  0.0108395  505.652
0.892788  1.33146  0.899072  0.239269  0.667248  0.0108864  505.709
0.892788  1.33146  0.899072  0.239269  0.667248  0.0108864  505.709
0.86587  1.27655  0.887259  0.240944  0.661834  0.0110494  506.046
0.867752  1.29819  0.88414  0.240527  0.679853  0.0110709  506.077
0.869512  1.29297  0.872324  0.232705  0.671788  0.0111491  505.725
0.852532  1.31277  0.880017  0.236809  0.675225  0.0112556  505.866
0.824628  1.25489  0.884485  0.242374  0.657219  0.0113454  506.123
0.826703  1.26811  0.887311  0.244327  0.664732  0.0113549  506.204
0.826703  1.26811  0.887311  0.244327  0.664732  0.0113549  506.204
0.823273  1.23697  0.895234  0.239288  0.669245  0.0112314  506.123
0.835873  1.23084  0.881594  0.23664  0.666873  0.011063  506.041
0.8152  1.2319  0.865726  0.236043  0.664823  0.011145  506.051
0.827716  1.2391  0.876346  0.234396  0.665719  0.0112238  505.925
0.798671  1.22471  0.863894  0.237704  0.663796  0.0112802  506.104
0.800755  1.2317  0.887831  0.238807  0.670504  0.0110906  506.162
0.800755  1.2317  0.887831  0.238807  0.670504  0.0110906  506.162
0.810157  1.22968  0.872114  0.240179  0.671486  0.0111447  506.261
0.793169  1.23893  0.859227  0.239066  0.677176  0.0111016  506.251
0.790713  1.23376  0.865239  0.249191  0.677068  0.0111503  506.657
0.784059  1.24701  0.903771  0.247738  0.668924  0.0113626  506.367
0.791135  1.29024  0.899108  0.244875  0.678572  0.0115034  506.11
0.823133  1.28955  0.85966  0.246052  0.690372  0.0115277  506.267
0.827137  1.30506  0.865766  0.250061  0.669771  0.0115536  506.243
0.849268  1.31503  0.87496  0.253562  0.653761  0.0116132  506.143
0.826913  1.32522  0.871595  0.249479  0.635266  0.011501  505.992
0.833777  1.32697  0.856647  0.256513  0.616632  0.0112882  506.265
0.834299  1.38607  0.862998  0.263693  0.626553  0.011447  506.288
0.813552  1.39642  0.878717  0.264982  0.634852  0.0112537  506.455
0.781844  1.36526  0.885622  0.260544  0.661423  0.0112065  506.585
0.763023  1.36172  0.901911  0.258701  0.648868  0.0113677  506.33
0.756059  1.34916  0.899058  0.258974  0.6587  0.0113858  506.424
0.733844  1.3594  0.889482  0.25453  0.645217  0.0112325  506.212
0.735325  1.31848  0.894782  0.246452  0.650727  0.0111192  506.075
0.747304  1.295  0.904372  0.245441  0.655208  0.0110439  506.118
0.759959  1.2966  0.904983  0.247537  0.649042  0.0112356  506.163
0.785988  1.27391  0.94519  0.247123  0.661021  0.0112714  506.159
0.77413  1.25684  0.955453  0.247158  0.671975  0.0112597  506.218
0.796302  1.22839  0.958822  0.247794  0.688049  0.0111968  506.392
0.812772  1.22837  0.946324  0.251822  0.665602  0.0110285  506.476
0.797965  1.22478  0.950667  0.253657  0.654984  0.0111024  506.483
0.784001  1.2088  0.962346  0.249125  0.651227  0.0110965  506.271
0.75867  1.22909  0.986541  0.253482  0.653089  0.0110785  506.287
0.762617  1.26312  0.988502  0.247864  0.665165  0.011109  506.079
0.742529  1.30197  0.996503  0.245171  0.663201  0.0111688  505.797
0.742529  1.30197  0.996503  0.245171  0.663201  0.0111688  505.797
0.724837  1.31348  1.0094  0.232392  0.661044  0.0109216  505.055
0.729972  1.29517  1.01422  0.235011  0.649757  0.0107403  505
0.701518  1.33157  1.01217  0.242351  0.63522  0.0106972  504.992
0.693765  1.35784  1.03095  0.242448  0.635341  0.0108877  504.974
0.696822  1.36728  1.02463  0.236597  0.650872  0.0107368  504.712
0.697856  1.39749  0.984837  0.230071  0.652573  0.0108792  504.63
0.697856  1.39749  0.984837  0.230071  0.652573  0.0108792  504.63
0.684512  1.37604  1.00563  0.235363  0.674106  0.0108295  504.886
0.6948  1.35914  1.02073  0.234797  0.671065  0.0108354  504.877
0.68054  1.36324  1.0582  0.23307  0.708838  0.0109298  504.757
0.669936  1.33415  1.02792  0.240309  0.723653  0.0110289  505.349
0.66756  1.30161  1.00021  0.237929  0.702192  0.010955  505.359
0.66198  1.29703  0.996504  0.234114  0.732663  0.0110246  505.302
0.677302  1.32633  0.985862  0.231484  0.740786  0.0111119  505.257
0.669624  1.34549  0.995648  0.234432  0.747387  0.0112198  505.255
0.690598  1.36216  0.991546  0.240092  0.739973  0.0111814  505.565
0.68336  1.35447  1.00089  0.240432  0.735826  0.0110579  505.523
0.695259  1.34811  0.985289  0.236246  0.751897  0.011166  505.512
0.696871  1.35494  0.994008  0.234478  0.777362  0.01126  505.386
0.709555  1.31938  1.0025  0.233518  0.771711  0.0110922  505.477
0.720572  1.36087  1.00609  0.233595  0.784361  0.0110211  505.375
0.754921  1.41862  0.963863  0.238933  0.784766  0.0111554  505.682
0.754921  1.41862  0.963863  0.238933  0.784766  0.0111554  505.682
0.759364  1.43371  0.965687  0.24072  0.748921  0.0110982  505.665
0.791815  1.44039  0.973391  0.23909  0.766237  0.0110067  505.576
0.768515  1.42256  1.00067  0.240623  0.750291  0.0109385  505.527
0.774105  1.40736  1.0136  0.243896  0.76237  0.0110685  505.72
0.77667  1.3883  1.00332  0.239279  0.753364  0.0110216  505.62
0.805922  1.38294  0.988552  0.245002  0.767738  0.0111136  505.979
0.8062  1.33152  0.997217  0.246408  0.769442  0.0111108  506.158
0.807315  1.29876  0.990328  0.250135  0.767559  0.011224  506.402
0.821816  1.34214  0.962963  0.24322  0.768846  0.0112953  506.091
0.820267  1.291  0.98962  0.241747  0.778275  0.0111678  506.109
0.831492  1.31325  1.02797  0.244866  0.776653  0.0112544  505.971
0.82102  1.32662  1.01419  0.240888  0.749347  0.0112762  505.802
0.82102  1.32662  1.01419  0.240888  0.749347  0.0112762  505.802
0.811091  1.38804  1.02482  0.243285  0.764633  0.0111983  505.713
0.832691  1.40591  1.05057  0.248546  0.758662  0.010937  505.676
0.80637  1.41072  1.05497  0.255102  0.748394  0.01083  505.807
0.81144  1.4361  1.06725  0.253285  0.74545  0.0110561  505.685
0.818192  1.41285  1.06907  0.253755  0.743404  0.0108248  505.658
0.811829  1.37967  1.10373  0.267854  0.753175  0.010859  506.086
0.817332  1.37885  1.11599  0.255005  0.797117  0.0107147  505.496
0.787251  1.41514  1.10245  0.241461  0.797177  0.0107976  505.019
0.79379  1.45416  1.04451  0.246063  0.772902  0.0107979  505.369
0.816209  1.44606  1.06975  0.237122  0.813162  0.0108058  504.906
0.80117  1.38465  1.04089  0.239836  0.817044  0.0106455  505.215
0.784355  1.38887  1.06118  0.244867  0.833904  0.0107792  505.443
0.778946  1.39535  1.06929  0.258389  0.817597  0.010955  506.008
0.787771  1.35496  1.07004  0.256193  0.818941  0.0109361  506.055
0.794376  1.34563  1.08727  0.249445  0.83066  0.010719  505.559
0.791433  1.34495  1.09686  0.255841  0.803113  0.0107787  505.816
0.788651  1.34678  1.09703  0.258393  0.757034  0.0110003  506.005
0.789371  1.33761  1.09633  0.256926  0.739621  0.0110001  505.956
0.789371  1.33761  1.09633  0.256926  0.739621  0.0110001  505.956
0.79014  1.31237  1.11415  0.249354  0.759427  0.01096  505.668
0.79014  1.31237  1.11415  0.249354  0.759427  0.01096  505.668
0.813015  1.33224  1.12872  0.247607  0.779481  0.0108655  505.425
0.817994  1.38801  1.12709  0.247282  0.792132  0.01099  505.316
0.829198  1.34199  1.13922  0.247775  0.802691  0.0110556  505.415
0.829198  1.34199  1.13922  0.247775  0.802691  0.0110556  505.415
0.847403  1.33257  1.10722  0.248513  0.808986  0.0108447  505.547
0.844713  1.32539  1.13326  0.253257  0.79522  0.0109134  505.637
0.86988  1.31771  1.15076  0.256622  0.782857  0.0109415  505.638
0.884654  1.30358  1.11576  0.258415  0.81402  0.0109666  505.934
0.889528  1.29872  1.12938  0.250199  0.80985  0.0110411  505.584
0.894625  1.3036  1.12032  0.247271  0.812804  0.0108148  505.384
0.888034  1.28413  1.09697  0.242574  0.802155  0.0108542  505.431
0.890116  1.26722  1.08093  0.241925  0.796646  0.0109774  505.598
0.909368  1.21006  1.06551  0.249375  0.812053  0.0110093  506.045
0.897719  1.18863  1.06518  0.248988  0.813589  0.0110282  506.099
0.874079  1.21363  1.03587  0.249855  0.82612  0.0109974  506.286
0.863273  1.18724  1.02446  0.2537  0.835154  0.0108241  506.435
0.832131  1.20365  1.03755  0.256445  0.811495  0.0107813  506.466
0.843304  1.17822  1.03766  0.252947  0.796865  0.0109823  506.496
0.843761  1.2143  1.06186  0.244015  0.793006  0.0110704  505.998
0.832576  1.22335  1.09882  0.248967  0.81434  0.011134  505.983
0.832576  1.22335  1.09882  0.248967  0.81434  0.011134  505.983
0.811995  1.19834  1.14984  0.242241  0.803983  0.0110765  505.462
0.807829  1.20223  1.17097  0.233109  0.820839  0.0110966  504.918
0.824327  1.19505  1.15896  0.227217  0.814009  0.0113005  504.673
0.821764  1.19706  1.15955  0.231256  0.792299  0.0114273  504.787
0.823933  1.20338  1.17459  0.235172  0.770135  0.0116242  504.651
0.820443  1.19066  1.17237  0.232089  0.761661  0.0114339  504.725
0.826332  1.20788  1.16805  0.2269  0.788049  0.0116109  504.319
0.818776  1.22189  1.14224  0.229532  0.782119  0.0113768  504.809
0.795506  1.1899  1.12855  0.231797  0.805718  0.0112963  505.105
0.795506  1.1899  1.12855  0.231797  0.805718  0.0112963  505.105
0.812104  1.23517  1.10419  0.235071  0.814065  0.0111028  505.367
0.821882  1.23182  1.11486  0.233821  0.794555  0.0113776  505.163
0.801838  1.22524  1.11854  0.22926  0.8008  0.0114606  504.882
0.790778  1.18561  1.12311  0.231741  0.784465  0.0114186  505.062
0.788595  1.17337  1.15198  0.23428  0.795726  0.011471  504.976
0.788595  1.17337  1.15198  0.23428  0.795726  0.011471  504.976
0.761135  1.22287  1.15876  0.228019  0.788111  0.0114538  504.555
0.761135  1.22287  1.15876  0.228019  0.788111  0.0114538  504.555
0.761135  1.22287  1.15876  0.228019  0.788111  0.0114538  504.555
0.792898  1.24176  1.12217  0.233195  0.792458  0.0112495  505.142
0.798312  1.23864  1.08352  0.237184  0.801389  0.0111789  505.573
0.798654  1.27843  1.07484  0.232509  0.812896  0.0111002  505.327
0.782957  1.30421  1.06851  0.234515  0.807826  0.011015  505.374
0.751623  1.31726  1.06142  0.229143  0.81247  0.0109541  505.067
0.756147  1.34408  1.05072  0.231184  0.814537  0.0108075  505.055
0.752312  1.33741  1.0093  0.232916  0.775302  0.0107842  505.325
0.757522  1.31676  1.02669  0.234084  0.747829  0.0107517  505.295
0.740023  1.34657  1.01172  0.237834  0.742194  0.0104417  504.925
0.726132  1.3592  1.01849  0.240161  0.762384  0.0104042  504.874
0.706333  1.32376  1.00528  0.246524  0.758014  0.0104373  505.305
0.7085  1.3098  1.03488  0.249414  0.764546  0.0104619  505.38
0.728842  1.30842  1.04087  0.245158  0.767375  0.0104938  505.315
0.728842  1.30842  1.04087  0.245158  0.767375  0.0104938  505.315
0.751318  1.28007  1.06334  0.246678  0.775663  0.0105698  505.519
0.755202  1.25753  1.0606  0.247006  0.772353  0.010438  505.354
0.755202  1.25753  1.0606  0.247006  0.772353  0.010438  505.354
0.778337  1.26835  1.06093  0.245285  0.748026  0.0103943  505.158
0.775639  1.27006  1.07282  0.243263  0.724546  0.0102714  504.647
0.768317  1.24918  1.06662  0.242334  0.715456  0.0103901  504.951
0.751705  1.26396  1.08216  0.239436  0.701608  0.0104153  504.699
0.727533  1.21004  1.07545  0.237511  0.696279  0.0103086  504.428
0.727533  1.21004  1.07545  0.237511  0.696279  0.0103086  504.428
0.75157  1.22765  1.07199  0.246911  0.686053  0.0102638  504.695
0.748431  1.19425  1.08852  0.247801  0.720214  0.0103604  505.06
0.734929  1.18439  1.10815  0.243342  0.72789  0.0103663  504.79
0.736694  1.14189  1.10029  0.242751  0.739281  0.0104001  504.961
0.730532  1.14588  1.12914  0.246004  0.751947  0.0103726  504.864
0.715042  1.12127  1.13848  0.246875  0.737307  0.0103026  504.609
0.725107  1.12421  1.1319  0.246712  0.745518  0.0102752  504.615
0.731852  1.10966  1.14391  0.246914  0.751149  0.0102102  504.396
0.715178  1.11161  1.15242  0.252497  0.745213  0.0102094  504.493
0.686402  1.07633  1.14151  0.242074  0.726458  0.0101296  503.751
0.661777  1.11821  1.1561  0.235017  0.716234  0.0101293  503.199
0.652303  1.09181  1.16901  0.236262  0.728992  0.0101792  503.313
0.659212  1.13583  1.17576  0.232154  0.725154  0.0100826  502.785
0.657786  1.08415  1.17229  0.229638  0.732378  0.00999144  502.369
0.673051  1.09416  1.14956  0.230634  0.74045  0.0100516  502.894
0.66745  1.09356  1.13261  0.237757  0.751458  0.0099008  502.718
0.660497  1.06073  1.12641  0.234492  0.762387  0.0100417  503.136
0.655976  1.09549  1.12577  0.229876  0.750435  0.0101839  503.372
0.655976  1.09549  1.12577  0.229876  0.750435  0.0101839  503.372
0.656967  1.11686  1.12342  0.231887  0.751138  0.0102209  503.598
0.660299  1.14183  1.10192  0.232341  0.75943  0.0101885  503.67
0.675299  1.11003  1.12047  0.239258  0.749688  0.0101258  503.75
0.663998  1.12775  1.09822  0.250332  0.761566  0.0100072  503.855
0.661804  1.13045  1.08712  0.254494  0.768664  0.0101549  504.583
0.67632  1.1074  1.0974  0.260133  0.762625  0.0100747  504.526
0.67632  1.1074  1.0974  0.260133  0.762625  0.0100747  504.526
0.675975  1.15487  1.10222  0.268511  0.750571  0.0101522  504.979
0.675975  1.15487  1.10222  0.268511  0.750571  0.0101522  504.979
0.675298  1.18269  1.07934  0.273884  0.761085  0.0102003  505.396
0.646815  1.19716  1.08538  0.282276  0.747826  0.0100988  505.051
0.642452  1.13536  1.08715  0.285592  0.77099  0.0101316  505.295
0.65887  1.10461  1.11169  0.277789  0.808169  0.0101367  505.102
0.647502  1.15045  1.09607  0.283277  0.793741  0.0100836  505.063
0.644916  1.1816  1.09485  0.281416  0.784935  0.0100179  504.734
0.649794  1.23276  1.14069  0.272897  0.778888  0.0101086  504.508
0.654907  1.24146  1.1196  0.276368  0.766925  0.0101884  504.995
0.648604  1.24346  1.07725  0.279529  0.745923  0.010083  504.902
0.620455  1.28698  1.09479  0.274074  0.743057  0.0100465  504.22
0.620455  1.28698  1.09479  0.274074  0.743057  0.0100465  504.22
0.613722  1.27811  1.05566  0.283512  0.753522  0.00992671  504.193
0.602763  1.26438  1.04295  0.286144  0.779287  0.00986318  504.008
0.620938  1.32529  0.997592  0.289671  0.749652  0.0097661  503.817
0.608267  1.35249  0.999475  0.28621  0.729061  0.00989976  504.116
0.59827  1.31535  1.01768  0.293017  0.726326  0.0099674  504.472
0.59827  1.31535  1.01768  0.293017  0.726326  0.0099674  504.472
0.629939  1.29392  1.04284  0.287288  0.720213  0.00998602  504.608
0.634466  1.34066  1.0332  0.288972  0.708238  0.0100923  504.954
0.625439  1.29837  1.00495  0.287747  0.719628  0.0100003  504.809
0.634973  1.2805  1.05011  0.286934  0.700846  0.0100529  504.82
0.644406  1.28755  1.05457  0.290511  0.685116  0.0100758  504.943
0.646483  1.32041  1.05271  0.294409  0.653641  0.0101113  504.919
0.661411  1.33308  1.05718  0.290658  0.617063  0.0102834  505.126
0.668338  1.30616  1.05815  0.296223  0.602302  0.0101631  504.869
0.679565  1.25957  1.07814  0.29105  0.605388  0.010199  504.96
0.690281  1.19749  1.08701  0.290919  0.605868  0.0102542  505.233
0.70419  1.23313  1.10834  0.292714  0.611044  0.0102956  505.304
0.717311  1.19804  1.11747  0.291098  0.612101  0.0103008  505.339
0.715042  1.21734  1.165  0.281637  0.625512  0.0103513  505.024
0.72798  1.18603  1.17913  0.28624  0.62477  0.0103246  505.054
0.738535  1.14345  1.19126  0.286005  0.637802  0.0102156  504.835
0.738535  1.14345  1.19126  0.286005  0.637802  0.0102156  504.835
0.748378  1.19865  1.23782  0.292586  0.619882  0.0104484  505.067
0.752359  1.21469  1.19844  0.291151  0.619368  0.0105196  505.424
0.760778  1.23354  1.19287  0.29567  0.622919  0.0104425  505.415
0.751552  1.25976  1.18855  0.293762  0.625721  0.0103164  505.068
0.751552  1.25976  1.18855  0.293762  0.625721  0.0103164  505.068
0.745489  1.28647  1.19344  0.290124  0.617211  0.010356  504.914
0.748425  1.28617  1.16752  0.306687  0.6179  0.0102595  505.172
0.742271  1.32726  1.16867  0.313168  0.616846  0.0103006  505.254
0.742271  1.32726  1.16867  0.313168  0.616846  0.0103006  505.254
0.770947  1.28146  1.16544  0.314244  0.616142  0.0103816  505.647
0.746033  1.29217  1.14907  0.30552  0.623062  0.0104198  505.689
0.740292  1.30655  1.11283  0.309925  0.634224  0.0103116  505.767
0.7355  1.29431  1.10236  0.302326  0.648412  0.0102556  505.664
0.735541  1.29839  1.09231  0.305739  0.647792  0.0102746  505.822
0.760404  1.272  1.07532  0.302393  0.647085  0.0100337  505.189
0.759468  1.2619  1.07754  0.299589  0.643477  0.0100671  505.242
0.785183  1.25305  1.07488  0.294136  0.661746  0.00999032  505.017
0.787437  1.24061  1.11355  0.289993  0.658701  0.00983039  504.033
0.777253  1.23062  1.13595  0.293293  0.672998  0.00979157  503.876
0.763753  1.23359  1.15695  0.301511  0.663748  0.00982706  504.008
0.773481  1.27437  1.1711  0.298305  0.670549  0.00991465  504.208
0.775882  1.25543  1.17069  0.318255  0.682299  0.00990862  504.625
0.77985  1.25569  1.15954  0.329649  0.678981  0.00988868  504.745
0.783507  1.27237  1.13505  0.327755  0.667876  0.00983691  504.553
0.761543  1.25903  1.15631  0.33289  0.63725  0.00995411  504.805
0.761543  1.25903  1.15631  0.33289  0.63725  0.00995411  504.805
0.768516  1.25675  1.15159  0.324106  0.642812  0.0100575  505.178
0.768516  1.25675  1.15159  0.324106  0.642812  0.0100575  505.178
0.798693  1.24433  1.15759  0.322087  0.65059  0.0101536  505.533
0.763922  1.24568  1.11825  0.321123  0.635888  0.0103617  506.219
0.788225  1.2515  1.11041  0.312128  0.637268  0.0102967  505.988
0.826061  1.21957  1.08534  0.309316  0.629494  0.0102786  506.033
0.826061  1.21957  1.08534  0.309316  0.629494  0.0102786  506.033
0.824973  1.18574  1.09105  0.309364  0.635763  0.0102485  506.016
0.830253  1.14291  1.1031  0.300897  0.626497  0.0102081  505.647
0.835492  1.16727  1.10853  0.304593  0.648291  0.0102082  505.813
0.833991  1.13341  1.09963  0.303895  0.650942  0.0103157  506.195
0.833991  1.13341  1.09963  0.303895  0.650942  0.0103157  506.195
0.854184  1.14457  1.07751  0.300421  0.67083  0.0102401  506.134
0.845013  1.16124  1.06286  0.314021  0.675179  0.0101038  506.043
0.865492  1.18482  1.08951  0.307595  0.681812  0.0102011  506.078
0.833836  1.15249  1.1065  0.303389  0.701324  0.0100676  505.628
0.840605  1.14975  1.11251  0.302631  0.713606  0.0099556  505.189
0.847522  1.12976  1.08441  0.304306  0.721948  0.0100632  505.822
0.824027  1.09649  1.08318  0.3025  0.695485  0.0101463  506.02
0.824027  1.09649  1.08318  0.3025  0.695485  0.0101463  506.02
0.82461  1.10067  1.06749  0.30399  0.69104  0.010065  505.838
0.844684  1.10671  1.09044  0.289244  0.709649  0.0100194  505.295
0.840055  1.14147  1.06777  0.29907  0.718304  0.0100143  505.628
0.840055  1.14147  1.06777  0.29907  0.718304  0.0100143  505.628
0.817689  1.1271  1.08118  0.296137  0.707663  0.0101627  506.004
0.81163  1.14394  1.08372  0.298409  0.716628  0.0101648  506.064
0.811446  1.14792  1.0501  0.300658  0.722131  0.0101979  506.405
0.811446  1.14792  1.0501  0.300658  0.722131  0.0101979  506.405
0.810184  1.16819  1.03424  0.312271  0.731543  0.0100611  506.242
0.810184  1.16819  1.03424  0.312271  0.731543  0.0100611  506.242
0.822806  1.17747  1.02891  0.312287  0.745472  0.0102641  506.926
0.831498  1.15263  1.03544  0.312443  0.756412  0.0101906  506.719
0.824578  1.13922  1.04011  0.313265  0.746415  0.0104419  507.35
0.823059  1.13685  1.05302  0.307505  0.743118  0.0103244  506.915
0.821506  1.10456  1.06822  0.301982  0.754928  0.0102981  506.7
0.83802  1.08497  1.10325  0.291263  0.744579  0.0103117  506.288
0.842197  1.10437  1.11331  0.280962  0.744518  0.0103886  506.171
0.835594  1.09031  1.08701  0.279926  0.745196  0.0103936  506.317
0.825112  1.10404  1.07724  0.270671  0.735087  0.0101439  505.424
0.848732  1.05505  1.09538  0.269757  0.712187  0.0101729  505.281
0.847821  1.05865  1.08782  0.266004  0.72819  0.0101501  505.19
0.821863  1.04666  1.11281  0.261393  0.724344  0.0101762  504.989
0.808976  1.05071  1.13322  0.261302  0.721101  0.0102064  504.955
0.837567  1.03933  1.168  0.263724  0.718867  0.0102118  504.792
0.845321  1.01943  1.13559  0.270046  0.723433  0.0101941  505.113
0.843734  1.04224  1.15581  0.260059  0.726791  0.010371  505.191
0.822274  1.05493  1.1879  0.258351  0.709873  0.0104726  505.126
0.821835  1.06127  1.18439  0.258276  0.697703  0.0104949  505.151
0.837106  1.05975  1.15357  0.251975  0.697717  0.0103416  504.781
0.837106  1.05975  1.15357  0.251975  0.697717  0.0103416  504.781
0.816403  1.051  1.14484  0.257231  0.725792  0.0100893  504.379
0.807884  1.04376  1.16171  0.245465  0.741131  0.0103087  504.532
0.826566  1.03293  1.17065  0.244992  0.706864  0.0102808  504.265
0.838591  1.01974  1.12262  0.233731  0.692972  0.0103168  504.095
0.843476  1.01556  1.151  0.230439  0.703112  0.0102823  503.703
0.833723  0.969183  1.16157  0.2371  0.700644  0.0102637  503.796
0.814741  1.00355  1.20208  0.234725  0.688719  0.0102611  503.456
0.823247  0.992767  1.18132  0.239071  0.698866  0.0102213  503.69
0.808116  0.953555  1.1727  0.246485  0.690942  0.0103811  504.345
0.798056  0.992027  1.14199  0.243606  0.705146  0.0102585  504.268
0.807158  0.990266  1.1573  0.245804  0.690276  0.0101985  504.023
0.807158  0.990266  1.1573  0.245804  0.690276  0.0101985  504.023
0.812215  1.0171  1.14062  0.247989  0.698884  0.0101606  504.179
0.832288  1.00688  1.14242  0.246961  0.715027  0.0101642  504.166
0.829707  0.981484  1.16972  0.259316  0.717418  0.0100189  503.894
0.828031  0.957294  1.15875  0.253264  0.725123  0.00992962  503.36
0.817036  0.969143  1.12618  0.252525  0.747799  0.00991318  503.558
0.851549  0.968515  1.11919  0.248327  0.746929  0.00999983  503.757
0.845913  1.00054  1.1323  0.247915  0.73978  0.0100728  503.997
0.817946  0.97717  1.13834  0.243661  0.747122  0.0101471  504.033
0.831785  0.983349  1.09994  0.246515  0.732783  0.0103537  504.933
0.819264  1.00192  1.11549  0.259583  0.716427  0.0102349  505.004
0.819264  1.00192  1.11549  0.259583  0.716427  0.0102349  505.004
0.830431  1.00941  1.11811  0.255292  0.718957  0.0103213  505.088
0.808174  0.989623  1.10937  0.250412  0.721187  0.0102546  504.767
0.827997  0.966742  1.11727  0.250279  0.730589  0.010481  505.209
0.827997  0.966742  1.11727  0.250279  0.730589  0.010481  505.209
0.803704  0.97995  1.11506  0.252648  0.732496  0.0105049  505.405
0.803704  0.97995  1.11506  0.252648  0.732496  0.0105049  505.405
0.807877  0.980809  1.09197  0.24818  0.731584  0.0105573  505.464
0.804489  0.960975  1.12313  0.254143  0.742654  0.0106151  505.568
0.789122  0.939133  1.13362  0.255664  0.721337  0.0105584  505.347
0.781895  0.962887  1.13228  0.255021  0.736111  0.0104634  505.265
0.793887  0.967784  1.14295  0.255685  0.718121  0.0105667  505.382
0.793887  0.967784  1.14295  0.255685  0.718121  0.0105667  505.382
0.788494  0.947855  1.21494  0.259005  0.726618  0.0104956  504.862
0.788494  0.947855  1.21494  0.259005  0.726618  0.0104956  504.862
0.799734  0.911702  1.21554  0.261048  0.733783  0.0104355  504.694
0.816191  0.894821  1.21507  0.247565  0.723827  0.0104097  504.058
0.816191  0.894821  1.21507  0.247565  0.723827  0.0104097  504.058
0.810579  0.913216  1.17311  0.242379  0.726674  0.010379  504.152
0.807418  0.911723  1.17569  0.241894  0.722516  0.0103291  503.978
0.802128  0.898255  1.17289  0.238433  0.715701  0.0102908  503.673
0.804002  0.879873  1.15959  0.236051  0.714342  0.0102862  503.549
0.804002  0.879873  1.15959  0.236051  0.714342  0.0102862  503.549
0.78541  0.88536  1.15111  0.235776  0.724873  0.010346  503.799
0.791485  0.883051  1.13066  0.231812  0.738256  0.0103093  503.676
0.785946  0.902089  1.12388  0.233244  0.718032  0.010311  503.823
0.805849  0.889997  1.1502  0.237359  0.712312  0.0102787  503.69
0.806322  0.872225  1.10419  0.234968  0.731843  0.0103067  503.903
0.830921  0.86989  1.09176  0.233059  0.743994  0.0104558  504.232
0.842632  0.868161  1.11716  0.229271  0.754382  0.0105705  504.111
0.834903  0.867816  1.14596  0.236148  0.74266  0.0105479  504.203
0.822428  0.857608  1.12611  0.227555  0.728701  0.0105848  503.903
0.810224  0.850019  1.14096  0.225362  0.749108  0.0105643  503.673
0.838702  0.857808  1.15347  0.221487  0.739003  0.0105503  503.375
0.829532  0.848961  1.15661  0.218241  0.749971  0.0106322  503.284
0.837011  0.833185  1.14669  0.215485  0.743995  0.0106476  503.094
0.84033  0.823264  1.18907  0.211231  0.738568  0.0107422  502.602
0.832899  0.805355  1.20889  0.217253  0.759554  0.0106574  502.629
0.804101  0.771863  1.17928  0.224127  0.760033  0.0106749  502.955
0.809719  0.816494  1.16507  0.226737  0.769299  0.0106269  503.491
0.794525  0.800579  1.16372  0.232506  0.757329  0.0105907  503.589
0.819903  0.789293  1.17054  0.246832  0.746434  0.0107032  504.198
0.813701  0.781182  1.13003  0.248796  0.74466  0.0107381  504.499
0.811222  0.777062  1.10693  0.2438  0.745698  0.0107732  504.444
0.824667  0.772769  1.12156  0.246531  0.744872  0.0106965  504.334
0.803624  0.775936  1.11097  0.244061  0.76128  0.0107129  504.382
0.803624  0.775936  1.11097  0.244061  0.76128  0.0107129  504.382
0.803624  0.775936  1.11097  0.244061  0.76128  0.0107129  504.382
0.819217  0.779871  1.1114  0.248046  0.795955  0.0106246  504.476
0.816216  0.770034  1.1179  0.24937  0.805718  0.010709  504.511
0.820935  0.743763  1.10564  0.249738  0.807387  0.0105602  504.123
0.819225  0.731933  1.0856  0.257116  0.803653  0.0106592  504.527
0.830692  0.7434  1.09315  0.253078  0.800298  0.0106072  504.383
0.828827  0.724666  1.11298  0.255394  0.817593  0.0104614  503.884
0.845702  0.723635  1.07517  0.259874  0.814282  0.0103339  503.937
0.818713  0.716241  1.05819  0.262043  0.817605  0.0104118  504.219
0.834712  0.710257  1.04466  0.261929  0.809286  0.0105585  504.488
0.853206  0.711547  1.05072  0.26623  0.819269  0.0106215  504.679
0.854336  0.742154  1.05029  0.263227  0.827049  0.0105045  504.735
0.828819  0.754799  1.04903  0.262624  0.83019  0.0105713  504.997
0.822745  0.762961  1.04447  0.265806  0.834586  0.0104751  505.027
0.822745  0.762961  1.04447  0.265806  0.834586  0.0104751  505.027
0.842565  0.776885  1.04023  0.257051  0.834135  0.0105663  505.04
0.861425  0.777834  1.04282  0.261692  0.828117  0.0104619  504.976
0.840182  0.784865  1.02703  0.266776  0.853129  0.0104541  505.261
0.840684  0.766613  1.00506  0.253598  0.87763  0.0106428  505.043
0.857832  0.77594  1.00777  0.255161  0.844817  0.0107315  505.315
0.855067  0.758765  0.986934  0.255687  0.83087  0.0108049  505.357
0.851623  0.742722  1.00537  0.250971  0.83912  0.0106913  504.819
0.86295  0.742835  0.99845  0.260373  0.814144  0.0107449  505.244
0.855173  0.740397  0.989256  0.251395  0.804881  0.0107876  505.003
0.818987  0.723454  0.973332  0.256285  0.817799  0.0108323  505.129
0.798733  0.72017  0.95351  0.256888  0.811703  0.0108586  505.216
0.799632  0.71256  0.952328  0.253333  0.826252  0.0108672  505.002
0.805431  0.696651  0.929946  0.251009  0.815359  0.0108971  504.818
0.800566  0.709204  0.942658  0.24653  0.812628  0.0109497  504.794
0.799203  0.695961  0.942849  0.23807  0.839608  0.0109165  504.237
0.815152  0.706914  0.943548  0.233808  0.82804  0.0108305  504.134
0.82148  0.700057  0.954746  0.233481  0.848937  0.0106913  503.823
0.797363  0.698067  0.947672  0.234864  0.86348  0.0107247  503.909
0.780013  0.720773  0.984103  0.240101  0.864559  0.0106121  504.122
0.783854  0.701594  1.00943  0.236747  0.832437  0.0105546  503.585
0.795184  0.706273  0.980094  0.240418  0.818145  0.0106613  504.107
0.783489  0.704599  0.996357  0.243009  0.808705  0.0107167  504.194
0.794486  0.701295  1.00723  0.24342  0.791356  0.010736  504.145
0.791136  0.707427  1.01192  0.247174  0.791259  0.010756  504.371
0.786262  0.728345  1.01401  0.248806  0.782191  0.010837  504.741
0.789322  0.728145  1.01637  0.252119  0.770502  0.0108202  504.83
0.782205  0.729527  0.99846  0.250529  0.7805  0.0109387  504.952
0.782205  0.729527  0.99846  0.250529  0.7805  0.0109387  504.952
0.782205  0.729527  0.99846  0.250529  0.7805  0.0109387  504.952
0.794387  0.699248  0.977597  0.248511  0.812352  0.0110048  504.632
0.784445  0.682474  0.976146  0.242836  0.819806  0.0111412  504.195
0.815363  0.691119  0.950875  0.240449  0.81984  0.010994  504.294
0.803557  0.690065  0.953016  0.235881  0.801927  0.0109735  504.075
0.79655  0.703639  0.937391  0.23581  0.799684  0.0108937  504.265
0.780309  0.702795  0.94583  0.236151  0.804226  0.011004  504.284
0.764012  0.717252  0.964638  0.252955  0.829701  0.0109908  505.038
0.79774  0.704331  0.968184  0.255006  0.831062  0.0109593  504.946
0.801511  0.728054  0.925267  0.254837  0.805808  0.0109148  505.369
0.826833  0.748446  0.914072  0.261063  0.771714  0.010736  505.665
0.841384  0.771624  0.922246  0.256978  0.764358  0.0107361  505.707
0.817412  0.769912  0.943135  0.252019  0.768735  0.0107571  505.494
0.802006  0.780218  0.968138  0.254621  0.77315  0.0107916  505.631
0.802006  0.780218  0.968138  0.254621  0.77315  0.0107916  505.631
0.802006  0.780218  0.968138  0.254621  0.77315  0.0107916  505.631
0.810382  0.795444  0.974243  0.249001  0.754029  0.0108496  505.552
0.799597  0.808318  0.975801  0.249602  0.775709  0.010878  505.717
0.797908  0.812035  0.958147  0.24733  0.78242  0.0107477  505.62
0.766979  0.819113  0.945369  0.252697  0.796792  0.0109114  506.04
0.764304  0.812727  0.895487  0.244633  0.791789  0.0107934  505.745
0.769279  0.811472  0.880184  0.243182  0.75899  0.0107305  505.628
0.7648  0.806684  0.883174  0.25283  0.765458  0.0108392  506.063
0.790291  0.834347  0.863764  0.250303  0.775947  0.0106272  506.001
0.78946  0.817536  0.855718  0.256697  0.773899  0.0105876  506.066
0.81684  0.818066  0.864573  0.258404  0.779575  0.0106847  506.253
0.821981  0.809651  0.841344  0.25833  0.772248  0.0106326  506.144
0.845397  0.832109  0.856394  0.256151  0.765503  0.0105203  505.997
0.840939  0.831942  0.853066  0.254081  0.777783  0.010359  505.607
0.869922  0.836414  0.82772  0.258841  0.764999  0.0104632  506.003
0.869922  0.836414  0.82772  0.258841  0.764999  0.0104632  506.003
0.855251  0.84286  0.816283  0.262932  0.779344  0.0105183  506.33
0.830027  0.863318  0.853905  0.271476  0.784654  0.0106027  506.847
0.851321  0.882412  0.818922  0.270642  0.783482  0.0104389  506.639
0.811371  0.869299  0.853542  0.268367  0.769265  0.0105232  506.658
0.805654  0.867872  0.840597  0.268723  0.765207  0.0106172  506.829
0.817336  0.88139  0.845877  0.268864  0.773257  0.0107937  507.112
0.827091  0.902432  0.839123  0.264904  0.790208  0.0106905  506.992
0.826488  0.910191  0.835433  0.265567  0.80116  0.0107096  507.075
0.826488  0.910191  0.835433  0.265567  0.80116  0.0107096  507.075
0.831295  0.919013  0.854198  0.263927  0.777081  0.0107628  507.081
0.837798  0.88916  0.851143  0.260028  0.753676  0.0108552  506.876
0.837798  0.88916  0.851143  0.260028  0.753676  0.0108552  506.876
0.806694  0.895725  0.835484  0.258519  0.795348  0.0108516  506.929
0.797207  0.906776  0.829179  0.258273  0.789649  0.0109485  507.033
0.798933  0.914307  0.848267  0.257986  0.806733  0.0109754  507.045
0.785637  0.928261  0.839889  0.260492  0.813791  0.0111571  507.211
0.797634  0.924848  0.848935  0.267813  0.786063  0.0111366  507.422
0.792715  0.927597  0.851295  0.26291  0.795947  0.0110583  507.276
0.785788  0.918634  0.86017  0.261877  0.793558  0.0110888  507.195
0.791351  0.937356  0.855074  0.255457  0.810226  0.0112094  507.046
0.794699  0.919415  0.842459  0.253566  0.788711  0.0110812  506.941
0.801443  0.958276  0.857952  0.259337  0.780732  0.0111715  507.244
0.811949  0.947658  0.893724  0.250872  0.776628  0.0113542  506.765
0.813026  0.954433  0.904516  0.256724  0.768956  0.011395  506.934
0.812933  0.948984  0.892225  0.258185  0.762472  0.0114723  506.93
0.771569  0.959349  0.922307  0.252753  0.759406  0.0112818  506.798
0.773192  0.985928  0.942161  0.261224  0.775292  0.0113731  507.061
0.780753  0.998299  0.963971  0.25855  0.779086  0.0112794  506.977
0.752768  1.00301  0.984895  0.257418  0.782455  0.0111897  506.862
0.755989  0.996493  0.986638  0.260514  0.780997  0.0111401  506.957
0.752896  1.00265  0.971722  0.264751  0.778283  0.0112169  507.146
0.763859  0.986854  0.998939  0.269168  0.775597  0.0111989  507.151
0.769503  1.01925  1.00278  0.259524  0.760018  0.0111195  506.89
0.741328  1.02285  1.0136  0.262981  0.744657  0.0110741  506.888
0.75817  0.99735  1.0029  0.259583  0.749366  0.0112409  506.802
0.757534  0.997163  0.995623  0.256578  0.73096  0.0112273  506.697
0.741784  0.982852  0.991596  0.255591  0.744703  0.0111664  506.666
0.730581  0.986947  1.02283  0.252984  0.740716  0.0110937  506.409
0.741516  0.996688  1.03326  0.266695  0.739782  0.0111924  506.849
0.744108  1.00731  1.06659  0.258001  0.753475  0.0113493  506.385
0.759037  1.00234  1.07946  0.265147  0.760133  0.0112813  506.607
0.771989  1.00636  1.10022  0.26822  0.769684  0.0111693  506.648
0.75031  1.0386  1.08374  0.263576  0.765355  0.0112449  506.594
0.75031  1.0386  1.08374  0.263576  0.765355  0.0112449  506.594
0.71755  1.0469  1.06873  0.257351  0.739558  0.011232  506.365
0.71755  1.0469  1.06873  0.257351  0.739558  0.011232  506.365
0.718665  1.03632  1.04066  0.254597  0.70561  0.0112663  506.3
0.717718  1.01119  1.04354  0.256678  0.705102  0.0111129  506.349
0.725564  1.00658  1.06926  0.256684  0.690481  0.0109201  506.12
0.717824  1.00553  1.05617  0.259129  0.703295  0.0109686  506.322
0.7045  0.973949  1.05781  0.262187  0.702703  0.0107272  506.118
0.71646  0.960081  1.08241  0.261424  0.706916  0.0107508  506.004
0.704841  0.970852  1.05376  0.255551  0.724387  0.0107883  506.042
0.70167  0.935766  1.03413  0.250764  0.719505  0.0107599  505.81
0.703109  0.910314  1.02005  0.255481  0.721624  0.0107622  505.966
0.70943  0.898655  1.03347  0.255761  0.719337  0.0107754  505.889
0.706571  0.899083  1.01627  0.25311  0.697801  0.0107406  505.761
0.70406  0.89454  1.02876  0.250984  0.690797  0.0108955  505.695
0.730705  0.914998  1.04481  0.243407  0.688292  0.0109832  505.521
0.707998  0.901928  1.06119  0.241876  0.673632  0.0111169  505.204
0.685164  0.925168  1.06573  0.231844  0.687804  0.0111484  504.805
0.703955  0.888646  1.05884  0.227404  0.689236  0.0112066  504.544
0.703955  0.888646  1.05884  0.227404  0.689236  0.0112066  504.544
0.713949  0.895639  1.03555  0.227582  0.685071  0.0111968  504.724
0.723228  0.880069  1.01818  0.224557  0.684467  0.0112213  504.599
0.723228  0.880069  1.01818  0.224557  0.684467  0.0112213  504.599
0.738887  0.865715  1.02199  0.216594  0.682703  0.0111743  504.116
0.767129  0.864681  1.03516  0.214172  0.665724  0.011146  503.869
0.755909  0.88105  1.01395  0.210248  0.637778  0.0112606  503.607
0.755909  0.88105  1.01395  0.210248  0.637778  0.0112606  503.607
0.749023  0.902204  1.00404  0.204673  0.635191  0.0114225  503.276
0.78066  0.937789  0.995367  0.202666  0.617852  0.0114662  503.187
0.767449  0.951936  0.970457  0.198754  0.633558  0.0113534  503.263
0.757824  0.978832  0.951092  0.202271  0.634097  0.0112311  503.699
0.779775  0.954855  0.93311  0.203013  0.635232  0.0112892  503.757
0.781653  0.9325  0.895626  0.20529  0.628411  0.0111821  503.927
0.779119  0.963378  0.892567  0.20306  0.611881  0.0113632  503.674
0.788904  0.940586  0.901376  0.205732  0.606185  0.0115164  503.589
0.770774  0.937011  0.937386  0.209236  0.577704  0.0115749  503.327
0.782895  0.941801  0.920139  0.215179  0.564279  0.0114868  503.693
0.771008  0.920678  0.941507  0.220662  0.587725  0.0112071  504.275
0.783935  0.883696  0.998073  0.215684  0.589361  0.0111405  503.649
0.76684  0.878939  0.963743  0.216309  0.594579  0.0110185  503.831
0.774334  0.857229  0.983219  0.220411  0.579671  0.0109643  503.694
0.778577  0.847785  0.989337  0.222501  0.556667  0.0110296  503.47
0.788736  0.8788  0.948658  0.22945  0.548866  0.0109042  504.006
0.785359  0.881168  0.92704  0.235157  0.549571  0.0107618  504.253
0.768667  0.889881  0.927192  0.23779  0.5396  0.0107039  504.195
0.768667  0.889881  0.927192  0.23779  0.5396  0.0107039  504.195
0.768667  0.889881  0.927192  0.23779  0.5396  0.0107039  504.195
0.76926  0.871183  0.94109  0.231541  0.546701  0.010792  503.966
0.76926  0.871183  0.94109  0.231541  0.546701  0.010792  503.966
0.784948  0.881729  0.957522  0.235338  0.534677  0.01065  503.811
0.803661  0.906528  0.968597  0.233861  0.540634  0.0108009  504.078
0.797484  0.906057  0.958251  0.231233  0.562167  0.0108097  504.292
0.782884  0.899153  1.00925  0.23045  0.568059  0.0108929  504.14
0.797235  0.90126  0.9925  0.233936  0.565417  0.0107949  504.286
0.803228  0.905263  0.970689  0.239042  0.564135  0.0108412  504.644
0.787584  0.916488  0.956998  0.240354  0.571301  0.0108356  504.879
0.795248  0.89122  0.943181  0.243948  0.5715  0.0109575  505.047
0.798719  0.909447  0.930623  0.247706  0.574838  0.010761  505.217
0.791533  0.901516  0.957728  0.245992  0.580524  0.0108008  505.122
0.799207  0.888337  0.933885  0.243225  0.571204  0.0108661  504.981
0.827441  0.894349  0.947581  0.24182  0.561132  0.0108439  504.754
0.820047  0.906377  0.91644  0.246735  0.565352  0.0108346  505.158
0.852843  0.904522  0.884304  0.249688  0.576542  0.0107222  505.337
0.845284  0.918522  0.934166  0.242889  0.575805  0.010664  504.918
0.830308  0.909463  0.95052  0.245977  0.581032  0.010571  504.886
0.830308  0.909463  0.95052  0.245977  0.581032  0.010571  504.886
0.840368  0.909178  0.943547  0.245958  0.584918  0.0106759  505.094
0.840368  0.909178  0.943547  0.245958  0.584918  0.0106759  505.094
0.882753  0.902831  0.928462  0.250211  0.580202  0.0105559  504.979
0.894277  0.9061  0.929497  0.258996  0.574874  0.0107189  505.445
0.903341  0.912042  0.930546  0.252243  0.593526  0.0109244  505.578
0.887324  0.918503  0.905762  0.248701  0.590467  0.0109334  505.56
0.877318  0.926427  0.912057  0.24647  0.585486  0.0107183  505.279
0.889866  0.945587  0.917595  0.249454  0.586984  0.0108394  505.549
0.904774  0.958937  0.922715  0.250062  0.587271  0.0107722  505.502
0.907206  0.955738  0.927055  0.254441  0.595479  0.0110095  505.865
0.919684  0.99441  0.948405  0.254938  0.582981  0.0110553  505.751
0.913674  1.00885  0.94213  0.244714  0.579425  0.0111629  505.395
0.898425  0.990052  0.977802  0.24082  0.574771  0.0111985  505.046
0.879025  0.991429  0.991075  0.244164  0.570168  0.0110027  505.116
0.8729  0.951114  0.980196  0.248291  0.577826  0.0111659  505.335
0.854839  0.918739  0.970804  0.252396  0.595574  0.0111723  505.633
0.871656  0.897501  0.97624  0.255407  0.594845  0.0111085  505.597
0.847642  0.92235  0.951987  0.250727  0.589481  0.0110668  505.608
0.861734  0.952216  0.92412  0.256126  0.578423  0.0110247  505.85
0.84727  0.967805  0.947523  0.258612  0.555014  0.010907  505.591
0.84727  0.967805  0.947523  0.258612  0.555014  0.010907  505.591
0.872629  0.978604  0.952474  0.258962  0.531851  0.010834  505.189
0.89922  1.00521  0.972352  0.255462  0.537569  0.0108115  505.055
0.902418  1.01985  0.969683  0.256794  0.538618  0.0108138  505.145
0.910849  1.05101  0.951402  0.259834  0.549213  0.0109429  505.566
0.914547  1.03304  0.947839  0.262266  0.535887  0.0108799  505.403
0.917138  1.02173  0.949857  0.264626  0.542792  0.0108956  505.559
0.928858  1.02132  0.952876  0.252126  0.543933  0.0107253  504.956
0.960477  1.02255  0.981992  0.250512  0.548538  0.0105775  504.535
0.935585  1.03501  0.986164  0.250642  0.539459  0.0104695  504.304
0.92202  1.01257  0.981373  0.244133  0.534021  0.0104579  503.98
0.938064  1.03261  1.01242  0.250492  0.547113  0.0102895  503.862
0.937038  1.02229  1.02945  0.246477  0.548882  0.010114  503.114
0.928724  1.05136  0.998337  0.242991  0.546215  0.00997113  502.618
0.94608  1.03703  1.00083  0.244626  0.555982  0.00992448  502.542
0.929319  1.02754  0.976372  0.243077  0.551854  0.00980405  502.034
0.896033  1.00622  0.957333  0.241082  0.547966  0.00985767  502.284
0.915303  1.01892  0.955725  0.237707  0.545233  0.00992237  502.358
0.940568  1.04935  0.928488  0.237508  0.565966  0.00998327  502.919
0.927293  1.02752  0.913342  0.248323  0.576179  0.0100062  503.639
0.91533  1.01045  0.91379  0.247793  0.548028  0.00998334  503.186
0.930559  1.04612  0.940712  0.242891  0.550358  0.00997984  502.923
0.94197  1.05556  0.950293  0.241526  0.558686  0.00999999  502.991
0.941765  1.05771  0.93939  0.238023  0.548716  0.00992336  502.441
0.950856  1.07324  0.953573  0.238487  0.55142  0.0100052  502.753
0.986409  1.10981  0.945843  0.239995  0.550011  0.0101128  503.08
0.947196  1.068  0.962078  0.241759  0.548695  0.01001  502.852
0.924552  1.04526  0.964884  0.235495  0.553533  0.0100751  502.933
0.949703  1.0112  0.942367  0.238379  0.541  0.00988446  502.087
0.943293  1.01261  0.897539  0.242885  0.557972  0.00988728  502.682
0.96584  1.0236  0.888265  0.247066  0.540191  0.00990879  502.655
0.96584  1.0236  0.888265  0.247066  0.540191  0.00990879  502.655
0.982849  1.03261  0.872102  0.250978  0.537666  0.0100253  503.212
0.963076  1.0552  0.881029  0.254381  0.539919  0.0100664  503.603
0.969117  1.06628  0.863247  0.257345  0.548922  0.0099645  503.466
1.00022  1.10223  0.836437  0.255936  0.56282  0.00993835  503.41
0.987434  1.05532  0.843476  0.258314  0.565779  0.00991719  503.47
1.02526  1.04607  0.818532  0.265358  0.576829  0.00994524  503.788
1.02526  1.04607  0.818532  0.265358  0.576829  0.00994524  503.788
1.02648  1.03644  0.801113  0.269494  0.57398  0.00988973  503.634
1.02527  1.05422  0.814488  0.271227  0.576396  0.0102411  504.991
1.01549  1.01962  0.791577  0.274633  0.594973  0.010147  505.008
1.03652  0.997702  0.785374  0.267789  0.581136  0.0102383  504.802
1.05784  0.994799  0.803694  0.260805  0.60902  0.0101775  504.568
1.05784  0.994799  0.803694  0.260805  0.60902  0.0101775  504.568
1.05784  0.994799  0.803694  0.260805  0.60902  0.0101775  504.568
1.08997  0.998326  0.776841  0.25911  0.621274  0.0103474  504.908
1.05283  1.04344  0.801066  0.256646  0.623875  0.0101574  504.589
1.06606  1.0249  0.812024  0.250906  0.611971  0.0102267  504.401
1.09395  1.06233  0.827756  0.255207  0.595074  0.0102453  504.325
1.09907  1.04518  0.833082  0.256295  0.613501  0.0101349  504.149
1.09592  1.06335  0.814546  0.256847  0.601351  0.0101531  504.163
1.11357  1.06246  0.836254  0.253658  0.604772  0.0100723  503.69
1.12841  1.05669  0.839376  0.257425  0.594771  0.0100807  503.659
1.09351  1.01816  0.842374  0.256283  0.604577  0.00995883  503.413
1.09843  0.960707  0.823621  0.260626  0.595276  0.0100989  503.86
1.09843  0.960707  0.823621  0.260626  0.595276  0.0100989  503.86
1.09843  0.960707  0.823621  0.260626  0.595276  0.0100989  503.86
1.11184  0.953317  0.829617  0.26304  0.601063  0.0100479  503.709
1.0891  0.96871  0.796586  0.263394  0.610106  0.00992767  503.521
1.09926  0.996401  0.779037  0.251123  0.629942  0.00997443  503.452
1.04785  0.998141  0.778803  0.250887  0.625733  0.0099116  503.437
1.04785  0.998141  0.778803  0.250887  0.625733  0.0099116  503.437
1.07211  0.982526  0.775179  0.246908  0.638028  0.00992338  503.263
1.0991  0.991015  0.760905  0.247076  0.628088  0.00986094  502.776
1.07917  0.96978  0.777459  0.237301  0.610703  0.00994842  502.682
1.07442  0.996393  0.805736  0.23217  0.614026  0.00992674  502.483
1.023  1.01877  0.800794  0.225071  0.617441  0.00972747  501.54
1.023  1.01877  0.800794  0.225071  0.617441  0.00972747  501.54
0.995931  1.05921  0.821185  0.226174  0.611246  0.00965213  501.303
0.975898  1.03099  0.817691  0.225546  0.605763  0.00967319  501.397
0.941518  1.05038  0.805119  0.220175  0.607245  0.00973675  501.618
0.941518  1.05038  0.805119  0.220175  0.607245  0.00973675  501.618
0.919424  1.0546  0.801986  0.218595  0.602895  0.00979586  501.86
0.866884  1.03521  0.788127  0.206618  0.592283  0.00972155  500.78
0.87581  1.02189  0.797934  0.209573  0.617478  0.00989679  501.998
0.880019  1.00328  0.77431  0.20376  0.604555  0.0099726  501.777
0.896707  0.99518  0.756836  0.202008  0.590369  0.0099026  501.157
0.896403  0.987867  0.746773  0.197397  0.620889  0.00993248  501.212
0.889918  0.959219  0.743227  0.199589  0.64511  0.00998036  501.678
0.866335  0.970078  0.754593  0.198229  0.635818  0.00984621  501.046
0.858165  0.994308  0.745838  0.196369  0.629031  0.00986546  501.005
0.856574  0.980995  0.754665  0.19685  0.632511  0.00987828  501.111
0.850513  0.980097  0.752133  0.196695  0.645055  0.00995182  501.504
0.841108  0.95936  0.770762  0.195106  0.649885  0.00987488  501.075
0.849271  0.956497  0.776405  0.191149  0.636881  0.00995577  501.018
0.85371  0.94391  0.814402  0.191418  0.623789  0.0099826  501.007
0.85371  0.94391  0.814402  0.191418  0.623789  0.0099826  501.007
0.855757  0.934077  0.816978  0.190142  0.61899  0.0099543  500.718
0.843363  0.916071  0.817132  0.187459  0.634701  0.00994069  500.522
0.848833  0.912341  0.825159  0.184873  0.629804  0.00987329  499.957
0.859361  0.886442  0.847911  0.185702  0.635985  0.00977064  499.434
0.850556  0.888776  0.844295  0.180795  0.628011  0.00967824  498.509
0.84272  0.88121  0.864456  0.181547  0.612914  0.00962078  498.074
0.859166  0.897816  0.855124  0.183639  0.58338  0.00969199  498.43
0.844366  0.91742  0.853119  0.185428  0.598731  0.00974412  499.117
0.844366  0.91742  0.853119  0.185428  0.598731  0.00974412  499.117
0.84101  0.912071  0.853486  0.188195  0.56858  0.00963043  498.389
0.838759  0.934763  0.851321  0.189616  0.574314  0.00961921  498.597
0.841414  0.938687  0.840745  0.18662  0.575566  0.00968735  498.773
0.843256  0.931531  0.856455  0.187403  0.579019  0.0096524  498.636
0.848302  0.924568  0.853936  0.190038  0.576274  0.00951027  497.946
0.848686  0.921675  0.839211  0.185081  0.572407  0.00948934  497.376
0.856224  0.906501  0.84231  0.193414  0.575352  0.00948572  497.969
0.86452  0.918602  0.860538  0.195492  0.566717  0.00945172  497.808
0.87571  0.939391  0.851447  0.195189  0.57521  0.00938045  497.466
0.877328  0.947542  0.84422  0.19173  0.586518  0.00921105  496.08
0.875161  0.903673  0.824737  0.186971  0.574079  0.00918721  495.231
0.879675  0.919836  0.811143  0.186159  0.559022  0.00928044  495.789
0.850007  0.917381  0.82764  0.190218  0.565031  0.0093768  496.935
0.863427  0.936342  0.820063  0.193862  0.565776  0.00938406  497.328
0.841225  0.913047  0.792418  0.19281  0.549344  0.00929595  496.342
0.832861  0.877486  0.820776  0.197374  0.548527  0.00937155  497.062
0.824402  0.869606  0.815138  0.20262  0.547029  0.00936413  497.321
0.810783  0.883521  0.828286  0.206579  0.550954  0.00943424  498.192
0.81355  0.898463  0.812257  0.20375  0.568758  0.00949437  498.709
0.797089  0.905526  0.795079  0.201811  0.564823  0.00958727  499.138
0.778195  0.904384  0.79043  0.203119  0.569416  0.00948615  498.645
0.779167  0.920554  0.801583  0.208591  0.579543  0.0094379  498.866
0.779167  0.920554  0.801583  0.208591  0.579543  0.0094379  498.866
0.779167  0.920554  0.801583  0.208591  0.579543  0.0094379  498.866
0.776798  0.9235  0.800599  0.200915  0.574736  0.00925869  497.018
0.79367  0.895318  0.78898  0.207796  0.594206  0.0091827  496.955
0.810643  0.882071  0.795979  0.202861  0.58848  0.00910228  495.823
0.798222  0.856905  0.832316  0.198716  0.571971  0.00919101  495.964
0.799547  0.888702  0.854982  0.199421  0.544903  0.0091775  495.693
0.809415  0.92003  0.857372  0.198178  0.553461  0.00924204  496.378
0.819994  0.926794  0.855802  0.197897  0.558276  0.00929101  496.825
0.819994  0.926794  0.855802  0.197897  0.558276  0.00929101  496.825
0.84035  0.960196  0.872595  0.200492  0.586067  0.00919075  496.598
0.853018  1.0012  0.863507  0.202084  0.584278  0.00921351  496.97
0.853018  1.0012  0.863507  0.202084  0.584278  0.00921351  496.97
0.826326  1.01893  0.872171  0.201217  0.574346  0.00933144  497.756
0.797469  0.989441  0.876348  0.198012  0.583351  0.00942616  498.252
0.797469  0.989441  0.876348  0.198012  0.583351  0.00942616  498.252
0.806837  1.00521  0.89749  0.194785  0.607697  0.0093524  497.724
0.806837  1.00521  0.89749  0.194785  0.607697  0.0093524  497.724
0.795239  0.98116  0.917897  0.19631  0.605345  0.00931498  497.433
0.795239  0.98116  0.917897  0.19631  0.605345  0.00931498  497.433
0.792639  0.9688  0.936727  0.20257  0.599931  0.00944131  498.622
0.789434  0.971313  0.975878  0.203996  0.592684  0.00945086  498.569
0.789949  0.986959  0.980622  0.208367  0.573842  0.00965339  499.895
0.791498  0.947172  0.989832  0.214889  0.584314  0.00983379  501.175
0.777909  0.951741  0.98737  0.214424  0.577261  0.00990604  501.41
0.777909  0.951741  0.98737  0.214424  0.577261  0.00990604  501.41
0.777909  0.951741  0.98737  0.214424  0.577261  0.00990604  501.41
0.80416  0.937259  0.956402  0.216013  0.586989  0.00992468  501.772
0.791022  0.934486  0.976652  0.213978  0.594143  0.0100184  502.012
0.778087  0.913275  0.985786  0.217646  0.589975  0.00994821  501.779
0.749748  0.919023  1.00268  0.222537  0.593704  0.0100819  502.504
0.749748  0.919023  1.00268  0.222537  0.593704  0.0100819  502.504
0.755266  0.931423  1.0025  0.220162  0.59062  0.0100811  502.399
0.755874  0.95795  0.993854  0.22838  0.566823  0.010136  502.868
0.735668  0.928698  0.971316  0.228179  0.570324  0.0101792  502.998
0.73157  0.909746  0.965872  0.233495  0.56731  0.0100498  502.717
0.73157  0.909746  0.965872  0.233495  0.56731  0.0100498  502.717
0.721906  0.923943  0.983634  0.237551  0.56993  0.0101779  503.322
0.705406  0.899377  0.973221  0.239349  0.550566  0.0102466  503.246
0.671315  0.92517  0.964686  0.254413  0.56889  0.0101203  503.671
0.671315  0.92517  0.964686  0.254413  0.56889  0.0101203  503.671
0.673554  1.00332  0.942126  0.257855  0.558368  0.0100718  503.802
0.668132  0.997813  0.931001  0.258013  0.555543  0.0101391  503.998
0.67176  1.01401  0.92345  0.256402  0.558099  0.0100954  503.902
0.664255  1.00778  0.957326  0.257262  0.562609  0.010226  504.236
0.667134  1.01639  0.958122  0.261105  0.553544  0.010404  504.731
0.667134  1.01639  0.958122  0.261105  0.553544  0.010404  504.731
0.655333  0.990625  0.9665  0.269272  0.547258  0.0106209  505.15
0.647929  0.948234  0.97729  0.26568  0.5521  0.0104663  504.64
0.651361  0.914149  0.951571  0.264797  0.568013  0.0104813  504.845
0.63734  0.918988  0.94832  0.269929  0.562085  0.0106329  505.119
0.650997  0.918236  0.935796  0.271598  0.558275  0.0106  505.202
0.644721  0.898432  0.912151  0.270891  0.544905  0.010683  505.067
0.649137  0.892333  0.918835  0.270537  0.561944  0.0106108  505.165
0.645097  0.863542  0.938074  0.269962  0.567841  0.010657  505.051
0.636413  0.88541  0.953631  0.272233  0.588854  0.0107216  505.432
0.636799  0.909781  0.949785  0.265242  0.583641  0.0109401  505.473
0.62742  0.941161  0.943307  0.275117  0.583629  0.0110225  505.86
0.63994  0.972678  0.92525  0.272176  0.570537  0.0109514  505.849
0.666542  1.00804  0.934334  0.26559  0.558777  0.0109245  505.707
0.670354  1.01161  0.922207  0.269963  0.54761  0.0108458  505.704
0.656065  1.01854  0.933661  0.284841  0.534984  0.0107817  505.754
0.656065  1.01854  0.933661  0.284841  0.534984  0.0107817  505.754
0.670486  1.01376  0.903496  0.286759  0.541168  0.0107155  505.985
0.682313  0.956323  0.901939  0.287297  0.544265  0.0106296  505.864
0.685483  0.941857  0.889251  0.279697  0.544664  0.0106118  505.66
0.685483  0.941857  0.889251  0.279697  0.544664  0.0106118  505.66
0.684632  0.946783  0.862587  0.282306  0.549444  0.0106832  505.958
0.703619  0.966716  0.853325  0.279755  0.545605  0.0108075  506.124
0.703619  0.966716  0.853325  0.279755  0.545605  0.0108075  506.124
0.717251  0.967434  0.853561  0.281947  0.538475  0.010737  506.055
0.717251  0.967434  0.853561  0.281947  0.538475  0.010737  506.055
0.711234  0.920935  0.845332  0.286923  0.533304  0.0106686  505.857
0.728171  0.913343  0.851055  0.288872  0.526149  0.0106203  505.735
0.722822  0.918262  0.862123  0.290304  0.529832  0.0106812  505.895
0.7138  0.941312  0.85308  0.276054  0.53588  0.0106895  505.721
0.711936  0.919614  0.872661  0.272972  0.548541  0.0107225  505.739
0.721778  0.905339  0.881237  0.274824  0.54143  0.0106262  505.519
0.72487  0.907387  0.893087  0.27978  0.531397  0.0105226  505.322
0.737165  0.910173  0.878266  0.282143  0.537241  0.0104518  505.41
0.724349  0.908979  0.883832  0.28006  0.54809  0.0105083  505.574
0.73044  0.929404  0.906767  0.27821  0.563894  0.0105974  505.923
0.738351  0.927146  0.914277  0.273937  0.560753  0.0104483  505.488
0.738351  0.927146  0.914277  0.273937  0.560753  0.0104483  505.488
0.737151  0.935931  0.952005  0.273371  0.565197  0.0104924  505.52
0.737151  0.935931  0.952005  0.273371  0.565197  0.0104924  505.52
0.726642  0.916882  0.949731  0.271442  0.560912  0.0106074  505.521
0.698168  0.914252  0.938811  0.274292  0.546538  0.0106055  505.342
0.69004  0.89234  0.979571  0.269243  0.547573  0.0106852  505.04
0.69004  0.89234  0.979571  0.269243  0.547573  0.0106852  505.04
0.684654  0.855729  1.00752  0.27059  0.55839  0.0107459  504.956
0.684755  0.846088  1.0495  0.273931  0.569501  0.0106313  504.782
0.684755  0.846088  1.0495  0.273931  0.569501  0.0106313  504.782
0.684755  0.846088  1.0495  0.273931  0.569501  0.0106313  504.782
0.684755  0.846088  1.0495  0.273931  0.569501  0.0106313  504.782
0.6679  0.839388  1.02335  0.278944  0.566602  0.0106391  504.897
0.68136  0.864817  0.997449  0.276153  0.578124  0.0107898  505.474
0.688902  0.862841  0.993287  0.280746  0.565508  0.0106419  505.315
0.688902  0.862841  0.993287  0.280746  0.565508  0.0106419  505.315
0.711017  0.85593  0.946141  0.279678  0.560093  0.0105756  505.352
0.700391  0.861349  0.973799  0.290059  0.553069  0.0106699  505.534
0.732167  0.865964  0.981564  0.299351  0.548692  0.010617  505.686
0.733702  0.860794  0.954839  0.298867  0.549273  0.010639  505.797
0.739548  0.876376  0.936876  0.292253  0.531224  0.0106356  505.555
0.746742  0.857632  0.901963  0.287867  0.541332  0.010628  505.615
0.784535  0.855009  0.886832  0.274985  0.53906  0.0105064  505.125
0.778173  0.885211  0.865818  0.268525  0.540148  0.0103865  504.911
0.786443  0.899584  0.845035  0.276548  0.532231  0.0103974  505.149
0.780735  0.891803  0.865376  0.272307  0.545125  0.0105024  505.368
0.780735  0.891803  0.865376  0.272307  0.545125  0.0105024  505.368
0.781513  0.875749  0.856079  0.280824  0.550801  0.0105442  505.685
0.769574  0.874965  0.868833  0.277594  0.562975  0.01041  505.461
0.769816  0.885401  0.859022  0.277803  0.562282  0.0103048  505.276
0.722096  0.873569  0.858557  0.278026  0.570911  0.0103107  505.253
0.717575  0.871943  0.859124  0.280704  0.575997  0.0102264  505.127
0.717575  0.871943  0.859124  0.280704  0.575997  0.0102264  505.127
0.698788  0.912917  0.855068  0.272529  0.587659  0.0103104  505.401
0.696899  0.941845  0.87762  0.270322  0.58137  0.0102323  505.115
0.715346  0.946568  0.864641  0.269501  0.573941  0.0103851  505.508
0.706186  0.945521  0.890495  0.258988  0.549482  0.0105421  505.097
0.679514  0.919532  0.894826  0.260724  0.554866  0.010588  505.089
0.680057  0.91004  0.909776  0.2587  0.548654  0.0107503  505.076
0.680057  0.91004  0.909776  0.2587  0.548654  0.0107503  505.076
0.679338  0.932267  0.93113  0.25787  0.551553  0.0105925  504.899
0.679338  0.932267  0.93113  0.25787  0.551553  0.0105925  504.899
0.676836  0.942283  0.955688  0.264526  0.533754  0.0105864  504.788
0.687535  0.991342  0.971167  0.268475  0.526088  0.0107662  505.142
0.676414  1.00959  0.977437  0.267122  0.529179  0.0106723  505
0.677633  1.00856  0.970733  0.267631  0.527855  0.0108785  505.226
0.686171  1.0513  0.948684  0.263704  0.543359  0.01095  505.556
0.692703  1.05398  0.968701  0.261004  0.544692  0.0108745  505.4
0.710476  1.04542  0.955774  0.264028  0.546151  0.0110504  505.7
0.726106  1.04392  0.981279  0.27503  0.551246  0.0109736  506.016
0.7526  1.07207  0.994918  0.267909  0.573902  0.0109727  506.115
0.780601  1.06157  1.02576  0.27123  0.571882  0.0109065  506.04
0.780601  1.06157  1.02576  0.27123  0.571882  0.0109065  506.04
0.79881  1.05538  1.03657  0.270989  0.587708  0.0109235  506.166
0.788933  1.01528  1.02901  0.263826  0.582067  0.011006  505.912
0.785952  0.981464  1.01493  0.265863  0.571908  0.0110837  505.876
0.79773  1.00852  1.07006  0.271045  0.568123  0.0110033  505.747
0.79773  1.00852  1.07006  0.271045  0.568123  0.0110033  505.747
0.771629  1.03015  1.0355  0.283204  0.563024  0.0112383  506.203
0.777388  1.03146  1.01965  0.283684  0.575248  0.0112195  506.45
0.770655  1.02558  1.0492  0.285618  0.581081  0.011074  506.414
0.774  1.02311  1.04088  0.277034  0.577299  0.01115  506.2
0.757511  1.01505  1.02849  0.277508  0.56209  0.0111203  506.063
0.776773  1.0273  1.0579  0.273318  0.55781  0.0111415  505.784
0.810347  1.04366  1.07463  0.277363  0.549689  0.0111456  505.721
0.802769  1.06012  1.05651  0.271431  0.551458  0.0109275  505.649
0.810342  1.0652  1.05926  0.273552  0.550323  0.0109125  505.673
0.788498  1.08867  1.06313  0.276111  0.557898  0.0109409  505.846
0.798715  1.05141  1.05495  0.269891  0.57046  0.0107983  505.755
0.797034  1.04994  1.03807  0.274894  0.561461  0.0108418  505.908
0.761125  1.03369  1.04685  0.26656  0.552433  0.0107649  505.396
0.768638  1.04791  1.07499  0.265407  0.58431  0.0107045  505.552
0.772086  1.04341  1.0613  0.261385  0.586525  0.0107479  505.57
0.778866  1.06072  1.08125  0.257647  0.577362  0.010773  505.282
0.770814  1.06618  1.03968  0.262761  0.574552  0.0106095  505.434
0.770121  1.10159  1.04589  0.265196  0.594148  0.0104714  505.459
0.747417  1.0727  1.02478  0.265419  0.596531  0.0104849  505.583
0.727658  1.05144  1.0153  0.266327  0.593764  0.0106268  505.81
0.712645  1.04119  1.01135  0.264729  0.582192  0.0105571  505.496
0.712645  1.04119  1.01135  0.264729  0.582192  0.0105571  505.496
0.751447  1.03334  1.02723  0.265469  0.572367  0.010486  505.289
0.746939  1.05117  0.999341  0.2646  0.570846  0.010594  505.573
0.738631  1.05514  1.05781  0.263013  0.573372  0.0108413  505.54
0.7183  1.05441  1.05106  0.270365  0.554224  0.0108425  505.509
0.724908  1.09463  1.03323  0.270193  0.558879  0.0108066  505.662
0.720374  1.07812  1.02107  0.280092  0.549458  0.0109349  505.937
0.737732  1.07493  1.06549  0.288589  0.559556  0.0109276  506.088
0.758166  1.04474  1.1238  0.281737  0.580083  0.0110504  505.894
0.776025  1.05476  1.14017  0.283175  0.564762  0.01094  505.642
0.790161  1.04495  1.15766  0.287965  0.590445  0.0110101  505.961
0.787357  1.06373  1.15366  0.27059  0.604329  0.0111999  505.693
0.777809  1.08803  1.15994  0.274317  0.598379  0.0110986  505.716
0.775639  1.10387  1.15893  0.273765  0.620206  0.0111646  505.899
0.776719  1.0827  1.13548  0.275527  0.610437  0.0112945  505.971
0.784563  1.07702  1.14347  0.271229  0.610499  0.011255  505.821
0.81087  1.06275  1.11577  0.267595  0.626675  0.0111187  506.039
0.776726  1.06556  1.09424  0.264373  0.621639  0.0113084  505.972
0.783991  1.05498  1.06644  0.271885  0.589655  0.0115163  505.9
0.804992  1.00491  1.07495  0.275477  0.618834  0.0114325  506.238
0.785338  0.983291  1.08119  0.27092  0.626707  0.0113308  506.16
0.780595  1.00024  1.11001  0.275278  0.609899  0.0113021  506.024
0.805707  1.00799  1.11458  0.275855  0.623611  0.0114623  506.041
0.805707  1.00799  1.11458  0.275855  0.623611  0.0114623  506.041
0.811123  0.994022  1.13296  0.273057  0.6364  0.0113279  506.016
0.814516  1.01432  1.16927  0.27304  0.648767  0.0114389  505.831
0.803964  1.01478  1.1012  0.276053  0.632377  0.01132  506.302
0.78071  1.0195  1.10257  0.274407  0.613878  0.0111694  506.153
0.78071  1.0195  1.10257  0.274407  0.613878  0.0111694  506.153
0.772567  1.01138  1.09923  0.264845  0.615183  0.0112923  505.848
0.766428  1.0223  1.11965  0.264556  0.629571  0.0112911  505.846
0.772122  1.05496  1.14718  0.258006  0.63268  0.0111745  505.564
0.790975  1.02668  1.14483  0.262291  0.645132  0.0112424  505.773
0.787229  1.07726  1.13613  0.268465  0.642982  0.0113163  506.014
0.823311  1.0932  1.13006  0.268123  0.644489  0.0112233  506.087
0.84132  1.10686  1.14463  0.267728  0.660156  0.0114365  505.95
0.825263  1.11608  1.15876  0.27788  0.658625  0.0113929  506.183
0.837852  1.09526  1.17726  0.281723  0.640295  0.0115931  505.849
0.838702  1.08064  1.2258  0.289755  0.651372  0.0115327  505.844
0.833476  1.09109  1.18075  0.292601  0.652832  0.011681  506.055
0.839859  1.09858  1.18199  0.287774  0.665122  0.0118006  505.832
0.834494  1.05888  1.14055  0.283534  0.674011  0.0117897  506.054
0.834494  1.05888  1.14055  0.283534  0.674011  0.0117897  506.054
0.848966  1.0689  1.15043  0.288477  0.668005  0.0118982  505.886
0.830432  1.03458  1.15298  0.285469  0.685502  0.0117888  506.059
0.830432  1.03458  1.15298  0.285469  0.685502  0.0117888  506.059
0.818731  1.05615  1.14966  0.281914  0.68525  0.0118299  505.957
0.818731  1.05615  1.14966  0.281914  0.68525  0.0118299  505.957
0.787083  1.03524  1.13711  0.283959  0.697103  0.0117671  506.217
0.779602  0.99759  1.10049  0.284409  0.67945  0.0117131  506.385
0.789552  0.990712  1.07806  0.281208  0.652843  0.0116253  506.393
0.783519  0.951681  1.0926  0.284666  0.632226  0.0116938  506.064
0.783519  0.951681  1.0926  0.284666  0.632226  0.0116938  506.064
0.772955  0.971916  1.06905  0.283874  0.629283  0.011623  506.294
0.759407  0.989462  1.08213  0.276149  0.641854  0.0115758  506.197
0.759234  1.03608  1.09787  0.268102  0.632034  0.0114015  506.045
0.741759  1.03309  1.06524  0.267194  0.650359  0.0113555  506.323
0.746315  1.02474  1.07358  0.264902  0.627535  0.0113185  506.066
0.746315  1.02474  1.07358  0.264902  0.627535  0.0113185  506.066
0.74134  0.999281  1.06453  0.265427  0.616403  0.0113812  505.952
0.724832  1.00456  1.04637  0.267242  0.629746  0.0113675  506.19
0.722606  1.04008  1.04202  0.266723  0.634911  0.0113794  506.272
0.725518  1.02965  1.02341  0.267448  0.618255  0.0113855  506.247
0.699867  1.0605  1.03289  0.259596  0.61766  0.0114275  505.863
0.700862  1.05683  1.02808  0.26328  0.620932  0.0114472  506.019
0.707994  1.08788  1.04936  0.269219  0.617647  0.0113108  506.198
0.711909  1.06687  1.04628  0.274321  0.610516  0.0111969  506.344
0.708457  1.05359  1.03683  0.273346  0.634954  0.0112022  506.539
0.720029  1.07341  0.983712  0.286953  0.647791  0.0110924  507.278
0.722069  1.04134  0.986089  0.293379  0.647819  0.0111637  507.39
0.729209  1.03417  1.01288  0.279686  0.659915  0.0112195  507.026
0.711292  1.00456  1.0007  0.279894  0.657947  0.011099  506.993
0.710245  1.01991  1.00172  0.284436  0.650467  0.0110092  507.062
0.712007  1.03369  1.02457  0.288217  0.671111  0.0109686  507.173
0.719494  1.04441  1.03824  0.288091  0.71953  0.0108164  507.24
0.72648  1.06588  1.01255  0.298281  0.734284  0.0107419  507.584
0.731997  1.06681  1.01742  0.295568  0.730525  0.0108796  507.632
0.71815  1.1026  1.04343  0.303001  0.71827  0.0107691  507.495
0.719911  1.13664  1.04375  0.309567  0.716877  0.0107787  507.608
0.719911  1.13664  1.04375  0.309567  0.716877  0.0107787  507.608
0.683582  1.15376  1.04922  0.304685  0.717618  0.0108248  507.391
0.707793  1.15801  1.06158  0.306108  0.720166  0.0107074  507.335
0.71707  1.15316  1.07768  0.300711  0.687082  0.0106764  507.024
0.740241  1.17643  1.11115  0.311031  0.703452  0.0107494  507.202
0.736977  1.15088  1.06565  0.312091  0.699227  0.0108716  507.583
0.739309  1.1323  1.10593  0.31232  0.71621  0.0108008  507.381
0.729956  1.10017  1.14195  0.310978  0.731904  0.0106072  506.939
0.751836  1.13179  1.14617  0.316058  0.733461  0.0105415  506.926
0.744616  1.17103  1.10794  0.321971  0.72254  0.0105707  507.22
0.707249  1.18735  1.11043  0.325747  0.739137  0.0109518  507.566
0.700165  1.21898  1.12888  0.329402  0.754758  0.0110065  507.476
0.684789  1.25236  1.11619  0.32158  0.760191  0.0112055  507.339
0.684789  1.25236  1.11619  0.32158  0.760191  0.0112055  507.339
0.665067  1.27277  1.09632  0.313807  0.748759  0.0111504  507.19
0.669443  1.2436  1.06334  0.309158  0.778883  0.0110478  507.417
0.675451  1.21956  1.01635  0.299067  0.794368  0.0110838  507.558
0.680227  1.24754  1.02863  0.299333  0.799163  0.0112784  507.443
0.698403  1.23852  1.04869  0.297977  0.803758  0.0113801  507.356
0.709307  1.23618  1.05071  0.302499  0.781528  0.0111938  507.553
0.709307  1.23618  1.05071  0.302499  0.781528  0.0111938  507.553
0.698266  1.25057  1.07841  0.29854  0.79407  0.0110995  507.273
0.690127  1.25016  1.06651  0.28363  0.819707  0.0109043  506.915
0.709575  1.26471  1.06109  0.27787  0.802749  0.0108461  506.809
0.709575  1.26471  1.06109  0.27787  0.802749  0.0108461  506.809
0.696117  1.27473  1.05411  0.282921  0.803353  0.0108519  506.905
0.707704  1.29476  1.04151  0.278172  0.79751  0.0105181  506.423
0.70187  1.30032  1.05573  0.273777  0.770128  0.0105357  506.213
0.735989  1.32533  1.0501  0.264309  0.760348  0.010537  505.989
0.748918  1.35303  1.0309  0.250816  0.745058  0.0103786  505.222
0.731198  1.3567  1.06653  0.261767  0.746524  0.0103202  505.231
0.716997  1.35749  1.0777  0.256544  0.73216  0.0103158  504.912
0.726539  1.38007  1.07744  0.256538  0.727357  0.01022  504.593
0.719841  1.38013  1.11362  0.257076  0.713435  0.0102175  504.337
0.694984  1.44046  1.11863  0.255391  0.710453  0.0102337  503.987
0.698201  1.42424  1.14155  0.257755  0.733844  0.0103433  504.36
0.687696  1.42361  1.14984  0.262375  0.746194  0.0102527  504.208
0.679706  1.4346  1.16413  0.262925  0.75673  0.0104798  504.613
0.670114  1.42634  1.14884  0.267315  0.761554  0.0104853  504.846
0.669985  1.41488  1.12315  0.273485  0.757223  0.0105835  505.391
0.683324  1.40679  1.10738  0.262199  0.766329  0.0106543  505.357
0.653674  1.41586  1.08685  0.266026  0.776975  0.0106063  505.345
0.685908  1.4069  1.06563  0.262042  0.759321  0.0105389  505.411
0.693291  1.42123  1.09834  0.266224  0.786139  0.0104325  505.16
0.677965  1.44857  1.09393  0.261457  0.79249  0.0103645  504.714
0.677965  1.44857  1.09393  0.261457  0.79249  0.0103645  504.714
0.673217  1.43842  1.09317  0.265444  0.815527  0.010405  504.949
0.692851  1.42189  1.09797  0.265214  0.823625  0.010436  505.128
0.676922  1.41206  1.08903  0.265486  0.815562  0.0105722  505.41
0.693994  1.38833  1.06083  0.264798  0.786782  0.0106959  505.879
0.709955  1.3902  1.07532  0.259191  0.805451  0.0107157  505.699
0.709192  1.38686  1.1022  0.257134  0.816446  0.0105688  505.276
0.712547  1.42859  1.05799  0.26424  0.835717  0.0104771  505.441
0.698072  1.40488  1.08702  0.264792  0.825614  0.0104321  505.249
0.709011  1.3881  1.1059  0.267025  0.828954  0.0103389  505.09
0.718796  1.40998  1.10846  0.268543  0.82633  0.0103757  505.167
0.721359  1.43788  1.13303  0.26639  0.841377  0.0103028  504.666
0.721359  1.43788  1.13303  0.26639  0.841377  0.0103028  504.666
0.708179  1.36979  1.12191  0.260942  0.836033  0.0103296  504.831
0.700489  1.36319  1.13046  0.267793  0.828608  0.0101679  504.538
0.708097  1.36586  1.08698  0.267261  0.850258  0.0100568  504.397
0.702232  1.40557  1.06473  0.265965  0.841056  0.0100232  504.215
0.714897  1.40653  1.09131  0.269793  0.843254  0.00984728  503.49
0.714897  1.40653  1.09131  0.269793  0.843254  0.00984728  503.49
0.727119  1.39777  1.09602  0.270728  0.811817  0.0099086  503.852
0.728715  1.42014  1.06294  0.262611  0.811519  0.00985919  503.497
0.749999  1.40163  1.06974  0.258238  0.790562  0.00999299  503.989
0.791298  1.37271  1.06892  0.257518  0.790915  0.0100378  504.276
0.79153  1.36952  1.05966  0.263985  0.781794  0.0101507  504.934
0.79153  1.36952  1.05966  0.263985  0.781794  0.0101507  504.934
0.780968  1.38088  1.06857  0.260409  0.798594  0.0100595  504.424
0.791441  1.41925  1.04189  0.25939  0.796919  0.0101109  504.582
0.801759  1.45943  1.08026  0.255151  0.820853  0.0102101  504.392
0.820336  1.43476  1.0848  0.248679  0.840008  0.0103069  504.468
0.827399  1.43036  1.07087  0.24497  0.823918  0.0102832  504.364
0.824894  1.4133  1.04766  0.244973  0.829246  0.0102005  504.311
0.861201  1.3661  1.06504  0.24076  0.854331  0.0100307  503.559
0.875462  1.38933  1.03168  0.242722  0.850824  0.0100678  503.85
0.868463  1.37256  1.02851  0.249046  0.831981  0.0100724  504.224
0.856365  1.38974  1.05396  0.25534  0.830101  0.0101087  504.417
0.856365  1.38974  1.05396  0.25534  0.830101  0.0101087  504.417
0.831393  1.4091  1.09255  0.262889  0.806013  0.0103002  505.011
0.836002  1.35344  1.08867  0.259019  0.82652  0.0101912  504.767
0.83123  1.39961  1.0942  0.275503  0.827706  0.0103521  505.526
0.855465  1.42072  1.07746  0.277665  0.808609  0.0104409  505.784
0.875369  1.40819  1.06456  0.276869  0.8108  0.0104723  505.905
0.888579  1.40866  1.07772  0.28302  0.817368  0.0106061  506.19
0.888579  1.40866  1.07772  0.28302  0.817368  0.0106061  506.19
0.881616  1.37673  1.092  0.28535  0.792747  0.010536  506.179
0.871543  1.33579  1.09  0.278359  0.786358  0.0105847  506.243
0.850475  1.33977  1.12101  0.284978  0.782346  0.0107517  506.468
0.849751  1.33791  1.09873  0.285181  0.781416  0.0106795  506.527
0.858866  1.34734  1.0934  0.289562  0.773585  0.0106569  506.581
0.876433  1.33005  1.06957  0.279758  0.788094  0.0104918  506.238
0.896443  1.3037  1.02213  0.285066  0.80225  0.0106565  506.907
0.853013  1.31911  1.00403  0.27982  0.838398  0.0106999  506.943
0.863928  1.29467  1.00185  0.276938  0.816696  0.0107625  507.011
0.874355  1.21957  0.963367  0.284186  0.831878  0.0107058  507.421
0.874355  1.21957  0.963367  0.284186  0.831878  0.0107058  507.421
0.893489  1.19421  0.961397  0.282667  0.800723  0.0108017  507.503
0.904527  1.15391  0.948095  0.279844  0.798357  0.0108448  507.533
0.908475  1.15779  0.929046  0.281503  0.798087  0.010984  507.703
0.910867  1.18806  0.93064  0.284061  0.778206  0.0110114  507.722
0.910867  1.18806  0.93064  0.284061  0.778206  0.0110114  507.722
0.900225  1.17317  0.884359  0.288523  0.794353  0.0109399  507.981
0.916201  1.15585  0.874659  0.2855  0.778677  0.0109925  507.919
0.916201  1.15585  0.874659  0.2855  0.778677  0.0109925  507.919
0.93527  1.15352  0.871057  0.288949  0.790891  0.0110856  507.972
0.914218  1.13744  0.883793  0.291993  0.776067  0.0111129  508.083
0.919608  1.14398  0.874601  0.301021  0.756844  0.0110194  508.231
0.919034  1.11578  0.881307  0.297515  0.734842  0.0110201  508.123
0.896611  1.10431  0.895228  0.295321  0.742395  0.0108287  508.026
0.8866  1.09136  0.868278  0.29579  0.73842  0.0108147  508.099
0.881645  1.11023  0.856751  0.316641  0.712308  0.0107524  508.365
0.897359  1.08965  0.850892  0.327236  0.731059  0.0108386  508.611
0.933114  1.09447  0.841182  0.323318  0.742281  0.0107381  508.401
0.950134  1.09704  0.861467  0.318133  0.747632  0.0107776  508.292
0.947768  1.10878  0.874042  0.312821  0.739166  0.0106198  507.988
0.962602  1.10701  0.839483  0.314393  0.722118  0.0105847  507.917
0.963843  1.11697  0.892393  0.305281  0.720632  0.0103243  507.127
0.963843  1.11697  0.892393  0.305281  0.720632  0.0103243  507.127
0.956972  1.08989  0.891814  0.297045  0.730233  0.0102845  506.923
0.965325  1.05236  0.882348  0.294183  0.751157  0.0102495  506.783
0.936794  1.03973  0.853169  0.300869  0.743409  0.0102854  507.147
0.927716  1.02518  0.852678  0.299824  0.71582  0.0101932  506.806
0.897954  1.01408  0.866264  0.291769  0.718969  0.0102095  506.747
0.903636  1.00456  0.870469  0.290479  0.737127  0.0103667  507.146
0.901681  1.00158  0.86639  0.290466  0.74785  0.010408  507.269
0.901681  1.00158  0.86639  0.290466  0.74785  0.010408  507.269
0.897886  0.999684  0.872097  0.293895  0.761752  0.0105019  507.551
0.903736  0.980456  0.90164  0.297456  0.750917  0.0106295  507.694
0.91031  0.959116  0.89248  0.300431  0.743221  0.0106324  507.692
0.920292  0.950092  0.89157  0.303391  0.747015  0.0105766  507.615
0.933556  0.929174  0.888733  0.305703  0.736595  0.0105162  507.426
0.939278  0.954784  0.892089  0.305248  0.735468  0.0106817  507.728
0.93375  0.975413  0.920458  0.31042  0.76309  0.0105572  507.677
0.93375  0.975413  0.920458  0.31042  0.76309  0.0105572  507.677
0.90791  0.99078  0.880375  0.32016  0.762017  0.0104109  507.759
0.942994  1.03024  0.892176  0.315633  0.730246  0.0105465  507.828
0.947073  1.06411  0.905565  0.316653  0.739639  0.0106297  507.979
0.944851  1.04677  0.899563  0.320551  0.729684  0.0106642  508.07
0.951091  1.03699  0.895907  0.324392  0.736866  0.0108014  508.267
0.932202  1.03377  0.869734  0.314016  0.716103  0.010846  508.221
0.954148  0.997084  0.858789  0.307476  0.720155  0.0108504  508.016
0.954148  0.997084  0.858789  0.307476  0.720155  0.0108504  508.016
0.97022  0.987173  0.848864  0.303513  0.717176  0.010708  507.733
0.974146  0.960758  0.870044  0.301673  0.718641  0.0105575  507.371
0.946702  0.951567  0.860992  0.308534  0.703503  0.0105139  507.46
0.946702  0.951567  0.860992  0.308534  0.703503  0.0105139  507.46
0.94068  0.935163  0.849725  0.30989  0.712401  0.0105067  507.485
0.958539  0.919449  0.856717  0.30921  0.724367  0.010564  507.478
0.969476  0.913877  0.828549  0.304274  0.740153  0.0105832  507.432
0.987563  0.912509  0.826265  0.31479  0.738422  0.0106634  507.641
1.00053  0.892773  0.826353  0.321358  0.717594  0.0108203  507.708
0.975764  0.92019  0.814691  0.316162  0.719262  0.0106895  507.733
0.936593  0.913421  0.796458  0.312261  0.733049  0.0106501  507.781
0.929779  0.915738  0.823867  0.31408  0.726752  0.0107816  507.969
0.948888  0.901753  0.800609  0.313138  0.717478  0.0108081  507.837
0.948888  0.901753  0.800609  0.313138  0.717478  0.0108081  507.837
0.942644  0.88846  0.802522  0.311301  0.703647  0.0108056  507.72
0.933814  0.884086  0.827491  0.315233  0.698883  0.0108859  507.822
0.965285  0.908886  0.825716  0.317776  0.704559  0.010818  507.832
0.982404  0.939557  0.816395  0.303932  0.709269  0.0108009  507.661
0.984487  0.942846  0.853341  0.304735  0.731842  0.0108078  507.712
0.984487  0.942846  0.853341  0.304735  0.731842  0.0108078  507.712
0.984487  0.942846  0.853341  0.304735  0.731842  0.0108078  507.712
0.950313  0.925213  0.855402  0.292621  0.742385  0.0108899  507.629
0.927048  0.858471  0.826124  0.284585  0.739079  0.010944  507.268
0.937122  0.842891  0.842783  0.280934  0.742617  0.0108685  506.998
0.917643  0.824296  0.868856  0.276964  0.727799  0.0107242  506.628
0.938485  0.822715  0.858945  0.282089  0.736886  0.0107291  506.727
0.949296  0.806493  0.846767  0.283957  0.764271  0.0108423  506.786
0.934069  0.815348  0.862415  0.279853  0.775631  0.0108838  506.82
0.91889  0.813037  0.878941  0.283976  0.77943  0.0109143  506.942
0.882827  0.821676  0.876769  0.284076  0.770362  0.0108418  507.052
0.89222  0.83107  0.897591  0.281931  0.776394  0.0107084  506.869
0.871501  0.816272  0.869805  0.283755  0.764169  0.01065  506.831
0.871501  0.816272  0.869805  0.283755  0.764169  0.01065  506.831
0.858339  0.824709  0.868608  0.283807  0.783823  0.0105263  506.741
0.880696  0.823298  0.879982  0.286826  0.781676  0.0105492  506.775
0.891778  0.833357  0.874346  0.282523  0.778775  0.0104559  506.551
0.879786  0.830605  0.898517  0.282414  0.785398  0.0103803  506.341
0.891387  0.861355  0.864947  0.270981  0.786751  0.0103938  506.306
0.900278  0.843703  0.905468  0.26781  0.790334  0.0103667  505.931
0.888255  0.86369  0.923983  0.268444  0.749847  0.0102504  505.703
0.91459  0.889646  0.905761  0.26218  0.738357  0.0102487  505.6
0.91459  0.889646  0.905761  0.26218  0.738357  0.0102487  505.6
0.923646  0.90975  0.93146  0.263002  0.754341  0.0103843  505.988
0.937132  0.948782  0.933709  0.259796  0.737517  0.010362  505.891
0.934094  0.93324  0.906964  0.263048  0.747271  0.0104613  506.275
0.915124  0.940867  0.892581  0.261934  0.716414  0.0103854  506.123
0.916961  0.964379  0.911731  0.259127  0.719504  0.0103109  505.873
0.90257  0.946924  0.946888  0.265218  0.736915  0.0101944  505.664
0.897629  0.945957  0.953205  0.264444  0.715866  0.0101083  505.295
0.902605  0.959421  0.932673  0.268244  0.747834  0.0100475  505.374
0.893861  0.926226  0.906964  0.272906  0.768787  0.00986395  504.785
0.902803  0.934459  0.916263  0.285465  0.759967  0.00985734  505.048
0.896946  0.900025  0.926479  0.292312  0.761666  0.00981199  504.842
0.896946  0.900025  0.926479  0.292312  0.761666  0.00981199  504.842
0.908026  0.925227  0.928914  0.29761  0.742802  0.00977633  504.815
0.909277  0.919992  0.949973  0.299619  0.727973  0.00973524  504.519
0.895955  0.9219  0.938782  0.299147  0.719105  0.00974395  504.612
0.895955  0.9219  0.938782  0.299147  0.719105  0.00974395  504.612
0.872246  0.932638  0.935805  0.297768  0.741423  0.00983039  505.163
0.854154  0.946186  0.958063  0.294326  0.769643  0.00985352  505.241
0.851608  0.953531  0.973334  0.30436  0.752  0.00979039  505.083
0.849193  0.967936  0.968411  0.297003  0.756421  0.00990088  505.519
0.844214  0.958817  0.936284  0.287707  0.731519  0.0098237  505.023
0.864512  0.986502  0.931858  0.28567  0.731926  0.00992818  505.493
0.882919  0.990867  0.966496  0.280699  0.75995  0.0100348  505.693
0.875915  0.995047  0.957712  0.28059  0.767341  0.0101249  506.072
0.873216  0.962544  0.984715  0.278641  0.749968  0.0101467  505.89
0.873216  0.962544  0.984715  0.278641  0.749968  0.0101467  505.89
0.876243  0.989807  0.971794  0.278747  0.734092  0.0100725  505.723
0.851824  0.983861  0.968547  0.284385  0.758211  0.0101202  506.116
0.855484  0.975234  0.969876  0.28402  0.756868  0.0103152  506.648
0.875739  1.01267  0.980789  0.284809  0.768611  0.0102807  506.586
0.916285  1.00296  0.972782  0.286715  0.76788  0.010359  506.743
0.920737  1.01104  0.997086  0.290503  0.764707  0.0103541  506.711
0.942678  1.04531  0.990219  0.29926  0.759913  0.0104853  507.174
0.942678  1.04531  0.990219  0.29926  0.759913  0.0104853  507.174
0.951385  1.07462  0.976561  0.307109  0.744214  0.0104948  507.357
0.951385  1.07462  0.976561  0.307109  0.744214  0.0104948  507.357
0.951385  1.07462  0.976561  0.307109  0.744214  0.0104948  507.357
0.942277  1.08855  0.968445  0.311864  0.727576  0.0106318  507.695
0.939715  1.09532  0.924931  0.307681  0.729553  0.0107099  507.897
0.962998  1.05177  0.912638  0.316461  0.737666  0.0108579  508.129
0.978827  1.03536  0.938652  0.308301  0.74278  0.0108401  507.835
0.989544  1.03094  0.978129  0.305916  0.752705  0.0107286  507.508
0.958994  1.0321  0.972202  0.297142  0.736822  0.0106972  507.425
0.910862  1.07399  0.988733  0.29797  0.723733  0.0107593  507.605
0.908498  1.06508  1.01121  0.30093  0.733349  0.0106709  507.486
0.934797  1.05774  1.02308  0.292449  0.710264  0.0107231  507.171
0.934797  1.05774  1.02308  0.292449  0.710264  0.0107231  507.171
0.921611  1.03477  1.03865  0.29054  0.713177  0.0107291  507.09
0.93276  1.0626  1.05221  0.292848  0.692413  0.010735  506.99
0.915061  1.0716  1.02541  0.29081  0.703799  0.0107194  507.168
0.905748  1.04928  1.01577  0.298787  0.723633  0.0108322  507.563
0.874193  1.05026  0.989579  0.290712  0.713057  0.0108932  507.601
0.874193  1.05026  0.989579  0.290712  0.713057  0.0108932  507.601
0.882626  1.03555  0.990031  0.286718  0.717992  0.0108943  507.492
0.872848  1.05096  1.00557  0.283828  0.739028  0.0110188  507.5
0.860196  1.04513  1.01758  0.281204  0.739583  0.0110924  507.41
0.833472  1.01575  0.994984  0.282073  0.752245  0.0112117  507.545
0.848098  0.99964  1.00093  0.282213  0.777654  0.0112473  507.496
0.835009  0.995648  0.979523  0.275889  0.771371  0.0112911  507.41
0.818388  1.01591  0.994273  0.279667  0.773109  0.0112153  507.525
0.826185  1.02958  1.01298  0.278752  0.784012  0.0111167  507.452
0.842211  1.02938  0.983812  0.278876  0.759647  0.0109874  507.524
0.824097  1.01644  0.985973  0.285518  0.738447  0.0109289  507.616
0.831015  1.01991  1.01612  0.289887  0.719116  0.0107486  507.39
0.831015  1.01991  1.01612  0.289887  0.719116  0.0107486  507.39
0.821987  1.04482  1.0195  0.2836  0.720308  0.0106934  507.207
0.828829  1.06299  1.00467  0.28164  0.721795  0.0105218  506.981
0.821778  1.03136  1.04119  0.281036  0.733028  0.0104321  506.62
0.812563  1.04027  1.03768  0.281731  0.739411  0.010402  506.619
0.809455  1.04432  1.04569  0.28858  0.735048  0.0104656  506.871
0.813053  1.04886  1.02383  0.28388  0.72185  0.0104286  506.762
0.805602  1.06817  1.02328  0.288016  0.733752  0.0104106  506.87
0.805728  1.07618  1.01988  0.285075  0.717525  0.010367  506.679
0.805728  1.07618  1.01988  0.285075  0.717525  0.010367  506.679
0.820825  1.09826  1.03444  0.283539  0.735414  0.0102369  506.277
0.820825  1.09826  1.03444  0.283539  0.735414  0.0102369  506.277
0.837479  1.09215  1.01753  0.279316  0.755288  0.0102824  506.403
0.813317  1.0629  1.01986  0.28072  0.736845  0.0102397  506.282
0.806052  1.04559  1.00206  0.288901  0.764817  0.0102309  506.57
0.806089  1.07199  0.990318  0.291021  0.734787  0.0102765  506.763
0.805954  1.08665  0.967374  0.306966  0.759024  0.0101473  506.835
0.797866  1.07868  0.952472  0.308963  0.755284  0.0101153  506.813
0.816463  1.07138  0.927564  0.303294  0.749476  0.0100849  506.679
0.816463  1.07138  0.927564  0.303294  0.749476  0.0100849  506.679
0.83221  1.09149  0.958421  0.290729  0.744523  0.0101264  506.446
0.818652  1.12427  0.957138  0.296187  0.737143  0.0101197  506.535
0.820764  1.15397  0.948265  0.299341  0.734187  0.0102939  507.124
0.809955  1.15943  0.922599  0.291955  0.75523  0.0103281  507.187
0.78546  1.15174  0.921286  0.289101  0.760626  0.0102926  507.05
0.800353  1.12246  0.886345  0.292935  0.773415  0.010177  506.93
0.789232  1.12069  0.91831  0.293078  0.769106  0.0100954  506.575
0.811439  1.10381  0.945089  0.295966  0.758638  0.0101102  506.589
0.800479  1.06025  0.939001  0.287081  0.771803  0.0102137  506.749
0.790728  1.11215  0.934892  0.286061  0.785986  0.010273  506.928
0.802587  1.08109  0.929714  0.289287  0.801516  0.0102689  507.01
0.790945  1.10535  0.915789  0.291084  0.773801  0.0103715  507.344
0.802725  1.12408  0.950223  0.291514  0.752569  0.0101861  506.71
0.801802  1.1219  0.949937  0.29045  0.752987  0.0102252  506.806
0.784453  1.13007  0.959634  0.284913  0.747774  0.0102762  506.77
0.818363  1.12694  0.970936  0.293852  0.762679  0.0103338  507.099
0.818202  1.12428  0.961866  0.292438  0.766101  0.010404  507.275
0.830471  1.14973  0.939111  0.296452  0.771848  0.0104191  507.456
0.856975  1.14642  0.95592  0.299056  0.766079  0.0104027  507.375
0.871627  1.15414  0.976976  0.297475  0.768462  0.010396  507.217
0.874442  1.16197  0.970169  0.29499  0.761468  0.0104673  507.325
0.879282  1.19481  0.964696  0.296145  0.75694  0.0103851  507.139
0.87389  1.20593  0.985053  0.297849  0.738146  0.0102822  506.795
0.878375  1.22112  0.976759  0.292078  0.736088  0.0104148  506.995
0.88568  1.20581  0.96362  0.291594  0.748851  0.0103938  507.024
0.904737  1.1748  1.00267  0.294182  0.792465  0.0103837  506.929
0.913565  1.14317  0.992493  0.293541  0.791561  0.0104169  507.038
0.919155  1.10397  0.992682  0.294014  0.813833  0.0105239  507.256
0.919155  1.10397  0.992682  0.294014  0.813833  0.0105239  507.256
0.919155  1.10397  0.992682  0.294014  0.813833  0.0105239  507.256
0.919546  1.0934  0.944828  0.280993  0.815656  0.0106009  507.271
0.94055  1.08733  0.935937  0.281975  0.812206  0.0106931  507.386
0.911315  1.09977  0.927196  0.291434  0.813182  0.010836  507.872
0.917957  1.12003  0.914876  0.300678  0.827192  0.0107041  507.936
0.900548  1.12532  0.875192  0.31071  0.815763  0.0105585  508.057
0.912773  1.17886  0.862821  0.314826  0.805977  0.0105837  508.113
0.902564  1.13928  0.855508  0.317289  0.79586  0.0104906  508.064
0.885464  1.20113  0.815672  0.322395  0.795893  0.0104826  508.138
0.885464  1.20113  0.815672  0.322395  0.795893  0.0104826  508.138
0.881587  1.1792  0.782288  0.313847  0.811385  0.0105773  508.218
0.908484  1.16107  0.79003  0.314268  0.782885  0.0106827  508.329
0.907193  1.1469  0.802051  0.327609  0.750412  0.0106642  508.469
0.943978  1.15996  0.814031  0.321122  0.744868  0.0107898  508.386
0.959158  1.17105  0.791783  0.321929  0.75754  0.0108604  508.412
0.968407  1.16018  0.789078  0.302735  0.763717  0.010765  508.008
0.959685  1.14345  0.806797  0.306392  0.776718  0.0107566  508.126
0.970719  1.13332  0.784432  0.30549  0.772091  0.0108266  508.131
0.976773  1.13878  0.800151  0.308401  0.763269  0.0110619  508.259
1.01047  1.10685  0.804875  0.309762  0.771365  0.0109007  508.096
0.984283  1.10179  0.784451  0.311133  0.771986  0.0107627  508.121
0.963313  1.1306  0.817828  0.307072  0.770946  0.0107457  508.111
0.963313  1.1306  0.817828  0.307072  0.770946  0.0107457  508.111
0.98463  1.08826  0.801852  0.302612  0.776349  0.0107502  507.966
0.974481  1.13486  0.805587  0.304323  0.795916  0.0108682  508.141
1.01252  1.14794  0.809156  0.314299  0.786838  0.011063  508.209
1.01479  1.15738  0.804812  0.30718  0.799089  0.0108902  508.014
1.00778  1.14377  0.818896  0.301492  0.800013  0.0110295  508.009
1.00724  1.14199  0.829801  0.302422  0.81528  0.0110514  508.023
0.967492  1.14201  0.828652  0.306955  0.810246  0.0111251  508.281
0.980761  1.14787  0.820538  0.30238  0.802267  0.0111008  508.149
0.987675  1.14386  0.827024  0.305158  0.800283  0.0110881  508.168
0.983715  1.15822  0.850802  0.308548  0.798174  0.0113023  508.16
0.961274  1.12856  0.84835  0.31748  0.81165  0.0110554  508.453
0.960425  1.09096  0.865044  0.317421  0.835339  0.0108803  508.347
0.953525  1.06789  0.876603  0.323912  0.863665  0.0107932  508.324
0.936126  1.06621  0.861742  0.324765  0.873884  0.0108428  508.446
0.93247  0.991694  0.876876  0.331577  0.856873  0.0108987  508.482
0.907024  0.942918  0.903744  0.341213  0.866456  0.0110428  508.505
0.882676  0.965039  0.899687  0.34009  0.880832  0.0111168  508.61
0.86241  0.99155  0.897484  0.346842  0.871759  0.0109672  508.769
0.863727  0.971229  0.912481  0.344935  0.851668  0.0108955  508.661
0.83201  0.948398  0.908913  0.346457  0.85023  0.0109114  508.673
0.841016  0.927257  0.924607  0.34922  0.864455  0.0110786  508.599
0.841016  0.927257  0.924607  0.34922  0.864455  0.0110786  508.599
0.815068  0.915925  0.950665  0.349089  0.878138  0.0111556  508.46
0.807723  0.886365  0.932993  0.339402  0.867719  0.0111257  508.332
0.789661  0.896449  0.939166  0.329744  0.867094  0.0111703  508.252
0.783485  0.896364  0.925985  0.334757  0.86939  0.0113701  508.264
0.776179  0.91465  0.906628  0.328808  0.895607  0.01143  508.227
0.782846  0.887315  0.888959  0.342723  0.871889  0.0112539  508.456
0.769172  0.878789  0.877316  0.342206  0.863137  0.0113119  508.415
0.775156  0.921433  0.892187  0.347962  0.869456  0.011383  508.573
0.778225  0.917801  0.863164  0.34663  0.874057  0.0112647  508.665
0.772836  0.899482  0.839214  0.344284  0.86113  0.0113299  508.592
0.757787  0.907519  0.829155  0.343698  0.87891  0.011101  508.64
0.771812  0.897879  0.816766  0.335528  0.874015  0.0111673  508.551
0.754271  0.930323  0.800935  0.338363  0.847325  0.0113531  508.67
0.759476  0.937734  0.807091  0.330153  0.864545  0.0111906  508.653
0.73764  0.94339  0.795309  0.327034  0.871061  0.0114155  508.476
0.758571  0.948545  0.798934  0.327333  0.888452  0.0115331  508.392
0.771035  0.982468  0.778945  0.324716  0.90606  0.0115604  508.385
0.771752  1.01993  0.782101  0.330091  0.929523  0.011636  508.367
0.771583  1.01042  0.788708  0.327617  0.909638  0.011597  508.432
0.783883  0.994355  0.80295  0.323432  0.931272  0.0115823  508.311
0.780827  0.964336  0.79723  0.322235  0.930075  0.0116053  508.2
0.771418  0.974554  0.809511  0.310725  0.931682  0.0116247  508.019
0.771418  0.974554  0.809511  0.310725  0.931682  0.0116247  508.019
0.744108  0.969297  0.807066  0.311958  0.912424  0.0116707  507.988
0.742197  0.952085  0.796075  0.323238  0.906643  0.0115647  508.243
0.744027  0.964917  0.757335  0.329438  0.914492  0.0114558  508.414
0.721172  0.982709  0.754321  0.330969  0.913527  0.0115171  508.364
0.724242  0.998673  0.766201  0.331988  0.910396  0.0115599  508.399
0.727906  0.997771  0.752491  0.329103  0.902065  0.011632  508.294
0.746351  0.997172  0.771113  0.335974  0.92415  0.0114834  508.529
0.74453  0.983412  0.771236  0.336024  0.92968  0.0113938  508.552
0.741592  1.01198  0.74025  0.341241  0.949026  0.0115522  508.401
0.741592  1.01198  0.74025  0.341241  0.949026  0.0115522  508.401
0.755572  1.01189  0.741663  0.352173  0.952197  0.0114  508.642
0.752986  1.0015  0.746092  0.354798  0.934742  0.0114426  508.675
0.762553  1.00903  0.744153  0.355197  0.967996  0.0113294  508.657
0.762553  1.00903  0.744153  0.355197  0.967996  0.0113294  508.657
0.724522  1.00736  0.763536  0.348601  0.933474  0.0113992  508.643
0.719684  1.04453  0.752863  0.359023  0.908816  0.0111989  508.907
0.721478  1.04055  0.753963  0.355  0.936943  0.0110432  508.8
0.728946  1.02638  0.740114  0.366418  0.922505  0.0112783  508.862
0.696829  1.0501  0.733765  0.361791  0.913332  0.0113957  508.707
0.680271  1.05086  0.726096  0.349856  0.909035  0.0113557  508.576
0.693622  1.03977  0.747034  0.344843  0.943053  0.011473  508.436
0.687305  1.04546  0.729389  0.332698  0.955361  0.0113406  508.309
0.680463  1.05627  0.716479  0.338415  0.935546  0.0111338  508.446
0.687976  1.03651  0.709768  0.341742  0.944246  0.0113431  508.375
0.698587  1.02295  0.698683  0.341134  0.934028  0.0111949  508.45
0.711705  1.02975  0.713147  0.337892  0.928143  0.0112804  508.518
0.704335  1.05798  0.694457  0.329515  0.95646  0.0113299  508.239
0.690526  1.0717  0.708343  0.342202  0.959096  0.011381  508.336
0.678286  1.0432  0.713699  0.340136  0.952918  0.0115559  508.129
0.68126  1.06007  0.696887  0.343348  0.956887  0.0115507  508.118
0.692244  1.07654  0.700367  0.342626  0.96281  0.0114854  508.224
0.677388  1.07277  0.707273  0.3606  0.976449  0.0116036  508.135
0.673263  1.0912  0.714644  0.361089  0.982763  0.0115919  508.135
0.676642  1.12115  0.688426  0.36482  0.99791  0.0114631  508.135
0.702505  1.15243  0.688364  0.368691  0.979064  0.0115388  508.255
0.696888  1.12606  0.679069  0.366871  0.941183  0.0112563  508.542
0.685889  1.13872  0.670738  0.357717  0.930884  0.0113669  508.376
0.668059  1.12948  0.666891  0.354727  0.905442  0.011434  508.281
0.661199  1.09163  0.671331  0.355093  0.903672  0.011452  508.266
0.661199  1.09163  0.671331  0.355093  0.903672  0.011452  508.266
0.661199  1.09163  0.671331  0.355093  0.903672  0.011452  508.266
0.663778  1.05718  0.665066  0.352355  0.883474  0.0114143  508.292
0.670813  1.04812  0.678812  0.352248  0.889119  0.0113229  508.439
0.670813  1.04812  0.678812  0.352248  0.889119  0.0113229  508.439
0.669159  1.04955  0.671811  0.344513  0.837063  0.0113427  508.415
0.658437  1.06854  0.678806  0.34314  0.84018  0.0114233  508.333
0.668871  1.07757  0.670824  0.348112  0.818073  0.0113762  508.451
0.690825  1.0643  0.67731  0.355762  0.812815  0.0112761  508.694
0.710937  1.04605  0.68031  0.348836  0.819544  0.0114806  508.582
0.710937  1.04605  0.68031  0.348836  0.819544  0.0114806  508.582
0.72459  1.06175  0.702794  0.35147  0.82295  0.0114821  508.747
0.730891  1.06594  0.67494  0.345275  0.830054  0.0112754  508.727
0.720811  1.07495  0.696193  0.34753  0.81918  0.01138  508.771
0.72449  1.03634  0.714261  0.348209  0.844324  0.0113353  508.825
0.723171  1.03731  0.721727  0.353537  0.851645  0.0112593  508.91
0.717279  1.0353  0.74733  0.352121  0.825908  0.0111848  508.99
0.717963  1.03172  0.742789  0.341338  0.803157  0.0111491  508.905
0.717963  1.03172  0.742789  0.341338  0.803157  0.0111491  508.905
0.706975  1.06161  0.751243  0.350515  0.785222  0.0111419  508.988
0.715464  1.05919  0.727003  0.350677  0.797965  0.0109081  508.91
0.718856  1.03503  0.729526  0.352131  0.785926  0.0109912  508.949
0.703515  1.02068  0.733235  0.361852  0.76353  0.0110426  508.945
0.690309  1.0168  0.717621  0.3611  0.760467  0.0109882  508.822
0.713381  1.00007  0.708994  0.356414  0.768528  0.0109309  508.809
0.7002  0.978047  0.710161  0.350501  0.76747  0.0110734  508.72
0.697723  1.00476  0.72235  0.346456  0.755587  0.0110641  508.756
0.691342  0.978494  0.727726  0.33215  0.7643  0.011027  508.555
0.683356  0.955201  0.760197  0.340721  0.771966  0.01095  508.591
0.707443  0.936528  0.754264  0.342247  0.76509  0.0110717  508.661
0.725906  0.937559  0.735958  0.347797  0.739027  0.0110636  508.69
0.731416  0.949824  0.730557  0.350295  0.738266  0.0109979  508.734
0.707537  0.929735  0.749546  0.34678  0.763203  0.010932  508.624
0.705962  0.947845  0.768032  0.344058  0.768974  0.0109903  508.714
0.719407  0.957426  0.752053  0.332736  0.787513  0.0111267  508.686
0.733343  0.979155  0.742271  0.335228  0.789934  0.0110499  508.785
0.742929  0.975848  0.770956  0.326853  0.804644  0.0112228  508.736
0.75418  0.983656  0.782266  0.331131  0.81888  0.011327  508.786
0.759217  1.02077  0.814401  0.338425  0.820232  0.0112803  508.963
0.759459  1.01177  0.819468  0.334383  0.810994  0.0111631  508.943
0.779798  0.999429  0.809955  0.332889  0.79468  0.0109991  508.916
0.760286  1.00483  0.808005  0.333957  0.806585  0.0109901  508.916
0.781077  1.01954  0.819346  0.326775  0.772682  0.0108954  508.816
0.80101  1.027  0.818755  0.326648  0.769715  0.0110963  508.893
0.786642  1.02016  0.811131  0.322884  0.731216  0.0110464  508.764
0.784008  0.996882  0.79341  0.319966  0.712547  0.0109349  508.594
0.785165  0.994317  0.784664  0.311092  0.686981  0.0110396  508.391
0.777835  0.997126  0.785802  0.315586  0.694776  0.0110086  508.488
0.803206  1.02367  0.795551  0.32602  0.715602  0.011207  508.765
0.813357  1.02252  0.807899  0.341369  0.711597  0.01133  508.866
0.792  1.00713  0.836789  0.3345  0.750736  0.0113612  508.834
0.790246  0.990368  0.8397  0.328147  0.772586  0.0114565  508.684
0.81684  0.987477  0.82013  0.322715  0.780489  0.0113745  508.691
0.79856  0.978166  0.788207  0.327285  0.774394  0.0113026  508.772
0.783793  0.978095  0.795877  0.334335  0.797866  0.0113654  508.827
0.798234  0.967289  0.775595  0.33916  0.771764  0.011351  508.839
0.821513  0.97088  0.807556  0.332812  0.765338  0.0113179  508.796
0.812579  0.964606  0.797924  0.330876  0.768844  0.0114648  508.666
0.804842  0.947881  0.793171  0.336694  0.771576  0.011454  508.693
0.791841  0.979347  0.801919  0.34149  0.770213  0.0114468  508.831
0.791841  0.979347  0.801919  0.34149  0.770213  0.0114468  508.831
0.791841  0.979347  0.801919  0.34149  0.770213  0.0114468  508.831
0.791581  0.955885  0.785719  0.332735  0.765356  0.0115672  508.556
0.81229  0.969872  0.815583  0.321049  0.754852  0.0113568  508.614
0.826942  0.968174  0.779739  0.317945  0.740438  0.0114374  508.472
0.826942  0.968174  0.779739  0.317945  0.740438  0.0114374  508.472
0.823022  0.960759  0.783515  0.30999  0.737324  0.0114307  508.332
0.83089  0.964228  0.813508  0.30681  0.724464  0.0112125  508.366
0.854405  0.976337  0.768868  0.311043  0.725893  0.0111393  508.442
0.859124  0.956513  0.770315  0.329259  0.714993  0.0110624  508.602
0.855529  0.952399  0.772178  0.327882  0.717899  0.0111726  508.589
0.880234  0.990222  0.747492  0.332556  0.728199  0.0111681  508.69
0.874069  0.990032  0.786312  0.336981  0.726864  0.0113057  508.746
0.881978  1.00865  0.783469  0.33067  0.714309  0.0114102  508.595
0.877678  0.997873  0.755296  0.324401  0.71137  0.0115214  508.373
0.853024  1.00035  0.746103  0.321911  0.721794  0.0114366  508.482
0.85161  0.99481  0.733345  0.317088  0.72787  0.0114916  508.348
0.860901  0.981952  0.708493  0.322485  0.726525  0.0115424  508.255
0.846083  0.973599  0.694251  0.308044  0.73278  0.0114629  508.077
0.851751  0.974666  0.664429  0.296554  0.732781  0.0116296  507.541
0.834787  0.992068  0.681096  0.289793  0.742896  0.0116222  507.576
0.834787  0.992068  0.681096  0.289793  0.742896  0.0116222  507.576
0.834567  0.99199  0.693404  0.288883  0.753341  0.0114591  507.797
0.819123  1.00589  0.712372  0.292872  0.752712  0.0113133  508.091
0.830979  0.999428  0.702454  0.296117  0.725398  0.0112026  508.086
0.818906  1.01211  0.717953  0.300318  0.71283  0.0111774  508.22
0.821159  1.01263  0.715541  0.307159  0.734693  0.0111219  508.402
0.838911  1.00895  0.698333  0.31073  0.733412  0.011185  508.37
0.819578  0.988257  0.686796  0.311055  0.743365  0.0112541  508.306
0.819578  0.988257  0.686796  0.311055  0.743365  0.0112541  508.306
0.819127  1.01257  0.689349  0.310211  0.723756  0.0111444  508.328
0.788714  1.01689  0.694519  0.312952  0.739516  0.011144  508.443
0.783223  0.996729  0.688339  0.311885  0.753976  0.011153  508.388
0.79404  0.977035  0.679329  0.314748  0.750602  0.0111747  508.343
0.79404  0.977035  0.679329  0.314748  0.750602  0.0111747  508.343
0.785854  0.979363  0.681012  0.307861  0.75183  0.0111698  508.246
0.785086  1.00209  0.678539  0.309925  0.723329  0.0113464  508.188
0.78268  1.04925  0.69314  0.298612  0.706069  0.011493  507.948
0.803454  1.06872  0.68539  0.306793  0.711623  0.0115998  507.991
0.799151  1.06815  0.683622  0.305844  0.713699  0.0116368  507.929
0.790245  1.07378  0.700478  0.306379  0.708453  0.0116121  508.023
0.755623  1.05557  0.713975  0.315314  0.712499  0.0115313  508.275
0.758744  1.06595  0.709805  0.312393  0.714657  0.0112902  508.412
0.760968  1.04629  0.698299  0.317452  0.698756  0.0110646  508.416
0.77382  1.03161  0.706521  0.324005  0.703487  0.0111253  508.555
0.774858  1.00093  0.710242  0.315944  0.715076  0.0113821  508.356
0.77213  0.974607  0.72217  0.30876  0.712838  0.0113412  508.238
0.771391  0.986588  0.719986  0.313625  0.714421  0.0111622  508.406
0.798314  0.959197  0.749173  0.315714  0.741842  0.0111751  508.519
0.798321  0.960329  0.719686  0.306721  0.730245  0.0112408  508.266
0.777089  0.966733  0.715966  0.310898  0.743156  0.011016  508.371
0.756791  0.956099  0.691849  0.30985  0.732744  0.0110406  508.197
0.752551  0.955659  0.671481  0.307836  0.730416  0.0110923  508.06
0.741003  0.940132  0.674612  0.312921  0.73588  0.0111615  508.1
0.74092  0.940625  0.683801  0.314465  0.727482  0.0111777  508.147
0.735391  0.979488  0.680188  0.303506  0.730518  0.0110186  508.046
0.76116  0.993032  0.666751  0.305721  0.716346  0.0108728  507.985
0.755794  1.00132  0.666888  0.310581  0.713176  0.0107866  507.998
0.757976  1.00546  0.663522  0.299831  0.734145  0.0106801  507.74
0.733171  1.0417  0.662465  0.298575  0.730369  0.0105212  507.46
0.739448  1.07749  0.674573  0.303641  0.740851  0.0105071  507.659
0.734493  1.11001  0.657928  0.303366  0.753179  0.0104839  507.533
0.729188  1.07614  0.671281  0.315265  0.751729  0.0104671  507.753
0.730245  1.08166  0.661328  0.323521  0.739068  0.0105683  507.98
0.739689  1.04805  0.650337  0.312421  0.750923  0.0105672  507.775
0.727248  1.02544  0.660656  0.325776  0.738111  0.0105545  507.926
0.71256  0.993635  0.661792  0.332718  0.718141  0.010481  507.732
0.697735  1.00081  0.655631  0.336314  0.73152  0.0105143  507.794
0.714675  1.00735  0.675548  0.341992  0.734454  0.0105583  508.116
0.702478  1.00174  0.668955  0.342376  0.754482  0.0107169  508.296
0.684421  1.01563  0.648094  0.337522  0.750279  0.0106907  508.037
0.667886  1.02037  0.650918  0.329702  0.752372  0.0107579  507.975
0.687296  1.04632  0.650298  0.325808  0.783834  0.0106157  507.906
0.678815  1.05885  0.659769  0.330012  0.792133  0.0107397  508.148
0.650181  1.0779  0.643328  0.331706  0.796083  0.0106022  507.735
0.65797  1.07056  0.647509  0.328689  0.818857  0.0104867  507.568
0.658467  1.05385  0.63834  0.326735  0.828811  0.0105217  507.532
0.662465  1.05848  0.620365  0.317772  0.861957  0.0106149  507.412
0.701618  1.07519  0.615989  0.320194  0.838582  0.0106166  507.639
0.713295  1.06783  0.614852  0.311346  0.827485  0.0108106  507.771
0.712812  1.09682  0.61348  0.3068  0.839753  0.0109902  507.786
0.694146  1.11031  0.590463  0.319618  0.839401  0.0110326  507.712
0.683698  1.14046  0.580665  0.336095  0.827042  0.0109616  507.739
0.686125  1.16258  0.59731  0.331083  0.811406  0.0107988  507.753
0.700284  1.13615  0.613563  0.353726  0.805523  0.0106705  508.049
0.737716  1.15172  0.613488  0.360666  0.785133  0.0106093  508.104
0.732693  1.19759  0.638778  0.352402  0.763354  0.0105323  508.041
0.73855  1.19348  0.644767  0.347542  0.766855  0.0104343  507.878
0.749314  1.19114  0.633378  0.345197  0.741698  0.0105661  508.012
0.73744  1.1712  0.609263  0.344609  0.742559  0.0105535  507.792
0.745498  1.17867  0.600334  0.349987  0.767163  0.0107159  508.03
0.776974  1.16838  0.602086  0.356639  0.805344  0.010606  508.016
0.763722  1.14834  0.589258  0.358717  0.810456  0.0107028  508.037
0.767374  1.16569  0.583404  0.350387  0.805577  0.0106777  507.878
0.807756  1.16613  0.601698  0.344328  0.811402  0.0107321  508.093
0.815217  1.16239  0.6132  0.33204  0.821966  0.0106771  508.005
0.811752  1.14352  0.606046  0.317947  0.827337  0.0108042  507.911
0.801651  1.13986  0.602253  0.322462  0.815777  0.011041  508.077
0.840883  1.13906  0.60868  0.326643  0.800611  0.0111403  508.176
0.832305  1.17803  0.623314  0.323493  0.7991  0.0112624  508.207
0.807071  1.19345  0.618724  0.329842  0.77164  0.011121  508.259
0.810028  1.1919  0.617012  0.324231  0.769697  0.0111282  508.175
0.803008  1.15882  0.599075  0.314939  0.80599  0.0108906  507.867
0.801701  1.157  0.599623  0.317106  0.808792  0.010906  507.915
0.823094  1.17726  0.613406  0.320694  0.796925  0.0110056  508.108
0.844728  1.18959  0.605856  0.322162  0.777294  0.0110674  508.028
0.838552  1.18565  0.590476  0.319884  0.767724  0.0111457  507.853
0.835798  1.1603  0.587857  0.318901  0.742272  0.0110806  507.803
0.857476  1.18182  0.582509  0.316206  0.760673  0.0111012  507.687
0.867798  1.18903  0.588742  0.317816  0.740679  0.0110621  507.713
0.873131  1.20341  0.581557  0.315194  0.749847  0.0109222  507.537
0.860536  1.21808  0.581207  0.326318  0.765021  0.0110616  507.755
0.890192  1.22968  0.57734  0.325048  0.727137  0.0110886  507.547
0.870152  1.2511  0.564004  0.326282  0.721215  0.0109925  507.371
0.83533  1.24565  0.575324  0.327526  0.697079  0.0107698  507.356
0.84239  1.22493  0.570921  0.332205  0.682928  0.0106542  507.194
0.82813  1.2297  0.571326  0.342946  0.697271  0.0107692  507.51
0.850259  1.21049  0.578081  0.341538  0.706461  0.0108485  507.685
0.8441  1.16621  0.585006  0.338527  0.707746  0.0107342  507.697
0.841014  1.14075  0.585218  0.331264  0.692876  0.0108405  507.69
0.837379  1.1595  0.59517  0.3251  0.673027  0.0109167  507.666
0.834875  1.1637  0.603321  0.323799  0.675307  0.0110687  507.789
0.834875  1.1637  0.603321  0.323799  0.675307  0.0110687  507.789
0.808247  1.17402  0.597293  0.318601  0.685383  0.0110156  507.704
0.795891  1.17971  0.60969  0.314701  0.677163  0.0108909  507.663
0.795891  1.17971  0.60969  0.314701  0.677163  0.0108909  507.663
0.805146  1.18767  0.61935  0.323381  0.692717  0.0109288  507.951
0.805061  1.19778  0.607614  0.331563  0.706297  0.0109214  507.984
0.810878  1.18444  0.605355  0.348809  0.675762  0.01098  508.041
0.793981  1.16502  0.591713  0.350963  0.689373  0.0107883  507.888
0.80343  1.13593  0.609518  0.360325  0.692321  0.0109951  508.284
0.80343  1.13593  0.609518  0.360325  0.692321  0.0109951  508.284
0.814198  1.11479  0.617113  0.345169  0.713765  0.0110072  508.33
0.842107  1.11331  0.610086  0.351333  0.717992  0.0110697  508.321
0.845048  1.09461  0.627648  0.34471  0.719821  0.010955  508.385
0.84538  1.07607  0.628869  0.331776  0.736834  0.0109736  508.313
0.843059  1.10313  0.63061  0.32953  0.72074  0.0111331  508.293
0.858427  1.10862  0.645822  0.328412  0.718369  0.0110076  508.343
0.876817  1.12485  0.660378  0.32639  0.697092  0.0111249  508.311
0.887772  1.06321  0.668933  0.329889  0.712018  0.0109843  508.401
0.887772  1.06321  0.668933  0.329889  0.712018  0.0109843  508.401
0.878936  1.05737  0.675839  0.331249  0.718336  0.0108569  508.42
0.901268  1.04546  0.689072  0.325558  0.712274  0.0109403  508.381
0.886849  1.03391  0.68573  0.321756  0.701224  0.0108911  508.274
0.914035  1.05178  0.678874  0.331347  0.719663  0.0109329  508.393
0.941824  1.08103  0.710138  0.324459  0.716216  0.0109257  508.351
0.952631  1.08914  0.713351  0.315798  0.700457  0.0109801  508.175
0.97932  1.10026  0.69454  0.335159  0.721983  0.0108811  508.27
0.971627  1.12623  0.687867  0.340536  0.739409  0.0110141  508.426
0.988513  1.13807  0.69126  0.338368  0.74643  0.0109859  508.349
0.991309  1.11785  0.702484  0.338035  0.774042  0.0110846  508.445
0.998853  1.14234  0.70965  0.330168  0.733127  0.0109197  508.225
0.995542  1.14104  0.699412  0.327917  0.714429  0.0110011  508.159
0.994666  1.12729  0.695114  0.326718  0.723553  0.0110954  508.183
0.979989  1.12837  0.702781  0.332917  0.739483  0.0112942  508.344
0.973592  1.10637  0.692626  0.324788  0.746569  0.0114174  508.179
0.95888  1.06285  0.683219  0.317219  0.749595  0.0112686  508.171
0.943305  1.05037  0.680972  0.316282  0.761716  0.0110979  508.243
0.920151  1.06352  0.66689  0.316225  0.762663  0.0110123  508.244
0.935776  1.05155  0.644239  0.319786  0.755857  0.0110318  508.094
0.948351  1.01664  0.645932  0.325471  0.721473  0.0112235  508.015
0.97167  0.991806  0.648786  0.328687  0.732752  0.0111503  507.983
0.957018  1.05224  0.642313  0.337786  0.75539  0.0110853  508.229
0.946713  1.04811  0.628242  0.328176  0.747272  0.0111762  508.037
0.945885  1.07676  0.616406  0.327123  0.729868  0.0110819  507.917
0.950342  1.06909  0.603673  0.337568  0.726582  0.0111683  507.889
0.953807  1.11111  0.607216  0.344481  0.713672  0.0111251  507.947
0.947595  1.16577  0.593353  0.351096  0.718496  0.0111536  507.871
0.93941  1.16502  0.612894  0.350372  0.736071  0.0108646  508.04
0.925418  1.21692  0.626372  0.358356  0.742154  0.0108144  508.157
0.901186  1.2174  0.638154  0.36134  0.75253  0.0109021  508.414
0.905297  1.23405  0.672999  0.369494  0.740895  0.0110493  508.66
0.895523  1.21176  0.651549  0.358712  0.764085  0.0111293  508.589
0.89752  1.21544  0.655109  0.347479  0.776077  0.0109345  508.489
0.891615  1.21096  0.653238  0.343533  0.796721  0.0109276  508.472
0.891615  1.21096  0.653238  0.343533  0.796721  0.0109276  508.472
0.895871  1.18631  0.648827  0.346384  0.78766  0.0108686  508.455
0.881196  1.17833  0.629114  0.335129  0.785638  0.0108919  508.269
0.882845  1.16348  0.653931  0.341369  0.791545  0.0108508  508.488
0.882845  1.16348  0.653931  0.341369  0.791545  0.0108508  508.488
0.86202  1.16472  0.660105  0.348582  0.769035  0.0107934  508.565
0.886789  1.08744  0.65097  0.352128  0.760074  0.0107979  508.511
0.886789  1.08744  0.65097  0.352128  0.760074  0.0107979  508.511
0.886789  1.08744  0.65097  0.352128  0.760074  0.0107979  508.511
0.884815  1.09449  0.64403  0.366811  0.784962  0.0106617  508.43
0.878423  1.1033  0.653675  0.36712  0.782751  0.0106289  508.461
0.860451  1.11297  0.676955  0.367269  0.785902  0.0104455  508.304
0.853613  1.12203  0.674311  0.359747  0.786031  0.0104443  508.257
0.834487  1.14232  0.66755  0.356197  0.79354  0.0107039  508.639
0.823901  1.11497  0.68324  0.353212  0.785758  0.0104027  508.204
0.827925  1.09442  0.700713  0.347723  0.806796  0.010347  508.107
0.806513  1.07927  0.721706  0.343549  0.796931  0.0104543  508.389
0.81089  1.05754  0.735168  0.347635  0.793672  0.0104474  508.431
0.803469  1.04978  0.730244  0.335994  0.794105  0.0105367  508.478
0.803469  1.04978  0.730244  0.335994  0.794105  0.0105367  508.478
0.81869  1.07385  0.736246  0.333718  0.810699  0.0104931  508.398
0.81869  1.07385  0.736246  0.333718  0.810699  0.0104931  508.398
0.804169  1.07361  0.75402  0.329722  0.80223  0.0104934  508.394
0.802071  1.06712  0.773242  0.327953  0.796935  0.0105612  508.514
0.809777  1.05884  0.752125  0.325459  0.798266  0.0105748  508.473
0.812187  1.03142  0.754378  0.316233  0.806953  0.0106643  508.453
0.813994  1.02299  0.742876  0.326676  0.792613  0.0106683  508.568
0.812149  1.03982  0.741064  0.320402  0.793981  0.0106999  508.543
0.825293  1.07297  0.753067  0.331882  0.801892  0.0108059  508.838
0.809161  1.05629  0.719115  0.34228  0.822169  0.0108883  508.92
0.81466  1.02597  0.712366  0.354656  0.807682  0.0108741  508.96
0.859462  1.03043  0.689596  0.349125  0.821346  0.0106715  508.587
0.871717  1.05259  0.689183  0.346537  0.805454  0.0105267  508.348
0.880111  1.0233  0.689065  0.345698  0.810934  0.0107013  508.55
0.87572  1.02363  0.65883  0.345541  0.787315  0.0107306  508.437
0.86502  1.00702  0.663353  0.345631  0.815873  0.0107072  508.43
0.893274  1.0272  0.666223  0.335013  0.812942  0.010717  508.329
0.863534  1.01114  0.673679  0.3398  0.80515  0.0106648  508.393
0.847353  1.01353  0.679474  0.345906  0.79956  0.0106067  508.424
0.83856  1.02748  0.688457  0.342816  0.807883  0.0106843  508.577
0.8434  1.0018  0.694462  0.344679  0.811993  0.0107509  508.647
0.869703  1.01552  0.726147  0.346769  0.836051  0.0106401  508.6
0.880257  1.03298  0.730497  0.348755  0.843628  0.0108016  508.806
0.879295  0.990471  0.727383  0.346547  0.860707  0.0109792  508.798
0.879034  0.994984  0.727022  0.344248  0.841376  0.0110329  508.831
0.894237  1.00123  0.716379  0.338936  0.806363  0.0110491  508.756
0.914308  0.987716  0.736655  0.334939  0.836597  0.0110457  508.668
0.902259  0.996133  0.751641  0.333231  0.844198  0.0109868  508.705
0.901109  1.01379  0.757021  0.335276  0.842239  0.0111063  508.795
0.901109  1.01379  0.757021  0.335276  0.842239  0.0111063  508.795
0.887376  1.0013  0.771689  0.329001  0.836702  0.0108947  508.695
0.865194  1.00032  0.785674  0.321605  0.801161  0.010984  508.718
0.862344  1.02818  0.765325  0.32483  0.795657  0.0110218  508.805
0.857429  1.03015  0.771779  0.322586  0.81285  0.0110464  508.796
0.852632  1.03789  0.771659  0.32946  0.820761  0.0110376  508.893
0.866007  1.02425  0.747862  0.32606  0.817364  0.0112559  508.764
0.876242  1.06106  0.753683  0.324622  0.834367  0.0112567  508.76
0.86909  1.05115  0.757799  0.323841  0.826009  0.0113838  508.704
0.866764  1.04239  0.742583  0.325828  0.804956  0.011537  508.578
0.840518  1.03866  0.763527  0.330125  0.774125  0.0116025  508.618
0.848925  0.997618  0.738137  0.335653  0.803953  0.0116302  508.54
0.856441  0.975363  0.724075  0.333361  0.828362  0.0115934  508.452
0.87573  0.972932  0.709823  0.338326  0.824364  0.0115082  508.512
0.865041  0.99913  0.697854  0.330466  0.836542  0.0115089  508.451
0.856899  1.00387  0.699009  0.338473  0.812541  0.011617  508.465
0.872677  1.00977  0.709562  0.334632  0.826795  0.0116866  508.349
0.872677  1.00977  0.709562  0.334632  0.826795  0.0116866  508.349
0.863016  1.03469  0.744533  0.324144  0.849005  0.0118183  508.153
0.827724  1.03385  0.760016  0.324389  0.819202  0.0116814  508.457
0.831604  1.03427  0.742027  0.321128  0.805311  0.0116886  508.376
0.824039  1.02043  0.713026  0.314117  0.804838  0.0117628  508.081
0.824039  1.02043  0.713026  0.314117  0.804838  0.0117628  508.081
0.832604  1.06403  0.699701  0.30702  0.81396  0.0118512  507.813
0.832604  1.06403  0.699701  0.30702  0.81396  0.0118512  507.813
0.832604  1.06403  0.699701  0.30702  0.81396  0.0118512  507.813
0.792934  1.06208  0.71623  0.308642  0.814159  0.0117376  508.089
0.771268  1.04469  0.724872  0.305149  0.799554  0.0117143  508.063
0.813924  1.05928  0.751054  0.297183  0.789269  0.0119022  507.694
0.808089  1.0594  0.743656  0.299848  0.783522  0.0119009  507.734
0.812725  1.05372  0.744223  0.309752  0.760477  0.0118799  507.921
0.812771  1.06724  0.745927  0.311841  0.767739  0.011791  508.122
0.812771  1.06724  0.745927  0.311841  0.767739  0.011791  508.122
0.827734  1.10195  0.723454  0.311861  0.785613  0.0116081  508.334
0.827734  1.10195  0.723454  0.311861  0.785613  0.0116081  508.334
0.84688  1.13462  0.701798  0.315013  0.781353  0.0117216  508.133
0.832795  1.11798  0.685298  0.311712  0.778116  0.0115764  508.218
0.845507  1.13494  0.704066  0.316746  0.809423  0.0117663  508.108
0.880297  1.12037  0.710588  0.314883  0.793811  0.0117404  508.087
0.869299  1.11732  0.728136  0.328859  0.767939  0.0118613  508.146
0.861332  1.13435  0.744736  0.323409  0.809498  0.0119162  508.042
0.861332  1.13435  0.744736  0.323409  0.809498  0.0119162  508.042
0.864232  1.12568  0.753439  0.334509  0.807854  0.0119295  508.165
0.870826  1.10823  0.751689  0.322458  0.779845  0.0118886  508.077
0.868494  1.15821  0.747327  0.325247  0.778328  0.0120887  507.698
0.848738  1.15743  0.723402  0.324985  0.804964  0.0119308  507.99
0.835792  1.13903  0.716069  0.329403  0.792504  0.0115058  508.647
0.840874  1.11594  0.736891  0.334501  0.81446  0.0115405  508.727
0.843851  1.12121  0.755194  0.327086  0.824636  0.0116359  508.557
0.837471  1.15845  0.72713  0.324119  0.802663  0.0116074  508.489
0.821003  1.15603  0.731206  0.324066  0.769381  0.0114623  508.648
0.847779  1.19109  0.759771  0.322375  0.761056  0.011337  508.694
0.873091  1.17841  0.77782  0.32604  0.745249  0.0113233  508.715
0.904496  1.18088  0.764785  0.325983  0.749241  0.0113971  508.586
0.906657  1.16646  0.758223  0.325041  0.751677  0.0112509  508.658
0.933415  1.13953  0.755745  0.330267  0.74548  0.0113328  508.61
0.94201  1.12251  0.758405  0.33253  0.720585  0.0112906  508.581
0.950258  1.11226  0.755995  0.324257  0.710386  0.0114148  508.345
0.941631  1.09057  0.750192  0.314189  0.713102  0.0113628  508.269
0.941631  1.09057  0.750192  0.314189  0.713102  0.0113628  508.269
0.946115  1.12316  0.752017  0.318908  0.727832  0.0113869  508.35
0.9454  1.13476  0.734775  0.313622  0.735996  0.0113522  508.276
0.922417  1.15054  0.717388  0.315942  0.738291  0.0111837  508.402
0.891291  1.12814  0.715842  0.323321  0.734223  0.0110824  508.597
0.891291  1.12814  0.715842  0.323321  0.734223  0.0110824  508.597
0.911029  1.15487  0.710615  0.323646  0.718793  0.0111084  508.475
0.92623  1.16065  0.724848  0.308312  0.736142  0.0111772  508.278
0.921458  1.14456  0.733264  0.311168  0.727648  0.0112046  508.349
0.912519  1.13187  0.729555  0.316705  0.747085  0.0111315  508.513
0.917466  1.17059  0.733764  0.318301  0.749581  0.01122  508.491
0.924379  1.20308  0.719125  0.317616  0.737154  0.0111869  508.363
0.902392  1.22127  0.700425  0.311564  0.754448  0.0112172  508.268
0.916908  1.25779  0.693377  0.313841  0.77102  0.0114161  508.083
0.924307  1.20092  0.679802  0.319388  0.770707  0.0116656  507.927
0.911041  1.22139  0.670993  0.31432  0.75693  0.0117074  507.743
0.916064  1.20402  0.662938  0.314413  0.738865  0.0117211  507.662
0.90493  1.16725  0.677162  0.320675  0.743319  0.0116972  507.949
0.938291  1.13449  0.674663  0.322256  0.736699  0.0116723  507.901
0.955893  1.14273  0.662505  0.324662  0.715511  0.0114333  507.995
0.956533  1.20336  0.671104  0.319741  0.715056  0.0114559  507.888
0.957064  1.2427  0.709877  0.323607  0.713623  0.0117596  507.675
0.932262  1.24225  0.707095  0.325912  0.704812  0.0118393  507.628
0.915483  1.24847  0.683243  0.314309  0.711303  0.0119441  507.249
0.912496  1.26228  0.66296  0.321618  0.707938  0.012083  506.946
0.939134  1.27341  0.65823  0.312733  0.699325  0.0119042  506.993
0.910883  1.29797  0.689176  0.315205  0.69372  0.0119121  507.182
0.91963  1.3468  0.709628  0.317387  0.694504  0.0117015  507.468
0.91963  1.3468  0.709628  0.317387  0.694504  0.0117015  507.468
0.91963  1.3468  0.709628  0.317387  0.694504  0.0117015  507.468
0.931118  1.3537  0.72627  0.315331  0.678349  0.0117388  507.306
0.918117  1.36594  0.7379  0.323682  0.688179  0.0115792  507.704
0.920846  1.36534  0.766929  0.321873  0.713936  0.0117304  507.626
0.914854  1.3832  0.789287  0.325033  0.725585  0.011589  507.859
0.927811  1.3297  0.794519  0.317334  0.723009  0.0116403  507.813
0.909162  1.31676  0.791129  0.311439  0.70862  0.0116414  507.768
0.892706  1.30124  0.817338  0.318295  0.72564  0.0115152  508.146
0.893784  1.28122  0.811587  0.311919  0.72035  0.0115501  508.048
0.940116  1.27545  0.804634  0.308662  0.704878  0.0115524  507.82
0.939365  1.26186  0.787391  0.309147  0.720549  0.011583  507.877
0.91412  1.2851  0.792313  0.300367  0.708437  0.0115305  507.766
0.896744  1.3043  0.788043  0.311514  0.717341  0.0115937  507.92
0.877107  1.34178  0.749942  0.322715  0.729466  0.0115359  508.082
0.877273  1.34167  0.756588  0.331404  0.743135  0.0114551  508.306
0.862944  1.31194  0.769483  0.337252  0.738562  0.0115087  508.438
0.861898  1.32747  0.770003  0.338891  0.722508  0.0113116  508.519
0.851551  1.30775  0.788434  0.343201  0.697169  0.0112956  508.565
0.825665  1.30976  0.791039  0.344359  0.701034  0.0112795  508.621
0.841686  1.27089  0.826641  0.362224  0.697562  0.0112301  508.823
0.832629  1.24776  0.848887  0.355822  0.69042  0.0112183  508.793
0.817882  1.2209  0.822739  0.351639  0.689016  0.0112999  508.816
0.807672  1.20451  0.805731  0.352974  0.690847  0.0112622  508.888
0.786337  1.20445  0.810627  0.357426  0.709586  0.0111979  509.005
0.790499  1.21872  0.820471  0.365661  0.712934  0.0112425  509.024
0.820199  1.21612  0.798766  0.372767  0.723395  0.0110258  509.103
0.820199  1.21612  0.798766  0.372767  0.723395  0.0110258  509.103
0.814535  1.24422  0.792002  0.382851  0.715193  0.0110145  509.057
0.83257  1.22493  0.798409  0.383585  0.734821  0.0112137  509.137
0.829967  1.2294  0.799524  0.392875  0.737405  0.0112821  509.128
0.819082  1.24721  0.799078  0.396787  0.720012  0.0111634  509.093
0.818671  1.22695  0.788919  0.397347  0.738415  0.0111765  509.175
0.856983  1.24914  0.794339  0.402268  0.734746  0.0112857  509.051
0.862025  1.25383  0.770786  0.416797  0.73313  0.0113021  508.992
0.833443  1.30418  0.779461  0.420995  0.725272  0.0111798  508.93
0.804634  1.24896  0.786297  0.425013  0.724821  0.0111143  509.073
0.79787  1.26625  0.795517  0.439327  0.73391  0.0110764  509.009
0.783194  1.2403  0.81401  0.423203  0.731035  0.0109817  509.083
0.800703  1.20727  0.820228  0.432151  0.730748  0.0110411  509.13
0.814253  1.21872  0.831918  0.425845  0.725783  0.0108598  509.025
0.810158  1.22312  0.843295  0.414585  0.740096  0.010762  508.983
0.827647  1.22377  0.853995  0.422759  0.725823  0.0106006  508.7
0.827647  1.22377  0.853995  0.422759  0.725823  0.0106006  508.7
0.827647  1.22377  0.853995  0.422759  0.725823  0.0106006  508.7
0.830708  1.2312  0.848555  0.419992  0.743117  0.0106006  508.739
0.825196  1.20498  0.845136  0.417158  0.740573  0.0106644  508.884
0.824677  1.26531  0.852253  0.415835  0.736809  0.0109019  508.982
0.841377  1.27581  0.841898  0.431828  0.745095  0.0107973  508.851
0.855595  1.28904  0.85614  0.428762  0.735849  0.0107514  508.726
0.857485  1.24121  0.81641  0.422864  0.730365  0.0105263  508.557
0.857485  1.24121  0.81641  0.422864  0.730365  0.0105263  508.557
0.853571  1.21519  0.832544  0.416533  0.725166  0.0103902  508.323
0.853571  1.21519  0.832544  0.416533  0.725166  0.0103902  508.323
0.853571  1.21519  0.832544  0.416533  0.725166  0.0103902  508.323
0.841242  1.18432  0.804011  0.406636  0.71615  0.0103595  508.316
0.830371  1.20753  0.815746  0.407749  0.724714  0.0103466  508.284
0.797417  1.21884  0.819831  0.397319  0.730594  0.0103812  508.378
0.777024  1.2284  0.820986  0.397758  0.728524  0.0103499  508.273
0.809667  1.21429  0.795394  0.395802  0.739791  0.0102795  508.156
0.796169  1.19851  0.822582  0.394462  0.70585  0.0102742  508.063
0.789205  1.20354  0.837162  0.401975  0.699107  0.0101674  507.705
0.755083  1.19283  0.803999  0.397308  0.681743  0.0101117  507.454
0.730524  1.18357  0.784388  0.402498  0.697313  0.0100798  507.37
0.736105  1.16546  0.77702  0.408248  0.668779  0.0102083  507.68
0.715222  1.19174  0.753425  0.414895  0.6806  0.0101524  507.443
0.715222  1.19174  0.753425  0.414895  0.6806  0.0101524  507.443
0.715222  1.19174  0.753425  0.414895  0.6806  0.0101524  507.443
0.707121  1.1722  0.751928  0.417971  0.686286  0.00986723  506.368
0.698736  1.1799  0.761478  0.418073  0.70381  0.00977122  505.962
0.70162  1.20394  0.736433  0.416742  0.700191  0.00975103  505.785
0.695386  1.18364  0.738533  0.425154  0.698803  0.00971882  505.603
0.71136  1.17451  0.736216  0.433081  0.685551  0.00987315  506.328
0.71136  1.17451  0.736216  0.433081  0.685551  0.00987315  506.328
0.746263  1.20129  0.722575  0.445959  0.684288  0.00980223  505.961
0.743463  1.20251  0.731249  0.448912  0.676672  0.00979411  505.887
0.750914  1.22916  0.726188  0.452503  0.683566  0.00976943  505.737
0.750914  1.22916  0.726188  0.452503  0.683566  0.00976943  505.737
0.764484  1.22982  0.728549  0.44569  0.684356  0.00989313  506.374
0.758213  1.25852  0.759348  0.451376  0.688147  0.00992895  506.51
0.765515  1.29989  0.762018  0.45846  0.696956  0.0100583  506.925
0.765515  1.29989  0.762018  0.45846  0.696956  0.0100583  506.925
0.75315  1.31037  0.769506  0.459077  0.681356  0.010052  506.795
0.751428  1.32424  0.792092  0.453052  0.692404  0.0102604  507.518
0.766291  1.36397  0.805029  0.470579  0.701885  0.0103745  507.64
0.763264  1.38543  0.816296  0.468163  0.710595  0.0104949  507.865
0.748413  1.41914  0.798977  0.462578  0.697772  0.0105851  507.877
0.740737  1.46273  0.806443  0.455923  0.693175  0.0105963  507.737
0.740669  1.46322  0.794482  0.46356  0.702288  0.010684  507.848
0.763418  1.38353  0.784572  0.453731  0.713267  0.0107721  508.366
0.763418  1.38353  0.784572  0.453731  0.713267  0.0107721  508.366
0.772101  1.35604  0.772945  0.467978  0.70714  0.0106256  508.169
0.804295  1.34476  0.754591  0.47371  0.701494  0.0107298  508.267
0.790909  1.33642  0.749989  0.466688  0.710179  0.0107628  508.397
0.779573  1.28095  0.741225  0.463541  0.720074  0.0109401  508.705
0.795093  1.22905  0.735752  0.456632  0.734942  0.0109993  508.913
0.813355  1.22007  0.72799  0.455229  0.738913  0.0110223  508.931
0.797063  1.1947  0.729044  0.456031  0.731749  0.010911  508.909
0.802986  1.18532  0.730503  0.4629  0.749956  0.0108188  508.857
0.809919  1.1994  0.741403  0.470032  0.742645  0.0108804  508.847
0.816946  1.19875  0.742726  0.466706  0.746477  0.0108549  508.859
0.823703  1.20874  0.722849  0.47193  0.744649  0.0108994  508.783
0.795856  1.16282  0.707942  0.458603  0.736547  0.0109296  508.889
0.820333  1.14942  0.704548  0.444595  0.722592  0.0110979  508.969
0.824257  1.13364  0.71031  0.448124  0.731066  0.0110644  508.999
0.818888  1.09948  0.715174  0.460362  0.729318  0.0110907  508.957
0.825146  1.09064  0.725633  0.453021  0.717668  0.0110476  508.987
0.84995  1.10441  0.735631  0.448251  0.711009  0.0112577  508.969
0.828895  1.12069  0.75509  0.432791  0.735411  0.0112173  509.175
0.840852  1.12591  0.739935  0.436803  0.711292  0.0111995  509.055
0.845253  1.11897  0.779524  0.43907  0.699243  0.0112001  509.054
0.857772  1.10982  0.784572  0.43856  0.728915  0.0111204  509.147
0.891301  1.11388  0.817208  0.428354  0.722567  0.0111486  509.096
0.873319  1.12659  0.812208  0.413661  0.710334  0.0112672  509.103
0.874642  1.17258  0.817559  0.404251  0.712119  0.0114273  508.985
0.892798  1.14794  0.856001  0.400819  0.697955  0.0113698  508.917
0.913328  1.12119  0.826156  0.405041  0.686225  0.0112605  508.917
0.903715  1.12665  0.816901  0.40486  0.685395  0.0110462  508.966
0.911997  1.1233  0.824737  0.420276  0.700163  0.0111251  508.984
0.887649  1.11348  0.810717  0.430743  0.721245  0.0111937  509.09
0.898529  1.09719  0.844538  0.426374  0.680531  0.0112288  508.888
0.907742  1.1062  0.843611  0.418891  0.70616  0.0111204  509.006
0.907222  1.17563  0.829915  0.407514  0.712675  0.0111407  509.018
0.900263  1.13396  0.812303  0.409007  0.702144  0.0111122  509.045
0.90643  1.14412  0.795028  0.401363  0.713483  0.0108317  508.958
0.905993  1.1405  0.800738  0.393574  0.718109  0.0107862  508.934
0.930511  1.14973  0.778241  0.395669  0.712715  0.0107915  508.836
0.962093  1.17478  0.787289  0.3961  0.708818  0.0108403  508.734
0.966457  1.19184  0.773737  0.394306  0.712081  0.0109538  508.766
0.952995  1.19991  0.7834  0.402234  0.704012  0.0109321  508.776
0.949248  1.18206  0.783988  0.408157  0.701413  0.0109469  508.808
0.949026  1.18807  0.755424  0.407015  0.730421  0.0109317  508.856
0.923212  1.20178  0.742385  0.402172  0.710469  0.0111143  508.891
0.923023  1.1719  0.760626  0.411805  0.716271  0.0109179  508.918
0.89318  1.189  0.78085  0.407087  0.704396  0.011017  509.006
0.87231  1.21338  0.762686  0.413118  0.715957  0.0111489  509.042
0.880908  1.22207  0.79146  0.407841  0.709573  0.0112019  509.009
0.865935  1.18307  0.768296  0.41421  0.715829  0.0112094  509.092
0.869355  1.15161  0.774589  0.412361  0.720107  0.011211  509.139
0.878264  1.122  0.79317  0.407201  0.751266  0.0110526  509.232
0.891282  1.12609  0.795247  0.415728  0.747653  0.0109407  509.147
0.872775  1.13647  0.769487  0.437368  0.766708  0.010899  509.109
0.864699  1.11433  0.784131  0.427805  0.770043  0.0110589  509.242
0.876726  1.12905  0.779557  0.449988  0.760471  0.0111165  509.11
0.884475  1.12122  0.772856  0.455996  0.751176  0.0110005  509.026
0.916317  1.14627  0.73804  0.472849  0.750882  0.0109376  508.743
0.916317  1.14627  0.73804  0.472849  0.750882  0.0109376  508.743
0.946184  1.14243  0.749234  0.48166  0.764403  0.0108842  508.594
0.920304  1.12874  0.762053  0.488295  0.77541  0.0108157  508.614
0.911452  1.18201  0.741462  0.487158  0.743534  0.0108737  508.57
0.931096  1.15827  0.727822  0.489136  0.729382  0.0108847  508.463
0.953882  1.13707  0.721935  0.467326  0.742676  0.0109974  508.63
0.939151  1.10066  0.753952  0.464533  0.72819  0.0110879  508.766
0.934074  1.09136  0.772325  0.467313  0.723656  0.0110684  508.773
0.956062  1.10182  0.799621  0.460223  0.7189  0.0112842  508.705
0.936059  1.07781  0.769091  0.460655  0.737269  0.0114808  508.67
0.954435  1.08368  0.761067  0.446185  0.723884  0.0114201  508.695
0.937054  1.10681  0.746577  0.441492  0.740659  0.0114789  508.749
0.939466  1.09595  0.762965  0.442388  0.74327  0.0114466  508.795
0.965554  1.08436  0.766688  0.446923  0.731794  0.011472  508.634
0.950207  1.0938  0.749642  0.454409  0.737952  0.0115198  508.599
0.950207  1.0938  0.749642  0.454409  0.737952  0.0115198  508.599
0.949063  1.12214  0.733136  0.445544  0.728484  0.011535  508.574
0.929198  1.09477  0.719259  0.450365  0.753244  0.0114813  508.687
0.924634  1.06248  0.711488  0.448123  0.766747  0.0113532  508.792
0.913949  1.08575  0.715878  0.448376  0.785832  0.0114815  508.766
0.894372  1.09257  0.719589  0.446421  0.7761  0.0114991  508.819
0.894167  1.0682  0.719486  0.441566  0.791924  0.011451  508.884
0.914878  1.05072  0.761314  0.431938  0.813736  0.0114061  508.975
0.941637  1.07612  0.757139  0.42817  0.825773  0.0112974  508.971
0.942219  1.05615  0.769981  0.431965  0.835656  0.0112969  508.951
0.958571  1.06635  0.786325  0.436879  0.845945  0.0112828  508.886
0.927078  1.03401  0.808456  0.4362  0.833918  0.0113822  508.931
0.927078  1.03401  0.808456  0.4362  0.833918  0.0113822  508.931
0.925798  1.04929  0.809644  0.443486  0.838732  0.011159  509.003
0.917094  1.07846  0.842399  0.438954  0.822472  0.0110823  509.059
0.912338  1.09389  0.82692  0.436916  0.82092  0.0111236  509.103
0.946437  1.07457  0.810818  0.440987  0.795244  0.0111304  508.986
0.940306  1.05385  0.798012  0.448842  0.78301  0.0111892  508.947
0.954104  1.07679  0.787332  0.436569  0.765193  0.0112643  508.928
0.925821  1.06919  0.808959  0.459381  0.78418  0.0113692  508.87
0.929402  1.05337  0.818986  0.451021  0.810446  0.0113684  508.894
0.900341  1.05819  0.813953  0.461096  0.85313  0.0114208  508.851
0.890259  1.05924  0.796463  0.458237  0.842247  0.0116099  508.728
0.878422  1.05996  0.799437  0.456945  0.84813  0.0117337  508.593
0.883044  1.04464  0.787282  0.457457  0.86444  0.0117796  508.47
0.908745  1.08692  0.78615  0.445202  0.877727  0.0116514  508.649
0.908736  1.08576  0.781879  0.432184  0.875202  0.0116966  508.647
0.926942  1.06647  0.797923  0.417326  0.882065  0.0116669  508.657
0.92831  1.05854  0.787789  0.398081  0.884323  0.0116821  508.638
0.950411  1.05869  0.791238  0.38585  0.88308  0.0116521  508.593
0.938006  1.00477  0.795529  0.385978  0.855469  0.0116853  508.579
0.939759  0.993301  0.797216  0.383497  0.8436  0.0118362  508.338
0.936266  0.975909  0.783398  0.389251  0.881678  0.0117202  508.428
0.933058  0.985126  0.770248  0.394607  0.901055  0.011828  508.245
0.928919  1.00208  0.761299  0.394638  0.885107  0.0116209  508.616
0.925405  0.991325  0.787446  0.382933  0.876212  0.0114728  508.785
0.891098  0.993697  0.790865  0.380159  0.868561  0.0115745  508.794
0.918585  0.952041  0.776325  0.376269  0.847999  0.0115993  508.6
0.892017  0.98209  0.771554  0.364395  0.867149  0.0115192  508.754
0.905545  0.971216  0.787661  0.359645  0.885246  0.0114341  508.715
0.910426  0.968578  0.796959  0.368908  0.902257  0.0114404  508.697
0.913456  0.945948  0.838879  0.381007  0.891882  0.0115553  508.561
0.927934  0.919221  0.835579  0.380815  0.894305  0.0117347  508.194
0.921556  0.923283  0.830153  0.386739  0.881184  0.0116351  508.412
0.915482  0.916766  0.848965  0.407207  0.863646  0.0116427  508.417
0.882178  0.908622  0.831984  0.403335  0.858223  0.0115079  508.651
0.887259  0.89988  0.790817  0.401437  0.860486  0.0115963  508.519
0.915278  0.897097  0.778234  0.399807  0.86307  0.0114991  508.523
0.943848  0.89801  0.777883  0.404835  0.85181  0.0115934  508.353
0.958805  0.891976  0.778124  0.39879  0.857777  0.0117943  507.991
0.965813  0.914151  0.74722  0.398934  0.845994  0.0118089  508.016
0.978038  0.921291  0.742901  0.409678  0.820208  0.0117491  508.098
0.985426  0.915573  0.750731  0.426465  0.803434  0.0117771  507.988
1.00903  0.930841  0.75967  0.429901  0.811861  0.0117217  508.024
0.974035  0.92687  0.756855  0.438699  0.815918  0.011706  508.144
0.986642  0.919391  0.746376  0.438153  0.831824  0.0118397  507.834
0.982847  0.899743  0.76184  0.453701  0.835302  0.0118495  507.697
0.982847  0.899743  0.76184  0.453701  0.835302  0.0118495  507.697
1.01442  0.9175  0.757797  0.452187  0.84561  0.0118296  507.655
1.00751  0.920034  0.753259  0.460264  0.859258  0.0117238  507.784
1.00751  0.920034  0.753259  0.460264  0.859258  0.0117238  507.784
1.02203  0.887858  0.752903  0.464748  0.86438  0.0116224  507.672
1.05067  0.890692  0.756751  0.456246  0.871831  0.0117938  507.349
1.06795  0.880475  0.73984  0.478111  0.873372  0.0116235  507.265
1.0372  0.893214  0.724336  0.471563  0.856858  0.0115124  507.648
1.03087  0.866812  0.745456  0.476938  0.8546  0.0116356  507.423
1.01689  0.860521  0.717996  0.464477  0.85913  0.0115202  507.596
1.02621  0.859166  0.736124  0.450532  0.847628  0.011603  507.601
1.01448  0.862924  0.720834  0.456614  0.847877  0.0115085  507.705
0.973054  0.864042  0.743875  0.453198  0.825575  0.0115226  507.977
0.973054  0.864042  0.743875  0.453198  0.825575  0.0115226  507.977
0.970218  0.864061  0.756203  0.460272  0.806154  0.011674  507.803
0.948179  0.861497  0.800268  0.469431  0.809193  0.0116248  507.906
0.977189  0.851238  0.804768  0.475575  0.774698  0.0117063  507.576
0.98308  0.854589  0.812666  0.486746  0.772049  0.0118748  507.221
0.98308  0.854589  0.812666  0.486746  0.772049  0.0118748  507.221
0.951168  0.851664  0.812403  0.49077  0.762416  0.011734  507.507
0.935779  0.849469  0.801431  0.479856  0.771201  0.0115694  507.855
0.933143  0.884147  0.810709  0.479299  0.776777  0.0115073  508.126
0.918958  0.904115  0.802266  0.485748  0.769835  0.0112669  508.372
0.912049  0.893421  0.789368  0.473702  0.752891  0.0111513  508.441
0.910549  0.910194  0.786204  0.464745  0.748805  0.011205  508.562
0.969979  0.920369  0.801767  0.465887  0.734323  0.0112412  508.355
0.94278  0.888736  0.789166  0.464612  0.757292  0.0109978  508.373
0.929366  0.890042  0.762512  0.466728  0.7663  0.0110321  508.41
0.943141  0.870893  0.766532  0.466635  0.736818  0.0110615  508.228
0.944962  0.895927  0.773719  0.46256  0.726506  0.0111324  508.357
0.927961  0.90132  0.775576  0.47012  0.703094  0.0112661  508.287
0.868878  0.911707  0.792661  0.474193  0.723695  0.0113541  508.486
0.887193  0.907757  0.79626  0.481132  0.726613  0.0112186  508.447
0.850001  0.919457  0.803189  0.480789  0.732604  0.0113244  508.54
0.878407  0.913978  0.84587  0.471366  0.746486  0.0112948  508.55
0.908122  0.910486  0.812862  0.47496  0.770446  0.0113534  508.468
0.907011  0.872673  0.792675  0.480057  0.800076  0.0114874  508.169
0.866191  0.891655  0.794442  0.478696  0.82031  0.0115036  508.348
0.881864  0.895788  0.829313  0.473948  0.818583  0.011566  508.295
0.858761  0.855008  0.833422  0.468593  0.829458  0.0116404  508.065
0.860482  0.855188  0.853672  0.470118  0.843705  0.0115807  508.083
0.860153  0.888684  0.873263  0.48325  0.848485  0.0114702  508.235
0.858822  0.909934  0.895114  0.485583  0.8374  0.0113134  508.387
0.888987  0.921444  0.878577  0.494441  0.821965  0.0112455  508.38
0.882655  0.918582  0.870806  0.499054  0.828201  0.0113012  508.331
0.876135  0.954843  0.889643  0.504855  0.840717  0.0111246  508.409
0.877239  0.957727  0.885181  0.504034  0.8366  0.010969  508.409
0.878077  0.943279  0.87952  0.502305  0.843094  0.0109912  508.392
0.865567  0.939077  0.897213  0.508612  0.863259  0.0108843  508.22
0.869474  0.923103  0.919324  0.50524  0.857813  0.0109802  508.183
0.855774  0.930191  0.944426  0.498641  0.863044  0.0109881  508.205
0.853509  0.963995  0.961118  0.504595  0.856697  0.0109384  508.19
0.863273  0.989908  0.951065  0.506858  0.867692  0.0109653  508.247
0.845762  1.00304  0.934532  0.506143  0.863541  0.0109778  508.376
0.852702  0.989243  0.924618  0.502463  0.857529  0.0111173  508.44
0.880616  0.987966  0.90717  0.500836  0.840145  0.0113115  508.426
0.86756  1.02287  0.887324  0.493877  0.839364  0.0112503  508.654
0.862642  1.04923  0.873753  0.49488  0.81277  0.0111467  508.758
0.860521  1.06651  0.885935  0.510397  0.800575  0.0112818  508.574
0.8505  1.08528  0.89793  0.518458  0.801613  0.0112212  508.511
0.841326  1.08528  0.914852  0.518541  0.813757  0.0113222  508.432
0.869535  1.06828  0.909566  0.518056  0.813018  0.0115454  508.225
0.863489  1.07855  0.906911  0.507019  0.820404  0.0113028  508.537
0.872754  1.07135  0.905734  0.505025  0.824568  0.0113466  508.512
0.855266  1.08045  0.916174  0.501649  0.83096  0.0114288  508.487
0.827541  1.08327  0.902123  0.500894  0.835112  0.011238  508.669
0.806901  1.07297  0.913274  0.51021  0.805151  0.011166  508.593
0.78311  1.0995  0.921808  0.493791  0.771425  0.0111134  508.709
0.800495  1.10989  0.898515  0.495283  0.77014  0.01111  508.765
0.791453  1.07607  0.902468  0.502578  0.80624  0.0111574  508.696
0.790503  1.0793  0.922775  0.506839  0.815104  0.0111224  508.599
0.796382  1.11034  0.923766  0.530933  0.806949  0.0111669  508.357
0.775885  1.09934  0.941275  0.535437  0.790074  0.0111234  508.246
0.7722  1.11047  0.947063  0.524694  0.7751  0.0111203  508.327
0.732844  1.12497  0.959621  0.514346  0.778172  0.0112381  508.299
0.725137  1.1345  0.979731  0.512045  0.779062  0.0111299  508.237
0.720265  1.14846  0.969379  0.513427  0.773044  0.0112401  508.218
0.72546  1.17862  1.00606  0.52145  0.774281  0.0110841  507.988
0.70019  1.2155  0.990146  0.517416  0.779152  0.0109832  507.947
0.722969  1.17598  0.976241  0.531448  0.762378  0.0110042  507.981
0.71729  1.17462  0.98849  0.515797  0.750119  0.01087  507.992
0.68437  1.20295  0.981744  0.513344  0.763873  0.0108851  507.913
0.701367  1.21061  1.01361  0.51008  0.772155  0.0107113  507.714
0.701367  1.21061  1.01361  0.51008  0.772155  0.0107113  507.714
0.697469  1.23026  1.01851  0.48248  0.758654  0.0106175  507.742
0.697469  1.23026  1.01851  0.48248  0.758654  0.0106175  507.742
0.697469  1.23026  1.01851  0.48248  0.758654  0.0106175  507.742
0.697469  1.23026  1.01851  0.48248  0.758654  0.0106175  507.742
0.685969  1.21036  1.0002  0.493146  0.7896  0.0105326  507.614
0.688378  1.21525  1.00482  0.501797  0.772209  0.0104567  507.365
0.695791  1.22099  0.986018  0.512647  0.786254  0.0104082  507.274
0.709142  1.26994  0.932067  0.504362  0.799349  0.0103639  507.409
0.680133  1.24713  0.943224  0.510092  0.789727  0.0104578  507.453
0.673686  1.22739  0.932221  0.516824  0.815054  0.0103333  507.148
0.676955  1.18314  0.936842  0.513537  0.81453  0.0103841  507.37
0.685588  1.17222  0.900256  0.519917  0.777815  0.0101651  506.87
0.681332  1.18818  0.891549  0.495702  0.772715  0.0101126  506.905
0.71622  1.1346  0.844352  0.493813  0.760602  0.0101972  507.452
0.704715  1.11872  0.814238  0.493507  0.758939  0.010115  507.185
0.721037  1.08781  0.824931  0.503239  0.735017  0.010102  507.059
0.746026  1.11683  0.83463  0.500044  0.716801  0.0100644  506.957
0.73128  1.13136  0.799995  0.494719  0.711059  0.0100252  506.822
0.730133  1.10972  0.806343  0.494033  0.735741  0.00995788  506.638
0.7208  1.09925  0.835267  0.503415  0.69076  0.00992332  506.225
0.734564  1.11407  0.814531  0.504952  0.681268  0.00998913  506.485
0.734927  1.0858  0.811692  0.507299  0.67473  0.0100377  506.617
0.717265  1.0583  0.847404  0.500831  0.650746  0.0101506  506.838
0.741276  1.05054  0.865283  0.493996  0.648041  0.0100458  506.548
0.741924  1.0574  0.865999  0.482748  0.647782  0.0100671  506.72
0.75005  1.06555  0.87714  0.479157  0.658081  0.0100253  506.658
0.740755  1.01296  0.857798  0.484678  0.682515  0.00990796  506.234
0.740755  1.01296  0.857798  0.484678  0.682515  0.00990796  506.234
0.711545  1.02597  0.822197  0.485142  0.679561  0.00979585  505.69
0.69105  1.03314  0.821907  0.482887  0.680235  0.00991297  506.174
0.692601  1.01782  0.842887  0.49288  0.678384  0.0100848  506.714
0.675013  0.990259  0.842361  0.498124  0.663836  0.0102059  506.854
0.655008  0.970363  0.842078  0.499609  0.682975  0.0102695  506.963
0.658198  0.977206  0.845919  0.491344  0.685155  0.0102255  506.952
0.643014  0.971499  0.805323  0.484362  0.667303  0.0103505  507.173
0.641642  0.966532  0.824809  0.490158  0.6607  0.0102022  506.655
0.637562  0.962733  0.829062  0.491383  0.642243  0.0102805  506.709
0.62452  0.97085  0.843741  0.501461  0.616333  0.0102644  506.288
0.604808  0.970915  0.849896  0.490939  0.629794  0.0103852  506.615
0.630211  0.952225  0.865896  0.517183  0.630989  0.0105093  506.775
0.619315  0.942697  0.86088  0.518519  0.637177  0.0106594  506.939
0.624033  0.940918  0.856635  0.51267  0.613526  0.0106637  506.855
0.617284  0.921378  0.844889  0.520571  0.59799  0.0107179  506.593
0.624607  0.935437  0.846323  0.504224  0.620719  0.0107336  507.081
0.629616  0.94492  0.854226  0.500162  0.629332  0.0105679  507.018
0.629616  0.94492  0.854226  0.500162  0.629332  0.0105679  507.018
0.618815  0.924276  0.862215  0.503918  0.628842  0.0106368  506.915
0.606663  0.906572  0.861935  0.513476  0.626466  0.0106841  506.693
0.600573  0.921059  0.8474  0.524212  0.635652  0.0105409  506.464
0.600573  0.921059  0.8474  0.524212  0.635652  0.0105409  506.464
0.59109  0.923388  0.83615  0.516515  0.654171  0.0105541  506.617
0.592428  0.904777  0.807364  0.521407  0.662036  0.0105986  506.644
0.594704  0.920233  0.81016  0.518601  0.644718  0.0105135  506.507
0.604359  0.937388  0.817704  0.537007  0.659538  0.0105158  506.563
0.61076  0.997351  0.825987  0.537983  0.673929  0.0106749  507.091
0.641967  1.00312  0.836561  0.534268  0.663511  0.0104835  507.013
0.659825  1.0432  0.83506  0.52941  0.678641  0.0104933  507.334
0.645379  1.05328  0.83705  0.521603  0.70345  0.0105445  507.531
0.645379  1.05328  0.83705  0.521603  0.70345  0.0105445  507.531
0.645684  1.04373  0.835594  0.515495  0.694523  0.0103762  507.212
0.645684  1.04373  0.835594  0.515495  0.694523  0.0103762  507.212
0.660241  1.02193  0.852072  0.519502  0.693903  0.0102937  507.007
0.671744  1.02091  0.867804  0.517423  0.717018  0.010473  507.559
0.700509  1.02882  0.86686  0.511066  0.733365  0.0104542  507.77
0.706831  1.01269  0.874429  0.492464  0.739774  0.0106078  508.209
0.692326  0.98331  0.876883  0.475159  0.76341  0.0106318  508.302
0.700279  0.989095  0.899344  0.475091  0.757552  0.0105476  508.154
0.688069  0.989932  0.886008  0.486998  0.755836  0.0105451  508.04
0.686326  0.968237  0.891914  0.482728  0.754166  0.0104996  507.916
0.683284  1.03112  0.876981  0.475441  0.7468  0.0105441  508.18
0.687532  1.01875  0.889446  0.491109  0.747337  0.0103881  507.72
0.683485  0.993491  0.892517  0.481993  0.762414  0.0105482  508.065
0.6966  1.01469  0.866971  0.472173  0.768905  0.0106776  508.489
0.70995  0.993944  0.865713  0.458047  0.726648  0.0105814  508.379
0.716987  0.988361  0.863696  0.441191  0.707426  0.0105642  508.394
0.689646  0.982583  0.875832  0.43686  0.712562  0.0107914  508.585
0.685815  0.970027  0.878368  0.42959  0.733518  0.0107525  508.579
0.671988  0.969269  0.86264  0.426398  0.761086  0.0107946  508.643
0.661651  0.96906  0.870275  0.421216  0.757767  0.010691  508.47
0.667523  0.957892  0.877812  0.415869  0.74734  0.0107226  508.489
0.666131  0.994258  0.877885  0.406073  0.763954  0.0108511  508.729
0.672002  0.963359  0.862947  0.399646  0.787085  0.0107269  508.62
0.642073  0.927957  0.87564  0.397289  0.796031  0.01047  507.908
0.644463  0.931374  0.875521  0.397168  0.795158  0.0106544  508.244
0.666567  0.921091  0.882883  0.392653  0.791358  0.0107317  508.416
0.677597  0.935965  0.828877  0.398411  0.769702  0.0106688  508.526
0.675956  0.977739  0.798814  0.398133  0.750545  0.010654  508.606
0.648792  0.981753  0.808195  0.40373  0.772987  0.010774  508.628
0.653636  0.978008  0.796109  0.427719  0.756508  0.0108524  508.654
0.662656  0.986657  0.772146  0.414736  0.757442  0.0108151  508.719
0.687837  0.962396  0.756252  0.406773  0.741285  0.0109973  508.854
0.706304  0.968157  0.760958  0.419706  0.73296  0.0109557  508.894
0.693147  0.980852  0.751658  0.414151  0.703681  0.0111448  508.818
0.679575  1.00623  0.748526  0.420097  0.691512  0.0112082  508.734
0.664229  0.999407  0.73906  0.432092  0.700152  0.0111344  508.633
0.671727  1.02189  0.729993  0.432709  0.699626  0.0111313  508.686
0.678275  1.01885  0.734804  0.42858  0.722261  0.0111277  508.816
0.664858  1.01454  0.733791  0.428204  0.706065  0.0111665  508.683
0.680386  1.01412  0.731716  0.417455  0.701852  0.0110113  508.76
0.702354  0.992003  0.719694  0.404257  0.706749  0.0109086  508.771
0.718096  0.982776  0.742423  0.396254  0.705307  0.010874  508.833
0.712862  0.997899  0.731724  0.385842  0.694144  0.0109079  508.791
0.717372  0.989998  0.741446  0.384188  0.691288  0.0109135  508.799
0.710444  0.95811  0.744877  0.385932  0.673402  0.0108848  508.607
0.715978  0.98309  0.742812  0.375551  0.672123  0.0108826  508.65
0.716487  0.992461  0.757954  0.381341  0.689574  0.011052  508.866
0.694147  0.991887  0.778335  0.381896  0.663629  0.0111384  508.684
0.666017  1.00608  0.767186  0.377481  0.661476  0.0110414  508.536
0.663642  0.984381  0.75311  0.373438  0.635545  0.0112332  508.267
0.650561  0.98676  0.741631  0.373084  0.631894  0.011144  508.162
0.652106  0.999807  0.717031  0.374152  0.616855  0.0110374  508.014
0.652106  0.999807  0.717031  0.374152  0.616855  0.0110374  508.014
0.658683  1.03174  0.727693  0.379495  0.614678  0.011017  508.128
0.638664  1.05022  0.730999  0.378061  0.624551  0.0110411  508.109
0.621648  1.07368  0.751864  0.379811  0.622272  0.0110738  508.031
0.614291  1.07507  0.776879  0.383514  0.625988  0.0109416  508
0.647166  1.05232  0.789642  0.375849  0.636329  0.0108519  508.243
0.655793  1.05822  0.767601  0.386067  0.632194  0.0108003  508.24
0.657523  1.00215  0.769001  0.384417  0.615917  0.0108023  508.049
0.667177  0.986178  0.786734  0.395479  0.623031  0.0109609  508.262
0.670426  0.951823  0.791254  0.401134  0.618719  0.01097  508.16
0.674062  0.970786  0.79395  0.387369  0.611307  0.0109611  508.156
0.676358  0.972718  0.781653  0.382854  0.607988  0.010851  508.065
0.701889  0.943741  0.785085  0.385301  0.601925  0.010903  508.078
0.723244  0.930844  0.774278  0.395388  0.576121  0.0108697  507.819
0.741642  0.907717  0.78469  0.401357  0.57771  0.0109314  507.836
0.741642  0.907717  0.78469  0.401357  0.57771  0.0109314  507.836
0.742633  0.915745  0.774026  0.396677  0.574479  0.0108095  507.743
0.741688  0.888966  0.76669  0.382753  0.5753  0.0110496  507.73
0.75524  0.881696  0.784939  0.387298  0.567497  0.0110151  507.643
0.743038  0.886206  0.749791  0.372263  0.558167  0.0112093  507.449
0.740089  0.841758  0.7641  0.381664  0.559344  0.0111992  507.262
0.73905  0.816658  0.75782  0.367627  0.565868  0.0112561  507.096
0.73905  0.816658  0.75782  0.367627  0.565868  0.0112561  507.096
0.739428  0.838324  0.765149  0.361029  0.554834  0.0112505  507.083
0.723378  0.838932  0.778725  0.355893  0.53891  0.0112867  506.793
0.734088  0.812265  0.781917  0.35648  0.549109  0.0112336  506.805
0.750917  0.787256  0.759639  0.357494  0.555111  0.0111098  506.724
0.76377  0.769612  0.764378  0.35853  0.564194  0.0111053  506.714
0.759688  0.759102  0.767603  0.357887  0.566389  0.0110337  506.627
0.761167  0.762815  0.796468  0.362715  0.581419  0.0111303  506.892
0.751811  0.73431  0.777073  0.368315  0.586655  0.0111003  506.661
0.751811  0.73431  0.777073  0.368315  0.586655  0.0111003  506.661
0.735968  0.748046  0.756683  0.372496  0.590376  0.0109196  506.758
0.755443  0.765595  0.76319  0.37436  0.582907  0.0110813  506.955
0.785085  0.779782  0.741694  0.36918  0.597517  0.0110204  507.199
0.789623  0.761199  0.743281  0.367606  0.602029  0.011063  507.077
0.777516  0.759572  0.745775  0.364654  0.620721  0.0111697  507.209
0.790814  0.752394  0.760563  0.361742  0.618603  0.0109534  507.105
0.780878  0.773431  0.745079  0.358473  0.618933  0.0110276  507.286
0.789409  0.793899  0.741248  0.354339  0.60897  0.0107651  507.186
0.791  0.797786  0.746187  0.352475  0.603048  0.0106555  507.032
0.785248  0.816701  0.773896  0.346272  0.600031  0.0105542  506.981
0.774388  0.827721  0.777578  0.343618  0.58528  0.010502  506.79
0.755845  0.814029  0.768698  0.338637  0.587955  0.0104826  506.607
0.745714  0.821067  0.762958  0.337684  0.583748  0.0106557  506.865
0.725729  0.812564  0.784484  0.338321  0.576993  0.0107143  506.782
0.74734  0.826849  0.75838  0.336988  0.590565  0.0107859  507.116
0.719019  0.832572  0.746616  0.327582  0.587586  0.0108376  506.977
0.704117  0.84162  0.741273  0.328362  0.586132  0.0111155  507.076
0.704117  0.84162  0.741273  0.328362  0.586132  0.0111155  507.076
0.687005  0.808585  0.754651  0.32103  0.58963  0.0109936  506.724
0.676212  0.800089  0.760501  0.31349  0.59645  0.0109127  506.538
0.635749  0.791936  0.724832  0.314392  0.611044  0.0107816  506.206
0.624341  0.750568  0.726602  0.319769  0.605131  0.0106908  505.669
0.601677  0.735486  0.734304  0.324549  0.615113  0.0106312  505.405
0.609486  0.734854  0.737299  0.319851  0.605446  0.0106069  505.292
0.606245  0.732579  0.749413  0.322745  0.592269  0.010548  505.079
0.613132  0.752696  0.755802  0.324055  0.568248  0.010573  505.156
0.616878  0.753004  0.75043  0.320812  0.588471  0.0105402  505.311
0.619188  0.774975  0.756504  0.323858  0.591435  0.0106748  505.825
0.619188  0.774975  0.756504  0.323858  0.591435  0.0106748  505.825
0.606222  0.786628  0.754263  0.327638  0.590107  0.0105997  505.739
0.589681  0.788869  0.742425  0.332965  0.583335  0.010614  505.587
0.606455  0.79509  0.755987  0.330203  0.582931  0.0105828  505.742
0.58876  0.807889  0.745878  0.337674  0.581873  0.010616  505.774
0.58876  0.807889  0.745878  0.337674  0.581873  0.010616  505.774
0.581557  0.813814  0.777814  0.34427  0.586298  0.0106892  505.992
0.570901  0.858825  0.795713  0.345268  0.58958  0.010747  506.283
0.570901  0.858825  0.795713  0.345268  0.58958  0.010747  506.283
0.567715  0.856174  0.801736  0.359501  0.589291  0.0106388  506.196
0.570793  0.886948  0.780402  0.352486  0.582025  0.0105866  506.19
0.56581  0.894772  0.770459  0.354947  0.582182  0.0106387  506.256
0.575688  0.865493  0.776856  0.365556  0.587384  0.0105414  506.194
0.581145  0.87073  0.762986  0.383494  0.587799  0.0108311  506.702
0.581145  0.87073  0.762986  0.383494  0.587799  0.0108311  506.702
0.562216  0.876475  0.751029  0.390295  0.609828  0.010905  506.769
0.568559  0.861598  0.733286  0.390676  0.588469  0.0110524  506.579
0.574296  0.884494  0.750947  0.383925  0.578347  0.0111345  506.687
0.584252  0.90164  0.761856  0.389668  0.584502  0.0109815  506.949
0.576524  0.902492  0.783096  0.378877  0.583013  0.0111422  506.87
0.564496  0.903979  0.794075  0.379594  0.572271  0.0111494  506.619
0.564496  0.903979  0.794075  0.379594  0.572271  0.0111494  506.619
0.557612  0.905899  0.788469  0.382814  0.574311  0.0112336  506.553
0.553848  0.917976  0.779207  0.374112  0.574563  0.0110983  506.544
0.551212  0.932342  0.764915  0.36663  0.584816  0.0112413  506.612
0.558684  0.932604  0.766482  0.366768  0.583218  0.0111251  506.717
0.558684  0.932604  0.766482  0.366768  0.583218  0.0111251  506.717
0.558684  0.932604  0.766482  0.366768  0.583218  0.0111251  506.717
0.558684  0.932604  0.766482  0.366768  0.583218  0.0111251  506.717
0.566428  0.960611  0.734809  0.361891  0.614697  0.0112063  507.118
0.582311  0.957607  0.741068  0.368546  0.598786  0.0113462  507.136
0.587603  0.949692  0.73494  0.377603  0.582162  0.0114854  506.915
0.580981  0.9504  0.728485  0.382999  0.587449  0.0114859  506.9
0.573594  0.942662  0.719404  0.372803  0.565148  0.0113202  506.602
0.581455  0.936065  0.72025  0.389173  0.58661  0.0111815  507.007
0.580251  0.956099  0.727238  0.379663  0.582112  0.0111736  507.01
0.575116  0.95857  0.717723  0.373778  0.584173  0.011272  506.908
0.578957  0.978513  0.711494  0.368972  0.571047  0.0113391  506.784
0.577929  0.960375  0.710857  0.361688  0.56924  0.0115046  506.54
0.567048  0.938985  0.71445  0.368832  0.584012  0.0114858  506.579
0.549685  0.944985  0.718674  0.375007  0.593224  0.0112966  506.639
0.569298  0.985383  0.741149  0.37994  0.560349  0.011215  506.727
0.566966  0.994248  0.751781  0.37435  0.561072  0.0112873  506.704
0.560931  1.01005  0.746642  0.373799  0.574594  0.0111408  506.849
0.560931  1.01005  0.746642  0.373799  0.574594  0.0111408  506.849
0.54858  1.02799  0.727537  0.374718  0.592971  0.0112462  506.85
0.559191  0.995202  0.758204  0.377244  0.593058  0.0110603  507.026
0.547569  1.00004  0.74585  0.376693  0.58598  0.0109744  506.763
0.540785  1.02432  0.750714  0.370693  0.580209  0.0110408  506.65
0.540691  1.0141  0.736904  0.361267  0.586504  0.0112334  506.617
0.540691  1.0141  0.736904  0.361267  0.586504  0.0112334  506.617
0.542534  0.998777  0.736486  0.35445  0.594152  0.011364  506.59
0.542534  0.998777  0.736486  0.35445  0.594152  0.011364  506.59
0.534815  1.02645  0.726143  0.355865  0.604394  0.0113992  506.582
0.514355  1.02323  0.75494  0.354504  0.617808  0.0111554  506.519
0.516023  0.987898  0.783017  0.349376  0.629944  0.0110992  506.574
0.514838  1.02027  0.781413  0.343228  0.613152  0.01095  506.388
0.51617  1.02607  0.773855  0.34305  0.618416  0.0109998  506.476
0.526939  1.03199  0.783746  0.342651  0.620213  0.0111034  506.696
0.518235  1.05165  0.774337  0.341614  0.607994  0.0112372  506.434
0.513764  1.07744  0.765101  0.347104  0.595029  0.0113702  506.225
0.517644  1.08104  0.784669  0.355517  0.592289  0.0113258  506.369
0.524633  1.09744  0.801299  0.358103  0.591285  0.0113537  506.481
0.520767  1.06157  0.783085  0.358267  0.592195  0.0112083  506.473
0.531775  1.0437  0.795271  0.345766  0.605906  0.0110244  506.68
0.532191  1.02122  0.819194  0.342633  0.61922  0.0108014  506.617
0.529903  1.03874  0.826766  0.333023  0.603744  0.0107086  506.271
0.528507  1.01026  0.842283  0.338367  0.604144  0.0107927  506.342
0.542204  0.983446  0.843114  0.325931  0.601921  0.0109374  506.434
0.541363  0.944849  0.832831  0.322946  0.605658  0.0108909  506.298
0.532252  0.928597  0.845203  0.323844  0.604328  0.0107872  506.012
0.544409  0.909388  0.838801  0.307313  0.615512  0.0107422  505.929
0.543016  0.934943  0.836459  0.299985  0.604723  0.0106653  505.689
0.547669  0.935176  0.841404  0.302743  0.61072  0.0105451  505.672
0.553915  0.932242  0.832508  0.289153  0.607991  0.0104455  505.266
0.553915  0.932242  0.832508  0.289153  0.607991  0.0104455  505.266
0.546389  0.947825  0.830249  0.277358  0.619626  0.0104678  505.076
0.561816  0.967805  0.796523  0.269624  0.621313  0.0104319  505.077
0.566728  0.972045  0.807692  0.274873  0.603433  0.0103492  504.952
0.587557  0.982044  0.817061  0.282826  0.620654  0.0104964  505.883
0.595102  0.99542  0.805415  0.286089  0.618406  0.0104739  506.009
0.583401  0.978824  0.800911  0.279747  0.605774  0.0106204  505.837
0.583401  0.978824  0.800911  0.279747  0.605774  0.0106204  505.837
0.575642  0.988276  0.801936  0.293889  0.616648  0.0106613  506.254
0.588668  0.98974  0.817806  0.289485  0.622537  0.0107065  506.405
0.590211  0.979272  0.81349  0.284068  0.626752  0.0107612  506.367
0.585607  0.996507  0.785254  0.284375  0.618418  0.0106037  506.096
0.58037  1.00234  0.788042  0.282762  0.629888  0.0105513  506.02
0.602001  1.01203  0.779619  0.287735  0.633692  0.0106967  506.612
0.634966  1.02486  0.773093  0.286328  0.62647  0.0107438  506.868
0.634966  1.02486  0.773093  0.286328  0.62647  0.0107438  506.868
0.64335  1.04092  0.784956  0.288949  0.603158  0.0107239  506.793
0.638782  1.05567  0.76329  0.285379  0.603027  0.010585  506.484
0.638713  1.08402  0.770967  0.284474  0.598442  0.01046  506.216
0.662619  1.06782  0.775188  0.282275  0.589668  0.0104023  506.101
0.663802  1.07253  0.785528  0.269507  0.594279  0.010593  506.18
0.667195  1.03468  0.775922  0.264361  0.573171  0.0106088  505.802
0.678487  1.02436  0.80564  0.258364  0.579502  0.0106131  505.739
0.66573  0.996717  0.823291  0.263781  0.583522  0.0107764  506.04
0.65529  1.0351  0.817235  0.263944  0.567521  0.0107366  505.824
0.665335  1.03204  0.826609  0.269084  0.551732  0.0108346  505.92
0.665335  1.03204  0.826609  0.269084  0.551732  0.0108346  505.92
0.67595  1.06002  0.838868  0.266042  0.519719  0.0109919  505.508
0.677536  1.03897  0.831934  0.260598  0.52167  0.0109433  505.344
0.688117  1.03385  0.849937  0.258952  0.522256  0.0110779  505.358
0.675355  1.02735  0.820586  0.257816  0.54116  0.0110691  505.572
0.668184  1.04185  0.806533  0.256894  0.552984  0.0108406  505.589
0.660626  1.03733  0.838437  0.262078  0.558468  0.0109405  505.828
0.655757  1.0672  0.844526  0.259791  0.550067  0.0110217  505.661
0.648492  1.08807  0.835579  0.260731  0.541556  0.0112287  505.539
0.648492  1.08807  0.835579  0.260731  0.541556  0.0112287  505.539
0.65696  1.08518  0.833018  0.263452  0.522991  0.0112358  505.395
0.649268  1.08661  0.823447  0.263109  0.509399  0.0112162  505.12
0.656335  1.05031  0.801409  0.268028  0.523556  0.0110848  505.557
0.663801  1.07178  0.798758  0.277484  0.534739  0.0111876  506.049
0.665872  1.06806  0.773368  0.276731  0.533817  0.0110783  506.019
0.666965  1.06014  0.762199  0.272276  0.538518  0.0109838  505.935
0.666965  1.06014  0.762199  0.272276  0.538518  0.0109838  505.935
0.641302  1.03844  0.747248  0.26558  0.529174  0.0108958  505.352
0.633511  1.05915  0.733833  0.273297  0.54529  0.010869  505.735
0.645666  1.04862  0.745963  0.270665  0.530471  0.010875  505.548
0.66049  1.03845  0.727151  0.262651  0.545958  0.0108448  505.551
0.667059  1.0465  0.72822  0.25969  0.541745  0.0109249  505.494
0.660823  1.04484  0.73307  0.263586  0.543293  0.0108538  505.573
0.660823  1.04484  0.73307  0.263586  0.543293  0.0108538  505.573
0.631944  1.01469  0.763299  0.262425  0.526935  0.0107346  505.006
0.646283  0.984069  0.760457  0.262516  0.527412  0.0107552  505.076
0.644844  1.00991  0.752725  0.27254  0.513105  0.0108131  505.226
0.644844  1.00991  0.752725  0.27254  0.513105  0.0108131  505.226
0.658223  0.978439  0.749867  0.268104  0.511346  0.0109745  505.182
0.673697  0.993895  0.761468  0.2719  0.530051  0.011099  505.764
0.677759  0.990266  0.755266  0.268973  0.518799  0.0111136  505.502
0.684283  1.0194  0.773221  0.264661  0.528051  0.0110749  505.624
0.684638  1.03029  0.782728  0.270079  0.533229  0.0111046  505.893
0.684638  1.03029  0.782728  0.270079  0.533229  0.0111046  505.893
0.687895  1.02912  0.763988  0.272724  0.526132  0.011066  505.852
0.684743  1.01918  0.752044  0.287194  0.539497  0.011111  506.383
0.686588  1.06118  0.75294  0.286621  0.536219  0.0110684  506.374
0.685456  1.01957  0.737614  0.301685  0.537413  0.011163  506.627
0.678114  1.03478  0.738083  0.312034  0.52493  0.0110624  506.6
0.682628  1.04433  0.722635  0.318553  0.519376  0.0109933  506.585
0.676564  1.01815  0.698537  0.308901  0.515726  0.0111594  506.249
0.646792  1.00383  0.692465  0.304807  0.512848  0.0111763  505.907
0.644573  1.02572  0.686408  0.308012  0.51749  0.0112575  506.014
0.632064  1.0187  0.699943  0.314444  0.513438  0.011194  506.025
0.619861  1.03563  0.710135  0.316102  0.519694  0.010953  506.092
0.627775  1.01558  0.709332  0.318301  0.512439  0.0106911  505.816
0.626756  1.02739  0.713091  0.323038  0.528769  0.0106198  506.076
0.628015  1.02542  0.709433  0.316206  0.534257  0.0105043  505.867
0.616552  1.02174  0.724739  0.319891  0.555313  0.0105493  506.247
0.616552  1.02174  0.724739  0.319891  0.555313  0.0105493  506.247
0.611734  1.00691  0.723424  0.322332  0.544672  0.0106061  506.158
0.61306  0.949592  0.724159  0.326833  0.54403  0.0105376  505.971
0.612807  0.960292  0.73377  0.32492  0.54629  0.0105902  506.119
0.595289  0.969364  0.735073  0.321736  0.565225  0.0106893  506.33
0.607114  0.99371  0.748675  0.32162  0.563004  0.0107825  506.6
0.634978  1.03836  0.750321  0.327369  0.575928  0.0107615  507.108
0.645196  1.07256  0.746772  0.325429  0.570064  0.0107104  507.051
0.636779  1.07741  0.744965  0.332932  0.57389  0.0107081  507.123
0.633952  1.07305  0.739047  0.335691  0.570242  0.0107448  507.116
0.618469  1.07736  0.737708  0.32196  0.565254  0.0107918  506.817
0.614335  1.07687  0.721553  0.326903  0.568947  0.0107566  506.815
0.616275  1.07312  0.727863  0.331779  0.589458  0.0106878  507.055
0.632687  1.05549  0.737297  0.316765  0.584493  0.0105123  506.68
0.640932  1.0751  0.7469  0.302749  0.594567  0.0104612  506.545
0.640932  1.0751  0.7469  0.302749  0.594567  0.0104612  506.545
0.649142  1.09142  0.748987  0.29333  0.597383  0.0104018  506.324
0.649142  1.09142  0.748987  0.29333  0.597383  0.0104018  506.324
0.659327  1.0855  0.752869  0.293791  0.593102  0.0104026  506.36
0.659327  1.0855  0.752869  0.293791  0.593102  0.0104026  506.36
0.681707  1.06509  0.740367  0.291046  0.579805  0.0106027  506.622
0.678806  1.10337  0.751958  0.296862  0.573288  0.010407  506.323
0.692716  1.10809  0.749466  0.299158  0.591709  0.0102875  506.335
0.698056  1.10579  0.746902  0.301285  0.584152  0.0103579  506.492
0.707871  1.088  0.719818  0.302754  0.583575  0.0103556  506.479
0.681005  1.10704  0.714154  0.3033  0.582941  0.0102064  505.954
0.684096  1.07101  0.690565  0.304385  0.581591  0.0102993  506.139
0.689799  1.08092  0.675936  0.30087  0.580306  0.0102548  505.902
0.681766  1.10817  0.671778  0.298379  0.581838  0.0104044  506.19
0.687602  1.10098  0.65506  0.296475  0.580447  0.0103971  506.054
0.690278  1.08251  0.663997  0.288567  0.575917  0.0104661  506.042
0.695907  1.11164  0.668505  0.289861  0.575727  0.0104992  506.182
0.695907  1.11164  0.668505  0.289861  0.575727  0.0104992  506.182
0.703727  1.1226  0.654785  0.284901  0.571367  0.0105362  506.033
0.668955  1.08432  0.650039  0.288499  0.56727  0.0105834  505.963
0.670094  1.07021  0.64707  0.275685  0.568175  0.0104628  505.421
0.683168  1.07237  0.655932  0.285726  0.559097  0.0104009  505.552
0.683168  1.07237  0.655932  0.285726  0.559097  0.0104009  505.552
0.668613  1.0731  0.664146  0.290756  0.570587  0.0105053  505.997
0.671191  1.08176  0.662561  0.29648  0.615962  0.0104727  506.522
0.671191  1.08176  0.662561  0.29648  0.615962  0.0104727  506.522
0.671191  1.08176  0.662561  0.29648  0.615962  0.0104727  506.522
0.665029  1.08084  0.676608  0.301005  0.616834  0.0104941  506.7
0.665029  1.08084  0.676608  0.301005  0.616834  0.0104941  506.7
0.651506  1.07811  0.681762  0.304708  0.605836  0.0107159  506.953
0.650391  1.07486  0.660642  0.300906  0.608395  0.0106215  506.664
0.656584  1.10628  0.677143  0.286925  0.621625  0.010527  506.462
0.667264  1.13214  0.677556  0.289701  0.642337  0.0105678  506.804
0.672183  1.11461  0.675904  0.293331  0.664025  0.0104874  506.899
0.672183  1.11461  0.675904  0.293331  0.664025  0.0104874  506.899
0.661862  1.08481  0.655753  0.292937  0.686716  0.0103605  506.564
0.670224  1.09067  0.675718  0.294686  0.660255  0.0104103  506.737
0.673484  1.07028  0.674836  0.286018  0.693683  0.0104752  506.852
0.680275  1.08357  0.68575  0.289864  0.669161  0.0104012  506.759
0.659163  1.09414  0.691044  0.286407  0.676641  0.0105522  506.928
0.65801  1.12762  0.699254  0.292459  0.698566  0.0104344  506.957
0.65853  1.09263  0.699236  0.291621  0.6877  0.0104729  506.981
0.677533  1.07799  0.687592  0.287757  0.715897  0.010447  506.999
0.673406  1.05569  0.705922  0.286399  0.693033  0.0104474  506.925
0.685753  1.05173  0.712658  0.279242  0.705021  0.0103755  506.716
0.694773  1.07855  0.714896  0.272301  0.685434  0.0104802  506.736
0.689746  1.07061  0.738335  0.273857  0.678345  0.010451  506.726
0.725847  1.06805  0.744742  0.269997  0.662285  0.0103121  506.347
0.73935  1.06792  0.741908  0.264786  0.668827  0.0103083  506.244
0.735823  1.05529  0.761961  0.25904  0.698595  0.0104536  506.548
0.719395  1.05959  0.761487  0.264425  0.709325  0.0106717  507.084
0.723716  1.04031  0.77054  0.273734  0.750576  0.0107704  507.581
0.71647  1.0185  0.759377  0.271345  0.763157  0.0109828  507.612
0.714912  1.01345  0.76075  0.268293  0.773291  0.0111751  507.541
0.712601  1.00512  0.724959  0.271873  0.777939  0.0112163  507.547
0.721462  1.01049  0.743435  0.268213  0.790924  0.0113415  507.474
0.71377  1.0277  0.756585  0.272704  0.7908  0.0112681  507.664
0.712845  1.02376  0.779379  0.284383  0.778661  0.0111091  508.009
0.712845  1.02376  0.779379  0.284383  0.778661  0.0111091  508.009
0.720404  1.00148  0.76804  0.285028  0.757168  0.0109866  507.956
0.745822  0.985847  0.747495  0.290898  0.762986  0.0110291  508.11
0.763452  0.988276  0.756177  0.291199  0.78785  0.0109495  508.156
0.763452  0.988276  0.756177  0.291199  0.78785  0.0109495  508.156
0.751459  0.966004  0.754958  0.288321  0.784147  0.0109088  507.996
0.762722  0.938143  0.781789  0.287744  0.784294  0.0108734  507.921
0.762582  0.939833  0.765559  0.294945  0.797174  0.010895  508.087
0.795161  0.950449  0.775599  0.285849  0.806149  0.0109061  507.959
0.80392  0.936159  0.792372  0.28039  0.786449  0.0108345  507.737
0.781075  0.964507  0.819069  0.276867  0.751542  0.010819  507.674
0.794055  0.9748  0.813235  0.279864  0.729947  0.01093  507.816
0.793107  0.95439  0.820016  0.289317  0.762963  0.0110163  508.078
0.780979  0.935282  0.821643  0.291491  0.808219  0.0108024  507.958
0.780979  0.935282  0.821643  0.291491  0.808219  0.0108024  507.958
0.800196  0.926577  0.836522  0.291623  0.779786  0.0108967  507.987
0.772092  0.931143  0.852354  0.297603  0.757783  0.011079  508.136
0.767708  0.932261  0.842892  0.2914  0.77631  0.0110331  508.032
0.756265  0.929773  0.851433  0.292786  0.785084  0.0110065  508.026
0.736056  0.887223  0.859287  0.305355  0.771074  0.011134  508.046
0.752618  0.894751  0.84872  0.311777  0.741472  0.011164  508.191
0.791979  0.902125  0.851205  0.315904  0.725147  0.0112127  508.272
0.769759  0.911864  0.823075  0.311535  0.722195  0.0111816  508.261
0.769656  0.891225  0.796309  0.312471  0.74691  0.0110407  508.249
0.789907  0.910914  0.815979  0.304506  0.756746  0.0111798  508.23
0.796758  0.924048  0.813072  0.311709  0.752706  0.0111695  508.402
0.793565  0.934367  0.814882  0.304609  0.756052  0.0111074  508.327
0.808836  0.92222  0.818535  0.310707  0.72483  0.0111492  508.317
0.800898  0.930623  0.824556  0.320254  0.711946  0.0110102  508.438
0.778199  0.924946  0.834772  0.324553  0.726728  0.0110807  508.515
0.784144  0.926421  0.852933  0.324898  0.709938  0.0110177  508.444
0.791496  0.925435  0.847329  0.318218  0.719027  0.0112897  508.362
0.791496  0.925435  0.847329  0.318218  0.719027  0.0112897  508.362
0.789216  0.93019  0.849189  0.320178  0.727227  0.0112934  508.425
0.799833  0.928578  0.849139  0.317956  0.721021  0.0112134  508.401
0.776079  0.916177  0.860888  0.31945  0.708627  0.0111742  508.317
0.768004  0.898858  0.823978  0.310782  0.681637  0.0111503  508.043
0.7478  0.917334  0.821014  0.323995  0.686514  0.0113157  508.259
0.738662  0.915714  0.820518  0.324747  0.670394  0.0112401  508.198
0.726351  0.914585  0.822309  0.335569  0.675829  0.0110137  508.323
0.728421  0.901747  0.787322  0.325013  0.673415  0.0107882  508.01
0.728421  0.901747  0.787322  0.325013  0.673415  0.0107882  508.01
0.733639  0.915836  0.755044  0.321111  0.685326  0.0107455  508.015
0.710411  0.900517  0.753639  0.320445  0.680704  0.0108458  507.942
0.711235  0.918165  0.785661  0.325901  0.668518  0.0109562  508.127
0.688659  0.922578  0.779752  0.328744  0.680096  0.0108764  508.105
0.675566  0.939876  0.76994  0.327288  0.681693  0.0108248  508.049
0.675566  0.939876  0.76994  0.327288  0.681693  0.0108248  508.049
0.704714  0.917166  0.778036  0.311981  0.694169  0.0109001  507.991
0.69687  0.898706  0.79846  0.312069  0.700533  0.0109688  507.951
0.694797  0.914233  0.781844  0.310823  0.70151  0.0110418  508.009
0.701551  0.926285  0.772016  0.318526  0.709739  0.0109865  508.207
0.698954  0.945059  0.755351  0.318475  0.708285  0.0108748  508.179
0.688113  0.913117  0.768854  0.310591  0.69315  0.0107479  507.748
0.712322  0.896089  0.777765  0.30405  0.707097  0.0107241  507.69
0.693687  0.895916  0.789219  0.298772  0.724782  0.0107831  507.643
0.688666  0.889141  0.783589  0.297695  0.733177  0.0107788  507.584
0.696319  0.944757  0.798576  0.30933  0.738262  0.0108517  508.127
0.671475  0.960846  0.81379  0.301668  0.741551  0.0108651  507.94
0.656495  0.951195  0.826106  0.29887  0.745248  0.0109443  507.82
0.657425  0.966586  0.825122  0.300547  0.723766  0.010706  507.657
0.661317  0.951898  0.86319  0.292521  0.74512  0.0109071  507.654
0.658911  0.975009  0.841638  0.291304  0.765135  0.0108374  507.692
0.649757  0.996671  0.830303  0.296312  0.737653  0.0108488  507.764
0.647049  0.957514  0.826818  0.308903  0.761393  0.0109333  507.981
0.627058  0.937588  0.813404  0.309847  0.73765  0.0109901  507.781
0.628549  0.94842  0.781358  0.309812  0.732561  0.0109681  507.805
0.618458  0.937382  0.801029  0.31536  0.741378  0.0110385  507.822
0.618285  0.938177  0.81598  0.316068  0.723775  0.0110218  507.784
0.62552  0.946817  0.795556  0.316588  0.718687  0.0109389  507.837
0.611151  0.933745  0.827883  0.320466  0.689856  0.0110763  507.653
0.598587  0.955341  0.83972  0.321735  0.694869  0.0110594  507.631
0.620753  0.947561  0.838374  0.330201  0.702756  0.0109171  507.895
0.64741  0.922029  0.849587  0.337071  0.709886  0.0109591  508.108
0.661181  0.956385  0.832396  0.354099  0.704411  0.0109588  508.454
0.669029  0.97905  0.808591  0.352516  0.711704  0.0108261  508.504
0.657698  0.962703  0.79269  0.348016  0.703502  0.0108139  508.325
0.659414  0.985346  0.7596  0.348256  0.708191  0.010811  508.382
0.6549  0.972898  0.771493  0.342065  0.695832  0.0108041  508.234
0.661678  0.958598  0.761232  0.346738  0.709253  0.0109536  508.413
0.653702  0.97988  0.76975  0.339702  0.737397  0.0109637  508.451
0.643693  1.00695  0.798038  0.337674  0.718047  0.0108242  508.3
0.659282  0.980385  0.802387  0.33229  0.719675  0.01093  508.362
0.659282  0.980385  0.802387  0.33229  0.719675  0.01093  508.362
0.625573  0.97053  0.762243  0.337839  0.734647  0.0109615  508.197
0.625351  0.987681  0.797883  0.335155  0.727536  0.0109517  508.21
0.643115  1.00896  0.781975  0.335382  0.718968  0.0111352  508.39
0.639294  1.00559  0.765416  0.335758  0.721209  0.011132  508.354
0.648178  1.01726  0.750555  0.335797  0.729123  0.0111942  508.426
0.661531  0.986061  0.760707  0.344404  0.720819  0.0112284  508.516
0.662834  0.957348  0.759203  0.33506  0.742073  0.0111994  508.417
0.668425  0.942143  0.746713  0.330125  0.744074  0.0111991  508.33
0.670742  0.961614  0.724413  0.322562  0.73351  0.011143  508.242
0.66031  0.92962  0.741378  0.328503  0.762885  0.0110809  508.25
0.639125  0.927828  0.724639  0.341198  0.763944  0.0109647  508.175
0.624304  0.941426  0.751552  0.33428  0.783617  0.0107694  507.983
0.651134  0.918321  0.755479  0.32896  0.784312  0.0106024  507.827
0.645654  0.91119  0.743983  0.346681  0.762595  0.0105109  507.747
0.638979  0.898538  0.727424  0.338193  0.759788  0.0104141  507.333
0.619388  0.889939  0.709941  0.332719  0.752951  0.0104215  507.04
0.615211  0.89137  0.725243  0.32782  0.77665  0.0103611  506.892
0.618157  0.903591  0.754612  0.328896  0.774701  0.010317  506.937
0.624966  0.932059  0.749077  0.334647  0.776378  0.0102825  507.072
0.616082  0.92969  0.747824  0.338332  0.764708  0.010296  507.05
0.631415  0.901966  0.752875  0.334922  0.753814  0.0103433  507.141
0.630484  0.903194  0.734873  0.339792  0.765818  0.0103392  507.159
0.624657  0.900885  0.747443  0.355809  0.754753  0.0103933  507.372
0.610527  0.880118  0.743254  0.36638  0.751792  0.0105195  507.459
0.625627  0.860124  0.724889  0.36723  0.749926  0.0105002  507.4
0.617943  0.860604  0.724031  0.366406  0.766753  0.0105586  507.462
0.618699  0.878413  0.726418  0.360311  0.779421  0.0105771  507.58
0.619907  0.899902  0.714824  0.36526  0.809152  0.0106794  507.839
0.620224  0.895766  0.731632  0.363866  0.792388  0.0107248  507.918
0.612607  0.888136  0.715571  0.359693  0.794694  0.0104787  507.372
0.605827  0.883054  0.704483  0.375396  0.760628  0.0105211  507.377
0.618953  0.88158  0.7217  0.375451  0.752511  0.0103974  507.277
0.621116  0.878377  0.726803  0.379184  0.713322  0.0104002  507.217
0.630627  0.892634  0.715865  0.376108  0.704228  0.0103359  507.138
0.644915  0.870369  0.697685  0.382456  0.732236  0.0102829  507.029
0.644915  0.870369  0.697685  0.382456  0.732236  0.0102829  507.029
0.651707  0.836805  0.6859  0.377598  0.763747  0.0104497  507.262
0.646621  0.857389  0.70774  0.38218  0.744371  0.0101701  506.702
0.63281  0.853715  0.716609  0.390545  0.738297  0.0102603  506.882
0.637512  0.847507  0.705104  0.390095  0.741066  0.0102681  506.867
0.633923  0.853511  0.686273  0.391576  0.720735  0.0105493  507.376
0.65288  0.875492  0.661119  0.398915  0.723385  0.0104204  507.261
0.660984  0.887593  0.648157  0.395616  0.695186  0.0105413  507.43
0.663528  0.911039  0.668763  0.400943  0.687404  0.0107402  507.919
0.671327  0.895266  0.654237  0.403269  0.709343  0.0106074  507.722
0.696773  0.871872  0.643991  0.404183  0.684773  0.0105992  507.546
0.696773  0.871872  0.643991  0.404183  0.684773  0.0105992  507.546
0.708467  0.853579  0.634805  0.401651  0.652624  0.0105278  507.131
0.722405  0.842998  0.620188  0.39951  0.662376  0.0105238  507.048
0.724909  0.834143  0.617618  0.408056  0.656512  0.0105453  506.976
0.737434  0.856705  0.613993  0.400714  0.643643  0.0106454  507.194
0.750848  0.874979  0.627364  0.392905  0.626081  0.0106682  507.33
0.724384  0.90155  0.623749  0.37911  0.629871  0.0106144  507.299
0.703709  0.947343  0.629912  0.384827  0.638347  0.010797  507.748
0.703709  0.947343  0.629912  0.384827  0.638347  0.010797  507.748
0.71312  0.959317  0.5932  0.398341  0.636032  0.0108478  507.533
0.71312  0.959317  0.5932  0.398341  0.636032  0.0108478  507.533
0.702882  0.968284  0.570097  0.397678  0.636529  0.0108065  507.239
0.702882  0.968284  0.570097  0.397678  0.636529  0.0108065  507.239
0.707072  0.949649  0.563843  0.399131  0.660357  0.0109669  507.382
0.722797  0.946901  0.570247  0.403869  0.665914  0.0109077  507.502
0.731695  0.958947  0.585394  0.397583  0.682812  0.0109912  507.856
0.700389  0.937566  0.588875  0.401248  0.654967  0.0107658  507.431
0.700389  0.937566  0.588875  0.401248  0.654967  0.0107658  507.431
0.677489  0.919748  0.594906  0.38635  0.655816  0.0107242  507.276
0.684122  0.924941  0.599128  0.395428  0.649474  0.0107215  507.337
0.684122  0.924941  0.599128  0.395428  0.649474  0.0107215  507.337
0.694585  0.890371  0.598851  0.392277  0.646093  0.0106061  507.055
0.706911  0.913809  0.600925  0.388947  0.641142  0.0104985  507.005
0.72985  0.920193  0.62361  0.385423  0.613077  0.0105643  507.19
0.717609  0.921679  0.627898  0.385636  0.614873  0.0105276  507.148
0.697061  0.923618  0.618029  0.379332  0.611861  0.0104539  506.822
0.687857  0.899295  0.613802  0.381073  0.612881  0.0105311  506.809
0.687857  0.899295  0.613802  0.381073  0.612881  0.0105311  506.809
0.687857  0.899295  0.613802  0.381073  0.612881  0.0105311  506.809
0.676348  0.921756  0.620975  0.368384  0.609284  0.0103947  506.558
0.681029  0.909354  0.592622  0.370347  0.612184  0.0104763  506.478
0.686409  0.919394  0.588384  0.356717  0.621992  0.0106184  506.755
0.66931  0.891253  0.586759  0.354577  0.630684  0.0107372  506.739
0.668583  0.934693  0.598041  0.366171  0.62662  0.0106436  506.947
0.669949  0.926935  0.595867  0.370975  0.616767  0.0106283  506.825
0.66089  0.938944  0.582212  0.37421  0.587073  0.0105787  506.331
0.66736  0.919639  0.573234  0.372031  0.581419  0.0106968  506.294
0.666935  0.923418  0.58152  0.368351  0.580248  0.0108992  506.554
0.661194  0.922489  0.587081  0.371113  0.571767  0.0109417  506.516
0.659374  0.931202  0.571822  0.374186  0.57963  0.0109285  506.463
0.662932  0.921836  0.578926  0.376802  0.596219  0.0109034  506.699
0.683478  0.949377  0.566468  0.383305  0.616591  0.0109135  506.964
0.722346  0.948713  0.55185  0.387019  0.633729  0.0110003  507.098
0.726426  0.950338  0.5517  0.383337  0.629015  0.0112192  507.073
0.718833  0.95023  0.544615  0.379484  0.619273  0.0112232  506.865
0.718833  0.95023  0.544615  0.379484  0.619273  0.0112232  506.865
0.714485  0.950724  0.518726  0.366355  0.62507  0.011471  506.307
0.698236  0.952613  0.520856  0.353025  0.620679  0.0114947  506.156
0.693622  0.971961  0.5245  0.359825  0.619065  0.0115182  506.259
0.69255  0.951776  0.551827  0.350004  0.592663  0.011404  506.39
0.685483  0.919664  0.56516  0.354433  0.596815  0.0113565  506.524
0.694934  0.89658  0.577768  0.363712  0.60834  0.0113465  506.786
0.692597  0.899832  0.563376  0.353932  0.615994  0.0112507  506.673
0.707458  0.901711  0.544726  0.361212  0.611035  0.0110894  506.517
0.697538  0.898511  0.539312  0.359629  0.600533  0.0109662  506.254
0.697538  0.898511  0.539312  0.359629  0.600533  0.0109662  506.254
0.674351  0.92853  0.527496  0.358322  0.596687  0.0111441  506.076
0.683167  0.895398  0.52621  0.359909  0.606938  0.0110696  506.067
0.683167  0.895398  0.52621  0.359909  0.606938  0.0110696  506.067
0.682899  0.889222  0.528096  0.356992  0.598114  0.0111222  505.968
0.687993  0.88886  0.513044  0.364012  0.594552  0.0109969  505.728
0.733271  0.900407  0.499582  0.366152  0.6084  0.0109342  505.806
0.712238  0.880674  0.511698  0.366607  0.603448  0.0109147  505.82
0.737175  0.895335  0.507087  0.360156  0.599443  0.0108709  505.778
0.762367  0.918152  0.519808  0.361265  0.59948  0.010635  505.899
0.738471  0.892213  0.514242  0.354612  0.602421  0.0106569  505.669
0.737072  0.919017  0.513276  0.353251  0.608946  0.0107066  505.878
0.727022  0.902852  0.504134  0.347196  0.605213  0.0109097  505.721
0.741891  0.877568  0.509296  0.331507  0.599075  0.0109707  505.548
0.74955  0.858362  0.494576  0.334197  0.616237  0.0108389  505.292
0.749787  0.868258  0.4945  0.342003  0.602876  0.0107004  505.168
0.746725  0.876764  0.500817  0.347481  0.60345  0.0105253  505.119
0.738413  0.873008  0.505194  0.350151  0.601171  0.0105639  505.229
0.733101  0.867624  0.508526  0.358349  0.602475  0.0105559  505.303
0.733101  0.867624  0.508526  0.358349  0.602475  0.0105559  505.303
0.739496  0.913264  0.503402  0.34902  0.620744  0.0106104  505.624
0.756668  0.921857  0.50201  0.34257  0.61169  0.0105248  505.391
0.740836  0.914352  0.503569  0.355074  0.606673  0.0106304  505.586
0.754453  0.907641  0.506553  0.358925  0.600728  0.0106618  505.65
0.741921  0.890579  0.482108  0.364641  0.620195  0.0105757  505.152
0.743844  0.876385  0.48775  0.373725  0.628451  0.0107852  505.574
0.729616  0.888093  0.479007  0.362772  0.63  0.0106186  505.18
0.729521  0.880386  0.480385  0.363978  0.635394  0.0105022  505.023
0.758301  0.882583  0.493229  0.357611  0.632582  0.010445  505.183
0.753092  0.882132  0.483806  0.356838  0.612006  0.0104293  504.778
0.736578  0.87036  0.478947  0.359333  0.608869  0.0105879  504.864
0.711514  0.867854  0.477239  0.356546  0.606524  0.0106589  504.81
0.690416  0.873675  0.482634  0.37363  0.617722  0.0105535  504.9
0.673436  0.839916  0.479524  0.379324  0.621105  0.0105165  504.539
0.673436  0.839916  0.479524  0.379324  0.621105  0.0105165  504.539
0.671169  0.861862  0.490282  0.383882  0.630051  0.0106328  505.152
0.66836  0.866542  0.482176  0.383058  0.625054  0.0104636  504.667
0.674269  0.852606  0.499176  0.374388  0.600972  0.0104015  504.59
0.674434  0.864215  0.492607  0.377087  0.586689  0.0104299  504.459
0.660261  0.852798  0.514818  0.368589  0.59089  0.0104456  504.769
0.660261  0.852798  0.514818  0.368589  0.59089  0.0104456  504.769
0.648468  0.840845  0.511838  0.367254  0.594409  0.0105412  504.783
0.652671  0.843315  0.510836  0.359968  0.588386  0.0104659  504.567
0.657594  0.835831  0.5058  0.362687  0.603128  0.0104519  504.592
0.661684  0.840626  0.494445  0.378379  0.602372  0.0104695  504.527
0.666943  0.833824  0.498758  0.378246  0.611221  0.0104179  504.568
0.668737  0.860557  0.495213  0.384255  0.609899  0.0105097  504.863
0.659  0.86398  0.471414  0.371638  0.609111  0.0106313  504.485
0.691252  0.834999  0.470776  0.387322  0.60097  0.0105802  504.347
0.689799  0.83248  0.476197  0.385866  0.613394  0.0105318  504.473
0.695427  0.834895  0.496473  0.378829  0.606479  0.0105181  504.825
0.695427  0.834895  0.496473  0.378829  0.606479  0.0105181  504.825
0.695427  0.834895  0.496473  0.378829  0.606479  0.0105181  504.825
0.710824  0.783935  0.493067  0.382456  0.609642  0.010393  504.212
0.710824  0.783935  0.493067  0.382456  0.609642  0.010393  504.212
0.710824  0.783935  0.493067  0.382456  0.609642  0.010393  504.212
0.69399  0.813707  0.489984  0.378652  0.630947  0.0102882  504.233
0.702135  0.827177  0.503865  0.377902  0.659884  0.0103374  504.945
0.702135  0.827177  0.503865  0.377902  0.659884  0.0103374  504.945
0.700113  0.820544  0.490848  0.363876  0.657434  0.0102617  504.371
0.705074  0.850838  0.510633  0.374944  0.655212  0.0103659  505.261
0.703142  0.862742  0.526349  0.38318  0.650233  0.0103591  505.563
0.702349  0.87902  0.52469  0.391231  0.640419  0.0103892  505.639
0.692528  0.876037  0.523242  0.387184  0.655586  0.0103091  505.46
0.718055  0.875547  0.547312  0.383192  0.649436  0.0103749  506.026
0.695022  0.873302  0.548358  0.370681  0.639643  0.0101948  505.36
0.710027  0.846408  0.565094  0.373325  0.637957  0.0103166  505.818
0.710993  0.847302  0.575712  0.374228  0.66203  0.0103149  506.105
0.704034  0.842772  0.57871  0.371345  0.646777  0.0102749  505.877
0.702049  0.869357  0.567197  0.365888  0.649541  0.0103953  506.184
0.709777  0.862754  0.562202  0.369127  0.643019  0.0103499  505.979
0.709777  0.862754  0.562202  0.369127  0.643019  0.0103499  505.979
0.679101  0.885986  0.590563  0.369864  0.630222  0.0102125  505.84
0.692013  0.899537  0.592426  0.378908  0.632876  0.0104335  506.592
0.695278  0.920652  0.589339  0.372117  0.620406  0.01043  506.535
0.697524  0.920308  0.599428  0.375004  0.623027  0.0104126  506.637
0.690207  0.939214  0.594612  0.38279  0.63252  0.0105229  506.944
0.692626  0.944051  0.602362  0.390164  0.638825  0.0107207  507.394
0.692626  0.944051  0.602362  0.390164  0.638825  0.0107207  507.394
0.685925  0.924091  0.615717  0.393349  0.616966  0.010913  507.413
0.697865  0.902311  0.625428  0.397807  0.622232  0.0108471  507.456
0.678686  0.878431  0.616268  0.409586  0.631441  0.0108155  507.225
0.696691  0.886857  0.615421  0.407893  0.628825  0.0109862  507.423
0.708505  0.876544  0.646152  0.408716  0.624627  0.0112142  507.622
0.720863  0.879939  0.642055  0.409708  0.630728  0.0112726  507.677
0.7064  0.865603  0.632427  0.416106  0.610571  0.0111711  507.34
0.702273  0.857312  0.635658  0.408899  0.633917  0.0110473  507.499
0.702273  0.857312  0.635658  0.408899  0.633917  0.0110473  507.499
0.691172  0.852946  0.659957  0.404692  0.633699  0.0110439  507.589
0.715333  0.865637  0.653889  0.404553  0.665576  0.01095  507.889
0.731057  0.90112  0.67281  0.420609  0.665227  0.0110515  508.222
0.731057  0.90112  0.67281  0.420609  0.665227  0.0110515  508.222
0.698836  0.914933  0.690681  0.415282  0.670422  0.0111329  508.307
0.6949  0.922473  0.706313  0.411421  0.6739  0.0112694  508.375
0.683578  0.936308  0.695556  0.422208  0.672363  0.0111912  508.33
0.653852  0.958576  0.695306  0.417643  0.654131  0.0112918  508.114
0.627976  0.92126  0.696463  0.407756  0.65317  0.011303  507.818
0.644304  0.950157  0.708278  0.404358  0.649278  0.0112053  508.092
0.66152  0.94121  0.705644  0.400177  0.685204  0.0111997  508.36
0.660978  0.946567  0.708071  0.396341  0.684413  0.0114647  508.233
0.636258  0.970576  0.684288  0.391527  0.678512  0.0115483  507.935
0.624884  0.978456  0.701163  0.394497  0.691658  0.0115402  508.01
0.645633  0.951891  0.685167  0.389021  0.701951  0.0117008  507.864
0.653256  0.915022  0.701663  0.38208  0.712981  0.0117168  507.854
0.648055  0.91451  0.696686  0.389618  0.724768  0.011738  507.819
0.648055  0.91451  0.696686  0.389618  0.724768  0.011738  507.819
0.648055  0.91451  0.696686  0.389618  0.724768  0.011738  507.819
0.632657  0.936653  0.712288  0.394218  0.721315  0.0117836  507.778
0.634612  0.924015  0.710594  0.380408  0.740796  0.0120949  507.196
0.63257  0.921866  0.698706  0.380074  0.759759  0.0123319  506.615
0.63257  0.921866  0.698706  0.380074  0.759759  0.0123319  506.615
0.645283  0.939765  0.713441  0.377978  0.748617  0.0125232  506.292
0.659785  0.954167  0.727444  0.382041  0.753394  0.0125078  506.53
0.661523  0.955601  0.708422  0.380027  0.711479  0.0123393  506.825
0.661523  0.955601  0.708422  0.380027  0.711479  0.0123393  506.825
0.670882  0.958434  0.699968  0.381358  0.726904  0.01228  507.049
0.673838  0.930621  0.706841  0.383915  0.734432  0.0121913  507.232
0.688966  0.923378  0.729376  0.396457  0.726009  0.0122691  507.158
0.704881  0.927716  0.731426  0.39987  0.721374  0.0124398  506.798
0.70967  0.925634  0.699491  0.403515  0.717082  0.0124949  506.545
0.70967  0.925634  0.699491  0.403515  0.717082  0.0124949  506.545
0.73429  0.936143  0.715465  0.4035  0.71191  0.0124514  506.81
0.73429  0.936143  0.715465  0.4035  0.71191  0.0124514  506.81
0.716713  0.953815  0.694182  0.391081  0.725864  0.0124681  506.735
0.715148  0.964938  0.729082  0.386315  0.739004  0.0125005  506.813
0.695915  1.01656  0.743624  0.384483  0.738933  0.0125627  506.709
0.695915  1.01656  0.743624  0.384483  0.738933  0.0125627  506.709
0.708178  0.998703  0.767063  0.382429  0.7383  0.0126361  506.541
0.6906  0.982281  0.780846  0.382228  0.715468  0.0124518  506.908
0.675135  0.985742  0.8035  0.374133  0.727705  0.0125725  506.527
0.660999  0.98972  0.791397  0.362658  0.726403  0.012565  506.425
0.650234  1.00449  0.792054  0.368425  0.725931  0.0124789  506.655
0.640184  0.998712  0.80122  0.354467  0.719344  0.0125346  506.328
0.641295  0.980748  0.801424  0.348071  0.739733  0.0125405  506.285
0.628373  0.962346  0.788652  0.336441  0.739611  0.0126198  505.809
0.633057  0.947696  0.786795  0.338187  0.759123  0.0126038  505.898
0.633057  0.947696  0.786795  0.338187  0.759123  0.0126038  505.898
0.62852  0.938362  0.771632  0.33905  0.750085  0.0127089  505.506
0.608177  0.944905  0.780917  0.339388  0.796765  0.0127334  505.335
0.608177  0.944905  0.780917  0.339388  0.796765  0.0127334  505.335
0.603361  0.931002  0.789011  0.346702  0.79427  0.0125232  505.928
0.603361  0.931002  0.789011  0.346702  0.79427  0.0125232  505.928
0.59016  0.92059  0.801749  0.337508  0.794595  0.0125731  505.536
0.614381  0.947494  0.834769  0.343503  0.793106  0.0125269  506.028
0.6215  0.949169  0.857762  0.343784  0.806431  0.0123158  506.621
0.600328  0.932727  0.854447  0.347825  0.818005  0.0124306  506.12
0.617734  0.953382  0.892608  0.353893  0.801302  0.0122746  506.712
0.599325  0.936067  0.896345  0.350983  0.806471  0.012295  506.41
0.599325  0.936067  0.896345  0.350983  0.806471  0.012295  506.41
0.597355  0.881876  0.892334  0.353058  0.81284  0.012204  506.401
0.586487  0.911947  0.852758  0.353894  0.797455  0.0123905  506.059
0.577555  0.933636  0.893174  0.359215  0.806105  0.0123819  506.019
0.56014  0.957099  0.882969  0.36167  0.798491  0.0122305  506.297
0.56125  0.958532  0.905723  0.360773  0.851716  0.012191  506.305
0.557219  0.968516  0.890235  0.363695  0.847449  0.0122201  506.276
0.559636  0.941459  0.926272  0.355262  0.817617  0.0120626  506.449
0.553617  0.928951  0.931572  0.356372  0.805628  0.0119379  506.564
0.545992  0.920337  0.955145  0.357212  0.796466  0.0121579  505.905
0.544944  0.896455  0.959589  0.363905  0.794543  0.0123598  505.33
0.548381  0.907152  0.975815  0.364746  0.826044  0.0125049  504.972
0.545156  0.902531  0.949328  0.366361  0.826684  0.0124765  505.094
0.552654  0.877786  0.931107  0.37447  0.838571  0.0123255  505.557
0.541083  0.883982  0.929146  0.384008  0.8212  0.0123173  505.496
0.551433  0.883822  0.954561  0.383845  0.815306  0.012174  505.893
0.553286  0.916166  0.951765  0.394876  0.83834  0.0123046  505.762
0.547501  0.907036  0.981593  0.394304  0.826085  0.0121745  505.847
0.547501  0.907036  0.981593  0.394304  0.826085  0.0121745  505.847
0.538212  0.895927  0.991621  0.39117  0.834449  0.0121149  505.743
0.550571  0.893805  0.991836  0.396168  0.849791  0.01224  505.611
0.559042  0.906019  0.990912  0.393246  0.822228  0.012287  505.696
0.561312  0.953176  0.997765  0.383839  0.857389  0.0124911  505.284
0.581748  0.92173  1.02615  0.378828  0.889119  0.0126022  504.896
0.585402  0.927951  1.0264  0.378889  0.88377  0.0125865  505.016
0.581266  0.91695  1.0189  0.385593  0.89189  0.0125872  504.96
0.574642  0.922672  0.999295  0.377896  0.847879  0.0126269  504.948
0.574642  0.922672  0.999295  0.377896  0.847879  0.0126269  504.948
0.572446  0.936765  0.995829  0.372557  0.854407  0.012431  505.508
0.572446  0.936765  0.995829  0.372557  0.854407  0.012431  505.508
0.557672  0.94748  0.98942  0.37121  0.863522  0.0123634  505.544
0.564697  0.962502  0.969477  0.365252  0.907624  0.0123305  505.715
0.567774  0.948559  0.959179  0.378138  0.89434  0.0123359  505.824
0.556957  0.918325  0.977777  0.370296  0.8813  0.0123842  505.388
0.570828  0.917686  1.00458  0.366063  0.85537  0.0125389  505.055
0.572693  0.929162  0.990488  0.371994  0.864829  0.0124837  505.346
0.555628  0.932891  0.988489  0.376685  0.907078  0.012379  505.353
0.556247  0.941343  0.986491  0.373709  0.932595  0.012463  505.09
0.544644  0.966496  1.00523  0.381621  0.927418  0.012458  504.979
0.549968  0.943631  0.98304  0.387898  0.946831  0.0124007  505.181
0.54518  0.932732  0.966959  0.3854  0.966344  0.0123116  505.292
0.547155  0.895654  0.915466  0.382052  0.954423  0.0124684  504.979
0.541314  0.882435  0.938277  0.377939  0.971639  0.0123  505.118
0.543854  0.873828  0.936008  0.371469  1.00076  0.0121589  505.301
0.539584  0.893713  0.918901  0.373454  0.968168  0.0120227  505.824
0.521922  0.902633  0.902625  0.365439  0.975701  0.0121385  505.331
0.520886  0.92394  0.914059  0.360669  0.979488  0.0119885  505.636
0.528328  0.920822  0.912369  0.363459  0.977136  0.0120398  505.673
0.540515  0.943515  0.884957  0.359373  0.927573  0.0117985  506.6
0.54612  0.921792  0.852916  0.353049  0.94485  0.0118833  506.424
0.553744  0.914768  0.851543  0.345738  0.935377  0.0118041  506.61
0.553744  0.914768  0.851543  0.345738  0.935377  0.0118041  506.61
0.526488  0.909578  0.852155  0.339536  0.943601  0.0116862  506.279
0.526488  0.909578  0.852155  0.339536  0.943601  0.0116862  506.279
0.515256  0.944475  0.875179  0.33417  0.952302  0.0116155  506.185
0.515256  0.944475  0.875179  0.33417  0.952302  0.0116155  506.185
0.518601  0.928709  0.881767  0.333912  0.931777  0.0117287  506.094
0.526871  0.925001  0.878572  0.333171  0.939821  0.0118069  506.069
0.528147  0.931815  0.909383  0.342976  0.922936  0.011856  506.11
0.53268  0.925638  0.916604  0.348471  0.947787  0.0118133  506.17
0.518897  0.936133  0.894342  0.352315  0.951146  0.0118544  505.998
0.529402  0.924374  0.929995  0.343878  0.928459  0.0118483  506.044
0.529402  0.924374  0.929995  0.343878  0.928459  0.0118483  506.044
0.543836  0.93697  0.89279  0.358613  0.914372  0.0117967  506.646
0.559138  0.935648  0.889944  0.354197  0.890651  0.011787  506.904
0.545851  0.930494  0.894534  0.355686  0.904096  0.0115482  506.983
0.560464  0.939204  0.882781  0.360391  0.879608  0.011399  507.456
0.554022  0.953515  0.892828  0.355627  0.895666  0.011463  507.277
0.569597  0.969087  0.87654  0.354727  0.877277  0.0115783  507.477
0.568885  0.993527  0.882238  0.353029  0.857467  0.0115322  507.587
0.570856  1.01368  0.910246  0.346618  0.886472  0.0113695  507.605
0.577283  1.02217  0.911934  0.351902  0.87682  0.0115142  507.633
0.564732  1.02837  0.924234  0.353832  0.856765  0.0116227  507.388
0.547072  1.06085  0.972329  0.348978  0.848475  0.0115978  507.023
0.539756  1.06022  1.00535  0.350658  0.831154  0.0114628  506.946
0.548255  1.08425  1.04472  0.347545  0.840613  0.0113781  506.918
0.54299  1.04105  1.0332  0.350885  0.830687  0.0113654  506.918
0.54299  1.04105  1.0332  0.350885  0.830687  0.0113654  506.918
0.54026  0.990912  1.00494  0.345227  0.838578  0.0113581  506.886
0.536523  0.994485  1.02524  0.343045  0.85588  0.0112657  506.747
0.535278  0.999022  1.03239  0.33459  0.860792  0.0112353  506.622
0.568746  1.01094  1.01986  0.330465  0.873865  0.0110328  507.095
0.568223  0.98642  0.994522  0.325619  0.889426  0.0108531  506.979
0.572658  1.00302  0.978589  0.31794  0.90334  0.0107731  506.925
0.581953  0.99622  0.989007  0.325471  0.912719  0.0107186  506.991
0.568106  1.00939  1.03584  0.327265  0.910377  0.0107798  506.733
0.562898  1.06594  1.0181  0.330582  0.924958  0.0107007  506.729
0.569784  1.0886  1.02996  0.334993  0.940364  0.0106709  506.725
0.565702  1.07501  1.01952  0.329814  0.925719  0.0106758  506.719
0.575276  1.0473  1.00318  0.333889  0.901638  0.0106036  506.904
0.587629  1.03576  1.01149  0.331569  0.90785  0.0105136  506.796
0.584256  1.03327  0.980239  0.335988  0.896561  0.0105532  507.042
0.584256  1.03327  0.980239  0.335988  0.896561  0.0105532  507.042
0.600074  1.03897  0.966053  0.340579  0.917328  0.0105496  507.249
0.601749  1.02128  0.995963  0.341153  0.894892  0.0106259  507.306
0.587248  1.02573  1.01564  0.334108  0.892262  0.0107555  507.174
0.581465  1.01785  0.996381  0.326899  0.884848  0.0106144  506.945
0.585306  1.04069  1.00015  0.324404  0.910154  0.0105992  506.88
0.590473  1.03229  0.986575  0.329435  0.908019  0.0106106  507.069
0.576579  1.01674  0.98199  0.32413  0.886225  0.0105884  506.872
0.586259  1.04725  1.00647  0.32754  0.876969  0.0105596  506.926
0.597249  1.08358  1.00654  0.329254  0.895685  0.0105843  507.077
0.608953  1.05041  0.983294  0.334895  0.888246  0.0103464  506.873
0.619762  1.03319  0.989083  0.330478  0.858777  0.0104317  507.128
0.629301  1.00824  1.0134  0.32788  0.865993  0.0102567  506.586
0.633695  1.01858  0.983311  0.33259  0.872545  0.0101808  506.589
0.613775  0.995723  0.999149  0.3391  0.845393  0.0101143  506.219
0.612967  1.0351  1.0516  0.334496  0.851614  0.0101353  506.035
0.612967  1.0351  1.0516  0.334496  0.851614  0.0101353  506.035
0.620652  1.03302  1.06899  0.330888  0.853731  0.0101593  506.039
0.620652  1.03302  1.06899  0.330888  0.853731  0.0101593  506.039
0.627737  1.05274  1.07047  0.326345  0.844396  0.00996594  505.373
0.634066  1.05645  1.03732  0.326683  0.856256  0.0100525  505.914
0.635898  1.08882  1.00472  0.329429  0.842649  0.0100342  506.084
0.630613  1.09144  1.02064  0.327197  0.834887  0.0100049  505.842
0.629707  1.09816  1.0446  0.33174  0.835306  0.0101587  506.31
0.626646  1.10833  1.06553  0.337146  0.82874  0.0101389  506.176
0.626646  1.10833  1.06553  0.337146  0.82874  0.0101389  506.176
0.629015  1.12851  1.04721  0.345647  0.818561  0.0100449  506.046
0.629015  1.12851  1.04721  0.345647  0.818561  0.0100449  506.046
0.62692  1.10312  1.06224  0.351172  0.839128  0.0100536  506.015
0.619238  1.0886  1.0628  0.350284  0.831153  0.0100493  505.936
0.625108  1.0864  1.05333  0.354795  0.851005  0.0101593  506.416
0.626494  1.07627  1.01836  0.344073  0.865318  0.0101449  506.446
0.621575  1.09681  1.02338  0.339964  0.864411  0.0102858  506.767
0.626039  1.06983  1.00268  0.346984  0.894756  0.0102673  506.839
0.621408  1.0708  0.995328  0.338557  0.884382  0.0104408  507.202
0.624888  1.05026  0.977039  0.342144  0.877227  0.0105937  507.622
0.631387  1.09153  0.990005  0.338975  0.885172  0.0105489  507.517
0.637471  1.10248  1.01422  0.347241  0.844773  0.0105017  507.516
0.637471  1.10248  1.01422  0.347241  0.844773  0.0105017  507.516
0.628937  1.1135  1.00778  0.339875  0.833241  0.0104045  507.23
0.617171  1.12553  1.00553  0.346758  0.790861  0.0106637  507.676
0.615372  1.13742  1.02334  0.352562  0.776897  0.0107146  507.673
0.608925  1.14194  1.01034  0.344876  0.751856  0.0107634  507.637
0.619522  1.11849  1.00546  0.347368  0.740743  0.0106132  507.575
0.612217  1.10678  0.983645  0.335069  0.75022  0.010582  507.465
0.609137  1.08533  1.01156  0.35187  0.739562  0.0107296  507.642
0.617001  1.05219  1.01093  0.344809  0.744054  0.0105995  507.476
0.616399  1.04088  0.997415  0.349906  0.725965  0.0104647  507.282
0.618028  1.05506  0.996591  0.350041  0.760508  0.0104203  507.29
0.618028  1.05506  0.996591  0.350041  0.760508  0.0104203  507.29
0.608736  1.00953  0.995177  0.36878  0.755176  0.0104922  507.41
0.621801  1.00703  1.02384  0.370854  0.761184  0.0104603  507.34
0.585241  1.04951  1.04006  0.376124  0.774145  0.0105305  507.14
0.577098  1.07605  1.04426  0.381966  0.792001  0.0105327  507.077
0.564902  1.07532  1.0394  0.383259  0.800123  0.0106644  507.164
0.549649  1.02862  1.0356  0.366866  0.785362  0.010695  506.925
0.529214  1.00892  1.02656  0.363357  0.802234  0.0107585  506.698
0.542752  1.00644  1.03863  0.364697  0.802194  0.0108344  506.912
0.547551  0.998457  1.0186  0.370469  0.79034  0.0107181  506.975
0.547551  0.998457  1.0186  0.370469  0.79034  0.0107181  506.975
0.549029  0.986466  1.04028  0.374014  0.759949  0.0107256  506.862
0.5589  0.977636  1.04457  0.380665  0.751438  0.0107656  507.001
0.5589  0.977636  1.04457  0.380665  0.751438  0.0107656  507.001
0.561939  0.978859  1.0519  0.385381  0.774482  0.0107588  507.037
0.568439  0.959904  1.06212  0.37477  0.785461  0.0109809  507.145
0.585481  0.95803  1.10261  0.37597  0.740283  0.0108035  506.944
0.588468  0.964265  1.10271  0.374596  0.751481  0.0107041  506.905
0.588468  0.964265  1.10271  0.374596  0.751481  0.0107041  506.905
0.588468  0.964265  1.10271  0.374596  0.751481  0.0107041  506.905
0.589005  0.96146  1.0755  0.371794  0.773173  0.0106714  507.034
0.574893  0.975931  1.06889  0.384417  0.782764  0.010613  506.916
0.578571  0.975577  1.11007  0.375169  0.779001  0.0106229  506.711
0.585557  0.999859  1.15052  0.373654  0.755318  0.0106155  506.551
0.573733  0.987406  1.14471  0.370413  0.752562  0.0105592  506.324
0.582397  1.01195  1.17355  0.374171  0.745466  0.0104932  506.168
0.583584  1.0286  1.12663  0.371511  0.741386  0.0105942  506.658
0.598108  1.01169  1.13444  0.372001  0.747033  0.0104987  506.583
0.598108  1.01169  1.13444  0.372001  0.747033  0.0104987  506.583
0.606771  1.01561  1.11625  0.368617  0.750138  0.0105029  506.781
0.606771  1.01561  1.11625  0.368617  0.750138  0.0105029  506.781
0.603793  1.05091  1.07663  0.370022  0.758899  0.0105443  507.118
0.604674  0.992179  1.07848  0.357132  0.734011  0.0105855  506.984
0.60541  1.00434  1.08791  0.357921  0.746853  0.0105198  506.882
0.601583  1.01439  1.09406  0.351513  0.728605  0.0105609  506.817
0.608895  1.03467  1.07517  0.357225  0.736417  0.01083  507.407
0.615412  1.0154  1.05865  0.341945  0.744691  0.0109537  507.502
0.639274  1.03317  1.08882  0.340641  0.720009  0.0109858  507.488
0.634996  1.01506  1.08681  0.342371  0.687567  0.0111226  507.363
0.622531  1.01101  1.08501  0.351346  0.696448  0.0110377  507.374
0.621465  0.996408  1.06283  0.356898  0.692669  0.0110054  507.475
0.621465  0.996408  1.06283  0.356898  0.692669  0.0110054  507.475
0.607809  1.02754  1.0431  0.348493  0.68802  0.0111414  507.448
0.585692  1.03354  1.05221  0.352935  0.687061  0.0111693  507.217
0.592437  1.06165  1.00754  0.362567  0.67337  0.011059  507.527
0.577028  1.06766  1.0155  0.349993  0.674597  0.0110501  507.252
0.577028  1.06766  1.0155  0.349993  0.674597  0.0110501  507.252
0.575022  1.07167  1.0205  0.35009  0.728158  0.0110315  507.406
0.598704  1.10035  0.990228  0.346404  0.73582  0.0111074  507.799
0.597649  1.11667  0.982922  0.344434  0.73312  0.011192  507.787
0.616489  1.10238  1.0101  0.333294  0.753302  0.0111474  507.778
0.608961  1.08545  0.984205  0.345224  0.755118  0.0111369  507.945
0.601255  1.11772  0.966373  0.342512  0.726821  0.0110966  507.863
0.590615  1.11762  0.966876  0.339323  0.710436  0.0112828  507.641
0.593236  1.14966  0.956808  0.341257  0.719434  0.0110914  507.772
0.565288  1.15887  0.945481  0.340158  0.717538  0.011053  507.473
0.573462  1.15  0.944867  0.344067  0.714355  0.0111165  507.611
0.590962  1.13332  0.920039  0.342638  0.730609  0.0111144  507.928
0.589356  1.15981  0.931774  0.326813  0.740863  0.0112086  507.698
0.584451  1.14054  0.946537  0.335158  0.750753  0.0111909  507.729
0.601941  1.16461  0.91328  0.329039  0.729087  0.0113864  507.792
0.600753  1.16546  0.941938  0.324615  0.708318  0.0113314  507.606
0.593393  1.13169  0.926805  0.322361  0.686972  0.0111797  507.551
0.593393  1.13169  0.926805  0.322361  0.686972  0.0111797  507.551
0.619093  1.0972  0.92849  0.319868  0.663468  0.011189  507.635
0.613572  1.07659  0.884218  0.32107  0.661417  0.0110451  507.711
0.612324  1.0857  0.896795  0.329843  0.662111  0.0109308  507.749
0.61717  1.05193  0.874183  0.325363  0.648995  0.0112066  507.724
0.634376  1.0411  0.896555  0.322564  0.635271  0.0113316  507.618
0.635669  1.04804  0.898896  0.328446  0.650513  0.0111324  507.867
0.640669  1.08151  0.909497  0.327964  0.645863  0.0109146  507.804
0.633402  1.08496  0.913294  0.336597  0.63157  0.0109424  507.752
0.624897  1.05534  0.865386  0.342152  0.621664  0.0108113  507.675
0.64243  1.0239  0.86503  0.354347  0.607246  0.0107483  507.683
0.642051  1.00746  0.868367  0.341646  0.603796  0.0108435  507.602
0.625261  1.01363  0.898922  0.329248  0.627148  0.0108837  507.517
0.617507  1.06528  0.898761  0.332222  0.640293  0.0108427  507.613
0.606796  1.08469  0.927564  0.324062  0.641935  0.0108939  507.392
0.625737  1.06417  0.917286  0.320707  0.617813  0.0107059  507.178
0.629797  1.08277  0.923149  0.320454  0.611887  0.010783  507.228
0.609979  1.08677  0.915687  0.314378  0.603325  0.0107267  506.865
0.599614  1.07538  0.920628  0.308891  0.621673  0.0108203  506.914
0.605418  1.05174  0.91823  0.308712  0.611081  0.0107264  506.776
0.59662  1.01605  0.896206  0.310447  0.604799  0.0107303  506.687
0.619291  0.990483  0.90185  0.312728  0.612874  0.0106828  506.883
0.601713  0.983066  0.877715  0.313767  0.626638  0.0105501  506.701
0.603686  0.962257  0.875478  0.319683  0.631915  0.0105888  506.863
0.603686  0.962257  0.875478  0.319683  0.631915  0.0105888  506.863
0.608379  0.959619  0.858337  0.313385  0.6122  0.0105887  506.677
0.611569  0.945513  0.879432  0.31355  0.607191  0.0105372  506.495
0.623024  0.939818  0.888671  0.324072  0.594778  0.0104111  506.335
0.624908  0.911001  0.889849  0.324019  0.574532  0.0103757  505.941
0.638515  0.903558  0.858434  0.334616  0.565279  0.0103526  506.035
0.645942  0.907773  0.858589  0.326136  0.552276  0.0104397  506.035
0.646269  0.889112  0.855225  0.324439  0.550256  0.0103978  505.818
0.643475  0.894884  0.845167  0.318185  0.563621  0.0104393  506.02
0.679187  0.884844  0.846575  0.302695  0.559708  0.0103989  505.786
0.683025  0.880148  0.846439  0.300694  0.551445  0.010336  505.486
0.661573  0.860538  0.838656  0.312247  0.561584  0.0105113  505.991
0.654375  0.865552  0.860674  0.314938  0.57313  0.0104883  506.083
0.677718  0.844386  0.874762  0.321535  0.579918  0.0104884  506.233
0.660049  0.858587  0.873835  0.324563  0.580838  0.0104964  506.291
0.651726  0.880252  0.86617  0.328187  0.574097  0.0104233  506.194
0.660725  0.858515  0.907932  0.328596  0.554804  0.0105054  505.965
0.655867  0.87737  0.919534  0.327529  0.542493  0.0105594  505.918
0.651857  0.919823  0.935116  0.323302  0.564897  0.010504  506.182
0.651857  0.919823  0.935116  0.323302  0.564897  0.010504  506.182
0.661322  0.912233  0.915342  0.323288  0.544226  0.0103412  505.645
0.662706  0.959262  0.935067  0.334175  0.549184  0.0101455  505.397
0.690519  0.930157  0.948778  0.344752  0.536341  0.0102498  505.628
0.669402  0.872361  0.95327  0.344644  0.523925  0.0102809  505.146
0.677019  0.88695  0.940419  0.34837  0.528953  0.0101746  505.107
0.68088  0.901517  0.946875  0.35002  0.52032  0.0103511  505.533
0.674401  0.91889  0.964291  0.35652  0.533467  0.0103583  505.78
0.65792  0.891827  0.97019  0.349653  0.513552  0.010203  504.76
0.660232  0.903392  0.981261  0.342297  0.492028  0.0101158  504.044
0.660232  0.903392  0.981261  0.342297  0.492028  0.0101158  504.044
0.63903  0.941472  0.969086  0.3443  0.49706  0.0102342  504.588
0.629783  0.926939  0.954759  0.355768  0.496617  0.0102048  504.517
0.632147  0.927989  0.971021  0.351723  0.499213  0.0101514  504.332
0.626797  0.937322  0.984626  0.350018  0.514762  0.0100691  504.257
0.589671  0.92602  0.985081  0.347739  0.520322  0.0100307  503.815
0.603519  0.923374  0.976048  0.348244  0.527962  0.0100414  504.146
0.615179  0.909523  0.969515  0.363348  0.522081  0.0100885  504.395
0.61238  0.941892  0.988612  0.364071  0.512355  0.0100922  504.265
0.599212  0.946021  0.987051  0.358412  0.535524  0.00997269  504.063
0.590285  0.927442  0.973428  0.35406  0.525472  0.009871  503.354
0.578371  0.93375  0.970713  0.350665  0.518297  0.009742  502.504
0.570424  0.929941  0.97368  0.354618  0.521456  0.00973356  502.424
0.576304  0.915721  0.976748  0.357065  0.521126  0.00963513  501.908
0.580547  0.915381  0.989316  0.366199  0.49827  0.00968534  501.824
0.578397  0.927393  0.958577  0.364873  0.5053  0.00974343  502.397
0.573456  0.936617  0.981411  0.371246  0.493194  0.00991764  502.892
0.571621  0.969286  0.981615  0.371579  0.497666  0.00979019  502.479
0.583919  0.99247  0.997785  0.364694  0.501182  0.00980946  502.73
0.583919  0.99247  0.997785  0.364694  0.501182  0.00980946  502.73
0.583919  0.99247  0.997785  0.364694  0.501182  0.00980946  502.73
0.560223  0.987133  1.00324  0.363259  0.497208  0.00977581  502.171
0.554579  0.998345  0.972303  0.368328  0.491334  0.00992368  502.836
0.554579  0.998345  0.972303  0.368328  0.491334  0.00992368  502.836
0.553066  0.971587  0.964083  0.359836  0.490102  0.00972057  501.768
0.577337  0.953674  0.956081  0.357301  0.495834  0.00981174  502.597
0.577337  0.953674  0.956081  0.357301  0.495834  0.00981174  502.597
0.563588  0.937873  0.96352  0.344176  0.487088  0.00968971  501.469
0.588035  0.960061  0.960343  0.344497  0.508857  0.0096484  502.022
0.603494  0.959392  0.943743  0.337771  0.513282  0.00971607  502.613
0.612623  0.98007  0.92198  0.335947  0.520992  0.00969726  502.833
0.612623  0.98007  0.92198  0.335947  0.520992  0.00969726  502.833
0.606278  1.0042  0.925535  0.328122  0.51739  0.00968863  502.622
0.617913  1.02503  0.907824  0.327649  0.511749  0.00961291  502.287
0.612862  1.0572  0.85129  0.324122  0.535653  0.00966825  503.052
0.619944  1.08508  0.854947  0.326425  0.532731  0.00962847  502.884
0.613173  1.08383  0.863297  0.329933  0.52845  0.00961024  502.685
0.634443  1.10535  0.822353  0.339506  0.509075  0.00970202  503.192
0.653888  1.10899  0.836474  0.34034  0.499527  0.00998447  504.439
0.624865  1.1097  0.887951  0.337371  0.497341  0.00992304  503.826
0.597236  1.12651  0.908834  0.33293  0.502043  0.0101943  504.543
0.617088  1.11985  0.886889  0.347012  0.503848  0.0100146  504.339
0.606251  1.10362  0.894078  0.359116  0.499348  0.0101772  504.791
0.610249  1.09822  0.891817  0.36155  0.490346  0.0102358  504.847
0.623392  1.08806  0.891408  0.365651  0.498097  0.0102546  505.183
0.623392  1.08806  0.891408  0.365651  0.498097  0.0102546  505.183
0.623392  1.08806  0.891408  0.365651  0.498097  0.0102546  505.183
0.623392  1.08806  0.891408  0.365651  0.498097  0.0102546  505.183
0.62575  1.08027  0.865781  0.368172  0.501147  0.0104173  505.728
0.631327  1.06187  0.846534  0.372777  0.500496  0.010482  505.932
0.607772  1.06858  0.812261  0.385742  0.500145  0.0105556  505.935
0.608728  1.0609  0.815007  0.391166  0.497242  0.0105776  505.927
0.607736  1.06531  0.850915  0.383713  0.505731  0.0106158  506.091
0.605385  1.07927  0.853416  0.384638  0.486416  0.0107343  505.855
0.607936  1.07829  0.840657  0.393754  0.482344  0.0108932  505.96
0.60257  1.07108  0.83185  0.403679  0.482863  0.0108397  505.892
0.60099  1.09394  0.825494  0.401851  0.506589  0.0109241  506.406
0.585641  1.04174  0.875768  0.399775  0.507023  0.0111077  506.207
0.575445  1.08184  0.915488  0.38658  0.496045  0.0113543  505.731
0.590686  1.08169  0.900868  0.374116  0.517035  0.011326  506.3
0.578293  1.0821  0.905952  0.382754  0.511177  0.0111859  506.129
0.574487  1.08827  0.888969  0.380515  0.509696  0.0111862  506.099
0.587629  1.09499  0.917273  0.372868  0.533403  0.0111901  506.532
0.577522  1.10377  0.893854  0.374436  0.542347  0.0109529  506.597
0.603025  1.11499  0.911164  0.371007  0.54524  0.010998  506.857
0.605147  1.12217  0.901865  0.381147  0.545968  0.0108721  506.881
0.58985  1.11991  0.903788  0.376157  0.537369  0.0108802  506.594
0.603099  1.13139  0.884011  0.375537  0.558167  0.0109052  507.07
0.616472  1.14499  0.881634  0.36996  0.585118  0.0108522  507.448
0.61064  1.1332  0.8835  0.37459  0.603682  0.0109353  507.655
0.595036  1.13132  0.836842  0.371015  0.602753  0.0108741  507.53
0.58565  1.14258  0.858955  0.365978  0.619725  0.0109146  507.548
0.603404  1.15628  0.834616  0.36223  0.628764  0.0108283  507.742
0.619081  1.15844  0.853637  0.36207  0.635834  0.011002  508.002
0.608479  1.17164  0.831676  0.362682  0.632903  0.0108955  507.857
0.622403  1.16442  0.838346  0.360391  0.618248  0.010901  507.852
0.615947  1.189  0.862411  0.347658  0.621511  0.0110048  507.721
0.628664  1.20903  0.8712  0.345619  0.644968  0.0110733  507.949
0.638423  1.23057  0.895575  0.341258  0.679785  0.0110441  508.085
0.626637  1.21993  0.908536  0.335252  0.684903  0.0111449  507.952
0.619807  1.2166  0.927136  0.32668  0.689674  0.0109781  507.746
0.604356  1.22449  0.942955  0.33244  0.697387  0.0108257  507.554
0.596588  1.23387  0.944161  0.332584  0.693213  0.0108276  507.445
0.598437  1.22284  0.940464  0.332922  0.679085  0.0108062  507.418
0.584047  1.23544  0.931281  0.344133  0.6897  0.0107049  507.333
0.56175  1.23513  0.933106  0.338322  0.706926  0.0109187  507.265
0.562212  1.25522  0.917096  0.340232  0.719122  0.0108499  507.295
0.562212  1.25522  0.917096  0.340232  0.719122  0.0108499  507.295
0.568811  1.23144  0.894178  0.346317  0.737308  0.0108458  507.583
0.568811  1.23144  0.894178  0.346317  0.737308  0.0108458  507.583
0.568811  1.23144  0.894178  0.346317  0.737308  0.0108458  507.583
0.562867  1.24084  0.891621  0.345014  0.743336  0.0109338  507.556
0.561733  1.21098  0.868164  0.342509  0.744116  0.0110213  507.657
0.570418  1.20717  0.874581  0.33847  0.755743  0.0110329  507.741
0.574629  1.21917  0.877128  0.340369  0.769502  0.0111049  507.81
0.585426  1.27773  0.885546  0.342064  0.761699  0.0111072  507.8
0.593235  1.27598  0.884177  0.342853  0.769524  0.0110633  507.901
0.616923  1.27284  0.897775  0.339292  0.779448  0.0110394  508.065
0.601578  1.26607  0.889078  0.336174  0.758593  0.011029  507.91
0.603897  1.26777  0.86767  0.334668  0.775819  0.0111284  507.986
0.598339  1.28249  0.879775  0.349895  0.786288  0.0111811  508.014
0.608778  1.24081  0.894701  0.360225  0.751169  0.0110855  508.205
0.602851  1.21786  0.905196  0.357637  0.74472  0.0110915  508.137
0.616759  1.18458  0.857425  0.360249  0.740895  0.0111975  508.414
0.599034  1.17253  0.868207  0.354532  0.749419  0.0111423  508.238
0.591003  1.15967  0.845268  0.343464  0.726876  0.0110783  508.071
0.594735  1.13966  0.849491  0.349475  0.719926  0.0111046  508.15
0.590372  1.15436  0.84598  0.355575  0.733124  0.011013  508.165
0.607622  1.12202  0.84487  0.356069  0.721499  0.0110074  508.324
0.610402  1.14546  0.87064  0.347955  0.72153  0.0109652  508.221
0.627572  1.11204  0.880324  0.355771  0.732122  0.0109149  508.419
0.640102  1.10123  0.855841  0.350484  0.710511  0.0108348  508.405
0.642351  1.11013  0.851472  0.347569  0.749853  0.0107971  508.471
0.649823  1.12878  0.852621  0.351185  0.738397  0.0108199  508.538
0.649823  1.12878  0.852621  0.351185  0.738397  0.0108199  508.538
0.628832  1.13145  0.854548  0.345356  0.742466  0.0109674  508.44
0.63887  1.16912  0.860163  0.342002  0.752445  0.0110173  508.48
0.633468  1.14198  0.85046  0.340759  0.748636  0.0109316  508.429
0.641134  1.13356  0.861211  0.337162  0.787811  0.0108477  508.426
0.640879  1.14762  0.831596  0.337056  0.775454  0.0107686  508.377
0.659345  1.14742  0.837545  0.339022  0.801013  0.0107689  508.518
0.659345  1.14742  0.837545  0.339022  0.801013  0.0107689  508.518
0.654904  1.15828  0.815648  0.335094  0.815067  0.0108409  508.52
0.656976  1.12661  0.838081  0.338093  0.8327  0.0109005  508.595
0.663814  1.10127  0.818785  0.34222  0.84177  0.0108158  508.625
0.657714  1.08696  0.808867  0.332575  0.828996  0.0106979  508.387
0.666895  1.11648  0.794942  0.339285  0.867152  0.0107195  508.482
0.668872  1.09616  0.756884  0.335358  0.852708  0.0106482  508.359
0.67822  1.10921  0.748983  0.331439  0.860253  0.010739  508.451
0.692414  1.07159  0.756774  0.329842  0.829051  0.0107093  508.509
0.706655  1.05988  0.780134  0.325441  0.825878  0.0108125  508.635
0.710758  1.04162  0.772933  0.319275  0.826991  0.0108112  508.543
0.711104  1.03567  0.773961  0.328327  0.802272  0.0107907  508.65
0.726983  1.02052  0.75755  0.331349  0.819239  0.0108977  508.77
0.742085  1.069  0.765705  0.316772  0.784757  0.0109168  508.687
0.742232  1.08864  0.762117  0.31141  0.805399  0.0107645  508.492
0.75774  1.07372  0.768893  0.313161  0.78933  0.0108123  508.593
0.753705  1.06516  0.762441  0.323428  0.780551  0.0107843  508.693
0.737852  1.09168  0.741477  0.325813  0.785812  0.0106172  508.47
0.751223  1.07546  0.74078  0.320454  0.795965  0.0106163  508.421
0.725493  1.07492  0.782609  0.325451  0.79057  0.0107164  508.616
0.727144  1.08826  0.790559  0.318706  0.800065  0.0107048  508.525
0.722892  1.04875  0.820675  0.328487  0.801039  0.0106603  508.559
0.734164  1.09711  0.834096  0.32742  0.808979  0.0106833  508.615
0.734164  1.09711  0.834096  0.32742  0.808979  0.0106833  508.615
0.76887  1.07323  0.813398  0.321983  0.801201  0.0106848  508.615
0.765012  1.05328  0.791868  0.326403  0.777252  0.0106749  508.636
0.771939  1.06732  0.778979  0.318858  0.765713  0.0105273  508.309
0.765049  1.06759  0.778221  0.313371  0.782209  0.0104876  508.16
0.757454  1.05836  0.781261  0.316369  0.76582  0.010355  507.891
0.757856  1.11257  0.763521  0.315965  0.793942  0.0102977  507.757
0.741732  1.11786  0.751055  0.325054  0.806844  0.0103286  507.915
0.739108  1.10006  0.746416  0.33064  0.809098  0.0103472  508.017
0.749831  1.08503  0.739947  0.327163  0.827201  0.0105482  508.388
0.730601  1.08269  0.735761  0.333242  0.836709  0.0103924  508.09
0.71291  1.12039  0.72228  0.337008  0.850944  0.0103663  507.965
0.712164  1.13991  0.730566  0.341003  0.840323  0.0104463  508.206
0.706651  1.13686  0.728766  0.347322  0.872516  0.0105119  508.317
0.70615  1.13076  0.742887  0.354075  0.859264  0.0106356  508.626
0.706423  1.11365  0.77127  0.356795  0.875005  0.0106206  508.642
0.679812  1.09098  0.768379  0.351981  0.868443  0.0106828  508.595
0.681562  1.06153  0.765826  0.350618  0.876731  0.0107427  508.632
0.686658  1.07122  0.773673  0.345031  0.852726  0.010784  508.708
0.708489  1.02988  0.7533  0.346549  0.903762  0.0108757  508.712
0.714292  1.03272  0.751733  0.357009  0.90159  0.01092  508.841
0.6864  1.01265  0.733869  0.352908  0.886185  0.0108763  508.655
0.688696  1.03413  0.725357  0.353971  0.864255  0.0108901  508.735
0.683129  1.0373  0.707266  0.353438  0.875709  0.0108223  508.583
0.696295  1.04368  0.674597  0.348343  0.905599  0.0108276  508.402
0.720987  1.04284  0.652318  0.35982  0.915129  0.0109185  508.473
0.714286  1.05622  0.62563  0.358334  0.922642  0.0109258  508.249
0.705853  1.05935  0.642259  0.356223  0.933495  0.0108268  508.231
0.695106  1.06904  0.624969  0.351803  0.959007  0.0108481  507.965
0.713451  1.08822  0.631287  0.362691  1.00784  0.0109056  507.989
0.69861  1.11832  0.642714  0.35336  0.993739  0.0108095  507.953
0.695607  1.13089  0.630573  0.353399  0.989745  0.0107013  507.755
0.698052  1.14942  0.608736  0.351732  0.956932  0.0109017  507.872
0.677584  1.14139  0.61165  0.357425  0.95802  0.0106989  507.666
0.695568  1.13404  0.626294  0.355263  0.960085  0.0107622  507.92
0.709855  1.1512  0.629865  0.338236  0.982197  0.0106566  507.636
0.708848  1.14382  0.643759  0.336837  0.978434  0.010636  507.711
0.69379  1.14898  0.645418  0.352178  0.971338  0.010607  507.781
0.672242  1.16785  0.672696  0.349467  0.962459  0.0107767  508.049
0.658484  1.14809  0.670412  0.34766  0.94354  0.010864  508.107
0.653263  1.16117  0.678281  0.351339  0.921492  0.0109078  508.233
0.651901  1.16617  0.652913  0.351171  0.950638  0.0108709  507.957
0.669367  1.17909  0.639352  0.363048  0.946544  0.0109781  508.101
0.675415  1.20777  0.65992  0.367096  0.933838  0.010933  508.269
0.705148  1.16911  0.657586  0.36761  0.958182  0.0108875  508.323
0.688444  1.15424  0.665664  0.373095  0.960508  0.0109191  508.35
0.700013  1.16733  0.674616  0.364781  0.993648  0.0108707  508.231
0.675222  1.20709  0.698039  0.363358  0.978124  0.0108558  508.223
0.658968  1.21331  0.720158  0.358298  0.992636  0.0110257  508.191
0.639175  1.18662  0.733335  0.36342  0.992089  0.0109111  508.123
0.625107  1.19575  0.748311  0.366168  0.982847  0.0108552  508.054
0.630209  1.19734  0.728817  0.366122  0.95295  0.0110236  508.248
0.599682  1.18337  0.734243  0.364588  0.939496  0.0111703  508.065
0.608888  1.20143  0.733409  0.368984  0.922484  0.0115133  508.005
0.598367  1.23446  0.715701  0.372687  0.927346  0.0114913  507.824
0.606715  1.23027  0.70611  0.369633  0.945693  0.0115236  507.773
0.592255  1.25597  0.737833  0.368372  0.930132  0.0116188  507.617
0.585918  1.23028  0.731537  0.369997  0.931576  0.011511  507.706
0.573297  1.22302  0.727208  0.362027  0.916767  0.0115176  507.569
0.560714  1.21004  0.750145  0.349794  0.911323  0.0115583  507.381
0.577062  1.22433  0.717996  0.366121  0.919126  0.0117563  507.303
0.57825  1.22785  0.730643  0.359325  0.894648  0.0117698  507.355
0.575569  1.23003  0.734199  0.362146  0.885212  0.011594  507.602
0.572206  1.23817  0.730611  0.35614  0.902251  0.0114053  507.639
0.559845  1.26101  0.718354  0.353818  0.936576  0.0113401  507.33
0.547954  1.24422  0.717036  0.360127  0.906435  0.0114237  507.28
0.549977  1.24963  0.726101  0.358746  0.874696  0.0115112  507.315
0.549977  1.24963  0.726101  0.358746  0.874696  0.0115112  507.315
0.560804  1.27241  0.735543  0.36771  0.918245  0.011474  507.403
0.542684  1.28766  0.726933  0.363431  0.926549  0.0113504  507.146
0.541328  1.27094  0.748921  0.372818  0.898332  0.0113233  507.353
0.541328  1.27094  0.748921  0.372818  0.898332  0.0113233  507.353
0.528618  1.21411  0.742116  0.371325  0.880454  0.0115078  507.159
0.519215  1.20919  0.739094  0.380197  0.881868  0.0114701  507.07
0.515109  1.23841  0.761478  0.381972  0.86644  0.0113089  507.135
0.536796  1.20856  0.743257  0.382244  0.853482  0.0112465  507.551
